{"type":"FeatureCollection","features":[{"type":"Feature","properties":{"id":"alsace-vin-d-alsace","name":"Alsace / Vin d'Alsace","region":"Alsace","grapes":["Auxerrois","Chasselas","Chasselas Rose","Gewürztraminer","Muscat Ottonel","Muscat À Petits Grainslancs","Muscat À Petits Grains Roses","Pinotlanc"],"original_region":"Alsace","key_appellations":[],"desc":"Alsace / Vin d'Alsace is an appellation in the Alsace region. Main grapes: Auxerrois, Chasselas, Chasselas Rose, Gewürztraminer, Muscat Ottonel, Muscat À Petits Grainslancs, Muscat À Petits Grains Roses, Pinotlanc."},"geometry":{"type":"MultiPolygon","coordinates":[[[[7.210247000105701,47.773553495941556],[7.20365150027081,47.809919996681074],[7.235751999745042,47.83571699643012],[7.232074000416805,47.83900349654591],[7.241823000554278,47.84886599644953],[7.215403999460422,47.8722744960281],[7.203459499654258,47.8959744962441],[7.217353499378719,47.9006209964898],[7.229592999722077,47.89635349666714],[7.240827500074937,47.91098999652672],[7.271241000666296,47.919485496171944],[7.267061500493117,47.92997949592664],[7.291115499625413,47.94198199673596],[7.308064999937362,47.933287495962595],[7.318279500328419,47.93497049591131],[7.346319499565691,47.95206399620229],[7.331770499376855,47.96768999674293],[7.345084999461432,48.002622996381895],[7.31085399983059,48.00980449616436],[7.299591000218663,48.01924849656028],[7.3059239998590835,48.028711496291756],[7.294755999601328,48.028508496652],[7.308704999346664,48.03255799638034],[7.347756500542038,48.02435949613145],[7.3527729996768,48.04305899620524],[7.3830014994340605,48.04311949661443],[7.400847500008702,48.05122549610532],[7.388143000340138,48.06799349603256],[7.384985499444526,48.08412349606477],[7.397753000211319,48.09452099668094],[7.397055500226417,48.109643996336416],[7.406117000044553,48.124075496044824],[7.4140479998586,48.13233699623719],[7.425343500504336,48.131531996111995],[7.435076500524123,48.14304899681529],[7.458344999598094,48.13383549618601],[7.469003000625086,48.14648049625711],[7.4681169994343986,48.1567019961231],[7.449767499948402,48.16306399599875],[7.446337499572474,48.177160496649265],[7.43669399971787,48.18229499606826],[7.428056500504417,48.179440996815046],[7.427683499657839,48.17136999634036],[7.390001500627081,48.174823496710374],[7.384325000400597,48.165516996304866],[7.402413000602142,48.161043496418046],[7.4017780003956295,48.15656599646238],[7.393102999784738,48.152479996181675],[7.379270500060148,48.156363996007364],[7.367681500314775,48.13028049614843],[7.358630500170193,48.134858496759485],[7.3601835003521705,48.14758649634071],[7.354291999511524,48.1479284961143],[7.358078000181461,48.165696996438584],[7.369446500381933,48.17843999673361],[7.366865499388106,48.18924249613288],[7.375236499850547,48.190820496553116],[7.38288400014414,48.20378199615841],[7.43068200033948,48.20369149634004],[7.4354710006560945,48.21786499671353],[7.405732000572753,48.231423996238625],[7.422907999505138,48.246084496135126],[7.418218499995632,48.24735499678013],[7.426108000613603,48.26978249668226],[7.46372600043355,48.29142849614033],[7.488354000125893,48.32226449623316],[7.502775999643162,48.32518999626116],[7.501371499429295,48.33544849670927],[7.517917500067962,48.34969599637941],[7.512068500546114,48.35383699649448],[7.530068500288234,48.36247899621689],[7.5348985004213915,48.3712219960732],[7.5289995005716,48.37050849684786],[7.534138499449936,48.37500349630517],[7.531907999522054,48.38740949658793],[7.545264999340044,48.40008349674503],[7.547814499415921,48.41411649602201],[7.4996870003506615,48.40699849629161],[7.505599000343329,48.422713496500485],[7.495495000493911,48.42470599674162],[7.504990999520286,48.43546249628179],[7.494229500456001,48.436834996571726],[7.4961584996143396,48.45282549670419],[7.543827499635851,48.47095549603855],[7.5383649994749184,48.47826599640063],[7.54762999968193,48.48666249638113],[7.574278000246567,48.48663699679126],[7.593306499572871,48.46903249612815],[7.6083549993863455,48.47503149631036],[7.579056000162797,48.489569496377605],[7.511618999713298,48.49429199607983],[7.5178004997133385,48.51149849659167],[7.514963500464492,48.53127199631264],[7.533572999950023,48.54186999614638],[7.52772050008764,48.54890149611543],[7.519949500077681,48.54663849691973],[7.515965500368246,48.56061549684095],[7.54482400015181,48.56763449680147],[7.553105000223501,48.563099496081975],[7.558533000660553,48.5828594960817],[7.587047499862578,48.58501299687237],[7.570190000501989,48.59265249642813],[7.56514450020046,48.601801496534044],[7.586778999917899,48.612115496846265],[7.585234499438783,48.616877496715475],[7.532552499838665,48.620787496909166],[7.526111499827928,48.636996496480094],[7.547756500208598,48.64398349627266],[7.532922500163404,48.65424749686275],[7.486103500106178,48.6568409963472],[7.4423855002736214,48.6150719965052],[7.412688000341957,48.626526996933805],[7.370084000427238,48.61630599631674],[7.361739999745668,48.60126349611511],[7.372053000433984,48.59850999696086],[7.368898000199492,48.59278549689621],[7.374623499970785,48.58217499688747],[7.387254000037978,48.577414996482624],[7.395585500507989,48.56451999668921],[7.415473000290299,48.566514496699284],[7.444904000536213,48.554102996554136],[7.434228499787478,48.5388609962357],[7.439671999641687,48.528506996888346],[7.431894000044219,48.51972099648204],[7.393289000166519,48.504911996264774],[7.3807469997115085,48.488174496873526],[7.328026499490048,48.49177049625267],[7.319348500572045,48.484263996726085],[7.322721499651132,48.4677994964713],[7.30016899945515,48.4631194965227],[7.285036999612701,48.445802496261386],[7.29584000003321,48.421530996277504],[7.316146499847388,48.42826099663868],[7.320160000557169,48.42024449660806],[7.339833499752708,48.41646499670193],[7.337760000414079,48.400634996702834],[7.352007999582985,48.393120496147006],[7.33771250020164,48.381926996841266],[7.3488759997115265,48.37846149647419],[7.349420999522139,48.37230349604114],[7.324999000509687,48.377087996356806],[7.309953999543806,48.36661599675537],[7.297999999568987,48.34493149622709],[7.2849390004020895,48.34000349654837],[7.295490500058629,48.332559996530264],[7.316058499535719,48.338862996285684],[7.324448999675091,48.34849899680915],[7.356203000111349,48.348978996215564],[7.359155999621294,48.35412349636995],[7.37700549981713,48.35490099618476],[7.376632999354393,48.34779949683263],[7.389444000352149,48.34609799659781],[7.369271500067648,48.32775799631926],[7.373731499387461,48.32229249650112],[7.363795500582107,48.31814049666333],[7.368132999935,48.314927496539184],[7.354248500445579,48.30112399688436],[7.343897499490452,48.300186496806624],[7.34068899958066,48.28766449667424],[7.353665000455212,48.28375149667838],[7.3203595001655914,48.2611309964912],[7.305415499354035,48.26489799679553],[7.267768000641663,48.258707996744086],[7.256225000080481,48.233615496283456],[7.231268000240693,48.226998996817706],[7.220735499433381,48.21378899680064],[7.226936999373198,48.209767996344766],[7.221100499345097,48.2046749961528],[7.225248999459971,48.19206999626316],[7.214314999758037,48.17590349645481],[7.201654000651115,48.127194496528375],[7.213401500391406,48.113847996551776],[7.219919000479757,48.11521899637089],[7.218766500417182,48.098463996303245],[7.194604999539922,48.0902329962304],[7.194803999860246,48.082927496530225],[7.162909499998672,48.079761996603295],[7.164679499835592,48.07259599643274],[7.180256500031292,48.064384996476754],[7.176423499421278,48.054137496437725],[7.188095999907428,48.029869996081416],[7.2090925004302715,48.04557549594304],[7.233181999358776,48.03371399634914],[7.235897000529897,48.02607699642024],[7.21905850051854,48.03133049679268],[7.215125999688344,48.017168996085466],[7.196737499471671,48.023451995915615],[7.182926500286653,48.0123799963447],[7.181338000282772,47.998751496279056],[7.164398500481561,47.99994699669414],[7.147755500291525,47.97644299607723],[7.168106000204182,47.9591154967602],[7.199944999511991,47.95018199644426],[7.21032799935132,47.92974749620477],[7.22900300058459,47.9323454963627],[7.247237000546826,47.922975996028796],[7.205953000391551,47.925919995927615],[7.200534499422981,47.9282179966584],[7.205926499953993,47.93290449605135],[7.192737500565823,47.942553496430016],[7.155788999932416,47.93002699623764],[7.165234500056459,47.92116799640936],[7.153416999433701,47.91944799646154],[7.149498499745464,47.91028449646487],[7.181742999669001,47.90899649614681],[7.199299999430636,47.89736449635337],[7.191247499934678,47.89067149622186],[7.185865500592771,47.89697749629245],[7.181675000117429,47.89949399598651],[7.189449499634612,47.892233496565304],[7.154392500281747,47.892693495961716],[7.199558499948931,47.877621496317325],[7.158605999474818,47.87355399589839],[7.152276499903257,47.86949099595402],[7.156517000486267,47.860936495921244],[7.1313160002933715,47.857649495955286],[7.100828499503035,47.8283554965241],[7.050947500313159,47.80912099616019],[7.076249499864982,47.8004364966002],[7.093103499912083,47.78560399644942],[7.114824499702091,47.785571496036994],[7.135849500034296,47.79700549589353],[7.158318000258249,47.78310349669132],[7.18226250025075,47.77886599633684],[7.183538000473747,47.76872149606855],[7.1908879999529605,47.767243496122255],[7.20037899955347,47.77527249601481],[7.210247000105701,47.773553495941556]],[[7.2909964999876555,48.221974496705364],[7.276389499880955,48.23994049652763],[7.28455300036863,48.24557899647081],[7.302207500252719,48.24399649639805],[7.311141999782024,48.22684349600161],[7.2909964999876555,48.221974496705364]]],[[[7.613720999865848,48.7036294967141],[7.569109000263769,48.69447199617809],[7.582279499441199,48.668980996197426],[7.60177450036848,48.6757384961941],[7.612213000507004,48.66827449681054],[7.64279500050321,48.67166549698813],[7.672995499931361,48.66453499658283],[7.688312500356215,48.66904249640814],[7.665798999836928,48.68880549649196],[7.649786499560841,48.688695496933484],[7.645360999532122,48.69638849688363],[7.613720999865848,48.7036294967141]]],[[[7.932171000139718,48.72157699686602],[7.937886000441468,48.73428349687892],[7.95129999952005,48.73601049662142],[7.951492999795438,48.74434549698035],[7.91608500046643,48.752145997005314],[7.90150600036332,48.73793999690695],[7.894928500678632,48.742921496265616],[7.874198000211069,48.733344496566396],[7.877163999607193,48.7269344968703],[7.870532999654769,48.716980996768704],[7.932171000139718,48.72157699686602]]],[[[8.033636999339796,48.91570649679681],[8.012397999443651,48.92971349672566],[7.993753500249454,48.91241949673854],[8.025425000519549,48.90653999641458],[8.033636999339796,48.91570649679681]]],[[[7.952417499868241,48.968703496634035],[7.959194500289422,48.97954699628983],[8.002331500099624,48.97936099664077],[8.006321000034841,48.98664949667634],[7.9963940006696745,48.99150849630875],[8.004605499977231,48.99858749694802],[8.032281999798654,48.9997149962275],[8.062997500209233,48.989183996705606],[8.068212499625018,48.9993754970565],[8.049463500170171,49.01410299699948],[8.010727000543818,49.02570499652105],[7.974788999344961,49.026799496698686],[7.966525499590204,49.0415404962273],[7.931751500004728,49.058051496802754],[7.9234454996117165,49.04406399654796],[7.913507499387512,49.03994649666954],[7.910654499368299,49.04516349663641],[7.8812805005667235,49.04604499662376],[7.858063999772933,49.02410849683273],[7.867526500624938,49.01130199700035],[7.844832499679188,48.994586996763466],[7.851190000580669,48.98706849686234],[7.883028499728689,48.9961224968942],[7.878867500341167,48.984650496593694],[7.903201999577409,48.98170549620098],[7.90764450026811,48.971885996790476],[7.912900000299992,48.972261496885245],[7.908663500589763,48.98328649644141],[7.952417499868241,48.968703496634035]]]]}},{"type":"Feature","properties":{"id":"brouilly","name":"Brouilly","region":"Beaujolais","grapes":["Aligoté","Chardonnay","Gamay","Melon"],"original_region":"Beaujolais","key_appellations":[],"desc":"Brouilly is an appellation in the Beaujolais region. Main grapes: Aligoté, Chardonnay, Gamay, Melon."},"geometry":{"type":"Polygon","coordinates":[[[4.645715499563423,46.07563249531123],[4.644557499539779,46.08191199568303],[4.665826000610915,46.0771539958044],[4.682109999490391,46.06050149588331],[4.693787999634114,46.061000496081796],[4.701309499953869,46.06461199588799],[4.699801000217328,46.07213999589966],[4.710900499490973,46.0740529954691],[4.713133499346227,46.088310995834576],[4.7225559996896305,46.09007699614829],[4.711915500173307,46.10073799565051],[4.696795000002356,46.10400949588794],[4.693762999867486,46.1132084958398],[4.699683500091579,46.12997399587496],[4.6910669995525485,46.133246995828834],[4.645285500509258,46.12982599571226],[4.640961499644015,46.12091299529331],[4.600553000444838,46.14373649569413],[4.583453000407868,46.13570699546741],[4.579905000492542,46.12200249545028],[4.592511500636051,46.10109949570486],[4.585305999912426,46.0816214961068],[4.625564499888948,46.06231549567039],[4.645715499563423,46.07563249531123]]]}},{"type":"Feature","properties":{"id":"chiroubles","name":"Chiroubles","region":"Beaujolais","grapes":["Aligoté","Chardonnay","Gamay","Melon"],"original_region":"Beaujolais","key_appellations":[],"desc":"Chiroubles is an appellation in the Beaujolais region. Main grapes: Aligoté, Chardonnay, Gamay, Melon."},"geometry":{"type":"Polygon","coordinates":[[[4.660968500535908,46.19872049540396],[4.618511000293259,46.19238449589023],[4.633063000584904,46.18956249586808],[4.6518634996813395,46.1750554953197],[4.678861999872425,46.17166399567897],[4.679004500441942,46.18255249558037],[4.660968500535908,46.19872049540396]]]}},{"type":"Feature","properties":{"id":"chenas","name":"Chénas","region":"Beaujolais","grapes":["Aligoté","Chardonnay","Gamay","Melon"],"original_region":"Beaujolais","key_appellations":[],"desc":"Chénas is an appellation in the Beaujolais region. Main grapes: Aligoté, Chardonnay, Gamay, Melon."},"geometry":{"type":"Polygon","coordinates":[[[4.67939649956908,46.215847495784885],[4.694304500546474,46.214277995424325],[4.7214845001697485,46.19683249554705],[4.72626850033069,46.2082994961048],[4.73428499968629,46.206417496179654],[4.735683000571569,46.211698995824364],[4.756359499677034,46.203054495841954],[4.792738999464977,46.20750449538026],[4.79784999954702,46.22454199613009],[4.736175000353346,46.23320099582779],[4.732383000081522,46.22662049575689],[4.692233999934217,46.22786799605332],[4.67939649956908,46.215847495784885]]]}},{"type":"Feature","properties":{"id":"cote-de-brouilly","name":"Côte de Brouilly","region":"Beaujolais","grapes":["Aligoté","Chardonnay","Gamay","Melon"],"original_region":"Beaujolais","key_appellations":[],"desc":"Côte de Brouilly is an appellation in the Beaujolais region. Main grapes: Aligoté, Chardonnay, Gamay, Melon."},"geometry":{"type":"Polygon","coordinates":[[[4.616655999488106,46.09057849578738],[4.665826000610915,46.0771539958044],[4.662463999588733,46.09846599546443],[4.698536999756124,46.10213549609502],[4.693707000062575,46.111905495799874],[4.699683500091579,46.12997399587496],[4.675795500570823,46.134869496200956],[4.645285500509258,46.12982599571226],[4.640961499644015,46.12091299529331],[4.600553000444838,46.14373649569413],[4.583453000407868,46.13570699546741],[4.579905000492542,46.12200249545028],[4.592511500636051,46.10109949570486],[4.585305999912426,46.0816214961068],[4.598986000253057,46.07973699533403],[4.616655999488106,46.09057849578738]]]}},{"type":"Feature","properties":{"id":"fleurie","name":"Fleurie","region":"Beaujolais","grapes":["Aligoté","Chardonnay","Gamay","Melon"],"original_region":"Beaujolais","key_appellations":[],"desc":"Fleurie is an appellation in the Beaujolais region. Main grapes: Aligoté, Chardonnay, Gamay, Melon."},"geometry":{"type":"Polygon","coordinates":[[[4.694304500546474,46.214277995424325],[4.675450000583422,46.217549495400526],[4.663633500573715,46.20955749575302],[4.680391499431993,46.17712299555621],[4.698202500133418,46.17400749533482],[4.715558999886909,46.18579549602558],[4.7243705001264455,46.1843049953337],[4.718577000399217,46.201483495606304],[4.694304500546474,46.214277995424325]]]}},{"type":"Feature","properties":{"id":"julienas","name":"Juliénas","region":"Beaujolais","grapes":["Aligoté","Chardonnay","Gamay","Melon"],"original_region":"Beaujolais","key_appellations":[],"desc":"Juliénas is an appellation in the Beaujolais region. Main grapes: Aligoté, Chardonnay, Gamay, Melon."},"geometry":{"type":"Polygon","coordinates":[[[4.659318999620277,46.220896995309076],[4.682559500163979,46.21249699550689],[4.678453999881624,46.21955799605666],[4.695452499899907,46.228835995890435],[4.732383000081522,46.22662049575689],[4.736649500354114,46.23220099533271],[4.70889200058104,46.24858249606159],[4.710603000255075,46.256602496116535],[4.717348500219111,46.256551495646804],[4.695220500428855,46.27146099622456],[4.687881000376155,46.26531199546776],[4.676820000496439,46.26780199620141],[4.673785500460099,46.25588299585755],[4.660432999597931,46.2607474960452],[4.630257499475534,46.2483114955404],[4.653246000611034,46.23481899583667],[4.659318999620277,46.220896995309076]]]}},{"type":"Feature","properties":{"id":"morgon","name":"Morgon","region":"Beaujolais","grapes":["Aligoté","Chardonnay","Gamay","Melon"],"original_region":"Beaujolais","key_appellations":[],"desc":"Morgon is an appellation in the Beaujolais region. Main grapes: Aligoté, Chardonnay, Gamay, Melon."},"geometry":{"type":"Polygon","coordinates":[[[4.675795500570823,46.134869496200956],[4.697470000379194,46.13459899580344],[4.70311649974094,46.14091649576289],[4.704019000069842,46.16772049570821],[4.680391499431993,46.17712299555621],[4.678861999872425,46.17166399567897],[4.6518634996813395,46.1750554953197],[4.633063000584904,46.18956249586808],[4.6221775003867736,46.1886194954548],[4.619443000382531,46.1852094953761],[4.646919499701802,46.16386049595943],[4.649715499885099,46.15187699528107],[4.675795500570823,46.134869496200956]]]}},{"type":"Feature","properties":{"id":"moulin-a-vent","name":"Moulin-à-Vent","region":"Beaujolais","grapes":["Aligoté","Chardonnay","Gamay","Melon"],"original_region":"Beaujolais","key_appellations":[],"desc":"Moulin-à-Vent is an appellation in the Beaujolais region. Main grapes: Aligoté, Chardonnay, Gamay, Melon."},"geometry":{"type":"Polygon","coordinates":[[[4.747377500064286,46.204924495339924],[4.7288500005812795,46.21404849579522],[4.731069999518559,46.218861996015185],[4.720425000539113,46.22156249589323],[4.722634000445967,46.22610649577826],[4.71555500038067,46.23030549554592],[4.692233999934217,46.22786799605332],[4.678211000276499,46.218437496212594],[4.719583999735688,46.20078749564719],[4.727254500274666,46.179112995660354],[4.751639499658257,46.17233899566536],[4.7754969998288015,46.177092995838535],[4.7689279994341005,46.18668649601239],[4.756318999556449,46.18875599535753],[4.747377500064286,46.204924495339924]]]}},{"type":"Feature","properties":{"id":"regnie","name":"Régnié","region":"Beaujolais","grapes":["Aligoté","Chardonnay","Gamay","Melon"],"original_region":"Beaujolais","key_appellations":[],"desc":"Régnié is an appellation in the Beaujolais region. Main grapes: Aligoté, Chardonnay, Gamay, Melon."},"geometry":{"type":"Polygon","coordinates":[[[4.675933500217886,46.133561495473074],[4.649715499885099,46.15187699528107],[4.646919499701802,46.16386049595943],[4.627006000153264,46.180151495970414],[4.611424499585713,46.18249099591324],[4.60231750005743,46.142575995737026],[4.640961499644015,46.12091299529331],[4.645285500509258,46.12982599571226],[4.675933500217886,46.133561495473074]]]}},{"type":"Feature","properties":{"id":"saint-amour","name":"Saint-Amour","region":"Beaujolais","grapes":["Aligoté","Chardonnay","Gamay","Melon"],"original_region":"Beaujolais","key_appellations":[],"desc":"Saint-Amour is an appellation in the Beaujolais region. Main grapes: Aligoté, Chardonnay, Gamay, Melon."},"geometry":{"type":"Polygon","coordinates":[[[4.7527710006356205,46.22717749546779],[4.760279500182409,46.24587449568201],[4.751393499633166,46.250152996049245],[4.70889200058104,46.24858249606159],[4.7527710006356205,46.22717749546779]]]}},{"type":"Feature","properties":{"id":"barsac","name":"Barsac","region":"Bordeaux","grapes":["Muscadelle","Sauvignon","Sauvignon Gris","Semillon"],"original_region":"Bordeaux","key_appellations":[],"desc":"Barsac is an appellation in the Bordeaux region. Main grapes: Muscadelle, Sauvignon, Sauvignon Gris, Semillon."},"geometry":{"type":"Polygon","coordinates":[[[-0.3025374996755109,44.616384995418365],[-0.31974950021138865,44.63188099487777],[-0.33063100024253156,44.622986995116094],[-0.3365980000344678,44.607265495130086],[-0.3520460001790659,44.59921349544859],[-0.35219799986696587,44.590021495089665],[-0.3247634995735962,44.575535995619276],[-0.316598999565443,44.57752399546129],[-0.3165445002930195,44.58497649517739],[-0.29974149977233516,44.60059649475921],[-0.3025374996755109,44.616384995418365]]]}},{"type":"Feature","properties":{"id":"blaye","name":"Blaye","region":"Bordeaux","grapes":["Cabernet Franc","Cabernet Sauvignon","Carmenère","Cot","Merlot","Petit Verdot"],"original_region":"Bordeaux","key_appellations":[],"desc":"Blaye is an appellation in the Bordeaux region. Main grapes: Cabernet Franc, Cabernet Sauvignon, Carmenère, Cot, Merlot, Petit Verdot."},"geometry":{"type":"MultiPolygon","coordinates":[[[[-0.6686674997125187,45.13198899543651],[-0.6440564993575707,45.09007149524677],[-0.6079639998158823,45.10360499546067],[-0.5790169996113922,45.09672649498054],[-0.5456945003360406,45.10124249523699],[-0.5481690000840477,45.111854995461],[-0.5392354995455513,45.11756849532854],[-0.526367999724632,45.10667649509415],[-0.5281975002529838,45.094792995310904],[-0.49237599959866873,45.09535199546894],[-0.48086849940881066,45.10175699510906],[-0.469749499904125,45.07281149492572],[-0.47803649969358897,45.05757949526666],[-0.44765600034810593,45.063846495712944],[-0.39386549952252203,45.05990049569034],[-0.37803549957511395,45.04334999559592],[-0.3206674997688804,45.048187495525326],[-0.33387400021290353,45.07313449534363],[-0.2946915005752501,45.1212874956476],[-0.30959650049788023,45.133155995362124],[-0.32495350050947347,45.129647494913286],[-0.31362499965130775,45.13764949576269],[-0.32063900040819443,45.15616699540724],[-0.3383669997698208,45.166884995783114],[-0.36433950022128786,45.16983849570428],[-0.379539500395938,45.15593999529604],[-0.38340100049655496,45.143333495754455],[-0.40167400053129976,45.18845649547091],[-0.42079349944746686,45.20898399506641],[-0.40511299956623137,45.23982249551651],[-0.40735249972643467,45.248012495393354],[-0.4248364994228786,45.24854299560364],[-0.41543099939493666,45.2693349955981],[-0.4186385001134542,45.273845995850856],[-0.47309850018502814,45.293926495707765],[-0.5140135000094909,45.28595549503048],[-0.56616349938711,45.29565199531797],[-0.5755079999717226,45.315230495679536],[-0.5689640001658609,45.33151899576339],[-0.5869230006240922,45.34442249580996],[-0.5962485002772981,45.320420995121836],[-0.6157164995658836,45.3232194954433],[-0.6417000000800176,45.3146854958438],[-0.6443024997143839,45.32204349514997],[-0.7155930001328366,45.326998995802136],[-0.6934199994163783,45.265315995188004],[-0.6913105000369555,45.237195495355365],[-0.683013499967339,45.23317199575662],[-0.690616000519473,45.23355999563992],[-0.6888695006471525,45.22091399570992],[-0.670159499407519,45.16889399541262],[-0.6686674997125187,45.13198899543651]]],[[[-0.6793239997973328,45.097042995739116],[-0.6729395003956474,45.08050799501236],[-0.664009499517496,45.07274299550809],[-0.6615034994789065,45.07908649499335],[-0.6793239997973328,45.097042995739116]]],[[[-0.6763049993912407,45.11851299522203],[-0.679880000182195,45.11760549550616],[-0.6748164994528243,45.11192799582279],[-0.6763049993912407,45.11851299522203]]],[[[-0.6782689998624625,45.12705649507586],[-0.6794674996260088,45.14773799537489],[-0.6919015002308937,45.18356149503619],[-0.6940844995722226,45.164552495493474],[-0.6782689998624625,45.12705649507586]]],[[[-0.716858999681738,45.19830849550529],[-0.699670999811111,45.17759749515505],[-0.6999429998049348,45.19374849502237],[-0.7107994995022259,45.21642549546371],[-0.716858999681738,45.19830849550529]]],[[[-0.7280289993192147,45.22534199515752],[-0.7299035003331035,45.22353399544993],[-0.7292290002104612,45.22148249523326],[-0.7280289993192147,45.22534199515752]]]]}},{"type":"Feature","properties":{"id":"bourg-cotes-de-bourg-bourgeais","name":"Bourg / Côtes de Bourg / Bourgeais","region":"Bordeaux","grapes":["Cabernet Franc","Cabernet Sauvignon","Colombard","Cot","Merlot","Muscadelle","Sauvignon","Sauvignon Gris"],"original_region":"Bordeaux","key_appellations":[],"desc":"Bourg / Côtes de Bourg / Bourgeais is an appellation in the Bordeaux region. Main grapes: Cabernet Franc, Cabernet Sauvignon, Colombard, Cot, Merlot, Muscadelle, Sauvignon, Sauvignon Gris."},"geometry":{"type":"Polygon","coordinates":[[[-0.6140799998647382,45.036844995349995],[-0.6615034994789065,45.07908649499335],[-0.664009499517496,45.07274299550809],[-0.6352850000298746,45.049693995049644],[-0.6427165004511683,45.05116799513076],[-0.640828999782533,45.04532349517179],[-0.6090739997719348,45.018717495485205],[-0.5952305002889658,45.024340995189455],[-0.6023315000129059,45.034554994965255],[-0.596746499453856,45.04017899533484],[-0.5661130001596149,45.03605049550893],[-0.4938884993515359,45.00262499501063],[-0.47454049960889666,45.020520995323366],[-0.4733854999323865,45.02707549501858],[-0.48919549979319965,45.0402479954337],[-0.47888049946145694,45.04490199513493],[-0.48060399971622136,45.05562399561658],[-0.469749499904125,45.07281149492572],[-0.4734980002510633,45.09270849578241],[-0.48138099999194667,45.10183349500003],[-0.49237599959866873,45.09535199546894],[-0.5281975002529838,45.094792995310904],[-0.526367999724632,45.10667649509415],[-0.5392354995455513,45.11756849532854],[-0.5481690000840477,45.111854995461],[-0.5456945003360406,45.10124249523699],[-0.5572939995684989,45.09834899543283],[-0.6079639998158823,45.10360499546067],[-0.614131000066447,45.097417995514874],[-0.6418180006111884,45.09323999537264],[-0.6374474999959584,45.07471399501991],[-0.6006784994403774,45.04746599504762],[-0.6140799998647382,45.036844995349995]]]}},{"type":"Feature","properties":{"id":"cadillac","name":"Cadillac","region":"Bordeaux","grapes":["Muscadelle","Sauvignon","Sauvignon Gris","Semillon"],"original_region":"Bordeaux","key_appellations":[],"desc":"Cadillac is an appellation in the Bordeaux region. Main grapes: Muscadelle, Sauvignon, Sauvignon Gris, Semillon."},"geometry":{"type":"Polygon","coordinates":[[[-0.33171600048774075,44.63862849478061],[-0.3130515002605463,44.62748799481149],[-0.29046299946479986,44.635391495002914],[-0.2895365003024059,44.648695995474],[-0.2594170002557059,44.644784494851706],[-0.28358649968318556,44.619834994790246],[-0.28503900016816996,44.608587994957034],[-0.25980200000286335,44.60654949537208],[-0.2435904999848572,44.612042995225494],[-0.24467650050144318,44.603603495369505],[-0.22627650037801536,44.60640049518666],[-0.2239669995199188,44.60271149549848],[-0.23879899949038846,44.58586199529956],[-0.27490149984732754,44.577532495213426],[-0.25192950002930825,44.55932349536914],[-0.2304465002618092,44.56786349535339],[-0.22328850038439674,44.60304199477812],[-0.18814600050976157,44.61808949509874],[-0.2069989993781367,44.622675995133626],[-0.22639850020420016,44.64105949481232],[-0.236564999913923,44.64151499526402],[-0.2468239998415345,44.655465495388164],[-0.2787934997240539,44.660820494773375],[-0.3018364999860492,44.67677499532685],[-0.31646800035039957,44.69332299543319],[-0.29877300041627974,44.70980199491654],[-0.29937050026406253,44.72436649523632],[-0.31113299956796286,44.73607999566066],[-0.34932850020823364,44.74532549478073],[-0.3419409995462123,44.757743994822754],[-0.36816399974908376,44.75200699486409],[-0.38244250049139106,44.73995899556793],[-0.4088729994121092,44.744640995432974],[-0.4542620002812044,44.73202649550996],[-0.4580480003943007,44.72667449541012],[-0.4368359994988542,44.70417199523447],[-0.408649999811373,44.707370495586744],[-0.39551850025716334,44.702053994856065],[-0.4048415002015503,44.68809849524034],[-0.374584500344658,44.68485249477199],[-0.36980449988032754,44.66736749545115],[-0.33396250024393787,44.64771649534716],[-0.33171600048774075,44.63862849478061]],[[-0.32386499946713504,44.6920739952919],[-0.3368495004212381,44.683399495592404],[-0.3580519998506674,44.68889349496248],[-0.3435284997477754,44.69566449559692],[-0.32386499946713504,44.6920739952919]]]}},{"type":"Feature","properties":{"id":"canon-fronsac","name":"Canon Fronsac","region":"Bordeaux","grapes":["Cabernet Franc","Cabernet Sauvignon","Carmenère","Cot","Merlot","Petit Verdot"],"original_region":"Bordeaux","key_appellations":[],"desc":"Canon Fronsac is an appellation in the Bordeaux region. Main grapes: Cabernet Franc, Cabernet Sauvignon, Carmenère, Cot, Merlot, Petit Verdot."},"geometry":{"type":"Polygon","coordinates":[[[-0.25571600050647514,44.93698449536899],[-0.26976699953249206,44.951770495285665],[-0.28080549955334966,44.95375349545563],[-0.288216499381726,44.9394039950031],[-0.2926990001790276,44.94335599499788],[-0.29379500023940575,44.93810149503246],[-0.3049800000549987,44.93857299512964],[-0.3176919995276589,44.92689299495896],[-0.31660399958482915,44.909899995473786],[-0.3022870004565107,44.890190994840516],[-0.2848080000418664,44.8903189952024],[-0.28216400001490494,44.89627649500197],[-0.2896550004220292,44.90939149534857],[-0.28597649992968716,44.917622995589696],[-0.2507139996952766,44.915438995181205],[-0.2426414996376479,44.92192799556185],[-0.24338449997089903,44.930324495196196],[-0.2630230003434412,44.92736299496194],[-0.25571600050647514,44.93698449536899]]]}},{"type":"Feature","properties":{"id":"cerons","name":"Cérons","region":"Bordeaux","grapes":["Muscadelle","Sauvignon","Sauvignon Gris","Semillon"],"original_region":"Bordeaux","key_appellations":[],"desc":"Cérons is an appellation in the Bordeaux region. Main grapes: Muscadelle, Sauvignon, Sauvignon Gris, Semillon."},"geometry":{"type":"Polygon","coordinates":[[[-0.4226029999250861,44.60402499543967],[-0.3994989993526803,44.58305949503659],[-0.3658134995265146,44.57646899544695],[-0.31974950021138865,44.63188099487777],[-0.3397019998749529,44.65199549481251],[-0.36724800033213906,44.66535199500524],[-0.3814350004619057,44.6406594951744],[-0.4062474997109367,44.629181994971134],[-0.40511300015130236,44.62222699488586],[-0.4226029999250861,44.60402499543967]]]}},{"type":"Feature","properties":{"id":"cotes-de-blaye","name":"Côtes de Blaye","region":"Bordeaux","grapes":["Colombard","Muscadelle","Sauvignon","Sauvignon Gris","Semillon","Ugnilanc"],"original_region":"Bordeaux","key_appellations":[],"desc":"Côtes de Blaye is an appellation in the Bordeaux region. Main grapes: Colombard, Muscadelle, Sauvignon, Sauvignon Gris, Semillon, Ugnilanc."},"geometry":{"type":"MultiPolygon","coordinates":[[[[-0.6686674997125187,45.13198899543651],[-0.6440564993575707,45.09007149524677],[-0.6079639998158823,45.10360499546067],[-0.5790169996113922,45.09672649498054],[-0.5456945003360406,45.10124249523699],[-0.5481690000840477,45.111854995461],[-0.5392354995455513,45.11756849532854],[-0.526367999724632,45.10667649509415],[-0.5303144995587652,45.0848369954829],[-0.516751000208529,45.07009099518984],[-0.5088800000080458,45.07415499537646],[-0.4961885001030988,45.06640599545719],[-0.48356999966262987,45.06829399495769],[-0.47681250030749117,45.05724099562126],[-0.44765600034810593,45.063846495712944],[-0.39386549952252203,45.05990049569034],[-0.37803549957511395,45.04334999559592],[-0.3206674997688804,45.048187495525326],[-0.33387400021290353,45.07313449534363],[-0.2946915005752501,45.1212874956476],[-0.30959650049788023,45.133155995362124],[-0.32495350050947347,45.129647494913286],[-0.31362499965130775,45.13764949576269],[-0.32063900040819443,45.15616699540724],[-0.3383669997698208,45.166884995783114],[-0.36433950022128786,45.16983849570428],[-0.379539500395938,45.15593999529604],[-0.38340100049655496,45.143333495754455],[-0.40167400053129976,45.18845649547091],[-0.42079349944746686,45.20898399506641],[-0.40511299956623137,45.23982249551651],[-0.40735249972643467,45.248012495393354],[-0.4248364994228786,45.24854299560364],[-0.41543099939493666,45.2693349955981],[-0.4186385001134542,45.273845995850856],[-0.47309850018502814,45.293926495707765],[-0.5140135000094909,45.28595549503048],[-0.56616349938711,45.29565199531797],[-0.5755079999717226,45.315230495679536],[-0.5689640001658609,45.33151899576339],[-0.5869230006240922,45.34442249580996],[-0.5962485002772981,45.320420995121836],[-0.6157164995658836,45.3232194954433],[-0.6417000000800176,45.3146854958438],[-0.6443024997143839,45.32204349514997],[-0.7155930001328366,45.326998995802136],[-0.6934199994163783,45.265315995188004],[-0.6913105000369555,45.237195495355365],[-0.683013499967339,45.23317199575662],[-0.690616000519473,45.23355999563992],[-0.6888695006471525,45.22091399570992],[-0.670159499407519,45.16889399541262],[-0.6686674997125187,45.13198899543651]]],[[[-0.6793239997973328,45.097042995739116],[-0.6729395003956474,45.08050799501236],[-0.664009499517496,45.07274299550809],[-0.6615034994789065,45.07908649499335],[-0.6793239997973328,45.097042995739116]]],[[[-0.6763049993912407,45.11851299522203],[-0.679880000182195,45.11760549550616],[-0.6748164994528243,45.11192799582279],[-0.6763049993912407,45.11851299522203]]],[[[-0.6782689998624625,45.12705649507586],[-0.6794674996260088,45.14773799537489],[-0.6919015002308937,45.18356149503619],[-0.6940844995722226,45.164552495493474],[-0.6782689998624625,45.12705649507586]]],[[[-0.716858999681738,45.19830849550529],[-0.699670999811111,45.17759749515505],[-0.6999429998049348,45.19374849502237],[-0.7107994995022259,45.21642549546371],[-0.716858999681738,45.19830849550529]]],[[[-0.7280289993192147,45.22534199515752],[-0.7299035003331035,45.22353399544993],[-0.7292290002104612,45.22148249523326],[-0.7280289993192147,45.22534199515752]]]]}},{"type":"Feature","properties":{"id":"cotes-de-bordeaux-saint-macaire","name":"Côtes de Bordeaux-Saint-Macaire","region":"Bordeaux","grapes":["Muscadelle","Sauvignon","Sauvignon Gris","Semillon"],"original_region":"Bordeaux","key_appellations":[],"desc":"Côtes de Bordeaux-Saint-Macaire is an appellation in the Bordeaux region. Main grapes: Muscadelle, Sauvignon, Sauvignon Gris, Semillon."},"geometry":{"type":"Polygon","coordinates":[[[-0.25192950002930825,44.55932349536914],[-0.1440929998008658,44.569171494829575],[-0.1306004998061038,44.58206299494445],[-0.13155300019711683,44.59887649556392],[-0.11921049987300096,44.603462995383495],[-0.11682449967949052,44.62035149475183],[-0.10423300003487455,44.62159949519282],[-0.1042789995241544,44.631113495223886],[-0.1201460003125393,44.63347749500393],[-0.12560250043369273,44.655283495154436],[-0.13327049992342904,44.65620099518701],[-0.18804000019387915,44.639255995279306],[-0.2069989993781367,44.622675995133626],[-0.18814600050976157,44.61808949509874],[-0.22328850038439674,44.60304199477812],[-0.2304465002618092,44.56786349535339],[-0.25192950002930825,44.55932349536914]]]}},{"type":"Feature","properties":{"id":"entre-deux-mers","name":"Entre-deux-Mers","region":"Bordeaux","grapes":["Colombard","Mauzac","Merlotlanc","Muscadelle","Sauvignon","Sauvignon Gris","Semillon","Ugnilanc"],"original_region":"Bordeaux","key_appellations":[],"desc":"Entre-deux-Mers is an appellation in the Bordeaux region. Main grapes: Colombard, Mauzac, Merlotlanc, Muscadelle, Sauvignon, Sauvignon Gris, Semillon, Ugnilanc."},"geometry":{"type":"Polygon","coordinates":[[[-0.31646800035039957,44.69332299543319],[-0.28419350034929264,44.66400699482231],[-0.2468239998415345,44.655465495388164],[-0.236564999913923,44.64151499526402],[-0.22639850020420016,44.64105949481232],[-0.206201499750424,44.624809494940045],[-0.17593949977388815,44.64514749520769],[-0.12560250043369273,44.655283495154436],[-0.1201460003125393,44.63347749500393],[-0.1042789995241544,44.631113495223886],[-0.1035389994216548,44.62221299499222],[-0.11682449967949052,44.62035149475183],[-0.11921049987300096,44.603462995383495],[-0.13155300019711683,44.59887649556392],[-0.1306004998061038,44.58206299494445],[-0.13753149947900437,44.577642495236525],[-0.12842799969325516,44.57103549488197],[-0.10463249984985103,44.58189599510213],[-0.07640250036588972,44.57245049468261],[-0.030231499837932323,44.578411995212676],[-0.016841000121251976,44.566481494702984],[-0.014287500247683917,44.5767574954329],[0.027833999392530544,44.55924199524213],[0.030397500296079672,44.55015449493321],[0.03774100022943209,44.554146495103296],[0.07141150013176682,44.54929899502837],[0.0861834999611468,44.576287995490596],[0.0822389994748186,44.58390849472813],[0.11283600032102613,44.590802495275994],[0.1351350003128622,44.60779649481118],[0.15085700058388454,44.60864099540831],[0.15502499993384303,44.61515699477658],[0.13926350057739523,44.62714199485869],[0.13813350016245596,44.638959995249316],[0.16521100059934082,44.63285699529125],[0.16853250064653935,44.64700349498305],[0.1830395005003923,44.65999399537581],[0.16312549996773623,44.6704059950839],[0.13490450028122825,44.665993995457825],[0.12997899965480755,44.672922995362846],[0.13442350038792641,44.68241349556009],[0.1029320004002984,44.68590949549851],[0.10570549959702216,44.69577299514005],[0.08042949959599284,44.70977999480425],[0.08293050023683389,44.7153649949048],[0.054552500062655655,44.724299995050096],[0.062308000180949986,44.74092649550613],[0.049199999898191966,44.75151549523045],[0.05590450045988715,44.762676995424826],[0.02395899973339751,44.776768995629105],[0.03665800031615352,44.77984999496613],[0.06675350007967176,44.771403994920526],[0.06155699946166395,44.804157494803285],[0.0770910000614468,44.816344495170526],[0.06307650047654878,44.825522995734325],[0.04030499956093202,44.82705849490808],[0.0381145003247798,44.83943049535974],[0.022538999845334536,44.84938999491214],[0.004079000386402194,44.84554599524438],[-0.039700500582459386,44.851856995549056],[-0.13795499950755777,44.81378549528675],[-0.15800949979395515,44.82889249493087],[-0.1480949996900591,44.83828649541698],[-0.15255199974673772,44.8432334954633],[-0.18778100008606635,44.83260699504424],[-0.21857900023254828,44.852866994808195],[-0.20411849969189053,44.87987449546626],[-0.21108250032192186,44.89296099542856],[-0.2369149995686503,44.89279449519823],[-0.24123899988580094,44.88882449520008],[-0.23632599983642522,44.87781549510032],[-0.26742900001872555,44.875457994879255],[-0.27411850048883935,44.866390495563635],[-0.28728700033051713,44.873565995438184],[-0.29138450018765594,44.86460349566512],[-0.3041915002466009,44.86088799559405],[-0.3121929993936662,44.868453995181454],[-0.33558699963382177,44.872011995090986],[-0.35008300041312335,44.8884179955944],[-0.3523224994991149,44.89863249576902],[-0.34235750054657405,44.91079049560956],[-0.31739799982626693,44.91487599485895],[-0.3213375002128284,44.93054899569375],[-0.38137650017250474,44.937792995631824],[-0.40588399946220655,44.94811449568483],[-0.4405654996319587,44.93495449575208],[-0.4549460002818543,44.953421495478516],[-0.463826500315993,44.93641999515333],[-0.49685499978343417,44.96771199529538],[-0.5017410002016427,44.98474149512744],[-0.5173790002379626,44.988191994881305],[-0.5178434997148949,44.956164495503245],[-0.5292610005206566,44.942016495106756],[-0.5220524999481314,44.9395839952875],[-0.5310519998834405,44.93715499519456],[-0.5361325002286514,44.92582599559993],[-0.4829065004147234,44.91529899501323],[-0.46992799942690633,44.92241899547822],[-0.45546999991361103,44.916542495145244],[-0.4635120004998275,44.89806849509395],[-0.44400700014118744,44.89137799505803],[-0.45105849981554885,44.88121999519995],[-0.44927950022632507,44.866359995451674],[-0.4720284998854813,44.86549549488015],[-0.469913000491622,44.86896949534014],[-0.49706850040814576,44.87685399562858],[-0.503342499585065,44.872440495135315],[-0.5052804997328552,44.85441249539752],[-0.4952890000953231,44.83601999540226],[-0.5018834996541441,44.82987399524555],[-0.45290600001788706,44.82570449554845],[-0.4493295004219456,44.82093499503557],[-0.45899799967581667,44.80741499528673],[-0.44043199969533925,44.78666199505633],[-0.4426324999424497,44.7785429955072],[-0.4333130003789543,44.76972399480256],[-0.40515100011195965,44.76377699501373],[-0.40576500053220577,44.752592995094275],[-0.39998149948896655,44.74899299553788],[-0.41280099962427513,44.74360699554499],[-0.38244250049139106,44.73995899556793],[-0.3483625003306805,44.75862249545814],[-0.34128249984353176,44.75717499497619],[-0.34932850020823364,44.74532549478073],[-0.3255580006653731,44.74204999560776],[-0.3029079999211216,44.730049495069274],[-0.29877300041627974,44.70980199491654],[-0.31646800035039957,44.69332299543319]]]}},{"type":"Feature","properties":{"id":"fronsac","name":"Fronsac","region":"Bordeaux","grapes":["Cabernet Franc","Cabernet Sauvignon","Carmenère","Cot","Merlot","Petit Verdot"],"original_region":"Bordeaux","key_appellations":[],"desc":"Fronsac is an appellation in the Bordeaux region. Main grapes: Cabernet Franc, Cabernet Sauvignon, Carmenère, Cot, Merlot, Petit Verdot."},"geometry":{"type":"Polygon","coordinates":[[[-0.2630230003434412,44.92736299496194],[-0.24713899973385556,44.943565995004555],[-0.2534604993078338,44.94752499493436],[-0.25094999962958825,44.95388049518858],[-0.26229550014865477,44.95799699518466],[-0.26291500021715486,44.967477495472025],[-0.2446655001010903,44.978011495097775],[-0.25311950050885285,44.98831649546669],[-0.2480814998374039,45.00219549548873],[-0.25958749987534646,45.004103495226445],[-0.2688245005809549,44.997640995180554],[-0.2885925001632183,45.01416649487366],[-0.3112029994833745,44.996275494984054],[-0.3013954999652731,44.991406995030545],[-0.30027749949190674,44.981983494998225],[-0.2801470001150924,44.977259495196364],[-0.28140500034660954,44.971379495692005],[-0.29012000038509367,44.969067495441394],[-0.2953045005168108,44.95454399504541],[-0.3386415001061033,44.95138949536073],[-0.349438999546064,44.93529699576497],[-0.31858799945739535,44.92844599569557],[-0.31660399958482915,44.909899995473786],[-0.3047769999995859,44.89198549486619],[-0.2950094995607719,44.88892449559715],[-0.2819904997089858,44.89394049510414],[-0.2896550004220292,44.90939149534857],[-0.28597649992968716,44.917622995589696],[-0.2507139996952766,44.915438995181205],[-0.2426414996376479,44.92192799556185],[-0.24338449997089903,44.930324495196196],[-0.2630230003434412,44.92736299496194]]]}},{"type":"Feature","properties":{"id":"gaillac-premieres-cotes","name":"Gaillac premières côtes","region":"Bordeaux","grapes":["Len De L'El","Mauzac","Mauzac Rose","Muscadelle","Ondenc","Sauvignon"],"original_region":"Bordeaux","key_appellations":[],"desc":"Gaillac premières côtes is an appellation in the Bordeaux region. Main grapes: Len De L'El, Mauzac, Mauzac Rose, Muscadelle, Ondenc, Sauvignon."},"geometry":{"type":"Polygon","coordinates":[[[1.7916355000863082,43.83935299483093],[1.8197169998636198,43.84205249457442],[1.8126190000645381,43.850746995012194],[1.8158365002343018,43.85890749484043],[1.853782500561117,43.87469849479598],[1.8815260002964111,43.86634949469243],[1.8864110005364698,43.8787404951557],[1.8829125000311773,43.88876799476606],[1.889943499810828,43.8971664951817],[1.9028184998226227,43.88970349488117],[1.9123184995199716,43.8926624948877],[1.935479499600582,43.91016399504747],[1.9335770003792083,43.9153799951084],[1.9431604994286344,43.917787995138205],[1.93920800015374,43.921109495127126],[1.943327499533792,43.9278759946076],[1.9736615001158448,43.92666949520123],[1.9760560001369505,43.92182249480895],[1.9925790000268702,43.92888849461448],[1.994818500474869,43.90846049512118],[2.0068420002057112,43.906340495293435],[2.0291235000407752,43.920313494650784],[2.0236429995788145,43.9419004947855],[2.038171499708017,43.94184399490747],[2.0494535001531866,43.950647995312394],[2.0481609998801114,43.959921995024956],[2.058285000432629,43.966556494812565],[2.0463140002958777,43.968241995028386],[2.060211000025042,43.98254649522695],[2.0487114997065845,43.9765289948364],[2.0441419998449475,43.978988495202564],[2.0476725003027902,43.984940994849026],[2.0399825001968375,43.98879499482399],[2.028010999790297,43.98966049478921],[2.0282330003434956,43.98331449515071],[2.005173499792477,43.99387249520949],[1.9759910003327652,43.99440899461289],[1.97783049946655,43.99905399525857],[1.9627170004713832,44.01304649482782],[1.9529300000481675,44.003068994707114],[1.932733000429605,44.002276994782996],[1.9299005000204512,44.01518499484916],[1.9047835006265663,44.03007599487446],[1.8951925004404488,44.01982399490977],[1.9106300003409835,44.00656099499018],[1.9101844998524413,43.99953799475504],[1.8954235001079096,43.98859149455029],[1.8837799994623987,43.99489099513057],[1.8823359994366182,43.98084249488203],[1.8501470005137044,43.97693599511649],[1.8714229998482206,43.95730399471336],[1.8513269997436648,43.946697995078374],[1.8457029993874867,43.92659749497651],[1.8155524994005094,43.934520995179305],[1.8061219997958213,43.930511495301516],[1.7809755003155139,43.94241399535041],[1.768844499795498,43.93366699449579],[1.7200029994176025,43.94168899478762],[1.7233435003074482,43.93770749504968],[1.697144499933731,43.9010109948816],[1.7581475004135074,43.87505799460874],[1.7688370001535734,43.85620849522824],[1.7874574998018729,43.84743199519308],[1.7916355000863082,43.83935299483093]]]}},{"type":"Feature","properties":{"id":"graves","name":"Graves","region":"Bordeaux","grapes":["Cabernet Franc","Cabernet Sauvignon","Carmenère","Cot","Merlot","Muscadelle","Petit Verdot","Sauvignon"],"original_region":"Bordeaux","key_appellations":[],"desc":"Graves is an appellation in the Bordeaux region. Main grapes: Cabernet Franc, Cabernet Sauvignon, Carmenère, Cot, Merlot, Muscadelle, Petit Verdot, Sauvignon."},"geometry":{"type":"Polygon","coordinates":[[[-0.6016750000723086,44.55285699521996],[-0.4862029997432388,44.52287649556017],[-0.4508644997565458,44.52351799474346],[-0.41922899983540884,44.516082994906604],[-0.4266275005742284,44.50875199497938],[-0.3962814998143237,44.50015299474794],[-0.3646074997305479,44.49671699506058],[-0.3580730003057383,44.50096299501829],[-0.3087720004265547,44.48621799492472],[-0.28031100008870297,44.48398449504468],[-0.27433950031386034,44.49263049544731],[-0.24779200034795004,44.48801249485813],[-0.22816850058477717,44.47224099535504],[-0.22971699971157994,44.48031249542095],[-0.21134800012100166,44.48013749530648],[-0.19034950000182016,44.496395495374415],[-0.18922600065326706,44.51726899537666],[-0.19975100059818293,44.52058949537006],[-0.2006089998167704,44.537368494934924],[-0.18289600029124253,44.532620995419045],[-0.17307150034338098,44.544137995074394],[-0.1799930002614043,44.56019399506801],[-0.17259850004737778,44.56540199553709],[-0.21170900059880618,44.56548299531042],[-0.24572200016625487,44.55707649488974],[-0.2917595002312906,44.585606995057184],[-0.28279299980049405,44.57370049511451],[-0.2940445006719586,44.56475699548191],[-0.2735484994491459,44.54707849522412],[-0.2718575002828783,44.535861994743094],[-0.26140549959068393,44.53155649511275],[-0.2670344994648274,44.523549994939124],[-0.2915105001066238,44.52353349548337],[-0.30842049968957735,44.50761499498177],[-0.3301549993882529,44.51939849517678],[-0.35248050017736476,44.516271494766876],[-0.37436449985660347,44.52435399498674],[-0.352427999782258,44.561967494926726],[-0.3247634995735962,44.575535995619276],[-0.35219799986696587,44.590021495089665],[-0.3520460001790659,44.59921349544859],[-0.3365980000344678,44.607265495130086],[-0.31974950021138865,44.63188099487777],[-0.3397019998749529,44.65199549481251],[-0.36980449988032754,44.66736749545115],[-0.374584500344658,44.68485249477199],[-0.4048415002015503,44.68809849524034],[-0.39623749955375615,44.702575995243784],[-0.4127179993660024,44.70739549489555],[-0.43388600022428825,44.702666995025304],[-0.4512320000771819,44.72418349518777],[-0.5098235001696432,44.7433669948336],[-0.511355499432634,44.773495994845426],[-0.5376670000003899,44.82277399560926],[-0.5738799998272923,44.81079299498686],[-0.5893514999751511,44.82539449512612],[-0.6030524994477271,44.81847849562519],[-0.6149099999454506,44.82294999566368],[-0.6068150004091769,44.836883495106235],[-0.626985000447485,44.838890494840385],[-0.6387210003554873,44.856865495166375],[-0.6309504999127202,44.87354599557548],[-0.6223769999565295,44.87682749486797],[-0.629340499850709,44.881600495632],[-0.62495300039123,44.888873994913006],[-0.6298544995199264,44.89820249495093],[-0.6806839998366039,44.89481899554872],[-0.6942614997433494,44.867091994977066],[-0.71816950052113,44.853399994955815],[-0.7194110000961838,44.8469289952649],[-0.7569404998755358,44.84669449513844],[-0.7537154998150106,44.832553494938644],[-0.7381050005555895,44.82932549484936],[-0.7259565004381705,44.81353299509461],[-0.7393539998969466,44.783051495136206],[-0.7340885004022589,44.77553799549438],[-0.7585589997119283,44.75529399550579],[-0.8370864994130957,44.736769495144465],[-0.7910039996509014,44.70245949515106],[-0.7299615001660706,44.67257499540402],[-0.661901500010736,44.60875749487569],[-0.6183880004558812,44.610970995293684],[-0.6090079995415162,44.60364449538228],[-0.6159305001357565,44.581984995432045],[-0.6016750000723086,44.55285699521996]]]}},{"type":"Feature","properties":{"id":"graves-de-vayres","name":"Graves de Vayres","region":"Bordeaux","grapes":["Cabernet Franc","Cabernet Sauvignon","Carmenère","Cot","Merlotlanc","Merlot","Muscadelle","Petit Verdot"],"original_region":"Bordeaux","key_appellations":[],"desc":"Graves de Vayres is an appellation in the Bordeaux region. Main grapes: Cabernet Franc, Cabernet Sauvignon, Carmenère, Cot, Merlotlanc, Merlot, Muscadelle, Petit Verdot."},"geometry":{"type":"Polygon","coordinates":[[[-0.3041915002466009,44.86088799559405],[-0.28728700033051713,44.873565995438184],[-0.27411850048883935,44.866390495563635],[-0.26742900001872555,44.875457994879255],[-0.2596525004821718,44.87563199544086],[-0.2587859996280284,44.888835995118754],[-0.247155499788453,44.89958449488133],[-0.2507139996952766,44.915438995181205],[-0.28597649992968716,44.917622995589696],[-0.2896550004220292,44.90939149534857],[-0.2819904997089858,44.89394049510414],[-0.2950094995607719,44.88892449559715],[-0.3047769999995859,44.89198549486619],[-0.31739799982626693,44.91487599485895],[-0.3475915000623737,44.90612799553356],[-0.35008300041312335,44.8884179955944],[-0.33971849949587063,44.87501749557672],[-0.3121929993936662,44.868453995181454],[-0.3041915002466009,44.86088799559405]]]}},{"type":"Feature","properties":{"id":"graves-superieures","name":"Graves supérieures","region":"Bordeaux","grapes":["Muscadelle","Sauvignon","Sauvignon Gris","Semillon"],"original_region":"Bordeaux","key_appellations":[],"desc":"Graves supérieures is an appellation in the Bordeaux region. Main grapes: Muscadelle, Sauvignon, Sauvignon Gris, Semillon."},"geometry":{"type":"Polygon","coordinates":[[[-0.6016750000723086,44.55285699521996],[-0.4862029997432388,44.52287649556017],[-0.4508644997565458,44.52351799474346],[-0.41922899983540884,44.516082994906604],[-0.4266275005742284,44.50875199497938],[-0.3962814998143237,44.50015299474794],[-0.3646074997305479,44.49671699506058],[-0.3580730003057383,44.50096299501829],[-0.3087720004265547,44.48621799492472],[-0.28031100008870297,44.48398449504468],[-0.27433950031386034,44.49263049544731],[-0.24779200034795004,44.48801249485813],[-0.22816850058477717,44.47224099535504],[-0.22971699971157994,44.48031249542095],[-0.21134800012100166,44.48013749530648],[-0.19034950000182016,44.496395495374415],[-0.18922600065326706,44.51726899537666],[-0.19975100059818293,44.52058949537006],[-0.2006089998167704,44.537368494934924],[-0.18289600029124253,44.532620995419045],[-0.17307150034338098,44.544137995074394],[-0.1799930002614043,44.56019399506801],[-0.17259850004737778,44.56540199553709],[-0.21170900059880618,44.56548299531042],[-0.24572200016625487,44.55707649488974],[-0.2917595002312906,44.585606995057184],[-0.28279299980049405,44.57370049511451],[-0.2940445006719586,44.56475699548191],[-0.2735484994491459,44.54707849522412],[-0.2718575002828783,44.535861994743094],[-0.26140549959068393,44.53155649511275],[-0.2670344994648274,44.523549994939124],[-0.2915105001066238,44.52353349548337],[-0.30842049968957735,44.50761499498177],[-0.3301549993882529,44.51939849517678],[-0.35248050017736476,44.516271494766876],[-0.37436449985660347,44.52435399498674],[-0.352427999782258,44.561967494926726],[-0.3247634995735962,44.575535995619276],[-0.35219799986696587,44.590021495089665],[-0.3520460001790659,44.59921349544859],[-0.3365980000344678,44.607265495130086],[-0.31974950021138865,44.63188099487777],[-0.3397019998749529,44.65199549481251],[-0.36980449988032754,44.66736749545115],[-0.374584500344658,44.68485249477199],[-0.4048415002015503,44.68809849524034],[-0.39623749955375615,44.702575995243784],[-0.4127179993660024,44.70739549489555],[-0.43388600022428825,44.702666995025304],[-0.4512320000771819,44.72418349518777],[-0.5098235001696432,44.7433669948336],[-0.511355499432634,44.773495994845426],[-0.5376670000003899,44.82277399560926],[-0.5738799998272923,44.81079299498686],[-0.5893514999751511,44.82539449512612],[-0.6030524994477271,44.81847849562519],[-0.6149099999454506,44.82294999566368],[-0.6068150004091769,44.836883495106235],[-0.626985000447485,44.838890494840385],[-0.6387210003554873,44.856865495166375],[-0.6309504999127202,44.87354599557548],[-0.6223769999565295,44.87682749486797],[-0.629340499850709,44.881600495632],[-0.62495300039123,44.888873994913006],[-0.6298544995199264,44.89820249495093],[-0.6806839998366039,44.89481899554872],[-0.6942614997433494,44.867091994977066],[-0.71816950052113,44.853399994955815],[-0.7194110000961838,44.8469289952649],[-0.7569404998755358,44.84669449513844],[-0.7537154998150106,44.832553494938644],[-0.7381050005555895,44.82932549484936],[-0.7259565004381705,44.81353299509461],[-0.7393539998969466,44.783051495136206],[-0.7340885004022589,44.77553799549438],[-0.7585589997119283,44.75529399550579],[-0.8370864994130957,44.736769495144465],[-0.7910039996509014,44.70245949515106],[-0.7299615001660706,44.67257499540402],[-0.661901500010736,44.60875749487569],[-0.6183880004558812,44.610970995293684],[-0.6090079995415162,44.60364449538228],[-0.6159305001357565,44.581984995432045],[-0.6016750000723086,44.55285699521996]]]}},{"type":"Feature","properties":{"id":"lalande-de-pomerol","name":"Lalande-de-Pomerol","region":"Bordeaux","grapes":["Cabernet Franc","Cabernet Sauvignon","Carmenère","Cot","Merlot","Petit Verdot"],"original_region":"Bordeaux","key_appellations":[],"desc":"Lalande-de-Pomerol is an appellation in the Bordeaux region. Main grapes: Cabernet Franc, Cabernet Sauvignon, Carmenère, Cot, Merlot, Petit Verdot."},"geometry":{"type":"Polygon","coordinates":[[[-0.18390699954658676,44.95454599498826],[-0.1765889996285064,44.96398199504359],[-0.221363000149248,44.96732049486075],[-0.2316594995871642,44.94755299569389],[-0.17424799947369837,44.931351495134116],[-0.1534610005245123,44.93913499504923],[-0.15209399950648697,44.947130495485744],[-0.18390699954658676,44.95454599498826]]]}},{"type":"Feature","properties":{"id":"listrac-medoc","name":"Listrac-Médoc","region":"Bordeaux","grapes":["Cabernet Franc","Cabernet Sauvignon","Carmenère","Cot","Merlot","Petit Verdot"],"original_region":"Bordeaux","key_appellations":[],"desc":"Listrac-Médoc is an appellation in the Bordeaux region. Main grapes: Cabernet Franc, Cabernet Sauvignon, Carmenère, Cot, Merlot, Petit Verdot."},"geometry":{"type":"Polygon","coordinates":[[[-0.9117285005367856,45.057329994937035],[-0.8956065001469352,45.03234099504661],[-0.8576144994418559,45.02605149496713],[-0.8434049995321694,45.039091494950725],[-0.8059300000857094,45.045967494877345],[-0.7851364999049136,45.06331699567134],[-0.7657560001716017,45.06681449550695],[-0.7687905002774662,45.07862149521851],[-0.7450175000142606,45.08550499564948],[-0.7457584998056646,45.09107549507877],[-0.7522764998791244,45.09057849495473],[-0.742209000512458,45.09629549502115],[-0.756681500419134,45.1005474957174],[-0.7640115004628523,45.1116589949371],[-0.7899784999348172,45.113342495292386],[-0.8008659999207102,45.10891199544475],[-0.8025084997385532,45.10175349519527],[-0.8241605004221207,45.10003999496397],[-0.8212489996493254,45.07337649516538],[-0.8606195004847526,45.07176149503819],[-0.8844540000553828,45.087798495278214],[-0.9117285005367856,45.057329994937035]]]}},{"type":"Feature","properties":{"id":"loupiac","name":"Loupiac","region":"Bordeaux","grapes":["Muscadelle","Sauvignon","Sauvignon Gris","Semillon"],"original_region":"Bordeaux","key_appellations":[],"desc":"Loupiac is an appellation in the Bordeaux region. Main grapes: Muscadelle, Sauvignon, Sauvignon Gris, Semillon."},"geometry":{"type":"Polygon","coordinates":[[[-0.3130515002605463,44.62748799481149],[-0.3025374996755109,44.616384995418365],[-0.3035994993404483,44.60496749482906],[-0.29419200041874943,44.603113994855114],[-0.2838429998882594,44.60996599477417],[-0.28688999993425485,44.6147619953646],[-0.27418949959132743,44.63098299502752],[-0.25787000042900415,44.64269749507135],[-0.2895365003024059,44.648695995474],[-0.29046299946479986,44.635391495002914],[-0.3130515002605463,44.62748799481149]]]}},{"type":"Feature","properties":{"id":"lussac-saint-emilion","name":"Lussac Saint-Emilion","region":"Bordeaux","grapes":["Cabernet Franc","Cabernet Sauvignon","Carmenère","Cot","Merlot","Petit Verdot"],"original_region":"Bordeaux","key_appellations":[],"desc":"Lussac Saint-Emilion is an appellation in the Bordeaux region. Main grapes: Cabernet Franc, Cabernet Sauvignon, Carmenère, Cot, Merlot, Petit Verdot."},"geometry":{"type":"Polygon","coordinates":[[[-0.12930049938182056,44.95986249507749],[-0.10916600018493187,44.9423739956717],[-0.08998899979870767,44.936702995219484],[-0.045042500290083935,44.95672249550562],[-0.051520500502546016,44.96621999515037],[-0.06655699964253384,44.962097495736955],[-0.08225599976004162,44.97516399541329],[-0.08532250063430363,44.99382449555081],[-0.10464849959382716,44.999546495504056],[-0.12302549948605702,44.988573994960824],[-0.11309399968399042,44.97699649523189],[-0.12930049938182056,44.95986249507749]]]}},{"type":"Feature","properties":{"id":"margaux","name":"Margaux","region":"Bordeaux","grapes":["Cabernet Franc","Cabernet Sauvignon","Carmenère","Cot","Merlot","Petit Verdot"],"original_region":"Bordeaux","key_appellations":[],"desc":"Margaux is an appellation in the Bordeaux region. Main grapes: Cabernet Franc, Cabernet Sauvignon, Carmenère, Cot, Merlot, Petit Verdot."},"geometry":{"type":"Polygon","coordinates":[[[-0.7451695005618805,44.98636099568021],[-0.7545424995086806,44.96666399576648],[-0.7256474997942445,44.95635899487297],[-0.6644925002243216,44.97925149486256],[-0.6535024998241122,44.997588495288916],[-0.6185609996021187,45.01811399500427],[-0.6482670001532291,45.03910099544159],[-0.6368749997794685,45.04112749563727],[-0.6722099997845916,45.07242599559885],[-0.7010300004549364,45.07442199529006],[-0.7321529995943578,45.06329399518223],[-0.7222995001086497,45.04995499512174],[-0.7238629998583168,45.03109549510619],[-0.7113740002494279,45.0315584957577],[-0.7220744999287457,45.02249549564893],[-0.7139620004939341,45.01321399500276],[-0.7233059995935327,44.99640099563924],[-0.7451695005618805,44.98636099568021]]]}},{"type":"Feature","properties":{"id":"montagne-saint-emilion","name":"Montagne-Saint-Emilion","region":"Bordeaux","grapes":["Cabernet Franc","Cabernet Sauvignon","Carmenère","Cot","Merlot","Petit Verdot"],"original_region":"Bordeaux","key_appellations":[],"desc":"Montagne-Saint-Emilion is an appellation in the Bordeaux region. Main grapes: Cabernet Franc, Cabernet Sauvignon, Carmenère, Cot, Merlot, Petit Verdot."},"geometry":{"type":"Polygon","coordinates":[[[-0.10916600018493187,44.9423739956717],[-0.1434535002789715,44.964558995039376],[-0.15036150040386834,44.95261399503104],[-0.17250050017433016,44.96469599534657],[-0.18610899972486794,44.955575995484914],[-0.15209399950648697,44.947130495485744],[-0.1534610005245123,44.93913499504923],[-0.17424799947369837,44.931351495134116],[-0.16580900060734283,44.9254569956029],[-0.09143249967386623,44.89998249553085],[-0.07460049970113085,44.906326494973406],[-0.07825049967051995,44.91375499573461],[-0.09641100049188318,44.91748449566729],[-0.09433999938215068,44.940882995227454],[-0.10916600018493187,44.9423739956717]]]}},{"type":"Feature","properties":{"id":"moulis-moulis-en-medoc","name":"Moulis / Moulis-en-Médoc","region":"Bordeaux","grapes":["Cabernet Franc","Cabernet Sauvignon","Carmenère","Cot","Merlot","Petit Verdot"],"original_region":"Bordeaux","key_appellations":[],"desc":"Moulis / Moulis-en-Médoc is an appellation in the Bordeaux region. Main grapes: Cabernet Franc, Cabernet Sauvignon, Carmenère, Cot, Merlot, Petit Verdot."},"geometry":{"type":"Polygon","coordinates":[[[-0.8286610002020754,44.97560499537458],[-0.8020559994451311,44.9646239956668],[-0.8011124996917943,44.98369049503723],[-0.7912934996223524,44.99701249572472],[-0.7949630006212973,45.01726099570326],[-0.7769559993873902,45.0433279953937],[-0.7010300004549364,45.07442199529006],[-0.680569999545479,45.07688899573721],[-0.6976564995153818,45.107284995229826],[-0.7460959994718306,45.09646699526437],[-0.7640115004628523,45.1116589949371],[-0.7899784999348172,45.113342495292386],[-0.8008659999207102,45.10891199544475],[-0.8025084997385532,45.10175349519527],[-0.8241605004221207,45.10003999496397],[-0.8212489996493254,45.07337649516538],[-0.8606195004847526,45.07176149503819],[-0.8865274995131085,45.08738749541396],[-0.8991035003437635,45.06564799558442],[-0.9117285005367856,45.057329994937035],[-0.8956065001469352,45.03234099504661],[-0.8576144994418559,45.02605149496713],[-0.8653735002718863,45.01813999550918],[-0.851897000070302,45.01909599541668],[-0.833664500665817,45.00248749549855],[-0.8286610002020754,44.97560499537458]]]}},{"type":"Feature","properties":{"id":"pauillac","name":"Pauillac","region":"Bordeaux","grapes":["Cabernet Franc","Cabernet Sauvignon","Carmenère","Cot","Merlot","Petit Verdot"],"original_region":"Bordeaux","key_appellations":[],"desc":"Pauillac is an appellation in the Bordeaux region. Main grapes: Cabernet Franc, Cabernet Sauvignon, Carmenère, Cot, Merlot, Petit Verdot."},"geometry":{"type":"MultiPolygon","coordinates":[[[[-0.7141930003740484,45.13901499504581],[-0.7475945005089472,45.20627299511002],[-0.7473674998007801,45.23337699539468],[-0.7648940004595751,45.28229649552167],[-0.8071284998099058,45.27571899564028],[-0.8020839997413752,45.26365349510973],[-0.8122745001287625,45.256541495816194],[-0.8159034997221206,45.242347995680475],[-0.8012844999943329,45.23711699521476],[-0.8014125005930982,45.225409495552135],[-0.7935465001744169,45.22238149559882],[-0.8357174998981861,45.21309199554984],[-0.8589754997818269,45.20047899501575],[-0.8542299997590174,45.1941244958702],[-0.8589574995986448,45.18733499553721],[-0.8479380005513951,45.18610299520025],[-0.8399410002783899,45.176058995332085],[-0.7901524995268165,45.17479849565922],[-0.7809325000560557,45.16653249515905],[-0.7858119999737417,45.15893199570062],[-0.7755209995278579,45.14988499524825],[-0.7758445000222709,45.14159349582055],[-0.7597554999509342,45.141620495414394],[-0.760430500101297,45.1363804955128],[-0.7141930003740484,45.13901499504581]]],[[[-0.7001690005157394,45.14804699536954],[-0.70680800027604,45.17056899543667],[-0.7144649993379147,45.18067549508393],[-0.7052584997521507,45.15665249502082],[-0.7001690005157394,45.14804699536954]]]]}},{"type":"Feature","properties":{"id":"pessac-leognan","name":"Pessac-Léognan","region":"Bordeaux","grapes":["Cabernet Franc","Cabernet Sauvignon","Carmenère","Cot","Merlot","Muscadelle","Petit Verdot","Sauvignon"],"original_region":"Bordeaux","key_appellations":[],"desc":"Pessac-Léognan is an appellation in the Bordeaux region. Main grapes: Cabernet Franc, Cabernet Sauvignon, Carmenère, Cot, Merlot, Muscadelle, Petit Verdot, Sauvignon."},"geometry":{"type":"Polygon","coordinates":[[[-0.5020050002446445,44.69926299486705],[-0.47818599967051834,44.72118549523841],[-0.48970999965165896,44.726937995603485],[-0.48728300038787403,44.73311999486665],[-0.5115175005776573,44.74562749499759],[-0.511355499432634,44.773495994845426],[-0.5195039994939188,44.78898149525928],[-0.5662040002765579,44.783433495555876],[-0.5757645005879864,44.816825495529706],[-0.5893514999751511,44.82539449512612],[-0.6030524994477271,44.81847849562519],[-0.6149099999454506,44.82294999566368],[-0.6068150004091769,44.836883495106235],[-0.626985000447485,44.838890494840385],[-0.6383414999228546,44.86066499564238],[-0.6531920000124202,44.86266749538705],[-0.7194110000961838,44.8469289952649],[-0.7569404998755358,44.84669449513844],[-0.7537154998150106,44.832553494938644],[-0.7381050005555895,44.82932549484936],[-0.7259565004381705,44.81353299509461],[-0.7393539998969466,44.783051495136206],[-0.7340885004022589,44.77553799549438],[-0.7585589997119283,44.75529399550579],[-0.7501690004425787,44.74953549478261],[-0.6889255004338983,44.782357994812564],[-0.678920000109308,44.777033495324915],[-0.6873459998850965,44.77253699497809],[-0.6756904996080927,44.75365699527246],[-0.6383045004314507,44.73661749502659],[-0.6461024997629851,44.73106049502876],[-0.632289000575454,44.73011049530963],[-0.6493914998498772,44.723590995669994],[-0.6732839997818935,44.69198799486071],[-0.6617345005293409,44.69215899495518],[-0.6566325004864123,44.683557995598626],[-0.5777330002909408,44.69737499506494],[-0.5465455000878061,44.69869949551727],[-0.515311000494718,44.6911879948562],[-0.49840749950927843,44.69399149491453],[-0.5020050002446445,44.69926299486705]]]}},{"type":"Feature","properties":{"id":"pomerol","name":"Pomerol","region":"Bordeaux","grapes":["Cabernet Franc","Cabernet Sauvignon","Cot","Merlot","Petit Verdot"],"original_region":"Bordeaux","key_appellations":[],"desc":"Pomerol is an appellation in the Bordeaux region. Main grapes: Cabernet Franc, Cabernet Sauvignon, Cot, Merlot, Petit Verdot."},"geometry":{"type":"Polygon","coordinates":[[[-0.24976650043511048,44.93846449542495],[-0.26312600040900375,44.92821549501973],[-0.2424559997152133,44.92944699492512],[-0.2507139996952766,44.915438995181205],[-0.247155499788453,44.89958449488133],[-0.2587859996280284,44.888835995118754],[-0.2596525004821718,44.87563199544086],[-0.25180049997781706,44.872791995327425],[-0.23499499941816743,44.87942149553271],[-0.24123899988580094,44.88882449520008],[-0.2369149995686503,44.89279449519823],[-0.2086914998944253,44.89468049533647],[-0.20989549949735462,44.90914249533119],[-0.19721250021505074,44.92350899504873],[-0.17424799947369837,44.931351495134116],[-0.25119800050694524,44.9521194956047],[-0.24976650043511048,44.93846449542495]]]}},{"type":"Feature","properties":{"id":"premieres-cotes-de-bordeaux","name":"Premières Côtes de Bordeaux","region":"Bordeaux","grapes":["Muscadelle","Sauvignon","Sauvignon Gris","Semillon"],"original_region":"Bordeaux","key_appellations":[],"desc":"Premières Côtes de Bordeaux is an appellation in the Bordeaux region. Main grapes: Muscadelle, Sauvignon, Sauvignon Gris, Semillon."},"geometry":{"type":"Polygon","coordinates":[[[-0.4048415002015503,44.68809849524034],[-0.374584500344658,44.68485249477199],[-0.36980449988032754,44.66736749545115],[-0.33396250024393787,44.64771649534716],[-0.33171600048774075,44.63862849478061],[-0.3025374996755109,44.616384995418365],[-0.3035994993404483,44.60496749482906],[-0.2947220003140118,44.59103399530183],[-0.25192950002930825,44.55932349536914],[-0.2304465002618092,44.56786349535339],[-0.22328850038439674,44.60304199477812],[-0.18814600050976157,44.61808949509874],[-0.2069989993781367,44.622675995133626],[-0.22639850020420016,44.64105949481232],[-0.236564999913923,44.64151499526402],[-0.2468239998415345,44.655465495388164],[-0.2787934997240539,44.660820494773375],[-0.3018364999860492,44.67677499532685],[-0.31646800035039957,44.69332299543319],[-0.29877300041627974,44.70980199491654],[-0.29937050026406253,44.72436649523632],[-0.31113299956796286,44.73607999566066],[-0.34932850020823364,44.74532549478073],[-0.3419409995462123,44.757743994822754],[-0.36816399974908376,44.75200699486409],[-0.38244250049139106,44.73995899556793],[-0.41280099962427513,44.74360699554499],[-0.39998149948896655,44.74899299553788],[-0.40576500053220577,44.752592995094275],[-0.40515100011195965,44.76377699501373],[-0.4333130003789543,44.76972399480256],[-0.4426324999424497,44.7785429955072],[-0.44043199969533925,44.78666199505633],[-0.45899799967581667,44.80741499528673],[-0.4493295004219456,44.82093499503557],[-0.45290600001788706,44.82570449554845],[-0.5018834996541441,44.82987399524555],[-0.4952890000953231,44.83601999540226],[-0.5052804997328552,44.85441249539752],[-0.5015575006132776,44.87416149554895],[-0.47630799946031804,44.87155199575146],[-0.4720284998854813,44.86549549488015],[-0.44927950022632507,44.866359995451674],[-0.45105849981554885,44.88121999519995],[-0.44400700014118744,44.89137799505803],[-0.4635120004998275,44.89806849509395],[-0.45546999991361103,44.916542495145244],[-0.47401600063009147,44.923703495586864],[-0.4829065004147234,44.91529899501323],[-0.5324464996139318,44.92559799489326],[-0.5498329999011122,44.92345299515215],[-0.5353004997199302,44.88429149500688],[-0.541512000205997,44.868963995382096],[-0.5366575005333682,44.86809149541846],[-0.5377169998527094,44.84712799527699],[-0.5481240005647203,44.83597549491997],[-0.5336684997731906,44.82764799516808],[-0.5376670000003899,44.82277399560926],[-0.511355499432634,44.773495994845426],[-0.5115175005776573,44.74562749499759],[-0.4512320000771819,44.72418349518777],[-0.43388600022428825,44.702666995025304],[-0.4127179993660024,44.70739549489555],[-0.39623749955375615,44.702575995243784],[-0.4048415002015503,44.68809849524034]]]}},{"type":"Feature","properties":{"id":"puisseguin-saint-emilion","name":"Puisseguin Saint-Emilion","region":"Bordeaux","grapes":["Cabernet Franc","Cabernet Sauvignon","Carmenère","Cot","Merlot","Petit Verdot"],"original_region":"Bordeaux","key_appellations":[],"desc":"Puisseguin Saint-Emilion is an appellation in the Bordeaux region. Main grapes: Cabernet Franc, Cabernet Sauvignon, Carmenère, Cot, Merlot, Petit Verdot."},"geometry":{"type":"Polygon","coordinates":[[[-0.02932699955066953,44.9253554950689],[-0.028307000516290565,44.937750995622565],[-0.034115000520601464,44.94204499520609],[-0.029449999825416694,44.945870495465876],[-0.045474999608208555,44.95468749571878],[-0.06626699954710599,44.951601495175886],[-0.0960634995112609,44.93652499568556],[-0.098026000273515,44.92284849496306],[-0.07460049970113085,44.906326494973406],[-0.051778500073233924,44.91836749563786],[-0.0465014993726205,44.92855949498667],[-0.02932699955066953,44.9253554950689]]]}},{"type":"Feature","properties":{"id":"saint-emilion","name":"Saint-Emilion","region":"Bordeaux","grapes":["Cabernet Franc","Cabernet Sauvignon","Carmenère","Cot","Merlot","Petit Verdot"],"original_region":"Bordeaux","key_appellations":[],"desc":"Saint-Emilion is an appellation in the Bordeaux region. Main grapes: Cabernet Franc, Cabernet Sauvignon, Carmenère, Cot, Merlot, Petit Verdot."},"geometry":{"type":"Polygon","coordinates":[[[-0.15835150062397707,44.84278849528409],[-0.14486299941391392,44.83812499503663],[-0.1004235002908825,44.85127249479476],[-0.09542950031459531,44.85745599559073],[-0.10188299981339671,44.86038249491117],[-0.09796350051294653,44.8679829951241],[-0.06765799977383903,44.88859699542311],[-0.08865300060637966,44.89225949538357],[-0.09143249967386623,44.89998249553085],[-0.17424799947369837,44.931351495134116],[-0.21235650023743302,44.91476449527015],[-0.21376849971348869,44.92985949551334],[-0.22942699950669806,44.934284994976004],[-0.2186149996459928,44.94636099513883],[-0.25334650020067206,44.95062949504015],[-0.24713899973385556,44.943565995004555],[-0.2630230003434412,44.92736299496194],[-0.24338449997089903,44.930324495196196],[-0.24203049972294532,44.92405699533932],[-0.2507139996952766,44.915438995181205],[-0.247155499788453,44.89958449488133],[-0.2587859996280284,44.888835995118754],[-0.2596525004821718,44.87563199544086],[-0.23632599983642522,44.87781549510032],[-0.24123899988580094,44.88882449520008],[-0.2369149995686503,44.89279449519823],[-0.21108250032192186,44.89296099542856],[-0.20411849969189053,44.87987449546626],[-0.21857900023254828,44.852866994808195],[-0.18778100008606635,44.83260699504424],[-0.15835150062397707,44.84278849528409]]]}},{"type":"Feature","properties":{"id":"saint-emilion-grand-cru","name":"Saint-Emilion Grand Cru","region":"Bordeaux","grapes":["Cabernet Franc","Cabernet Sauvignon","Carmenère","Cot","Merlot","Petit Verdot"],"original_region":"Bordeaux","key_appellations":[],"desc":"Saint-Emilion Grand Cru is an appellation in the Bordeaux region. Main grapes: Cabernet Franc, Cabernet Sauvignon, Carmenère, Cot, Merlot, Petit Verdot."},"geometry":{"type":"Polygon","coordinates":[[[-0.15835150062397707,44.84278849528409],[-0.14486299941391392,44.83812499503663],[-0.1004235002908825,44.85127249479476],[-0.09542950031459531,44.85745599559073],[-0.10188299981339671,44.86038249491117],[-0.09796350051294653,44.8679829951241],[-0.06765799977383903,44.88859699542311],[-0.08865300060637966,44.89225949538357],[-0.09143249967386623,44.89998249553085],[-0.17424799947369837,44.931351495134116],[-0.21235650023743302,44.91476449527015],[-0.21376849971348869,44.92985949551334],[-0.22942699950669806,44.934284994976004],[-0.2186149996459928,44.94636099513883],[-0.25334650020067206,44.95062949504015],[-0.24713899973385556,44.943565995004555],[-0.2630230003434412,44.92736299496194],[-0.24338449997089903,44.930324495196196],[-0.24203049972294532,44.92405699533932],[-0.2507139996952766,44.915438995181205],[-0.247155499788453,44.89958449488133],[-0.2587859996280284,44.888835995118754],[-0.2596525004821718,44.87563199544086],[-0.23632599983642522,44.87781549510032],[-0.24123899988580094,44.88882449520008],[-0.2369149995686503,44.89279449519823],[-0.21108250032192186,44.89296099542856],[-0.20411849969189053,44.87987449546626],[-0.21857900023254828,44.852866994808195],[-0.18778100008606635,44.83260699504424],[-0.15835150062397707,44.84278849528409]]]}},{"type":"Feature","properties":{"id":"saint-estephe","name":"Saint-Estèphe","region":"Bordeaux","grapes":["Cabernet Franc","Cabernet Sauvignon","Carmenère","Cot","Merlot","Petit Verdot"],"original_region":"Bordeaux","key_appellations":[],"desc":"Saint-Estèphe is an appellation in the Bordeaux region. Main grapes: Cabernet Franc, Cabernet Sauvignon, Carmenère, Cot, Merlot, Petit Verdot."},"geometry":{"type":"Polygon","coordinates":[[[-0.8159034997221206,45.242347995680475],[-0.8012844999943329,45.23711699521476],[-0.8014125005930982,45.225409495552135],[-0.7935465001744169,45.22238149559882],[-0.761447000296458,45.22971799550475],[-0.7471079993890665,45.226727495406195],[-0.7661249995354533,45.28401799508611],[-0.8071284998099058,45.27571899564028],[-0.8020839997413752,45.26365349510973],[-0.8122745001287625,45.256541495816194],[-0.8159034997221206,45.242347995680475]]]}},{"type":"Feature","properties":{"id":"saint-georges-saint-emilion","name":"Saint-Georges-Saint-Emilion","region":"Bordeaux","grapes":["Cabernet Franc","Cabernet Sauvignon","Carmenère","Cot","Merlot","Petit Verdot"],"original_region":"Bordeaux","key_appellations":[],"desc":"Saint-Georges-Saint-Emilion is an appellation in the Bordeaux region. Main grapes: Cabernet Franc, Cabernet Sauvignon, Carmenère, Cot, Merlot, Petit Verdot."},"geometry":{"type":"Polygon","coordinates":[[[-0.10916600018493187,44.9423739956717],[-0.1434535002789715,44.964558995039376],[-0.15036150040386834,44.95261399503104],[-0.17250050017433016,44.96469599534657],[-0.18610899972486794,44.955575995484914],[-0.15209399950648697,44.947130495485744],[-0.1534610005245123,44.93913499504923],[-0.17424799947369837,44.931351495134116],[-0.16580900060734283,44.9254569956029],[-0.09143249967386623,44.89998249553085],[-0.07460049970113085,44.906326494973406],[-0.07825049967051995,44.91375499573461],[-0.09641100049188318,44.91748449566729],[-0.09433999938215068,44.940882995227454],[-0.10916600018493187,44.9423739956717]]]}},{"type":"Feature","properties":{"id":"saint-julien","name":"Saint-Julien","region":"Bordeaux","grapes":["Cabernet Franc","Cabernet Sauvignon","Carmenère","Cot","Merlot","Petit Verdot"],"original_region":"Bordeaux","key_appellations":[],"desc":"Saint-Julien is an appellation in the Bordeaux region. Main grapes: Cabernet Franc, Cabernet Sauvignon, Carmenère, Cot, Merlot, Petit Verdot."},"geometry":{"type":"Polygon","coordinates":[[[-0.7141930003740484,45.13901499504581],[-0.7758445000222709,45.14159349582055],[-0.7755209995278579,45.14988499524825],[-0.7858119999737417,45.15893199570062],[-0.7809325000560557,45.16653249515905],[-0.7347969997744741,45.1753344951318],[-0.7475945005089472,45.20627299511002],[-0.7471079993890665,45.226727495406195],[-0.761447000296458,45.22971799550475],[-0.7971180003540069,45.22133599577389],[-0.7861205003275753,45.20042599578273],[-0.7901524995268165,45.17479849565922],[-0.7956484998162996,45.171582994972425],[-0.8399410002783899,45.176058995332085],[-0.8479380005513951,45.18610299520025],[-0.8709259999799551,45.19086999508585],[-0.878325500374439,45.20498949514471],[-0.9203505004356016,45.20471999536423],[-0.9378934998156196,45.179326995101],[-0.9517834996829023,45.13549349523608],[-0.9277010006455197,45.11333599567583],[-0.8606195004847526,45.07176149503819],[-0.8212489996493254,45.07337649516538],[-0.8241605004221207,45.10003999496397],[-0.8025084997385532,45.10175349519527],[-0.8008659999207102,45.10891199544475],[-0.7899784999348172,45.113342495292386],[-0.7640115004628523,45.1116589949371],[-0.7460959994718306,45.09646699526437],[-0.6976564995153818,45.107284995229826],[-0.7141930003740484,45.13901499504581]]]}},{"type":"Feature","properties":{"id":"sainte-croix-du-mont","name":"Sainte-Croix-du-Mont","region":"Bordeaux","grapes":["Muscadelle","Sauvignon","Sauvignon Gris","Semillon"],"original_region":"Bordeaux","key_appellations":[],"desc":"Sainte-Croix-du-Mont is an appellation in the Bordeaux region. Main grapes: Muscadelle, Sauvignon, Sauvignon Gris, Semillon."},"geometry":{"type":"Polygon","coordinates":[[[-0.24467650050144318,44.603603495369505],[-0.2471409996538741,44.61228349558509],[-0.30133050033228903,44.60223199555236],[-0.2917000004899509,44.58836249518152],[-0.2745199999004451,44.58311999492854],[-0.26402099959148556,44.58372049546167],[-0.24467650050144318,44.603603495369505]]]}},{"type":"Feature","properties":{"id":"sainte-foy-bordeaux","name":"Sainte-Foy-Bordeaux","region":"Bordeaux","grapes":["Cabernet Franc","Cabernet Sauvignon","Carmenère","Colombard","Cot","Merlot","Muscadelle","Petit Verdot"],"original_region":"Bordeaux","key_appellations":[],"desc":"Sainte-Foy-Bordeaux is an appellation in the Bordeaux region. Main grapes: Cabernet Franc, Cabernet Sauvignon, Carmenère, Colombard, Cot, Merlot, Muscadelle, Petit Verdot."},"geometry":{"type":"Polygon","coordinates":[[[0.17564049996956316,44.74022799517337],[0.19168549999874898,44.74880949566543],[0.201542500396056,44.7224324949699],[0.2162105004027319,44.723651494822406],[0.20998200067527156,44.74045549492832],[0.22667299993771342,44.76452949530163],[0.2403110004578025,44.76320599534583],[0.25156699979093794,44.750219994878236],[0.2950920005346118,44.75743249549745],[0.2974310002893093,44.76287349500208],[0.271165499529994,44.78576899529054],[0.27488900021746926,44.800233995615045],[0.26372099962588974,44.82641449549494],[0.2868165002481251,44.82301349547676],[0.2923170002520789,44.831698995457444],[0.3007524993548074,44.829190995334045],[0.30099499948417,44.840261995088945],[0.31504949950945155,44.84537049551212],[0.27707650033736486,44.86747649547982],[0.23885949945972382,44.87237199484399],[0.2417560001266253,44.856896495608986],[0.20973449979811215,44.84136649525224],[0.19129499970732122,44.820105495281005],[0.1471740002089015,44.82930999520017],[0.12289450060062403,44.8274489948949],[0.11125950021044978,44.81894599503836],[0.10753149947946265,44.83219699556968],[0.08203599996665523,44.830707495475316],[0.0770910000614468,44.816344495170526],[0.06155699946166395,44.804157494803285],[0.06675350007967176,44.771403994920526],[0.03665800031615352,44.77984999496613],[0.02395899973339751,44.776768995629105],[0.05590450045988715,44.762676995424826],[0.049199999898191966,44.75151549523045],[0.062308000180949986,44.74092649550613],[0.054552500062655655,44.724299995050096],[0.08293050023683389,44.7153649949048],[0.08042949959599284,44.70977999480425],[0.09499149967581266,44.7006119952813],[0.10630850061977448,44.701543495252274],[0.1076735001794917,44.71066749539712],[0.11805150042660563,44.71307249536665],[0.13339849975441476,44.7046349950584],[0.13954750000766108,44.713845495107165],[0.13470799973123312,44.72171999481747],[0.1393939994214822,44.721309494934914],[0.1399110005456452,44.73644449554917],[0.15094100003692432,44.73004149532675],[0.1750579997871674,44.73372949546838],[0.17564049996956316,44.74022799517337]]]}},{"type":"Feature","properties":{"id":"sauternes","name":"Sauternes","region":"Bordeaux","grapes":["Muscadelle","Sauvignon","Sauvignon Gris","Semillon"],"original_region":"Bordeaux","key_appellations":[],"desc":"Sauternes is an appellation in the Bordeaux region. Main grapes: Muscadelle, Sauvignon, Sauvignon Gris, Semillon."},"geometry":{"type":"Polygon","coordinates":[[[-0.3301549993882529,44.51939849517678],[-0.30842049968957735,44.50761499498177],[-0.2915105001066238,44.52353349548337],[-0.2670344994648274,44.523549994939124],[-0.26140549959068393,44.53155649511275],[-0.2718575002828783,44.535861994743094],[-0.2735484994491459,44.54707849522412],[-0.2940445006719586,44.56475699548191],[-0.28279299980049405,44.57370049511451],[-0.29244150065097385,44.585365995266386],[-0.2834354994597334,44.58404199524982],[-0.2947220003140118,44.59103399530183],[-0.3035994993404483,44.60496749482906],[-0.3025374996755109,44.616384995418365],[-0.31974950021138865,44.63188099487777],[-0.3365980000344678,44.607265495130086],[-0.3520460001790659,44.59921349544859],[-0.35219799986696587,44.590021495089665],[-0.3247634995735962,44.575535995619276],[-0.352427999782258,44.561967494926726],[-0.37436449985660347,44.52435399498674],[-0.35583750034205025,44.51677399493297],[-0.3301549993882529,44.51939849517678]]]}},{"type":"Feature","properties":{"id":"bugey","name":"Bugey","region":"Bugey","grapes":["Aligoté","Altesse","Chardonnay","Gamay","Jacquère","Molette","Mondeuselanche","Mondeuse"],"original_region":"Bugey","key_appellations":[],"desc":"Bugey is an appellation in the Bugey region. Main grapes: Aligoté, Altesse, Chardonnay, Gamay, Jacquère, Molette, Mondeuselanche, Mondeuse."},"geometry":{"type":"MultiPolygon","coordinates":[[[[5.438570500512958,45.795434495850735],[5.517513500464814,45.73118249536465],[5.527273500039577,45.71546349598078],[5.549553000346784,45.7118109952634],[5.551950999556609,45.70224349595855],[5.574874500491667,45.693254495290844],[5.57497200018395,45.68726349588598],[5.563835000333774,45.68465899534731],[5.5605235000786255,45.69393849544172],[5.548575999462512,45.69945849552609],[5.545086000135031,45.68807799561492],[5.5547784997366705,45.67807599555133],[5.55251400027184,45.67228799589983],[5.61250300059368,45.66487749554055],[5.619660999620609,45.66754899595049],[5.617558000182566,45.67427449530138],[5.6549999998777425,45.69987049574278],[5.667014500141939,45.6860519959964],[5.6496895000304015,45.66927649539641],[5.619127500502157,45.66504349534532],[5.623494499823195,45.6449759952899],[5.636329999368691,45.6381554955264],[5.65694849964309,45.65226849570168],[5.687611000315863,45.65358199542013],[5.684884499769466,45.666159495526074],[5.709361999771473,45.685235995505835],[5.700593999391484,45.709947495698316],[5.738214000233145,45.71034349600691],[5.7478615000207745,45.70527799559431],[5.776236000469946,45.726383995658196],[5.7696785006066325,45.740812495314074],[5.783586499667711,45.74520399588659],[5.779020000232795,45.760608496003464],[5.784068500284578,45.816511995637676],[5.797220000346876,45.83105599574225],[5.828539999967695,45.90929249576178],[5.82187749946368,45.92931099572806],[5.831229999816041,45.93845749567828],[5.821760499720582,45.933332995223374],[5.802952499893019,45.9402519955816],[5.766595499793927,45.93578199602352],[5.760060500631958,45.96029549570943],[5.748497499591784,45.961231496042764],[5.747647499636176,45.9662559959573],[5.72022100006942,45.961273995610355],[5.712380499924886,45.95871799580267],[5.717749499499237,45.93167649552509],[5.703176000359938,45.906628495951104],[5.6699780004052025,45.89867849551113],[5.667330999996521,45.91111699528983],[5.682281500238744,45.921479995526816],[5.675165500105398,45.939160495599204],[5.682438499786563,45.972668496064216],[5.674970500178551,45.98576749525506],[5.639487999672424,45.98429149536731],[5.6352249996247545,45.94461549546316],[5.6151335000742195,45.91409149543685],[5.629525499607574,45.90561199520015],[5.623329500368795,45.86680249532302],[5.609593999437803,45.848293495522995],[5.599620999877521,45.848493495761616],[5.5863414995276575,45.8385679953974],[5.574556000197901,45.84516649528119],[5.566408500195651,45.83369549585472],[5.592634999729275,45.79912649592834],[5.5906200006280615,45.758574995515964],[5.584295999495515,45.762585495494385],[5.570825500533855,45.753384495534796],[5.5361489999782085,45.75870049597698],[5.535063000473798,45.76656499598648],[5.517746499626047,45.77970849561923],[5.531155500359066,45.789007495757055],[5.520948500591837,45.78943199570376],[5.498325499581856,45.81568799588187],[5.499336999586351,45.829885995230086],[5.516618499574827,45.84029299582288],[5.478313500038848,45.87216349608755],[5.470888500457199,45.86741899590637],[5.458523000493638,45.87208399567393],[5.457686999548242,45.85851199579077],[5.449704500340739,45.86318999605178],[5.42853850008402,45.86035299564101],[5.417310999959745,45.86696299558124],[5.4225350000253565,45.84984849547485],[5.421894999494005,45.843022995361146],[5.416313999930748,45.84803849526558],[5.418251999751781,45.84010649579257],[5.435638999503992,45.82976999518875],[5.450410500265108,45.82904549589791],[5.463653999852903,45.81395699585919],[5.45983649990776,45.80343899531116],[5.438570500512958,45.795434495850735]],[[5.6261894999657835,45.71773749570615],[5.611401499504879,45.74896599542605],[5.6384300000790475,45.750334995352524],[5.642604500327219,45.73954199591034],[5.636385500257731,45.72270649549716],[5.6261894999657835,45.71773749570615]]],[[[5.343897999730865,45.88195999579235],[5.353832000221105,45.883269995401406],[5.378023500231217,45.869653495422874],[5.4015950002826605,45.88094349571534],[5.396092499719027,45.88861099520502],[5.403644000005417,45.89223249539554],[5.399834499458833,45.90367999559163],[5.414175500406139,45.896086495864814],[5.412592499410736,45.90463749591358],[5.42859999991996,45.92207199591368],[5.416079000312114,45.931147995809326],[5.41940150019128,45.93745049588913],[5.408820000390848,45.94206099546607],[5.412249999643513,45.98018799560852],[5.372446000316586,45.973884995515085],[5.355834500105507,45.98292899604534],[5.33762099968163,45.98404649546175],[5.330929999856286,45.97621149579992],[5.327878499400491,45.955877495391775],[5.341283500294195,45.94838549537529],[5.372446499642514,45.9447564953141],[5.372321000623757,45.93782899571745],[5.386196000261152,45.93092649526828],[5.38282900060085,45.91791749596045],[5.366128499598489,45.9366904957893],[5.321869500397011,45.926077995690264],[5.315734499719357,45.91881299562486],[5.323253500118468,45.908845495763885],[5.297211000087761,45.90543699557973],[5.30436950020505,45.90070149558938],[5.30113649994793,45.88142999585769],[5.296504000620557,45.864850495768735],[5.28683100060894,45.86231449540119],[5.30249449964901,45.84812749540055],[5.329968500174111,45.86409999582757],[5.343897999730865,45.88195999579235]]],[[[5.4300880003584115,45.98276099567455],[5.444379500481906,46.01725799612736],[5.449948499824771,46.00837049601695],[5.480839499965662,46.01642099544443],[5.487957000314199,46.05246999531072],[5.507929499886956,46.05902349530626],[5.505969999433341,46.07096449577164],[5.491515000096949,46.08163399570313],[5.486511000539726,46.07339999544905],[5.477991499493213,46.07822899569688],[5.475059999754587,46.0970394954609],[5.482751999670355,46.11037649572065],[5.4734805000177715,46.115570995982715],[5.4631354995617025,46.10691449602523],[5.439652499364529,46.10828249594665],[5.434612999541213,46.11985549529215],[5.412771500351264,46.12400849596389],[5.400415499535053,46.16576249588932],[5.390184000168094,46.170495495496354],[5.365190999876238,46.17202299598274],[5.3616739998555545,46.15883649615152],[5.347066500064733,46.15121349528927],[5.290460500541707,46.15491199535542],[5.280901499407974,46.14702349594903],[5.284980500351614,46.12349499556693],[5.294950000577717,46.11103949574692],[5.288356500284537,46.084831996068644],[5.311999000136008,46.07466799542692],[5.334737499938599,46.089462496026535],[5.356912999861478,46.092652495330874],[5.372056999805433,46.118357495771036],[5.382252000440505,46.11196049595344],[5.387285000385338,46.123258996005816],[5.405926499795147,46.12203399560065],[5.397776500009432,46.09789999580952],[5.403021499464586,46.08987999588543],[5.3807639997245476,46.07477099599237],[5.378073999569655,46.04967799607174],[5.365852499488987,46.043794995372465],[5.350890500342258,46.045635995826046],[5.354228999701171,46.03465199559649],[5.334829500335356,46.038050495638146],[5.358376500467007,46.021981495546164],[5.425478000600996,45.997203496103104],[5.423982000297152,45.98783599604474],[5.4300880003584115,45.98276099567455]]],[[[5.344415000060145,46.17127249571333],[5.338386000355489,46.19479599620936],[5.294451499830764,46.19392749566767],[5.310636999774606,46.1685634957428],[5.338177999823782,46.16626049548],[5.344415000060145,46.17127249571333]]],[[[5.504069500371496,45.94099749586927],[5.466003999649578,45.95016549568776],[5.459752499727407,45.94466699540707],[5.4740949999732536,45.920136995206555],[5.490977499965305,45.914218495453405],[5.504069500371496,45.94099749586927]]],[[[5.462460000158336,46.206021995449866],[5.46615249962751,46.190117995803824],[5.45562049994444,46.17937949573624],[5.489451000509989,46.18947149620212],[5.489394499403667,46.200817996174685],[5.473091500151271,46.20145149578801],[5.457728000429557,46.216237495691615],[5.450403499992908,46.215178995608994],[5.451204000300826,46.20876349540499],[5.462460000158336,46.206021995449866]]],[[[5.724382000351599,46.02125899611132],[5.746370999563653,45.983089495825816],[5.771259500309184,45.98755649559266],[5.7812799995251,45.99589599591082],[5.81019349962067,45.993387495842356],[5.810813499528014,46.01029949588885],[5.787154000426346,46.02043599581727],[5.724382000351599,46.02125899611132]]]]}},{"type":"Feature","properties":{"id":"aloxe-corton","name":"Aloxe-Corton","region":"Burgundy","grapes":["Chardonnay","Pinotlanc","Pinot Gris","Pinotoir"],"original_region":"Burgundy","key_appellations":[],"desc":"Aloxe-Corton is an appellation in the Burgundy region. Main grapes: Chardonnay, Pinotlanc, Pinot Gris, Pinotoir."},"geometry":{"type":"Polygon","coordinates":[[[4.881345499593917,47.08420249587119],[4.868406500621916,47.08242599619278],[4.858135000232502,47.09376649643408],[4.8335184996256135,47.091558495633116],[4.834162999608951,47.07565899577291],[4.845986999992488,47.06932599590365],[4.8428229998825,47.06502949585011],[4.8532705002479215,47.06169599632062],[4.851125500699416,47.05809749562561],[4.870233499772995,47.062493496230665],[4.895614499947182,47.04091549608703],[4.962209999450458,47.048414496311075],[4.958360000442381,47.051832996119586],[4.964231999760022,47.06124549646191],[4.9413074996828765,47.06815199611121],[4.934924999514486,47.07633649575386],[4.9047985003391235,47.07603849578166],[4.893984499756907,47.093785496283274],[4.881951000586006,47.09018249616298],[4.881345499593917,47.08420249587119]]]}},{"type":"Feature","properties":{"id":"auxey-duresses","name":"Auxey-Duresses","region":"Burgundy","grapes":["Chardonnay","Pinotlanc","Pinot Gris","Pinotoir"],"original_region":"Burgundy","key_appellations":[],"desc":"Auxey-Duresses is an appellation in the Burgundy region. Main grapes: Chardonnay, Pinotlanc, Pinot Gris, Pinotoir."},"geometry":{"type":"Polygon","coordinates":[[[4.702304500556337,46.9699494960976],[4.731765500141437,46.96717799605323],[4.745169000429939,46.981703996197176],[4.763577999965601,46.98599649605337],[4.752714000574511,46.99450549645461],[4.749843500198915,47.011126496187615],[4.724717000633738,46.98757599577957],[4.697300000522358,46.98472299586654],[4.702304500556337,46.9699494960976]]]}},{"type":"Feature","properties":{"id":"beaune","name":"Beaune","region":"Burgundy","grapes":["Chardonnay","Pinotlanc","Pinot Gris","Pinotoir"],"original_region":"Burgundy","key_appellations":[],"desc":"Beaune is an appellation in the Burgundy region. Main grapes: Chardonnay, Pinotlanc, Pinot Gris, Pinotoir."},"geometry":{"type":"Polygon","coordinates":[[[4.852464999941894,46.99812449630816],[4.860949499664883,47.00509399569982],[4.891020499430236,46.99551899569164],[4.896395000510515,46.99926899645161],[4.892044499912044,47.01291249579412],[4.85870599960588,47.02039949616641],[4.879367500481366,47.03237399607965],[4.882842999462978,47.04092899597645],[4.850103499908882,47.040478995761475],[4.830205000332834,47.05144349615759],[4.787727999862579,47.05559649584624],[4.79468449968891,47.05076799568574],[4.786749499400699,47.04279249560251],[4.793845499579438,47.023784996059184],[4.824527999407457,47.00278349637496],[4.852464999941894,46.99812449630816]]]}},{"type":"Feature","properties":{"id":"bienvenues-batard-montrachet","name":"Bienvenues-Bâtard-Montrachet","region":"Burgundy","grapes":["Chardonnay"],"original_region":"Burgundy","key_appellations":[],"desc":"Bienvenues-Bâtard-Montrachet is an appellation in the Burgundy region. Main grapes: Chardonnay."},"geometry":{"type":"Polygon","coordinates":[[[4.74971050045639,46.937821495894546],[4.786292500079624,46.934616495935174],[4.788899999538225,46.94618699628488],[4.734613500343612,46.96027849612416],[4.733570499669076,46.94572049590509],[4.74971050045639,46.937821495894546]]]}},{"type":"Feature","properties":{"id":"blagny","name":"Blagny","region":"Burgundy","grapes":["Chardonnay","Pinotlanc","Pinot Gris","Pinotoir"],"original_region":"Burgundy","key_appellations":[],"desc":"Blagny is an appellation in the Burgundy region. Main grapes: Chardonnay, Pinotlanc, Pinot Gris, Pinotoir."},"geometry":{"type":"Polygon","coordinates":[[[4.748614999376493,46.9382309962486],[4.78910899975124,46.93586049604793],[4.788899999538225,46.94618699628488],[4.778315499498292,46.95139249553828],[4.787083500589764,46.960654996274016],[4.818087499983651,46.951618495603824],[4.799666000456472,46.96700149576991],[4.805971000024755,46.979736995842096],[4.77536049966449,46.99204649633635],[4.750900999859317,46.97901799564515],[4.745169000429939,46.981703996197176],[4.731765500141437,46.96717799605323],[4.731850499451145,46.95579099637996],[4.733570499669076,46.94572049590509],[4.748614999376493,46.9382309962486]]]}},{"type":"Feature","properties":{"id":"bonnes-mares","name":"Bonnes-Mares","region":"Burgundy","grapes":["Chardonnay","Pinotlanc","Pinot Gris","Pinotoir"],"original_region":"Burgundy","key_appellations":[],"desc":"Bonnes-Mares is an appellation in the Burgundy region. Main grapes: Chardonnay, Pinotlanc, Pinot Gris, Pinotoir."},"geometry":{"type":"Polygon","coordinates":[[[4.948149499636552,47.17362149562432],[4.984039999634266,47.19206449642915],[5.005367499733663,47.19211199589688],[4.991058500250252,47.20180349617862],[4.943278999983042,47.211893996146394],[4.921524000081196,47.199017995680066],[4.921166999808216,47.1793144963678],[4.948149499636552,47.17362149562432]]]}},{"type":"Feature","properties":{"id":"bourgogne-passe-tout-grains","name":"Bourgogne Passe-tout-grains","region":"Burgundy","grapes":["Chardonnay","Gamay","Pinotlanc","Pinot Gris","Pinotoir"],"original_region":"Burgundy","key_appellations":[],"desc":"Bourgogne Passe-tout-grains is an appellation in the Burgundy region. Main grapes: Chardonnay, Gamay, Pinotlanc, Pinot Gris, Pinotoir."},"geometry":{"type":"MultiPolygon","coordinates":[[[[4.6104095003358125,45.82452299590658],[4.62210549983148,45.839543495701754],[4.658711499754652,45.85772549536369],[4.670378500559755,45.855712996070686],[4.6754150001284485,45.84311299571672],[4.684302000161792,45.83860799551623],[4.699197500195927,45.84157899562353],[4.698283500030036,45.862797995822135],[4.705542499825684,45.86232999533954],[4.731363999960816,45.881927495498836],[4.726960000323165,45.907465995865856],[4.733842500520533,45.91551049558125],[4.723221000164325,45.93506849581772],[4.731369000277907,45.941320495400376],[4.729097000017663,45.9490959959324],[4.750161999622716,45.96448849609282],[4.7414340004588365,45.968545995856175],[4.745083999801439,45.975218995379294],[4.7356230002935895,45.97879599589238],[4.697433999595807,45.9809069959642],[4.709570000626286,45.98537749557226],[4.70584099966329,46.00066799558935],[4.748986499395715,46.00375899551272],[4.739524999379715,46.047211495794585],[4.761378999661914,46.06488149529975],[4.746806000151687,46.08778649591728],[4.767106999382684,46.106523995977334],[4.7471094993620095,46.115233995819274],[4.75225049979745,46.12466499570667],[4.741884999916542,46.141084995966764],[4.754758000389205,46.14184899543193],[4.742790499999239,46.142059496022334],[4.750058000100087,46.167670995304405],[4.78020850044108,46.17667599608299],[4.780243000047657,46.189052496180636],[4.793199499449725,46.201913495728284],[4.795511000030667,46.22013649595712],[4.811555499594908,46.249932496049716],[4.7926224999429,46.2611104954645],[4.797613499863185,46.27295699557211],[4.78804200000617,46.277003495457016],[4.814721000102894,46.28172699571442],[4.826488500036501,46.276321995488644],[4.832920500523112,46.299430996029976],[4.851423999613206,46.32607249554044],[4.820062000014663,46.33182249585931],[4.81020499975372,46.338275495830665],[4.812498000581219,46.34727099580772],[4.820912999560844,46.3436664953329],[4.822843000029064,46.34893549605869],[4.851054500430726,46.35234049600115],[4.888210000250845,46.4029769959403],[4.892884500468966,46.442571996104235],[4.91445250017666,46.46215799559718],[4.915550999594914,46.48893949609745],[4.938796500303872,46.522995495688654],[4.986152499897788,46.528738496208625],[4.979023500627908,46.548309496134074],[4.9459644999582,46.57166549632513],[4.93871100009611,46.595956496021216],[4.9246054996151996,46.591996996315316],[4.946120999488187,46.62099199598236],[4.925947000095469,46.624074495579954],[4.93121499935436,46.64117999603976],[4.915363499356615,46.6500009961922],[4.928484999576391,46.6483084959839],[4.919922999696794,46.662004495884254],[4.879928499779571,46.662272995636755],[4.862491499716408,46.65284899612679],[4.846123999976385,46.660725496098514],[4.835251499631796,46.67865199624201],[4.816093999698461,46.66629649615508],[4.810449000082286,46.64678699608021],[4.798827999661891,46.63579949574295],[4.802335000160234,46.632179995983364],[4.796092999671338,46.63287649621908],[4.775357000634649,46.61347399579446],[4.768323499384043,46.59355149629312],[4.751594500011888,46.59759749570486],[4.751894999961562,46.60726749611031],[4.728118500479978,46.61315349575663],[4.720703000599897,46.606303995534674],[4.708705999613058,46.60970399612612],[4.734047000182911,46.62452099553563],[4.723697000048672,46.63274849579249],[4.731141000497224,46.64390149562693],[4.722153499909967,46.6466414957937],[4.734423500553046,46.66567649587587],[4.759264999934891,46.6785789958229],[4.778252999328803,46.677678996325184],[4.737346999444552,46.69210249591721],[4.743197999787331,46.70398599578047],[4.765253500412363,46.71436499615252],[4.742183499516352,46.72088399633852],[4.743595999679161,46.733499995489026],[4.720878500582138,46.74671249567366],[4.73738650059008,46.76007799596456],[4.74213399972876,46.752117496067235],[4.776417000029491,46.742603996066144],[4.803172499784042,46.749511995872915],[4.809229499340602,46.75739199599303],[4.786265500131494,46.760766495798414],[4.780968999504296,46.771050995515445],[4.789447000027994,46.77401849602293],[4.784818499764789,46.78518949566212],[4.7999004995438606,46.79836749548865],[4.790471500160651,46.80145099565074],[4.791548000187591,46.81789899605233],[4.804739999477551,46.81914549560877],[4.796330999933618,46.82360199639075],[4.794848999784495,46.84429099575152],[4.825580999638252,46.85217749579404],[4.82003799939521,46.87461799628948],[4.824611499589026,46.879516995578385],[4.814666000432691,46.88589699638129],[4.822190500580402,46.89147749618102],[4.815770500578741,46.9070249963896],[4.79416650056325,46.90127999611246],[4.772965000309662,46.90434249641029],[4.770881000592095,46.91779799616657],[4.779337499752699,46.918877996070556],[4.77936499986743,46.92382799584074],[4.767597000300572,46.929433496357866],[4.777642000094016,46.93799549625976],[4.78910899975124,46.93586049604793],[4.788899999538225,46.94618699628488],[4.780651999986503,46.946392495803046],[4.778960999701828,46.95403349632506],[4.791711499760025,46.96123199594253],[4.818087499983651,46.951618495603824],[4.799666000456472,46.96700149576991],[4.805971000024755,46.979736995842096],[4.8285620000490175,46.96777349635157],[4.855845500053862,46.966367496162476],[4.831535500389422,46.99786099601414],[4.834111500047919,47.002350496355874],[4.852464999941894,46.99812449630816],[4.860949499664883,47.00509399569982],[4.8937290002796,46.99577349641624],[4.8966489995570175,47.010251995855874],[4.85870599960588,47.02039949616641],[4.879367500481366,47.03237399607965],[4.882842999462978,47.04092899597645],[4.962209999450458,47.048414496311075],[4.962716999832357,47.06213999607281],[4.97524600009941,47.06715349599435],[4.976354499458486,47.074958996441666],[4.966543500112535,47.08044899588009],[4.968234000065679,47.093416496427466],[4.954796000557159,47.10704449628703],[4.9591775005106955,47.11306549628096],[4.951764499732046,47.11516949631123],[4.979375000113964,47.136793996290315],[5.012640499714936,47.1222764960484],[5.029798000478077,47.12520699614601],[5.010168500606572,47.15604299580275],[5.010473499418987,47.16877149563888],[5.026325000426309,47.16903299590578],[5.019298500124005,47.172347495780635],[5.022622500404175,47.19126199648936],[5.005367499733663,47.19211199589688],[4.995410499991882,47.200352996402614],[5.011281000460018,47.2179884957458],[5.026765499504223,47.21461249643764],[5.02464099938904,47.202555996031265],[5.029620500046026,47.20176449619953],[5.049811000070797,47.21708799640878],[5.028761499602484,47.22541199571106],[5.030446499762998,47.235273495905155],[5.021955499618712,47.23592199595702],[5.026764500642493,47.241597996036255],[4.9990120006202865,47.26084549594919],[5.00025250008645,47.268511996190995],[5.019728500185848,47.27346699637562],[5.035770999566463,47.2648514959952],[5.0269539994009635,47.27882849612062],[5.028708000018797,47.29660899627622],[5.045925500425104,47.29566649572954],[5.049774499834922,47.3038689964443],[5.089577000589462,47.28648899610893],[5.101250000235421,47.30502249651809],[5.085365000517548,47.30877599608511],[5.086947500397198,47.32066349584923],[5.072875999991559,47.320728496404186],[5.069783500011083,47.32885799657069],[5.075750499447365,47.33033649602666],[5.068655000346607,47.34432049596673],[5.082465000270349,47.35020349601042],[5.055119499659315,47.36196499637911],[5.051206000614135,47.37749349645537],[5.036387999656844,47.369147996218786],[5.039491499697708,47.335870496401775],[5.027599499671726,47.33337349589859],[5.010756999996478,47.34504349641976],[5.016343499717835,47.36138549644302],[4.98793750023756,47.36019449573807],[4.952250500338883,47.37257299645428],[4.939369499799194,47.38508749583159],[4.92898449962307,47.3627009957844],[4.933516499415542,47.35238449570197],[4.922773500359967,47.34933999659026],[4.906446000271056,47.3554189960453],[4.910836999488194,47.348975995975614],[4.900113000016907,47.340754995868465],[4.911533499946606,47.338700995685784],[4.908735000218761,47.345197995849254],[4.922264000686908,47.34566099587628],[4.9275805002517545,47.34059249615457],[4.9182029994059135,47.33697699625665],[4.922513499578265,47.33166049602501],[4.928571999990462,47.33512499633182],[4.929549000101322,47.32659849590188],[4.934946499552041,47.32605099648367],[4.911686000181898,47.30616149619349],[4.91231349953141,47.2944474959709],[4.934748999332503,47.28791499632038],[4.936279500569175,47.27177049599162],[4.928963500615081,47.265409496180716],[4.907184000013784,47.26756149628731],[4.900019500169575,47.26290549611714],[4.91556900064178,47.25085849582816],[4.93016850023545,47.22220099638099],[4.922745999801866,47.213390996113375],[4.93157800027334,47.208917995679066],[4.920950000164374,47.18984999633739],[4.910397500277889,47.1963679958665],[4.897997999739389,47.19445749593536],[4.890048000495775,47.207729496277366],[4.884192499796666,47.206823496072275],[4.8811674994056755,47.19456099589551],[4.867885999996579,47.191522995855514],[4.867809499389107,47.18292849583703],[4.81517450028799,47.190867996098085],[4.802571999846296,47.163777495679405],[4.810727500524669,47.15748249601448],[4.801958999350104,47.14471049624313],[4.79035649988314,47.14338299595856],[4.796316500599552,47.13961099569035],[4.794549000410988,47.117606995697415],[4.79042499989921,47.11090299593788],[4.769822499925684,47.109483496326405],[4.766110000633437,47.09469299603238],[4.754997000585774,47.09057999634998],[4.761564999859624,47.08720249592033],[4.754348499403068,47.082043996384854],[4.757886000091824,47.0728344963519],[4.7392400003417725,47.06975999584774],[4.708726999643749,47.08128399597176],[4.714442499835255,47.048821495853936],[4.69406250034509,47.05489999573699],[4.682579500162175,47.03618999632089],[4.66999549958994,47.035905995581864],[4.655075499797474,46.99827349581294],[4.632313000185466,46.993555495820196],[4.621635499431881,46.97599349631296],[4.609010499996262,46.9728239960987],[4.598851500559795,46.979818996020185],[4.573663999529641,46.973382496023675],[4.593787499335678,46.96703599612679],[4.589556499358458,46.955702496081706],[4.595809500070605,46.95216099593935],[4.586623499477394,46.95472549632109],[4.58428050045957,46.944240996053615],[4.609573500179921,46.93015299599076],[4.60566400005246,46.92050499643169],[4.588549999797571,46.91594249631239],[4.586722500561643,46.902072996004726],[4.558472499802731,46.8984394958266],[4.5346824996415585,46.905872495594636],[4.53447950051136,46.89606649592858],[4.520798999594365,46.89001449613606],[4.533998499998501,46.882665495677315],[4.532081500298611,46.87266799573512],[4.523288999909991,46.87589599619932],[4.5200359999279325,46.86686799616984],[4.508253000340062,46.86592149611087],[4.483782499581806,46.872547995796495],[4.470469000455614,46.869421496406005],[4.480556999352729,46.85811699591688],[4.474539500538183,46.856250496424806],[4.478575500409059,46.85050549632652],[4.471599000206561,46.83997149557107],[4.482414499467787,46.82995899573044],[4.50183499952278,46.83355349622781],[4.504785000398036,46.81800299600502],[4.491784999767395,46.81343649566667],[4.512012000011146,46.81599099552076],[4.512939000055547,46.82434399583471],[4.5454805005287175,46.837759995816214],[4.5493115000047135,46.833635996271965],[4.564843499448939,46.8381954958418],[4.588395500144884,46.827429495984745],[4.592310000662535,46.83324799590944],[4.616539999966994,46.83402799575918],[4.614522499724977,46.83906349591312],[4.624251500281662,46.83495399605646],[4.630395499624468,46.819080996161325],[4.652480000229758,46.81278599585938],[4.647040500025682,46.805155495619104],[4.660176500298734,46.790578995852364],[4.648532499552265,46.78004749636494],[4.62678400000866,46.78031699630227],[4.6446235000136875,46.77469249577612],[4.655122000629574,46.778171495590655],[4.6643935006433095,46.76805899581637],[4.647682499909043,46.74209499599201],[4.622068000480022,46.73059799612776],[4.632820000500182,46.72664299631477],[4.628739500318973,46.7199304962996],[4.612489500530945,46.719399495840236],[4.61615100012482,46.69916599556075],[4.628509999696386,46.69446349603863],[4.615834999783889,46.68544699556778],[4.617877499753604,46.68117549602022],[4.608097999466078,46.67718549630901],[4.586583999827788,46.68341649627429],[4.5794159993855645,46.66663699591336],[4.535182500138301,46.66556149550759],[4.534703499964387,46.658839995785215],[4.559818000164813,46.649469495575765],[4.5576525004322255,46.63970149615101],[4.578311000374573,46.63682249560605],[4.573137500037751,46.623873496325295],[4.577345999711664,46.62140549558528],[4.561969000168622,46.616909496083075],[4.5633799997715885,46.61056349610973],[4.581605499851906,46.601250495802184],[4.611062000402043,46.59898399554288],[4.58007350065139,46.5690144956227],[4.555489499837843,46.567785995991535],[4.549079999816326,46.54981999614173],[4.5596145004141455,46.54425949559386],[4.592876000262476,46.54423549554009],[4.587818000538244,46.53025899615736],[4.5759514999202064,46.52607399610875],[4.583718000320775,46.51840599631252],[4.576748999858486,46.51224249552881],[4.583132000388623,46.5121164957611],[4.57580650035525,46.508345995886415],[4.568161000328698,46.48725499627699],[4.575992000098288,46.46703049593602],[4.5598959998492745,46.46857199550275],[4.541728000196013,46.457258995617316],[4.548301000289067,46.43796049598969],[4.5657510003544175,46.43228249602793],[4.557691999886574,46.4288219954689],[4.565449500193595,46.41804949560419],[4.560163000083136,46.41126799545332],[4.574021999791761,46.41131099567689],[4.575281500392589,46.40467849562735],[4.5834159995769825,46.40270599564602],[4.610511499927063,46.407931496245276],[4.636026000389104,46.39436699565361],[4.656114999419541,46.405686495466334],[4.658227500486722,46.41965149625411],[4.634136999750678,46.428157995738395],[4.6370669998190115,46.43435349584163],[4.620253500565221,46.435412995518654],[4.613435999667758,46.44049999614863],[4.617253499774871,46.446138996140434],[4.667879500155548,46.45312349566284],[4.671661999746339,46.44808499568219],[4.686810499381116,46.45769799607768],[4.68683300004676,46.4497314955865],[4.698781999957723,46.44501499581779],[4.720534000270015,46.46296749596022],[4.741796000456257,46.46071999609785],[4.726831000122922,46.441773495729414],[4.732131499683798,46.434102995814605],[4.72095949946104,46.441490995709884],[4.695412000325394,46.40299749560093],[4.683067500113858,46.40978649598408],[4.653441000323251,46.39906849611249],[4.663019500050166,46.37460049625463],[4.656782499941702,46.35794199620072],[4.660765500123494,46.34936999545637],[4.650348499666727,46.3463509958242],[4.641074000196008,46.31891699566226],[4.631369000505021,46.30863949560734],[4.63441900009197,46.302411496239316],[4.652733999771326,46.30401999589257],[4.6640364995092005,46.29501249591528],[4.67793049954992,46.30013899579296],[4.679194500023403,46.30626649584778],[4.693439999568962,46.302325996147204],[4.694720000361584,46.29204549601531],[4.710392000489875,46.27856899576104],[4.707687500127909,46.26964799538191],[4.676820000496439,46.26780199620141],[4.673785500460099,46.25588299585755],[4.660432999597931,46.2607474960452],[4.655629499358435,46.254589995738506],[4.622851500217454,46.24648049599021],[4.622714500514835,46.23392749561494],[4.60896499957163,46.2245734960701],[4.608330499851577,46.21090499583289],[4.626629500478583,46.1943354956164],[4.618511000293259,46.19238449589023],[4.6221775003867736,46.1886194954548],[4.614359000092132,46.1813964957116],[4.5859750001566715,46.1818674953142],[4.563342000395528,46.207703995496814],[4.553184499374853,46.21136799580247],[4.505454500283103,46.19946749574626],[4.486348000048663,46.20469249536864],[4.480046999534599,46.19774599565686],[4.510845500475616,46.170912996104285],[4.501749000489161,46.15179099611512],[4.507076999694505,46.14898899544041],[4.499048000435119,46.144102995847376],[4.530100500530857,46.120913996086585],[4.532162499465207,46.10939849608521],[4.552075999659446,46.08668849591957],[4.535248499465623,46.05583049550861],[4.536174000669862,46.0450564953821],[4.522150000609968,46.03857899602802],[4.5266830004662,46.03561099536331],[4.496850499534985,46.03108999549503],[4.474777000034437,46.021845995695486],[4.467418999504104,46.01203999589697],[4.451893000522694,46.01976149599382],[4.431040499985991,46.02005599553067],[4.418437000326079,46.002874495722466],[4.418850999953348,45.989996496002874],[4.44695049947949,45.978673995219026],[4.459048499734006,45.98272199545201],[4.457530499379525,45.976855995528325],[4.468639499492788,45.97705099536487],[4.483172499585158,45.960799495493845],[4.478844000223409,45.940231995578365],[4.470348500362592,45.94632849543951],[4.458317500036736,45.94380999601503],[4.4358685004759115,45.93536549524996],[4.4385054999302405,45.92843149567545],[4.423872499428653,45.92519399527207],[4.425683999750418,45.91521549534137],[4.45124100010322,45.90582799576232],[4.452065000545972,45.89042199538879],[4.4985045001081785,45.8636194958745],[4.495774499625611,45.854806995534695],[4.5047775003384025,45.84302299567106],[4.549008500168186,45.831721496009145],[4.5625849999530015,45.84644599579938],[4.590362000071443,45.84332049523084],[4.603881499764395,45.83701799544083],[4.59618850029793,45.82839749549767],[4.6104095003358125,45.82452299590658]],[[4.668020999588052,46.545962995990045],[4.697041499840469,46.55333049565211],[4.700718500158727,46.54339849604373],[4.717639999816168,46.54255149575473],[4.713225999992684,46.53260749618496],[4.719197000154147,46.52456149624839],[4.701372500590387,46.51651799545024],[4.685676000203334,46.52179299623739],[4.684073500196534,46.53555249578891],[4.67112399948542,46.537708495437414],[4.668020999588052,46.545962995990045]],[[4.620617999462191,46.50565349557817],[4.6540240002544815,46.505339995736904],[4.660223000234543,46.51160449588492],[4.653979999895424,46.51501749587661],[4.6623425002524055,46.518491495916386],[4.6920264995974845,46.51594699607743],[4.683137499457668,46.5109089962025],[4.680724500432513,46.49277749603614],[4.686615999844304,46.488875496037316],[4.677378499459256,46.47713999609315],[4.645152500120569,46.4852694962782],[4.626793000597312,46.467573496087375],[4.620617999462191,46.50565349557817]]],[[[3.70876350034578,47.42768949584566],[3.734718999469775,47.42661449609996],[3.733339500086003,47.434682995723904],[3.743682000464621,47.44224949636473],[3.778216500125206,47.449246996139976],[3.793079500446,47.444698995749846],[3.8330719995666396,47.457924495933916],[3.828597499909422,47.462823996118544],[3.8173720000956797,47.45748049609771],[3.8182535002277143,47.47487749584919],[3.7897385001019903,47.48999149653016],[3.812497499962066,47.50900149606989],[3.820558500281605,47.52189799629077],[3.8163575002951426,47.52608999660213],[3.786766500441877,47.52952249663555],[3.7628110001248647,47.50548449616593],[3.749578500306765,47.509649995770665],[3.720656500018041,47.500327996439296],[3.696289999412934,47.47407699588085],[3.679354499439602,47.47332999632194],[3.6829259994473715,47.451877996161336],[3.676969499795741,47.452396996049934],[3.673976500631832,47.433494495925174],[3.6955654995979415,47.43783099629623],[3.70876350034578,47.42768949584566]]],[[[3.579993999694853,47.63046849611467],[3.595619000542958,47.64122899591302],[3.5911229996186433,47.6481144959953],[3.6129674997265004,47.65970499646292],[3.6093939996473305,47.668919996267086],[3.621394500202205,47.677783495876774],[3.6087265004208007,47.69110049594646],[3.611502500211269,47.70127949645759],[3.6329535006263427,47.717503995977204],[3.6411510000328375,47.69856749613709],[3.6608110001012797,47.698795496153835],[3.658282000245799,47.690862496020145],[3.6868029996974325,47.68082099643069],[3.6798709999197765,47.6700619960697],[3.6876515005968185,47.66443899602956],[3.686188000591073,47.65662999595151],[3.71177100036393,47.63172799660761],[3.729151500561882,47.64236049609978],[3.744916500293673,47.642080996455405],[3.7384754999960794,47.64769099603171],[3.7741459994816466,47.65728599596761],[3.7776230005335845,47.64554849620772],[3.796511000254627,47.637801496097396],[3.836021999783452,47.63711849609733],[3.8676640004645018,47.6474114961035],[3.8391929993000145,47.657453496615815],[3.8444180001964914,47.6702949961183],[3.8356435003950367,47.67553549598028],[3.8405684996121803,47.684872496370026],[3.8362579998254582,47.69023549593565],[3.7965649995861845,47.70994549639367],[3.814481500425971,47.71678099659507],[3.839120999626453,47.739584496367016],[3.8622774993410625,47.73100749650947],[3.8880555006095183,47.74824999661892],[3.901423000598043,47.744970996545746],[3.908101999405007,47.756530995930035],[3.937050500339271,47.77201399653395],[3.92497299999309,47.776451996669294],[3.9228265002625147,47.78943499611771],[3.937441499896034,47.791573496228786],[3.944388999893517,47.80717549626158],[3.9809879995815916,47.798973995984156],[4.014890999748928,47.80712699594059],[4.010029499671677,47.818081996676995],[4.027104499567924,47.82161399664009],[4.042245500496991,47.83349199600518],[4.030621000144762,47.841757495883144],[4.03972349999692,47.852644495946635],[4.0254300000708465,47.863331496375544],[4.038072500181722,47.86157449666326],[4.062602000410194,47.8964309959524],[4.079313500378564,47.90225499642024],[4.069705000260433,47.90500699604161],[4.054306000151164,47.89839749608455],[4.059837000401643,47.90596199651693],[4.051626499410725,47.89825699665636],[4.036048500332819,47.90050849649552],[4.043448500116073,47.92459749643553],[4.016360000147638,47.9291719963745],[4.005535000481207,47.942370496510215],[3.985618499635188,47.930509496379756],[3.9264505003586185,47.934566996065904],[3.918490000574243,47.92801899665235],[3.934573000235205,47.91547699633324],[3.9162060000656043,47.889641496568174],[3.8915739996266616,47.90931049625443],[3.8981634994639798,47.9262679967039],[3.8912080000957885,47.93094799603921],[3.884337500415851,47.922583996764416],[3.8735409994237946,47.92403099634145],[3.8649299995670727,47.913169995951236],[3.8399524997644723,47.905263996342676],[3.8412050004107834,47.8716964967034],[3.832785000393442,47.86946599605084],[3.8171760000595563,47.884911496394125],[3.7987569996199615,47.890989996707546],[3.8022310004768762,47.89328499655593],[3.774219500507194,47.89597149654611],[3.7645009998583845,47.92683849641307],[3.7778405001910946,47.95277249651617],[3.7382055005662744,47.96521599595465],[3.7344149993690885,47.958651496161494],[3.7209984998265755,47.957640995997956],[3.7261920000989446,47.93878149611176],[3.7376744999218765,47.93513699616953],[3.7270369999358937,47.92001749592085],[3.744269499696771,47.903846495936406],[3.741504999412937,47.895469496168154],[3.737270499418866,47.89718499629466],[3.7375309999984916,47.88683749624246],[3.7113500004088866,47.89047649656876],[3.7037979994232715,47.877703496171684],[3.714085000185459,47.86202149654688],[3.706914499557681,47.84578049619561],[3.6589129998095182,47.84179149624684],[3.6438800004111815,47.83629449668817],[3.64751350064881,47.82928299645303],[3.637519499527881,47.83024849586076],[3.6262349998347627,47.85232149609065],[3.5933070000656624,47.832523996092355],[3.5993180004408836,47.830852496295414],[3.559556499927343,47.82645999606871],[3.5604569997403934,47.81628699585286],[3.537682499531213,47.795430996665246],[3.5315930004354636,47.779932996275534],[3.5027019994674937,47.773883996664075],[3.447145500327496,47.77469649627637],[3.45849050047642,47.76230999609356],[3.4554130002832033,47.752400995879164],[3.464401999614629,47.74858049633298],[3.4607295000997373,47.74519849617656],[3.481008999354447,47.74252749616897],[3.4848764998953783,47.727198496133575],[3.479615999635272,47.72432649603026],[3.493055000128277,47.71708799659338],[3.5230954996526314,47.74318549613491],[3.514172999361563,47.746693996437386],[3.5266360004963246,47.76424199585397],[3.5503079998639677,47.76098499623862],[3.562593999985086,47.752895996337585],[3.57030549992202,47.760460496120835],[3.5705794993447575,47.74071349649974],[3.5620104995236326,47.73630699620021],[3.5547745004026754,47.71155599665249],[3.5581114998184384,47.69155299599321],[3.5429434996824503,47.689506996668214],[3.524615499754269,47.69792549645944],[3.500849000209961,47.68962049627582],[3.5048084997713307,47.6697919965458],[3.511828499572802,47.665088495837566],[3.4986299994203907,47.636976496475626],[3.5089589997996304,47.631610496056645],[3.5368780001493847,47.633394496443344],[3.5423274993489944,47.627266496422926],[3.5648940001972518,47.63350749633013],[3.579993999694853,47.63046849611467]],[[3.8643550002562486,47.88174049587217],[3.9029104999829554,47.88779599606339],[3.9181760002034753,47.879540496013504],[3.9119004995771474,47.8529094961184],[3.9214829995245246,47.849361996636105],[3.8938669995492425,47.84482699602838],[3.87066250031934,47.8594849961716],[3.8520190002768935,47.854871496339605],[3.8519095003547155,47.86971399594265],[3.8643550002562486,47.88174049587217]],[[3.607207999997864,47.73334849618955],[3.587024999599126,47.745395496588564],[3.6010410002734483,47.76548349656735],[3.6232220003679956,47.75867349600483],[3.602689999719871,47.74792549663428],[3.607207999997864,47.73334849618955]]],[[[3.300055999671177,47.926070995884544],[3.289825999693812,47.91531799651211],[3.2628050005211158,47.907889996242254],[3.2753189997255,47.89322049602311],[3.2934555002077577,47.88673299667841],[3.2752335003148136,47.88089899624584],[3.2744270005520164,47.86930399603486],[3.293280000269463,47.85858249591459],[3.369385500373319,47.858428996395524],[3.381252999772011,47.897671995864],[3.287767500662721,47.89761699636871],[3.2884125003786373,47.907413996740836],[3.333060499692207,47.90942549669547],[3.3437564999690053,47.92313949602769],[3.33895849982968,47.92772249618876],[3.3557495004038635,47.92482749604173],[3.3699455000283485,47.94179749595957],[3.3430694994943844,47.94675399619527],[3.300055999671177,47.926070995884544]]],[[[3.375769499413592,47.99970949648256],[3.3760714994775065,47.98779099657375],[3.356771999427734,47.973570996578026],[3.3921639995044583,47.95850749673157],[3.437656999507783,47.96982499672006],[3.439111999864525,47.98172749608836],[3.432902999594901,47.982685496228775],[3.422034499425803,48.00135799611975],[3.4536390004298707,48.02570299624177],[3.4608345001901344,48.042496996221395],[3.4528985002452814,48.04455149676503],[3.45903299975064,48.049214496693224],[3.4449660004592917,48.05636299598262],[3.4397745000284194,48.05062699641424],[3.396198999437843,48.059421496752755],[3.4057690003737746,48.05173549597207],[3.3988600002774096,48.04505399672232],[3.3917865006281067,48.05015399657224],[3.3924089994032642,48.03436499620523],[3.3723304993120773,48.02586549667726],[3.3700415001612165,48.01851149649079],[3.387605499435355,48.01196949634077],[3.386801499823696,48.00527649676367],[3.375769499413592,47.99970949648256]]],[[[4.38016599981379,47.865489996430234],[4.401423999956878,47.834707996528486],[4.412011999609717,47.844055996714324],[4.408567499703642,47.85162999601989],[4.442790999322561,47.863156996520544],[4.446297500319668,47.84420649651706],[4.468768499503453,47.844697496621016],[4.475404499696488,47.85181899623529],[4.4659804999667445,47.86157149667851],[4.46762599939467,47.868593495904285],[4.510138500517823,47.88388049627844],[4.509647500644825,47.89630499649607],[4.523244500534713,47.89839049648698],[4.522706500133823,47.90478749630978],[4.553641500054147,47.876764996204415],[4.581834000010355,47.89035149638776],[4.608383000172148,47.88403549672686],[4.614417500274353,47.89835799638058],[4.640952999536776,47.91169299670133],[4.653033499982006,47.90182799612722],[4.66121099952767,47.877867996448934],[4.686087999989778,47.88240899644745],[4.7200125000585516,47.87542399647624],[4.7314074994040904,47.887831996254654],[4.729371000358012,47.8945314963529],[4.72292149988231,47.890974496407104],[4.7256220002735745,47.917773496731385],[4.713474999784416,47.923331496441016],[4.713709000617666,47.93596799674738],[4.727427500246135,47.94769999640973],[4.721190999628389,47.95192049636585],[4.73532449998895,47.95792899609061],[4.7073159996761325,47.959085496150095],[4.7023820000165415,47.95212249613061],[4.683470500269038,47.96653849657377],[4.653438499668453,47.96902599656124],[4.637499499624381,47.97833699623648],[4.621323500076782,47.96371999635445],[4.605913999949571,47.96514399590989],[4.599363500481598,47.9467384964322],[4.600188500344041,47.95346999597874],[4.593271499363699,47.94829549649548],[4.578442999458382,47.95703699670575],[4.580145000091507,47.96397649613009],[4.559963500205869,47.971423996577144],[4.4932745000388685,47.96880399593569],[4.446957000051453,47.956199496646796],[4.4179099999291065,47.96845899670968],[4.343219999830949,47.955865496075106],[4.309000999962822,47.961170496024074],[4.3056589998173305,47.954164996385856],[4.339622000282981,47.943962996547164],[4.354143999837003,47.93332299616059],[4.341904500281651,47.92827099620376],[4.348525500388798,47.92289449613272],[4.359444500614949,47.92666449667705],[4.36450999971191,47.92090899659814],[4.352356500491569,47.91806049604318],[4.361890499499642,47.910970996342755],[4.353048500420689,47.90113599618234],[4.358114000383479,47.89367149663793],[4.349936500125634,47.8773944959614],[4.336586499997818,47.87798399611838],[4.340317500454637,47.86878899593152],[4.330542999697679,47.8666624962059],[4.33597350005277,47.86706449631908],[4.337423999932633,47.85242049634178],[4.353684000594398,47.86693999596224],[4.367233499441398,47.8594629960851],[4.38016599981379,47.865489996430234]]],[[[4.805356499674982,47.30155299618476],[4.821929499599655,47.310871995695834],[4.832085500345659,47.30732399652593],[4.828640500260426,47.3128879965226],[4.840048999481785,47.3247914961405],[4.8372310004609185,47.33668699637939],[4.82345349937413,47.347873496178686],[4.82559050034581,47.35678249582769],[4.812547999711266,47.36543199580432],[4.806594999610618,47.33266549581495],[4.787490499689403,47.34211049571913],[4.767644000039835,47.34237299579259],[4.774266499558689,47.3312394958322],[4.767712999591123,47.325207495767785],[4.79202499988198,47.30656149625835],[4.789221499557527,47.30200099573539],[4.808906000340277,47.29800449615088],[4.805356499674982,47.30155299618476]]]]}},{"type":"Feature","properties":{"id":"bourgogne-aligote","name":"Bourgogne aligoté","region":"Burgundy","grapes":["Aligoté"],"original_region":"Burgundy","key_appellations":[],"desc":"Bourgogne aligoté is an appellation in the Burgundy region. Main grapes: Aligoté."},"geometry":{"type":"MultiPolygon","coordinates":[[[[4.676176000422531,46.30403299602908],[4.693439999568962,46.302325996147204],[4.694720000361584,46.29204549601531],[4.707478999682863,46.284705995876465],[4.707687500127909,46.26964799538191],[4.700693500061126,46.26747549542606],[4.717348500219111,46.256551495646804],[4.710603000255075,46.256602496116535],[4.709625000671887,46.24901749545406],[4.74779800043473,46.25127199580381],[4.760279500182409,46.24587449568201],[4.7559735001982215,46.232149495909475],[4.760001000621895,46.22936349547597],[4.79784999954702,46.22454199613009],[4.807750500002811,46.23697249531612],[4.810818500079787,46.25454899600968],[4.797804500242695,46.255146996016755],[4.7926224999429,46.2611104954645],[4.797613499863185,46.27295699557211],[4.78804200000617,46.277003495457016],[4.814721000102894,46.28172699571442],[4.826488500036501,46.276321995488644],[4.832920500523112,46.299430996029976],[4.851423999613206,46.32607249554044],[4.820062000014663,46.33182249585931],[4.81020499975372,46.338275495830665],[4.812498000581219,46.34727099580772],[4.820912999560844,46.3436664953329],[4.822843000029064,46.34893549605869],[4.851054500430726,46.35234049600115],[4.888210000250845,46.4029769959403],[4.892884500468966,46.442571996104235],[4.91445250017666,46.46215799559718],[4.915550999594914,46.48893949609745],[4.938796500303872,46.522995495688654],[4.986152499897788,46.528738496208625],[4.979023500627908,46.548309496134074],[4.9459644999582,46.57166549632513],[4.93871100009611,46.595956496021216],[4.9246054996151996,46.591996996315316],[4.946120999488187,46.62099199598236],[4.925947000095469,46.624074495579954],[4.93121499935436,46.64117999603976],[4.915363499356615,46.6500009961922],[4.928484999576391,46.6483084959839],[4.919922999696794,46.662004495884254],[4.879928499779571,46.662272995636755],[4.862491499716408,46.65284899612679],[4.846123999976385,46.660725496098514],[4.835251499631796,46.67865199624201],[4.816093999698461,46.66629649615508],[4.810449000082286,46.64678699608021],[4.798827999661891,46.63579949574295],[4.802335000160234,46.632179995983364],[4.796092999671338,46.63287649621908],[4.775357000634649,46.61347399579446],[4.768323499384043,46.59355149629312],[4.751594500011888,46.59759749570486],[4.751894999961562,46.60726749611031],[4.728118500479978,46.61315349575663],[4.720703000599897,46.606303995534674],[4.708705999613058,46.60970399612612],[4.734047000182911,46.62452099553563],[4.723697000048672,46.63274849579249],[4.731141000497224,46.64390149562693],[4.722153499909967,46.6466414957937],[4.734423500553046,46.66567649587587],[4.759264999934891,46.6785789958229],[4.778252999328803,46.677678996325184],[4.737346999444552,46.69210249591721],[4.743197999787331,46.70398599578047],[4.765253500412363,46.71436499615252],[4.742183499516352,46.72088399633852],[4.743595999679161,46.733499995489026],[4.720878500582138,46.74671249567366],[4.73738650059008,46.76007799596456],[4.74213399972876,46.752117496067235],[4.776417000029491,46.742603996066144],[4.803172499784042,46.749511995872915],[4.809229499340602,46.75739199599303],[4.786265500131494,46.760766495798414],[4.780968999504296,46.771050995515445],[4.789447000027994,46.77401849602293],[4.784818499764789,46.78518949566212],[4.7999004995438606,46.79836749548865],[4.790471500160651,46.80145099565074],[4.791548000187591,46.81789899605233],[4.804739999477551,46.81914549560877],[4.796330999933618,46.82360199639075],[4.794848999784495,46.84429099575152],[4.825580999638252,46.85217749579404],[4.82003799939521,46.87461799628948],[4.824611499589026,46.879516995578385],[4.814666000432691,46.88589699638129],[4.822190500580402,46.89147749618102],[4.815770500578741,46.9070249963896],[4.79416650056325,46.90127999611246],[4.772965000309662,46.90434249641029],[4.770881000592095,46.91779799616657],[4.779337499752699,46.918877996070556],[4.77936499986743,46.92382799584074],[4.767597000300572,46.929433496357866],[4.777642000094016,46.93799549625976],[4.78910899975124,46.93586049604793],[4.788899999538225,46.94618699628488],[4.780651999986503,46.946392495803046],[4.778960999701828,46.95403349632506],[4.791711499760025,46.96123199594253],[4.818087499983651,46.951618495603824],[4.799666000456472,46.96700149576991],[4.805971000024755,46.979736995842096],[4.8285620000490175,46.96777349635157],[4.855845500053862,46.966367496162476],[4.831535500389422,46.99786099601414],[4.834111500047919,47.002350496355874],[4.852464999941894,46.99812449630816],[4.860949499664883,47.00509399569982],[4.8937290002796,46.99577349641624],[4.8966489995570175,47.010251995855874],[4.85870599960588,47.02039949616641],[4.879367500481366,47.03237399607965],[4.882842999462978,47.04092899597645],[4.962209999450458,47.048414496311075],[4.962716999832357,47.06213999607281],[4.97524600009941,47.06715349599435],[4.976354499458486,47.074958996441666],[4.966543500112535,47.08044899588009],[4.968234000065679,47.093416496427466],[4.954796000557159,47.10704449628703],[4.9591775005106955,47.11306549628096],[4.951764499732046,47.11516949631123],[4.979375000113964,47.136793996290315],[5.012640499714936,47.1222764960484],[5.029798000478077,47.12520699614601],[5.010168500606572,47.15604299580275],[5.010473499418987,47.16877149563888],[5.026325000426309,47.16903299590578],[5.019298500124005,47.172347495780635],[5.022622500404175,47.19126199648936],[5.005367499733663,47.19211199589688],[4.995410499991882,47.200352996402614],[5.011281000460018,47.2179884957458],[5.026765499504223,47.21461249643764],[5.02464099938904,47.202555996031265],[5.029620500046026,47.20176449619953],[5.049811000070797,47.21708799640878],[5.028761499602484,47.22541199571106],[5.030446499762998,47.235273495905155],[5.021955499618712,47.23592199595702],[5.026764500642493,47.241597996036255],[4.9990120006202865,47.26084549594919],[5.00025250008645,47.268511996190995],[5.019728500185848,47.27346699637562],[5.035770999566463,47.2648514959952],[5.0269539994009635,47.27882849612062],[5.028708000018797,47.29660899627622],[5.045925500425104,47.29566649572954],[5.049774499834922,47.3038689964443],[5.089577000589462,47.28648899610893],[5.101250000235421,47.30502249651809],[5.085365000517548,47.30877599608511],[5.086947500397198,47.32066349584923],[5.072875999991559,47.320728496404186],[5.069783500011083,47.32885799657069],[5.075750499447365,47.33033649602666],[5.068655000346607,47.34432049596673],[5.082465000270349,47.35020349601042],[5.055119499659315,47.36196499637911],[5.051206000614135,47.37749349645537],[5.036387999656844,47.369147996218786],[5.039491499697708,47.335870496401775],[5.027599499671726,47.33337349589859],[5.010756999996478,47.34504349641976],[5.016343499717835,47.36138549644302],[4.98793750023756,47.36019449573807],[4.952250500338883,47.37257299645428],[4.939369499799194,47.38508749583159],[4.92898449962307,47.3627009957844],[4.933516499415542,47.35238449570197],[4.922773500359967,47.34933999659026],[4.906446000271056,47.3554189960453],[4.910836999488194,47.348975995975614],[4.900113000016907,47.340754995868465],[4.911533499946606,47.338700995685784],[4.908735000218761,47.345197995849254],[4.922264000686908,47.34566099587628],[4.9275805002517545,47.34059249615457],[4.9182029994059135,47.33697699625665],[4.922513499578265,47.33166049602501],[4.928571999990462,47.33512499633182],[4.929549000101322,47.32659849590188],[4.934946499552041,47.32605099648367],[4.911686000181898,47.30616149619349],[4.91231349953141,47.2944474959709],[4.934748999332503,47.28791499632038],[4.936279500569175,47.27177049599162],[4.928963500615081,47.265409496180716],[4.907184000013784,47.26756149628731],[4.900019500169575,47.26290549611714],[4.91556900064178,47.25085849582816],[4.93016850023545,47.22220099638099],[4.922745999801866,47.213390996113375],[4.93157800027334,47.208917995679066],[4.920950000164374,47.18984999633739],[4.910397500277889,47.1963679958665],[4.897997999739389,47.19445749593536],[4.890048000495775,47.207729496277366],[4.884192499796666,47.206823496072275],[4.8811674994056755,47.19456099589551],[4.867885999996579,47.191522995855514],[4.867809499389107,47.18292849583703],[4.81517450028799,47.190867996098085],[4.802571999846296,47.163777495679405],[4.810727500524669,47.15748249601448],[4.801958999350104,47.14471049624313],[4.79035649988314,47.14338299595856],[4.796316500599552,47.13961099569035],[4.794549000410988,47.117606995697415],[4.79042499989921,47.11090299593788],[4.769822499925684,47.109483496326405],[4.766110000633437,47.09469299603238],[4.754997000585774,47.09057999634998],[4.761564999859624,47.08720249592033],[4.754348499403068,47.082043996384854],[4.757886000091824,47.0728344963519],[4.7392400003417725,47.06975999584774],[4.708726999643749,47.08128399597176],[4.714442499835255,47.048821495853936],[4.69406250034509,47.05489999573699],[4.682579500162175,47.03618999632089],[4.66999549958994,47.035905995581864],[4.655075499797474,46.99827349581294],[4.632313000185466,46.993555495820196],[4.621635499431881,46.97599349631296],[4.609010499996262,46.9728239960987],[4.598851500559795,46.979818996020185],[4.573663999529641,46.973382496023675],[4.593787499335678,46.96703599612679],[4.589556499358458,46.955702496081706],[4.595809500070605,46.95216099593935],[4.586623499477394,46.95472549632109],[4.58428050045957,46.944240996053615],[4.609573500179921,46.93015299599076],[4.60566400005246,46.92050499643169],[4.588549999797571,46.91594249631239],[4.586722500561643,46.902072996004726],[4.558472499802731,46.8984394958266],[4.5346824996415585,46.905872495594636],[4.53447950051136,46.89606649592858],[4.520798999594365,46.89001449613606],[4.533998499998501,46.882665495677315],[4.532081500298611,46.87266799573512],[4.523288999909991,46.87589599619932],[4.5200359999279325,46.86686799616984],[4.508253000340062,46.86592149611087],[4.483782499581806,46.872547995796495],[4.470469000455614,46.869421496406005],[4.480556999352729,46.85811699591688],[4.474539500538183,46.856250496424806],[4.478575500409059,46.85050549632652],[4.471599000206561,46.83997149557107],[4.482414499467787,46.82995899573044],[4.50183499952278,46.83355349622781],[4.504785000398036,46.81800299600502],[4.491564500326449,46.81730799593636],[4.492713500611651,46.81306299560576],[4.512012000011146,46.81599099552076],[4.512939000055547,46.82434399583471],[4.5454805005287175,46.837759995816214],[4.5493115000047135,46.833635996271965],[4.564843499448939,46.8381954958418],[4.588395500144884,46.827429495984745],[4.592310000662535,46.83324799590944],[4.616539999966994,46.83402799575918],[4.614522499724977,46.83906349591312],[4.624251500281662,46.83495399605646],[4.630395499624468,46.819080996161325],[4.652480000229758,46.81278599585938],[4.647040500025682,46.805155495619104],[4.660176500298734,46.790578995852364],[4.648532499552265,46.78004749636494],[4.626881500381836,46.779549995885574],[4.655122000629574,46.778171495590655],[4.6643935006433095,46.76805899581637],[4.647682499909043,46.74209499599201],[4.622068000480022,46.73059799612776],[4.632820000500182,46.72664299631477],[4.628739500318973,46.7199304962996],[4.611912499835444,46.716576496197895],[4.61615100012482,46.69916599556075],[4.628096000540765,46.692401995745314],[4.608097999466078,46.67718549630901],[4.586583999827788,46.68341649627429],[4.5794159993855645,46.66663699591336],[4.535182500138301,46.66556149550759],[4.534703499964387,46.658839995785215],[4.559818000164813,46.649469495575765],[4.5576525004322255,46.63970149615101],[4.578311000374573,46.63682249560605],[4.573137500037751,46.623873496325295],[4.577345999711664,46.62140549558528],[4.561969000168622,46.616909496083075],[4.5633799997715885,46.61056349610973],[4.581605499851906,46.601250495802184],[4.611062000402043,46.59898399554288],[4.58007350065139,46.5690144956227],[4.553321999600026,46.56353299594805],[4.5487605002788065,46.54681099573984],[4.592319499761481,46.54496649565046],[4.592947999446376,46.53811399624707],[4.5759514999202064,46.52607399610875],[4.583718000320775,46.51840599631252],[4.576748999858486,46.51224249552881],[4.583132000388623,46.5121164957611],[4.57580650035525,46.508345995886415],[4.568161000328698,46.48725499627699],[4.575992000098288,46.46703049593602],[4.550273000612915,46.46559849597732],[4.541384499394435,46.45519549593793],[4.547209999557603,46.45274299614214],[4.548301000289067,46.43796049598969],[4.5657510003544175,46.43228249602793],[4.557691999886574,46.4288219954689],[4.565449500193595,46.41804949560419],[4.560903500488458,46.410308496008604],[4.574021999791761,46.41131099567689],[4.575281500392589,46.40467849562735],[4.5834159995769825,46.40270599564602],[4.610511499927063,46.407931496245276],[4.6305964998267495,46.39362149607281],[4.650508999797631,46.39996849545943],[4.658227500486722,46.41965149625411],[4.634136999750678,46.428157995738395],[4.6370669998190115,46.43435349584163],[4.620253500565221,46.435412995518654],[4.613435999667758,46.44049999614863],[4.617253499774871,46.446138996140434],[4.667879500155548,46.45312349566284],[4.671661999746339,46.44808499568219],[4.686810499381116,46.45769799607768],[4.68683300004676,46.4497314955865],[4.698781999957723,46.44501499581779],[4.720534000270015,46.46296749596022],[4.741796000456257,46.46071999609785],[4.726831000122922,46.441773495729414],[4.732131499683798,46.434102995814605],[4.72095949946104,46.441490995709884],[4.695412000325394,46.40299749560093],[4.683067500113858,46.40978649598408],[4.653441000323251,46.39906849611249],[4.663019500050166,46.37460049625463],[4.656782499941702,46.35794199620072],[4.660765500123494,46.34936999545637],[4.650348499666727,46.3463509958242],[4.631306500458841,46.30715499566199],[4.638727499860701,46.30142449544173],[4.654658999817603,46.30348499540003],[4.6640364995092005,46.29501249591528],[4.67793049954992,46.30013899579296],[4.676176000422531,46.30403299602908]],[[4.69249699991761,46.55382999585838],[4.700718500158727,46.54339849604373],[4.717639999816168,46.54255149575473],[4.713225999992684,46.53260749618496],[4.718005499753356,46.52265199616183],[4.69690700041127,46.51724099564586],[4.685676000203334,46.52179299623739],[4.684073500196534,46.53555249578891],[4.67112399948542,46.537708495437414],[4.670693999619366,46.55045349581909],[4.69249699991761,46.55382999585838]],[[4.639642999850568,46.51049249544922],[4.6540240002544815,46.505339995736904],[4.660223000234543,46.51160449588492],[4.653979999895424,46.51501749587661],[4.6623425002524055,46.518491495916386],[4.6920264995974845,46.51594699607743],[4.683137499457668,46.5109089962025],[4.680724500432513,46.49277749603614],[4.686615999844304,46.488875496037316],[4.677378499459256,46.47713999609315],[4.645152500120569,46.4852694962782],[4.626793000597312,46.467573496087375],[4.620617999462191,46.50565349557817],[4.639642999850568,46.51049249544922]]],[[[3.70876350034578,47.42768949584566],[3.734718999469775,47.42661449609996],[3.733339500086003,47.434682995723904],[3.743682000464621,47.44224949636473],[3.778216500125206,47.449246996139976],[3.793079500446,47.444698995749846],[3.835174999868108,47.46084999571576],[3.8173720000956797,47.45748049609771],[3.8182535002277143,47.47487749584919],[3.7897385001019903,47.48999149653016],[3.7871515004076115,47.49978549603062],[3.770957499832262,47.50475499650872],[3.7745369995114384,47.51442599616569],[3.7628110001248647,47.50548449616593],[3.744770000203288,47.50858349656527],[3.716805500507942,47.49771999589603],[3.696289999412934,47.47407699588085],[3.6838305002482725,47.47719199604528],[3.6783795001219874,47.47149749612132],[3.6829259994473715,47.451877996161336],[3.676969499795741,47.452396996049934],[3.673976500631832,47.433494495925174],[3.6955654995979415,47.43783099629623],[3.70876350034578,47.42768949584566]]],[[[3.609569500296344,47.665139496459794],[3.621394500202205,47.677783495876774],[3.6087265004208007,47.69110049594646],[3.611502500211269,47.70127949645759],[3.6329535006263427,47.717503995977204],[3.6411510000328375,47.69856749613709],[3.6608110001012797,47.698795496153835],[3.658282000245799,47.690862496020145],[3.6868029996974325,47.68082099643069],[3.6798709999197765,47.6700619960697],[3.6876515005968185,47.66443899602956],[3.686188000591073,47.65662999595151],[3.71177100036393,47.63172799660761],[3.729151500561882,47.64236049609978],[3.744916500293673,47.642080996455405],[3.7384754999960794,47.64769099603171],[3.7741459994816466,47.65728599596761],[3.7776230005335845,47.64554849620772],[3.796511000254627,47.637801496097396],[3.836021999783452,47.63711849609733],[3.8676640004645018,47.6474114961035],[3.8391929993000145,47.657453496615815],[3.8444180001964914,47.6702949961183],[3.8356435003950367,47.67553549598028],[3.8405684996121803,47.684872496370026],[3.8362579998254582,47.69023549593565],[3.7965649995861845,47.70994549639367],[3.814481500425971,47.71678099659507],[3.839120999626453,47.739584496367016],[3.8622774993410625,47.73100749650947],[3.8880555006095183,47.74824999661892],[3.901423000598043,47.744970996545746],[3.908101999405007,47.756530995930035],[3.937050500339271,47.77201399653395],[3.92497299999309,47.776451996669294],[3.9228265002625147,47.78943499611771],[3.937441499896034,47.791573496228786],[3.944388999893517,47.80717549626158],[3.9809879995815916,47.798973995984156],[4.014890999748928,47.80712699594059],[4.010029499671677,47.818081996676995],[4.027104499567924,47.82161399664009],[4.042245500496991,47.83349199600518],[4.030621000144762,47.841757495883144],[4.03972349999692,47.852644495946635],[4.0254300000708465,47.863331496375544],[4.038072500181722,47.86157449666326],[4.062602000410194,47.8964309959524],[4.079313500378564,47.90225499642024],[4.069705000260433,47.90500699604161],[4.054306000151164,47.89839749608455],[4.059837000401643,47.90596199651693],[4.051626499410725,47.89825699665636],[4.036048500332819,47.90050849649552],[4.043448500116073,47.92459749643553],[4.016360000147638,47.9291719963745],[4.005535000481207,47.942370496510215],[3.985618499635188,47.930509496379756],[3.9264505003586185,47.934566996065904],[3.918490000574243,47.92801899665235],[3.934573000235205,47.91547699633324],[3.9162060000656043,47.889641496568174],[3.8915739996266616,47.90931049625443],[3.8981634994639798,47.9262679967039],[3.8912080000957885,47.93094799603921],[3.884337500415851,47.922583996764416],[3.8735409994237946,47.92403099634145],[3.8649299995670727,47.913169995951236],[3.8399524997644723,47.905263996342676],[3.8412050004107834,47.8716964967034],[3.832785000393442,47.86946599605084],[3.8171760000595563,47.884911496394125],[3.7987569996199615,47.890989996707546],[3.8022310004768762,47.89328499655593],[3.774219500507194,47.89597149654611],[3.7645009998583845,47.92683849641307],[3.7778405001910946,47.95277249651617],[3.7382055005662744,47.96521599595465],[3.7344149993690885,47.958651496161494],[3.7209984998265755,47.957640995997956],[3.7261920000989446,47.93878149611176],[3.7376744999218765,47.93513699616953],[3.7270369999358937,47.92001749592085],[3.744269499696771,47.903846495936406],[3.741504999412937,47.895469496168154],[3.737270499418866,47.89718499629466],[3.7375309999984916,47.88683749624246],[3.7113500004088866,47.89047649656876],[3.7037979994232715,47.877703496171684],[3.714085000185459,47.86202149654688],[3.706914499557681,47.84578049619561],[3.6589129998095182,47.84179149624684],[3.6438800004111815,47.83629449668817],[3.64751350064881,47.82928299645303],[3.637519499527881,47.83024849586076],[3.6262349998347627,47.85232149609065],[3.5933070000656624,47.832523996092355],[3.5993180004408836,47.830852496295414],[3.559556499927343,47.82645999606871],[3.5604569997403934,47.81628699585286],[3.537682499531213,47.795430996665246],[3.5315930004354636,47.779932996275534],[3.5027019994674937,47.773883996664075],[3.447145500327496,47.77469649627637],[3.45849050047642,47.76230999609356],[3.4554130002832033,47.752400995879164],[3.464401999614629,47.74858049633298],[3.4607295000997373,47.74519849617656],[3.481008999354447,47.74252749616897],[3.4848764998953783,47.727198496133575],[3.479615999635272,47.72432649603026],[3.493055000128277,47.71708799659338],[3.5230954996526314,47.74318549613491],[3.514172999361563,47.746693996437386],[3.5266360004963246,47.76424199585397],[3.5503079998639677,47.76098499623862],[3.562593999985086,47.752895996337585],[3.57030549992202,47.760460496120835],[3.5705794993447575,47.74071349649974],[3.5620104995236326,47.73630699620021],[3.5547745004026754,47.71155599665249],[3.5581114998184384,47.69155299599321],[3.5429434996824503,47.689506996668214],[3.524615499754269,47.69792549645944],[3.500849000209961,47.68962049627582],[3.5048084997713307,47.6697919965458],[3.511828499572802,47.665088495837566],[3.499891499543361,47.64294499626456],[3.5035800000739643,47.632114495917925],[3.5277949993815683,47.63488249608578],[3.5423274993489944,47.627266496422926],[3.5648940001972518,47.63350749633013],[3.5829280001151376,47.63075149598527],[3.595619000542958,47.64122899591302],[3.5911229996186433,47.6481144959953],[3.6129674997265004,47.65970499646292],[3.609569500296344,47.665139496459794]],[[3.9181760002034753,47.879540496013504],[3.9119004995771474,47.8529094961184],[3.91938949970901,47.848624996720574],[3.8938669995492425,47.84482699602838],[3.87066250031934,47.8594849961716],[3.8520190002768935,47.854871496339605],[3.8519095003547155,47.86971399594265],[3.8643550002562486,47.88174049587217],[3.9029104999829554,47.88779599606339],[3.9181760002034753,47.879540496013504]],[[3.607207999997864,47.73334849618955],[3.587024999599126,47.745395496588564],[3.6010410002734483,47.76548349656735],[3.6232220003679956,47.75867349600483],[3.602689999719871,47.74792549663428],[3.607207999997864,47.73334849618955]]],[[[3.300055999671177,47.926070995884544],[3.289825999693812,47.91531799651211],[3.2628050005211158,47.907889996242254],[3.2753189997255,47.89322049602311],[3.2934555002077577,47.88673299667841],[3.2752335003148136,47.88089899624584],[3.2744270005520164,47.86930399603486],[3.293280000269463,47.85858249591459],[3.369385500373319,47.858428996395524],[3.381252999772011,47.897671995864],[3.287767500662721,47.89761699636871],[3.2884125003786373,47.907413996740836],[3.333060499692207,47.90942549669547],[3.3437564999690053,47.92313949602769],[3.33895849982968,47.92772249618876],[3.3557495004038635,47.92482749604173],[3.3699455000283485,47.94179749595957],[3.3430694994943844,47.94675399619527],[3.300055999671177,47.926070995884544]]],[[[3.3753024995678995,47.999803996427794],[3.3760714994775065,47.98779099657375],[3.356771999427734,47.973570996578026],[3.3921639995044583,47.95850749673157],[3.437656999507783,47.96982499672006],[3.439111999864525,47.98172749608836],[3.432902999594901,47.982685496228775],[3.422034499425803,48.00135799611975],[3.4536390004298707,48.02570299624177],[3.4608345001901344,48.042496996221395],[3.4528985002452814,48.04455149676503],[3.45903299975064,48.049214496693224],[3.4449660004592917,48.05636299598262],[3.4397745000284194,48.05062699641424],[3.396198999437843,48.059421496752755],[3.4057690003737746,48.05173549597207],[3.3988600002774096,48.04505399672232],[3.3917865006281067,48.05015399657224],[3.3924089994032642,48.03436499620523],[3.3723304993120773,48.02586549667726],[3.3700415001612165,48.01851149649079],[3.387605499435355,48.01196949634077],[3.386801499823696,48.00527649676367],[3.3753024995678995,47.999803996427794]]],[[[4.38016599981379,47.865489996430234],[4.401423999956878,47.834707996528486],[4.412011999609717,47.844055996714324],[4.408567499703642,47.85162999601989],[4.442790999322561,47.863156996520544],[4.446297500319668,47.84420649651706],[4.468768499503453,47.844697496621016],[4.475404499696488,47.85181899623529],[4.4659804999667445,47.86157149667851],[4.46762599939467,47.868593495904285],[4.510138500517823,47.88388049627844],[4.509647500644825,47.89630499649607],[4.523244500534713,47.89839049648698],[4.522706500133823,47.90478749630978],[4.553641500054147,47.876764996204415],[4.581834000010355,47.89035149638776],[4.608383000172148,47.88403549672686],[4.614417500274353,47.89835799638058],[4.640952999536776,47.91169299670133],[4.653033499982006,47.90182799612722],[4.66121099952767,47.877867996448934],[4.686087999989778,47.88240899644745],[4.7200125000585516,47.87542399647624],[4.7314074994040904,47.887831996254654],[4.729371000358012,47.8945314963529],[4.72292149988231,47.890974496407104],[4.7256220002735745,47.917773496731385],[4.713474999784416,47.923331496441016],[4.713709000617666,47.93596799674738],[4.727427500246135,47.94769999640973],[4.721190999628389,47.95192049636585],[4.73532449998895,47.95792899609061],[4.7073159996761325,47.959085496150095],[4.7023820000165415,47.95212249613061],[4.683470500269038,47.96653849657377],[4.653438499668453,47.96902599656124],[4.637499499624381,47.97833699623648],[4.621323500076782,47.96371999635445],[4.605913999949571,47.96514399590989],[4.599363500481598,47.9467384964322],[4.600188500344041,47.95346999597874],[4.593271499363699,47.94829549649548],[4.578442999458382,47.95703699670575],[4.580145000091507,47.96397649613009],[4.559963500205869,47.971423996577144],[4.4932745000388685,47.96880399593569],[4.446957000051453,47.956199496646796],[4.4179099999291065,47.96845899670968],[4.343219999830949,47.955865496075106],[4.309000999962822,47.961170496024074],[4.3056589998173305,47.954164996385856],[4.339622000282981,47.943962996547164],[4.354143999837003,47.93332299616059],[4.341904500281651,47.92827099620376],[4.348525500388798,47.92289449613272],[4.359444500614949,47.92666449667705],[4.36450999971191,47.92090899659814],[4.352356500491569,47.91806049604318],[4.361890499499642,47.910970996342755],[4.353048500420689,47.90113599618234],[4.358114000383479,47.89367149663793],[4.349936500125634,47.8773944959614],[4.336586499997818,47.87798399611838],[4.340317500454637,47.86878899593152],[4.330542999697679,47.8666624962059],[4.33597350005277,47.86706449631908],[4.337423999932633,47.85242049634178],[4.353684000594398,47.86693999596224],[4.367233499441398,47.8594629960851],[4.38016599981379,47.865489996430234]]],[[[4.805356499674982,47.30155299618476],[4.821929499599655,47.310871995695834],[4.832085500345659,47.30732399652593],[4.828640500260426,47.3128879965226],[4.840048999481785,47.3247914961405],[4.8372310004609185,47.33668699637939],[4.82345349937413,47.347873496178686],[4.82559050034581,47.35678249582769],[4.812547999711266,47.36543199580432],[4.806594999610618,47.33266549581495],[4.787490499689403,47.34211049571913],[4.767644000039835,47.34237299579259],[4.774266499558689,47.3312394958322],[4.767712999591123,47.325207495767785],[4.79202499988198,47.30656149625835],[4.789221499557527,47.30200099573539],[4.808906000340277,47.29800449615088],[4.805356499674982,47.30155299618476]]]]}},{"type":"Feature","properties":{"id":"bourgogne-mousseux","name":"Bourgogne mousseux","region":"Burgundy","grapes":["Aligoté","Chardonnay","César","Gamay Deouze","Gamay De Chaudenay","Gamay","Melon","Pinotlanc"],"original_region":"Burgundy","key_appellations":[],"desc":"Bourgogne mousseux is an appellation in the Burgundy region. Main grapes: Aligoté, Chardonnay, César, Gamay Deouze, Gamay De Chaudenay, Gamay, Melon, Pinotlanc."},"geometry":{"type":"MultiPolygon","coordinates":[[[[4.42280299940862,45.92251349528628],[4.45124100010322,45.90582799576232],[4.452065000545972,45.89042199538879],[4.4985045001081785,45.8636194958745],[4.495774499625611,45.854806995534695],[4.5047775003384025,45.84302299567106],[4.549008500168186,45.831721496009145],[4.5625849999530015,45.84644599579938],[4.590362000071443,45.84332049523084],[4.603881499764395,45.83701799544083],[4.5959039997907185,45.829303495519326],[4.603038500539068,45.82281449521268],[4.62210549983148,45.839543495701754],[4.658711499754652,45.85772549536369],[4.670378500559755,45.855712996070686],[4.6754150001284485,45.84311299571672],[4.684302000161792,45.83860799551623],[4.699197500195927,45.84157899562353],[4.698283500030036,45.862797995822135],[4.705542499825684,45.86232999533954],[4.731363999960816,45.881927495498836],[4.726960000323165,45.907465995865856],[4.733842500520533,45.91551049558125],[4.723221000164325,45.93506849581772],[4.731369000277907,45.941320495400376],[4.729097000017663,45.9490959959324],[4.750161999622716,45.96448849609282],[4.7414340004588365,45.968545995856175],[4.745083999801439,45.975218995379294],[4.7356230002935895,45.97879599589238],[4.697433999595807,45.9809069959642],[4.709570000626286,45.98537749557226],[4.70584099966329,46.00066799558935],[4.748986499395715,46.00375899551272],[4.739524999379715,46.047211495794585],[4.761378999661914,46.06488149529975],[4.746806000151687,46.08778649591728],[4.767106999382684,46.106523995977334],[4.7471094993620095,46.115233995819274],[4.75225049979745,46.12466499570667],[4.741884999916542,46.141084995966764],[4.754758000389205,46.14184899543193],[4.742790499999239,46.142059496022334],[4.750058000100087,46.167670995304405],[4.78020850044108,46.17667599608299],[4.780243000047657,46.189052496180636],[4.793199499449725,46.201913495728284],[4.795511000030667,46.22013649595712],[4.811555499594908,46.249932496049716],[4.7926224999429,46.2611104954645],[4.797613499863185,46.27295699557211],[4.78804200000617,46.277003495457016],[4.814721000102894,46.28172699571442],[4.826488500036501,46.276321995488644],[4.832920500523112,46.299430996029976],[4.851423999613206,46.32607249554044],[4.820062000014663,46.33182249585931],[4.81020499975372,46.338275495830665],[4.812498000581219,46.34727099580772],[4.820912999560844,46.3436664953329],[4.822843000029064,46.34893549605869],[4.851054500430726,46.35234049600115],[4.888210000250845,46.4029769959403],[4.892884500468966,46.442571996104235],[4.91445250017666,46.46215799559718],[4.915550999594914,46.48893949609745],[4.938796500303872,46.522995495688654],[4.986152499897788,46.528738496208625],[4.979023500627908,46.548309496134074],[4.9459644999582,46.57166549632513],[4.93871100009611,46.595956496021216],[4.9246054996151996,46.591996996315316],[4.946120999488187,46.62099199598236],[4.925947000095469,46.624074495579954],[4.93121499935436,46.64117999603976],[4.915363499356615,46.6500009961922],[4.928484999576391,46.6483084959839],[4.919922999696794,46.662004495884254],[4.879928499779571,46.662272995636755],[4.862491499716408,46.65284899612679],[4.846123999976385,46.660725496098514],[4.835251499631796,46.67865199624201],[4.816093999698461,46.66629649615508],[4.810449000082286,46.64678699608021],[4.798827999661891,46.63579949574295],[4.802335000160234,46.632179995983364],[4.796092999671338,46.63287649621908],[4.775357000634649,46.61347399579446],[4.768323499384043,46.59355149629312],[4.751594500011888,46.59759749570486],[4.75305349985485,46.606882496190686],[4.728118500479978,46.61315349575663],[4.720703000599897,46.606303995534674],[4.708616500601897,46.6076359963538],[4.734047000182911,46.62452099553563],[4.723697000048672,46.63274849579249],[4.731141000497224,46.64390149562693],[4.722153499909967,46.6466414957937],[4.734423500553046,46.66567649587587],[4.759264999934891,46.6785789958229],[4.778252999328803,46.677678996325184],[4.737346999444552,46.69210249591721],[4.743197999787331,46.70398599578047],[4.765253500412363,46.71436499615252],[4.742183499516352,46.72088399633852],[4.743595999679161,46.733499995489026],[4.719817000497929,46.74493449579967],[4.73738650059008,46.76007799596456],[4.74213399972876,46.752117496067235],[4.776417000029491,46.742603996066144],[4.803172499784042,46.749511995872915],[4.809229499340602,46.75739199599303],[4.786265500131494,46.760766495798414],[4.780968999504296,46.771050995515445],[4.789447000027994,46.77401849602293],[4.784818499764789,46.78518949566212],[4.7999004995438606,46.79836749548865],[4.790471500160651,46.80145099565074],[4.791548000187591,46.81789899605233],[4.804739999477551,46.81914549560877],[4.796330999933618,46.82360199639075],[4.794848999784495,46.84429099575152],[4.825580999638252,46.85217749579404],[4.82003799939521,46.87461799628948],[4.824611499589026,46.879516995578385],[4.814666000432691,46.88589699638129],[4.822190500580402,46.89147749618102],[4.815770500578741,46.9070249963896],[4.79416650056325,46.90127999611246],[4.772965000309662,46.90434249641029],[4.770881000592095,46.91779799616657],[4.779337499752699,46.918877996070556],[4.77936499986743,46.92382799584074],[4.767597000300572,46.929433496357866],[4.777642000094016,46.93799549625976],[4.78910899975124,46.93586049604793],[4.788899999538225,46.94618699628488],[4.780651999986503,46.946392495803046],[4.778960999701828,46.95403349632506],[4.791711499760025,46.96123199594253],[4.818087499983651,46.951618495603824],[4.799666000456472,46.96700149576991],[4.805971000024755,46.979736995842096],[4.8285620000490175,46.96777349635157],[4.855845500053862,46.966367496162476],[4.831535500389422,46.99786099601414],[4.834111500047919,47.002350496355874],[4.852464999941894,46.99812449630816],[4.860949499664883,47.00509399569982],[4.8937290002796,46.99577349641624],[4.8966489995570175,47.010251995855874],[4.85870599960588,47.02039949616641],[4.879367500481366,47.03237399607965],[4.882842999462978,47.04092899597645],[4.962209999450458,47.048414496311075],[4.962716999832357,47.06213999607281],[4.97524600009941,47.06715349599435],[4.976354499458486,47.074958996441666],[4.966543500112535,47.08044899588009],[4.968234000065679,47.093416496427466],[4.954796000557159,47.10704449628703],[4.9591775005106955,47.11306549628096],[4.951764499732046,47.11516949631123],[4.979375000113964,47.136793996290315],[5.012640499714936,47.1222764960484],[5.029798000478077,47.12520699614601],[5.010168500606572,47.15604299580275],[5.010473499418987,47.16877149563888],[5.026325000426309,47.16903299590578],[5.019298500124005,47.172347495780635],[5.022622500404175,47.19126199648936],[5.005367499733663,47.19211199589688],[4.995410499991882,47.200352996402614],[5.011281000460018,47.2179884957458],[5.026765499504223,47.21461249643764],[5.02464099938904,47.202555996031265],[5.029620500046026,47.20176449619953],[5.049811000070797,47.21708799640878],[5.028761499602484,47.22541199571106],[5.030446499762998,47.235273495905155],[5.021955499618712,47.23592199595702],[5.026764500642493,47.241597996036255],[4.9990120006202865,47.26084549594919],[5.00025250008645,47.268511996190995],[5.019728500185848,47.27346699637562],[5.035770999566463,47.2648514959952],[5.0269539994009635,47.27882849612062],[5.028708000018797,47.29660899627622],[5.045925500425104,47.29566649572954],[5.049774499834922,47.3038689964443],[5.089577000589462,47.28648899610893],[5.101250000235421,47.30502249651809],[5.085365000517548,47.30877599608511],[5.086947500397198,47.32066349584923],[5.072875999991559,47.320728496404186],[5.069783500011083,47.32885799657069],[5.075750499447365,47.33033649602666],[5.068655000346607,47.34432049596673],[5.082465000270349,47.35020349601042],[5.055119499659315,47.36196499637911],[5.051206000614135,47.37749349645537],[5.036387999656844,47.369147996218786],[5.039491499697708,47.335870496401775],[5.027599499671726,47.33337349589859],[5.010756999996478,47.34504349641976],[5.016343499717835,47.36138549644302],[4.98793750023756,47.36019449573807],[4.952250500338883,47.37257299645428],[4.939369499799194,47.38508749583159],[4.92898449962307,47.3627009957844],[4.933516499415542,47.35238449570197],[4.922773500359967,47.34933999659026],[4.906446000271056,47.3554189960453],[4.910836999488194,47.348975995975614],[4.900113000016907,47.340754995868465],[4.911533499946606,47.338700995685784],[4.908735000218761,47.345197995849254],[4.922264000686908,47.34566099587628],[4.9275805002517545,47.34059249615457],[4.9182029994059135,47.33697699625665],[4.922513499578265,47.33166049602501],[4.928571999990462,47.33512499633182],[4.929549000101322,47.32659849590188],[4.934946499552041,47.32605099648367],[4.911686000181898,47.30616149619349],[4.91231349953141,47.2944474959709],[4.934748999332503,47.28791499632038],[4.936279500569175,47.27177049599162],[4.928963500615081,47.265409496180716],[4.907184000013784,47.26756149628731],[4.900019500169575,47.26290549611714],[4.91556900064178,47.25085849582816],[4.93016850023545,47.22220099638099],[4.922745999801866,47.213390996113375],[4.93157800027334,47.208917995679066],[4.920950000164374,47.18984999633739],[4.910397500277889,47.1963679958665],[4.897997999739389,47.19445749593536],[4.890048000495775,47.207729496277366],[4.884192499796666,47.206823496072275],[4.8811674994056755,47.19456099589551],[4.867885999996579,47.191522995855514],[4.867809499389107,47.18292849583703],[4.81517450028799,47.190867996098085],[4.802571999846296,47.163777495679405],[4.810727500524669,47.15748249601448],[4.801958999350104,47.14471049624313],[4.79035649988314,47.14338299595856],[4.796316500599552,47.13961099569035],[4.794549000410988,47.117606995697415],[4.79042499989921,47.11090299593788],[4.769822499925684,47.109483496326405],[4.766110000633437,47.09469299603238],[4.754997000585774,47.09057999634998],[4.761564999859624,47.08720249592033],[4.754348499403068,47.082043996384854],[4.757886000091824,47.0728344963519],[4.7392400003417725,47.06975999584774],[4.708726999643749,47.08128399597176],[4.714442499835255,47.048821495853936],[4.69406250034509,47.05489999573699],[4.682579500162175,47.03618999632089],[4.66999549958994,47.035905995581864],[4.655075499797474,46.99827349581294],[4.632313000185466,46.993555495820196],[4.621635499431881,46.97599349631296],[4.609010499996262,46.9728239960987],[4.598851500559795,46.979818996020185],[4.573663999529641,46.973382496023675],[4.593787499335678,46.96703599612679],[4.589556499358458,46.955702496081706],[4.595809500070605,46.95216099593935],[4.586623499477394,46.95472549632109],[4.58428050045957,46.944240996053615],[4.609573500179921,46.93015299599076],[4.60566400005246,46.92050499643169],[4.588549999797571,46.91594249631239],[4.586722500561643,46.902072996004726],[4.558472499802731,46.8984394958266],[4.5346824996415585,46.905872495594636],[4.53447950051136,46.89606649592858],[4.520798999594365,46.89001449613606],[4.533998499998501,46.882665495677315],[4.532081500298611,46.87266799573512],[4.523288999909991,46.87589599619932],[4.5200359999279325,46.86686799616984],[4.508253000340062,46.86592149611087],[4.483782499581806,46.872547995796495],[4.470469000455614,46.869421496406005],[4.480556999352729,46.85811699591688],[4.474539500538183,46.856250496424806],[4.478575500409059,46.85050549632652],[4.471599000206561,46.83997149557107],[4.482414499467787,46.82995899573044],[4.50183499952278,46.83355349622781],[4.504785000398036,46.81800299600502],[4.491784999767395,46.81343649566667],[4.512012000011146,46.81599099552076],[4.512939000055547,46.82434399583471],[4.5454805005287175,46.837759995816214],[4.5493115000047135,46.833635996271965],[4.564843499448939,46.8381954958418],[4.588395500144884,46.827429495984745],[4.592310000662535,46.83324799590944],[4.616539999966994,46.83402799575918],[4.614522499724977,46.83906349591312],[4.624251500281662,46.83495399605646],[4.630395499624468,46.819080996161325],[4.652480000229758,46.81278599585938],[4.647040500025682,46.805155495619104],[4.660176500298734,46.790578995852364],[4.648532499552265,46.78004749636494],[4.62678400000866,46.78031699630227],[4.6446235000136875,46.77469249577612],[4.655122000629574,46.778171495590655],[4.6643935006433095,46.76805899581637],[4.647682499909043,46.74209499599201],[4.622068000480022,46.73059799612776],[4.632820000500182,46.72664299631477],[4.628739500318973,46.7199304962996],[4.612489500530945,46.719399495840236],[4.61615100012482,46.69916599556075],[4.628509999696386,46.69446349603863],[4.615834999783889,46.68544699556778],[4.617877499753604,46.68117549602022],[4.608097999466078,46.67718549630901],[4.586583999827788,46.68341649627429],[4.5794159993855645,46.66663699591336],[4.535182500138301,46.66556149550759],[4.534703499964387,46.658839995785215],[4.559818000164813,46.649469495575765],[4.5576525004322255,46.63970149615101],[4.578311000374573,46.63682249560605],[4.573137500037751,46.623873496325295],[4.577345999711664,46.62140549558528],[4.561969000168622,46.616909496083075],[4.5633799997715885,46.61056349610973],[4.581605499851906,46.601250495802184],[4.611062000402043,46.59898399554288],[4.58007350065139,46.5690144956227],[4.555489499837843,46.567785995991535],[4.549079999816326,46.54981999614173],[4.5596145004141455,46.54425949559386],[4.592876000262476,46.54423549554009],[4.587818000538244,46.53025899615736],[4.5759514999202064,46.52607399610875],[4.583718000320775,46.51840599631252],[4.576748999858486,46.51224249552881],[4.583132000388623,46.5121164957611],[4.57580650035525,46.508345995886415],[4.568161000328698,46.48725499627699],[4.575992000098288,46.46703049593602],[4.5598959998492745,46.46857199550275],[4.541728000196013,46.457258995617316],[4.548301000289067,46.43796049598969],[4.5657510003544175,46.43228249602793],[4.557691999886574,46.4288219954689],[4.565449500193595,46.41804949560419],[4.560163000083136,46.41126799545332],[4.574021999791761,46.41131099567689],[4.575281500392589,46.40467849562735],[4.5834159995769825,46.40270599564602],[4.610511499927063,46.407931496245276],[4.636026000389104,46.39436699565361],[4.656114999419541,46.405686495466334],[4.658227500486722,46.41965149625411],[4.634136999750678,46.428157995738395],[4.6370669998190115,46.43435349584163],[4.620253500565221,46.435412995518654],[4.613435999667758,46.44049999614863],[4.617253499774871,46.446138996140434],[4.667879500155548,46.45312349566284],[4.671661999746339,46.44808499568219],[4.686810499381116,46.45769799607768],[4.68683300004676,46.4497314955865],[4.698781999957723,46.44501499581779],[4.720534000270015,46.46296749596022],[4.741796000456257,46.46071999609785],[4.726831000122922,46.441773495729414],[4.732131499683798,46.434102995814605],[4.72095949946104,46.441490995709884],[4.695412000325394,46.40299749560093],[4.683067500113858,46.40978649598408],[4.653441000323251,46.39906849611249],[4.663019500050166,46.37460049625463],[4.656782499941702,46.35794199620072],[4.660765500123494,46.34936999545637],[4.650348499666727,46.3463509958242],[4.641074000196008,46.31891699566226],[4.631369000505021,46.30863949560734],[4.63441900009197,46.302411496239316],[4.652733999771326,46.30401999589257],[4.6640364995092005,46.29501249591528],[4.67793049954992,46.30013899579296],[4.679194500023403,46.30626649584778],[4.693439999568962,46.302325996147204],[4.694720000361584,46.29204549601531],[4.710392000489875,46.27856899576104],[4.707687500127909,46.26964799538191],[4.676820000496439,46.26780199620141],[4.673785500460099,46.25588299585755],[4.660432999597931,46.2607474960452],[4.655629499358435,46.254589995738506],[4.622851500217454,46.24648049599021],[4.622714500514835,46.23392749561494],[4.60896499957163,46.2245734960701],[4.608330499851577,46.21090499583289],[4.626629500478583,46.1943354956164],[4.618511000293259,46.19238449589023],[4.6221775003867736,46.1886194954548],[4.614359000092132,46.1813964957116],[4.5859750001566715,46.1818674953142],[4.563342000395528,46.207703995496814],[4.553184499374853,46.21136799580247],[4.505454500283103,46.19946749574626],[4.486348000048663,46.20469249536864],[4.480046999534599,46.19774599565686],[4.510845500475616,46.170912996104285],[4.501749000489161,46.15179099611512],[4.507076999694505,46.14898899544041],[4.499048000435119,46.144102995847376],[4.530100500530857,46.120913996086585],[4.532162499465207,46.10939849608521],[4.552075999659446,46.08668849591957],[4.535248499465623,46.05583049550861],[4.536174000669862,46.0450564953821],[4.522150000609968,46.03857899602802],[4.5266830004662,46.03561099536331],[4.496850499534985,46.03108999549503],[4.474777000034437,46.021845995695486],[4.467418999504104,46.01203999589697],[4.451893000522694,46.01976149599382],[4.431040499985991,46.02005599553067],[4.42437400004392,46.01464549576949],[4.418850999953348,45.989996496002874],[4.44695049947949,45.978673995219026],[4.459048499734006,45.98272199545201],[4.457530499379525,45.976855995528325],[4.468639499492788,45.97705099536487],[4.483172499585158,45.960799495493845],[4.478844000223409,45.940231995578365],[4.470348500362592,45.94632849543951],[4.4358685004759115,45.93536549524996],[4.4385054999302405,45.92843149567545],[4.42280299940862,45.92251349528628]],[[4.69249699991761,46.55382999585838],[4.700718500158727,46.54339849604373],[4.717639999816168,46.54255149575473],[4.713225999992684,46.53260749618496],[4.718005499753356,46.52265199616183],[4.69690700041127,46.51724099564586],[4.685676000203334,46.52179299623739],[4.684073500196534,46.53555249578891],[4.67112399948542,46.537708495437414],[4.670693999619366,46.55045349581909],[4.69249699991761,46.55382999585838]],[[4.620617999462191,46.50565349557817],[4.6540240002544815,46.505339995736904],[4.660223000234543,46.51160449588492],[4.653979999895424,46.51501749587661],[4.6623425002524055,46.518491495916386],[4.6920264995974845,46.51594699607743],[4.683137499457668,46.5109089962025],[4.680724500432513,46.49277749603614],[4.686615999844304,46.488875496037316],[4.677378499459256,46.47713999609315],[4.645152500120569,46.4852694962782],[4.626793000597312,46.467573496087375],[4.620617999462191,46.50565349557817]]],[[[3.70876350034578,47.42768949584566],[3.734718999469775,47.42661449609996],[3.733339500086003,47.434682995723904],[3.743682000464621,47.44224949636473],[3.778216500125206,47.449246996139976],[3.793079500446,47.444698995749846],[3.835174999868108,47.46084999571576],[3.8173720000956797,47.45748049609771],[3.8182535002277143,47.47487749584919],[3.7897385001019903,47.48999149653016],[3.7871515004076115,47.49978549603062],[3.770957499832262,47.50475499650872],[3.7745369995114384,47.51442599616569],[3.7628110001248647,47.50548449616593],[3.744770000203288,47.50858349656527],[3.716805500507942,47.49771999589603],[3.696289999412934,47.47407699588085],[3.6838305002482725,47.47719199604528],[3.6783795001219874,47.47149749612132],[3.6829259994473715,47.451877996161336],[3.676969499795741,47.452396996049934],[3.673976500631832,47.433494495925174],[3.6955654995979415,47.43783099629623],[3.70876350034578,47.42768949584566]]],[[[3.579993999694853,47.63046849611467],[3.595619000542958,47.64122899591302],[3.5911229996186433,47.6481144959953],[3.6129674997265004,47.65970499646292],[3.6093939996473305,47.668919996267086],[3.621394500202205,47.677783495876774],[3.6087265004208007,47.69110049594646],[3.611502500211269,47.70127949645759],[3.6329535006263427,47.717503995977204],[3.6411510000328375,47.69856749613709],[3.6608110001012797,47.698795496153835],[3.658282000245799,47.690862496020145],[3.6868029996974325,47.68082099643069],[3.6798709999197765,47.6700619960697],[3.6876515005968185,47.66443899602956],[3.686188000591073,47.65662999595151],[3.71177100036393,47.63172799660761],[3.729151500561882,47.64236049609978],[3.744916500293673,47.642080996455405],[3.7384754999960794,47.64769099603171],[3.7741459994816466,47.65728599596761],[3.7776230005335845,47.64554849620772],[3.796511000254627,47.637801496097396],[3.836021999783452,47.63711849609733],[3.8676640004645018,47.6474114961035],[3.8391929993000145,47.657453496615815],[3.8444180001964914,47.6702949961183],[3.8356435003950367,47.67553549598028],[3.8405684996121803,47.684872496370026],[3.8362579998254582,47.69023549593565],[3.7965649995861845,47.70994549639367],[3.814481500425971,47.71678099659507],[3.839120999626453,47.739584496367016],[3.8622774993410625,47.73100749650947],[3.8880555006095183,47.74824999661892],[3.901423000598043,47.744970996545746],[3.908101999405007,47.756530995930035],[3.937050500339271,47.77201399653395],[3.92497299999309,47.776451996669294],[3.9228265002625147,47.78943499611771],[3.937441499896034,47.791573496228786],[3.944388999893517,47.80717549626158],[3.9809879995815916,47.798973995984156],[4.014890999748928,47.80712699594059],[4.010029499671677,47.818081996676995],[4.027104499567924,47.82161399664009],[4.042245500496991,47.83349199600518],[4.030621000144762,47.841757495883144],[4.03972349999692,47.852644495946635],[4.0254300000708465,47.863331496375544],[4.038072500181722,47.86157449666326],[4.062602000410194,47.8964309959524],[4.079313500378564,47.90225499642024],[4.069705000260433,47.90500699604161],[4.054306000151164,47.89839749608455],[4.059837000401643,47.90596199651693],[4.051626499410725,47.89825699665636],[4.036048500332819,47.90050849649552],[4.043448500116073,47.92459749643553],[4.016360000147638,47.9291719963745],[4.005535000481207,47.942370496510215],[3.985618499635188,47.930509496379756],[3.9264505003586185,47.934566996065904],[3.918490000574243,47.92801899665235],[3.934573000235205,47.91547699633324],[3.9162060000656043,47.889641496568174],[3.8915739996266616,47.90931049625443],[3.8981634994639798,47.9262679967039],[3.8912080000957885,47.93094799603921],[3.884337500415851,47.922583996764416],[3.8735409994237946,47.92403099634145],[3.8649299995670727,47.913169995951236],[3.8399524997644723,47.905263996342676],[3.8412050004107834,47.8716964967034],[3.832785000393442,47.86946599605084],[3.8171760000595563,47.884911496394125],[3.7987569996199615,47.890989996707546],[3.8022310004768762,47.89328499655593],[3.774219500507194,47.89597149654611],[3.7645009998583845,47.92683849641307],[3.7778405001910946,47.95277249651617],[3.7382055005662744,47.96521599595465],[3.7344149993690885,47.958651496161494],[3.7209984998265755,47.957640995997956],[3.7261920000989446,47.93878149611176],[3.7376744999218765,47.93513699616953],[3.7270369999358937,47.92001749592085],[3.744269499696771,47.903846495936406],[3.741504999412937,47.895469496168154],[3.737270499418866,47.89718499629466],[3.7375309999984916,47.88683749624246],[3.7113500004088866,47.89047649656876],[3.7037979994232715,47.877703496171684],[3.714085000185459,47.86202149654688],[3.706914499557681,47.84578049619561],[3.6589129998095182,47.84179149624684],[3.6438800004111815,47.83629449668817],[3.64751350064881,47.82928299645303],[3.637519499527881,47.83024849586076],[3.6262349998347627,47.85232149609065],[3.5933070000656624,47.832523996092355],[3.5993180004408836,47.830852496295414],[3.559556499927343,47.82645999606871],[3.5604569997403934,47.81628699585286],[3.5343809998451765,47.78817899643198],[3.5266360004963246,47.76424199585397],[3.5503079998639677,47.76098499623862],[3.562593999985086,47.752895996337585],[3.57030549992202,47.760460496120835],[3.5705794993447575,47.74071349649974],[3.5620104995236326,47.73630699620021],[3.5547745004026754,47.71155599665249],[3.5581114998184384,47.69155299599321],[3.5429434996824503,47.689506996668214],[3.524615499754269,47.69792549645944],[3.500849000209961,47.68962049627582],[3.5048084997713307,47.6697919965458],[3.511828499572802,47.665088495837566],[3.4986299994203907,47.636976496475626],[3.5089589997996304,47.631610496056645],[3.5368780001493847,47.633394496443344],[3.5423274993489944,47.627266496422926],[3.5648940001972518,47.63350749633013],[3.579993999694853,47.63046849611467]],[[3.8643550002562486,47.88174049587217],[3.9029104999829554,47.88779599606339],[3.9181760002034753,47.879540496013504],[3.9119004995771474,47.8529094961184],[3.9214829995245246,47.849361996636105],[3.8938669995492425,47.84482699602838],[3.87066250031934,47.8594849961716],[3.8520190002768935,47.854871496339605],[3.8519095003547155,47.86971399594265],[3.8643550002562486,47.88174049587217]],[[3.607207999997864,47.73334849618955],[3.587024999599126,47.745395496588564],[3.6010410002734483,47.76548349656735],[3.6232220003679956,47.75867349600483],[3.602689999719871,47.74792549663428],[3.607207999997864,47.73334849618955]]],[[[3.300055999671177,47.926070995884544],[3.289825999693812,47.91531799651211],[3.2628050005211158,47.907889996242254],[3.2753189997255,47.89322049602311],[3.2934555002077577,47.88673299667841],[3.2752335003148136,47.88089899624584],[3.2744270005520164,47.86930399603486],[3.293280000269463,47.85858249591459],[3.369385500373319,47.858428996395524],[3.381252999772011,47.897671995864],[3.287767500662721,47.89761699636871],[3.2884125003786373,47.907413996740836],[3.333060499692207,47.90942549669547],[3.3437564999690053,47.92313949602769],[3.33895849982968,47.92772249618876],[3.3557495004038635,47.92482749604173],[3.3699455000283485,47.94179749595957],[3.3430694994943844,47.94675399619527],[3.300055999671177,47.926070995884544]]],[[[3.375769499413592,47.99970949648256],[3.3760714994775065,47.98779099657375],[3.356771999427734,47.973570996578026],[3.3921639995044583,47.95850749673157],[3.437656999507783,47.96982499672006],[3.439111999864525,47.98172749608836],[3.432902999594901,47.982685496228775],[3.422034499425803,48.00135799611975],[3.4536390004298707,48.02570299624177],[3.4608345001901344,48.042496996221395],[3.4528985002452814,48.04455149676503],[3.45903299975064,48.049214496693224],[3.4449660004592917,48.05636299598262],[3.4397745000284194,48.05062699641424],[3.396198999437843,48.059421496752755],[3.4057690003737746,48.05173549597207],[3.3988600002774096,48.04505399672232],[3.3917865006281067,48.05015399657224],[3.3924089994032642,48.03436499620523],[3.3723304993120773,48.02586549667726],[3.3700415001612165,48.01851149649079],[3.387605499435355,48.01196949634077],[3.386801499823696,48.00527649676367],[3.375769499413592,47.99970949648256]]],[[[4.38016599981379,47.865489996430234],[4.401423999956878,47.834707996528486],[4.412011999609717,47.844055996714324],[4.408567499703642,47.85162999601989],[4.442790999322561,47.863156996520544],[4.446297500319668,47.84420649651706],[4.468768499503453,47.844697496621016],[4.475404499696488,47.85181899623529],[4.4659804999667445,47.86157149667851],[4.46762599939467,47.868593495904285],[4.510138500517823,47.88388049627844],[4.509647500644825,47.89630499649607],[4.523244500534713,47.89839049648698],[4.522706500133823,47.90478749630978],[4.553641500054147,47.876764996204415],[4.581834000010355,47.89035149638776],[4.608383000172148,47.88403549672686],[4.614417500274353,47.89835799638058],[4.640952999536776,47.91169299670133],[4.653033499982006,47.90182799612722],[4.66121099952767,47.877867996448934],[4.686087999989778,47.88240899644745],[4.7200125000585516,47.87542399647624],[4.7314074994040904,47.887831996254654],[4.729371000358012,47.8945314963529],[4.72292149988231,47.890974496407104],[4.7256220002735745,47.917773496731385],[4.713474999784416,47.923331496441016],[4.713709000617666,47.93596799674738],[4.727427500246135,47.94769999640973],[4.721190999628389,47.95192049636585],[4.73532449998895,47.95792899609061],[4.7073159996761325,47.959085496150095],[4.7023820000165415,47.95212249613061],[4.683470500269038,47.96653849657377],[4.653438499668453,47.96902599656124],[4.637499499624381,47.97833699623648],[4.621323500076782,47.96371999635445],[4.605913999949571,47.96514399590989],[4.599363500481598,47.9467384964322],[4.600188500344041,47.95346999597874],[4.593271499363699,47.94829549649548],[4.578442999458382,47.95703699670575],[4.580145000091507,47.96397649613009],[4.559963500205869,47.971423996577144],[4.4932745000388685,47.96880399593569],[4.446957000051453,47.956199496646796],[4.4179099999291065,47.96845899670968],[4.343219999830949,47.955865496075106],[4.309000999962822,47.961170496024074],[4.3056589998173305,47.954164996385856],[4.339622000282981,47.943962996547164],[4.354143999837003,47.93332299616059],[4.341904500281651,47.92827099620376],[4.348525500388798,47.92289449613272],[4.359444500614949,47.92666449667705],[4.36450999971191,47.92090899659814],[4.352356500491569,47.91806049604318],[4.361890499499642,47.910970996342755],[4.353048500420689,47.90113599618234],[4.358114000383479,47.89367149663793],[4.349936500125634,47.8773944959614],[4.336586499997818,47.87798399611838],[4.340317500454637,47.86878899593152],[4.330542999697679,47.8666624962059],[4.33597350005277,47.86706449631908],[4.337423999932633,47.85242049634178],[4.353684000594398,47.86693999596224],[4.367233499441398,47.8594629960851],[4.38016599981379,47.865489996430234]]],[[[4.805356499674982,47.30155299618476],[4.821929499599655,47.310871995695834],[4.832085500345659,47.30732399652593],[4.828640500260426,47.3128879965226],[4.840048999481785,47.3247914961405],[4.8372310004609185,47.33668699637939],[4.82345349937413,47.347873496178686],[4.82559050034581,47.35678249582769],[4.812547999711266,47.36543199580432],[4.806594999610618,47.33266549581495],[4.787490499689403,47.34211049571913],[4.767644000039835,47.34237299579259],[4.774266499558689,47.3312394958322],[4.767712999591123,47.325207495767785],[4.79202499988198,47.30656149625835],[4.789221499557527,47.30200099573539],[4.808906000340277,47.29800449615088],[4.805356499674982,47.30155299618476]]]]}},{"type":"Feature","properties":{"id":"bouzeron","name":"Bouzeron","region":"Burgundy","grapes":["Aligoté"],"original_region":"Burgundy","key_appellations":[],"desc":"Bouzeron is an appellation in the Burgundy region. Main grapes: Aligoté."},"geometry":{"type":"Polygon","coordinates":[[[4.69866249980832,46.864540996246646],[4.737644000618508,46.88825699625965],[4.743241500234938,46.90042499636721],[4.7373820002033,46.905227995839724],[4.720646499725232,46.89725199608147],[4.713195999645049,46.90642849621105],[4.682542499434974,46.898172496067154],[4.694109499669989,46.8935074959217],[4.683206999667533,46.880248995857905],[4.698140999468796,46.87508149599709],[4.69866249980832,46.864540996246646]]]}},{"type":"Feature","properties":{"id":"batard-montrachet","name":"Bâtard-Montrachet","region":"Burgundy","grapes":["Chardonnay"],"original_region":"Burgundy","key_appellations":[],"desc":"Bâtard-Montrachet is an appellation in the Burgundy region. Main grapes: Chardonnay."},"geometry":{"type":"Polygon","coordinates":[[[4.7058900005525865,46.92743899599295],[4.740284999806623,46.920962996172236],[4.741081499323594,46.929991996237014],[4.758570499959491,46.94051449629682],[4.786292500079624,46.934616495935174],[4.788899999538225,46.94618699628488],[4.734613500343612,46.96027849612416],[4.733570499669076,46.94572049590509],[4.712688999375064,46.94160899620696],[4.707635000225935,46.93424349579882],[4.7058900005525865,46.92743899599295]]]}},{"type":"Feature","properties":{"id":"chablis","name":"Chablis","region":"Burgundy","grapes":["Chardonnay"],"original_region":"Burgundy","key_appellations":[],"desc":"Chablis is an appellation in the Burgundy region. Main grapes: Chardonnay."},"geometry":{"type":"Polygon","coordinates":[[[3.8256460001414974,47.74411349587953],[3.8622774993410625,47.73100749650947],[3.8880555006095183,47.74824999661892],[3.901423000598043,47.744970996545746],[3.908101999405007,47.756530995930035],[3.937050500339271,47.77201399653395],[3.92497299999309,47.776451996669294],[3.9228265002625147,47.78943499611771],[3.9402055002447147,47.794684496518926],[3.9424575005095233,47.82055999588401],[3.8931099995570615,47.813852996263115],[3.8934889998160203,47.831253496587934],[3.9045824996294707,47.847206496167686],[3.8938669995492425,47.84482699602838],[3.87066250031934,47.8594849961716],[3.8455594998119103,47.853335996708054],[3.8171760000595563,47.884911496394125],[3.7987569996199615,47.890989996707546],[3.8022310004768762,47.89328499655593],[3.774219500507194,47.89597149654611],[3.7645009998583845,47.92683849641307],[3.7778405001910946,47.95277249651617],[3.7382055005662744,47.96521599595465],[3.7344149993690885,47.958651496161494],[3.7209984998265755,47.957640995997956],[3.7261920000989446,47.93878149611176],[3.7376744999218765,47.93513699616953],[3.7270369999358937,47.92001749592085],[3.744269499696771,47.903846495936406],[3.741504999412937,47.895469496168154],[3.737270499418866,47.89718499629466],[3.7375309999984916,47.88683749624246],[3.7113500004088866,47.89047649656876],[3.7048420002803226,47.879960496275686],[3.714085000185459,47.86202149654688],[3.705313999882837,47.835589996262804],[3.688675000308029,47.822246995993545],[3.690912999935203,47.807919496393815],[3.7107759995259406,47.78870799636752],[3.7113329999816114,47.77930149619974],[3.7311199996761326,47.7756029962345],[3.731424000428064,47.761791996258914],[3.753514499899229,47.75473399628901],[3.759541999649364,47.74575549658216],[3.7869205003157265,47.7349829959511],[3.8256460001414974,47.74411349587953]]]}},{"type":"Feature","properties":{"id":"chablis-grand-cru","name":"Chablis grand cru","region":"Burgundy","grapes":["Chardonnay"],"original_region":"Burgundy","key_appellations":[],"desc":"Chablis grand cru is an appellation in the Burgundy region. Main grapes: Chardonnay."},"geometry":{"type":"Polygon","coordinates":[[[3.8352200000989836,47.849240995923594],[3.8190885003470365,47.831502496749906],[3.804809000420997,47.83680999625518],[3.795166999396682,47.83112899636584],[3.788454499975377,47.837239496163455],[3.7527340006370746,47.83538449626701],[3.76303500063379,47.825994496564626],[3.7407304997446023,47.80337249632033],[3.7440675001246824,47.78075449631011],[3.781304000485781,47.78331299605462],[3.773338000131179,47.77009849631854],[3.7781724997156827,47.763876996488676],[3.8087585006269156,47.76988099592391],[3.8048945004927983,47.796555995879444],[3.8228750006304875,47.809371496113066],[3.8324575003362202,47.80587549647527],[3.838012500389903,47.825188995980014],[3.8473284995854513,47.83334399599824],[3.8441894994031496,47.84512299613809],[3.8352200000989836,47.849240995923594]]]}},{"type":"Feature","properties":{"id":"chambertin","name":"Chambertin","region":"Burgundy","grapes":["Chardonnay","Pinotlanc","Pinot Gris","Pinotoir"],"original_region":"Burgundy","key_appellations":[],"desc":"Chambertin is an appellation in the Burgundy region. Main grapes: Chardonnay, Pinotlanc, Pinot Gris, Pinotoir."},"geometry":{"type":"Polygon","coordinates":[[[4.9260254998464825,47.223848495692934],[4.93016850023545,47.22220099638099],[4.922745999801866,47.213390996113375],[4.93157800027334,47.208917995679066],[4.943278999983042,47.211893996146394],[4.995410499991882,47.200352996402614],[5.011281000460018,47.2179884957458],[5.026765499504223,47.21461249643764],[5.02464099938904,47.202555996031265],[5.029620500046026,47.20176449619953],[5.049811000070797,47.21708799640878],[5.028761499602484,47.22541199571106],[5.030446499762998,47.235273495905155],[4.979543500247468,47.229864495995834],[4.93533100001313,47.237274496480765],[4.929412999678983,47.23650749608542],[4.931126499444334,47.22395999620478],[4.9260254998464825,47.223848495692934]]]}},{"type":"Feature","properties":{"id":"chambertin-clos-de-beze","name":"Chambertin-Clos de Bèze","region":"Burgundy","grapes":["Chardonnay","Pinotlanc","Pinot Gris","Pinotoir"],"original_region":"Burgundy","key_appellations":[],"desc":"Chambertin-Clos de Bèze is an appellation in the Burgundy region. Main grapes: Chardonnay, Pinotlanc, Pinot Gris, Pinotoir."},"geometry":{"type":"Polygon","coordinates":[[[4.9260254998464825,47.223848495692934],[4.93016850023545,47.22220099638099],[4.922745999801866,47.213390996113375],[4.93157800027334,47.208917995679066],[4.943278999983042,47.211893996146394],[4.995410499991882,47.200352996402614],[5.011281000460018,47.2179884957458],[5.026765499504223,47.21461249643764],[5.02464099938904,47.202555996031265],[5.029620500046026,47.20176449619953],[5.049811000070797,47.21708799640878],[5.028761499602484,47.22541199571106],[5.030446499762998,47.235273495905155],[4.979543500247468,47.229864495995834],[4.93533100001313,47.237274496480765],[4.929412999678983,47.23650749608542],[4.931126499444334,47.22395999620478],[4.9260254998464825,47.223848495692934]]]}},{"type":"Feature","properties":{"id":"chambolle-musigny","name":"Chambolle-Musigny","region":"Burgundy","grapes":["Chardonnay","Pinotlanc","Pinot Gris","Pinotoir"],"original_region":"Burgundy","key_appellations":[],"desc":"Chambolle-Musigny is an appellation in the Burgundy region. Main grapes: Chardonnay, Pinotlanc, Pinot Gris, Pinotoir."},"geometry":{"type":"Polygon","coordinates":[[[4.963624499479706,47.178310496263094],[4.9667905001013235,47.18633849625431],[4.980168000085212,47.18899299621132],[4.921524000081196,47.199017995680066],[4.921166999808216,47.1793144963678],[4.943930999585773,47.17371649647994],[4.963624499479706,47.178310496263094]]]}},{"type":"Feature","properties":{"id":"chapelle-chambertin","name":"Chapelle-Chambertin","region":"Burgundy","grapes":["Chardonnay","Pinotlanc","Pinot Gris","Pinotoir"],"original_region":"Burgundy","key_appellations":[],"desc":"Chapelle-Chambertin is an appellation in the Burgundy region. Main grapes: Chardonnay, Pinotlanc, Pinot Gris, Pinotoir."},"geometry":{"type":"Polygon","coordinates":[[[4.9260254998464825,47.223848495692934],[4.93016850023545,47.22220099638099],[4.922745999801866,47.213390996113375],[4.93157800027334,47.208917995679066],[4.943278999983042,47.211893996146394],[4.995410499991882,47.200352996402614],[5.011281000460018,47.2179884957458],[5.026765499504223,47.21461249643764],[5.02464099938904,47.202555996031265],[5.029620500046026,47.20176449619953],[5.049811000070797,47.21708799640878],[5.028761499602484,47.22541199571106],[5.030446499762998,47.235273495905155],[4.979543500247468,47.229864495995834],[4.93533100001313,47.237274496480765],[4.929412999678983,47.23650749608542],[4.931126499444334,47.22395999620478],[4.9260254998464825,47.223848495692934]]]}},{"type":"Feature","properties":{"id":"charlemagne","name":"Charlemagne","region":"Burgundy","grapes":["Chardonnay","Pinotlanc"],"original_region":"Burgundy","key_appellations":[],"desc":"Charlemagne is an appellation in the Burgundy region. Main grapes: Chardonnay, Pinotlanc."},"geometry":{"type":"Polygon","coordinates":[[[4.875556000540115,47.07340249565526],[4.860345999801496,47.09313299595174],[4.8335184996256135,47.091558495633116],[4.834162999608951,47.07565899577291],[4.845986999992488,47.06932599590365],[4.8428229998825,47.06502949585011],[4.8532705002479215,47.06169599632062],[4.851125500699416,47.05809749562561],[4.859128500370779,47.0560329956211],[4.875556000540115,47.07340249565526]]]}},{"type":"Feature","properties":{"id":"charmes-chambertin","name":"Charmes-Chambertin","region":"Burgundy","grapes":["Chardonnay","Pinotlanc","Pinot Gris","Pinotoir"],"original_region":"Burgundy","key_appellations":[],"desc":"Charmes-Chambertin is an appellation in the Burgundy region. Main grapes: Chardonnay, Pinotlanc, Pinot Gris, Pinotoir."},"geometry":{"type":"Polygon","coordinates":[[[4.9260254998464825,47.223848495692934],[4.93016850023545,47.22220099638099],[4.922745999801866,47.213390996113375],[4.93157800027334,47.208917995679066],[4.943278999983042,47.211893996146394],[4.995410499991882,47.200352996402614],[5.011281000460018,47.2179884957458],[5.026765499504223,47.21461249643764],[5.02464099938904,47.202555996031265],[5.029620500046026,47.20176449619953],[5.049811000070797,47.21708799640878],[5.028761499602484,47.22541199571106],[5.030446499762998,47.235273495905155],[4.979543500247468,47.229864495995834],[4.93533100001313,47.237274496480765],[4.929412999678983,47.23650749608542],[4.931126499444334,47.22395999620478],[4.9260254998464825,47.223848495692934]]]}},{"type":"Feature","properties":{"id":"chassagne-montrachet","name":"Chassagne-Montrachet","region":"Burgundy","grapes":["Chardonnay","Pinotlanc","Pinot Gris","Pinotoir"],"original_region":"Burgundy","key_appellations":[],"desc":"Chassagne-Montrachet is an appellation in the Burgundy region. Main grapes: Chardonnay, Pinotlanc, Pinot Gris, Pinotoir."},"geometry":{"type":"Polygon","coordinates":[[[4.728128500195986,46.91937199598284],[4.744314999948055,46.92443449617121],[4.741081499323594,46.929991996237014],[4.749378999899356,46.93956899592796],[4.735281500322493,46.945773995993534],[4.712688999375064,46.94160899620696],[4.7058900005525865,46.92743899599295],[4.728128500195986,46.91937199598284]]]}},{"type":"Feature","properties":{"id":"chevalier-montrachet","name":"Chevalier-Montrachet","region":"Burgundy","grapes":["Chardonnay"],"original_region":"Burgundy","key_appellations":[],"desc":"Chevalier-Montrachet is an appellation in the Burgundy region. Main grapes: Chardonnay."},"geometry":{"type":"Polygon","coordinates":[[[4.74971050045639,46.937821495894546],[4.786292500079624,46.934616495935174],[4.788899999538225,46.94618699628488],[4.734613500343612,46.96027849612416],[4.733570499669076,46.94572049590509],[4.74971050045639,46.937821495894546]]]}},{"type":"Feature","properties":{"id":"chorey-les-beaune","name":"Chorey-lès-Beaune","region":"Burgundy","grapes":["Chardonnay","Pinotlanc","Pinot Gris","Pinotoir"],"original_region":"Burgundy","key_appellations":[],"desc":"Chorey-lès-Beaune is an appellation in the Burgundy region. Main grapes: Chardonnay, Pinotlanc, Pinot Gris, Pinotoir."},"geometry":{"type":"Polygon","coordinates":[[[4.895614499947182,47.04091549608703],[4.866672499569051,47.06378749579958],[4.847745500584269,47.0534014964196],[4.854136000436502,47.049255996511164],[4.850103499908882,47.040478995761475],[4.895614499947182,47.04091549608703]]]}},{"type":"Feature","properties":{"id":"clos-saint-denis","name":"Clos Saint-Denis","region":"Burgundy","grapes":["Chardonnay","Pinotlanc","Pinot Gris","Pinotoir"],"original_region":"Burgundy","key_appellations":[],"desc":"Clos Saint-Denis is an appellation in the Burgundy region. Main grapes: Chardonnay, Pinotlanc, Pinot Gris, Pinotoir."},"geometry":{"type":"Polygon","coordinates":[[[4.995410499991882,47.200352996402614],[4.943278999983042,47.211893996146394],[4.9240020004829175,47.20247249644931],[4.9330785000204616,47.194229496527115],[4.937154000405059,47.19862149565984],[4.982882999740235,47.18838399637789],[5.005367499733663,47.19211199589688],[4.995410499991882,47.200352996402614]]]}},{"type":"Feature","properties":{"id":"clos-de-tart","name":"Clos de Tart","region":"Burgundy","grapes":["Chardonnay","Pinotlanc","Pinot Gris","Pinotoir"],"original_region":"Burgundy","key_appellations":[],"desc":"Clos de Tart is an appellation in the Burgundy region. Main grapes: Chardonnay, Pinotlanc, Pinot Gris, Pinotoir."},"geometry":{"type":"Polygon","coordinates":[[[4.995410499991882,47.200352996402614],[4.943278999983042,47.211893996146394],[4.9240020004829175,47.20247249644931],[4.9330785000204616,47.194229496527115],[4.937154000405059,47.19862149565984],[4.982882999740235,47.18838399637789],[5.005367499733663,47.19211199589688],[4.995410499991882,47.200352996402614]]]}},{"type":"Feature","properties":{"id":"clos-de-vougeot-clos-vougeot","name":"Clos de Vougeot / Clos Vougeot","region":"Burgundy","grapes":["Chardonnay","Pinotlanc","Pinot Gris","Pinotoir"],"original_region":"Burgundy","key_appellations":[],"desc":"Clos de Vougeot / Clos Vougeot is an appellation in the Burgundy region. Main grapes: Chardonnay, Pinotlanc, Pinot Gris, Pinotoir."},"geometry":{"type":"Polygon","coordinates":[[[4.966412499823056,47.17190049578581],[4.9561195000222185,47.17870599592983],[4.955313999747165,47.16895849590367],[4.966412499823056,47.17190049578581]]]}},{"type":"Feature","properties":{"id":"clos-de-la-roche","name":"Clos de la Roche","region":"Burgundy","grapes":["Chardonnay","Pinotlanc","Pinot Gris","Pinotoir"],"original_region":"Burgundy","key_appellations":[],"desc":"Clos de la Roche is an appellation in the Burgundy region. Main grapes: Chardonnay, Pinotlanc, Pinot Gris, Pinotoir."},"geometry":{"type":"Polygon","coordinates":[[[4.995410499991882,47.200352996402614],[4.943278999983042,47.211893996146394],[4.9240020004829175,47.20247249644931],[4.9330785000204616,47.194229496527115],[4.937154000405059,47.19862149565984],[4.982882999740235,47.18838399637789],[5.005367499733663,47.19211199589688],[4.995410499991882,47.200352996402614]]]}},{"type":"Feature","properties":{"id":"clos-des-lambrays","name":"Clos des Lambrays","region":"Burgundy","grapes":["Chardonnay","Pinotlanc","Pinot Gris","Pinotoir"],"original_region":"Burgundy","key_appellations":[],"desc":"Clos des Lambrays is an appellation in the Burgundy region. Main grapes: Chardonnay, Pinotlanc, Pinot Gris, Pinotoir."},"geometry":{"type":"Polygon","coordinates":[[[4.995410499991882,47.200352996402614],[4.943278999983042,47.211893996146394],[4.9240020004829175,47.20247249644931],[4.9330785000204616,47.194229496527115],[4.937154000405059,47.19862149565984],[4.982882999740235,47.18838399637789],[5.005367499733663,47.19211199589688],[4.995410499991882,47.200352996402614]]]}},{"type":"Feature","properties":{"id":"corton","name":"Corton","region":"Burgundy","grapes":["Chardonnay","Pinotlanc","Pinot Gris","Pinotoir"],"original_region":"Burgundy","key_appellations":[],"desc":"Corton is an appellation in the Burgundy region. Main grapes: Chardonnay, Pinotlanc, Pinot Gris, Pinotoir."},"geometry":{"type":"Polygon","coordinates":[[[4.881345499593917,47.08420249587119],[4.868406500621916,47.08242599619278],[4.858135000232502,47.09376649643408],[4.8335184996256135,47.091558495633116],[4.834162999608951,47.07565899577291],[4.845986999992488,47.06932599590365],[4.8428229998825,47.06502949585011],[4.8532705002479215,47.06169599632062],[4.851125500699416,47.05809749562561],[4.870233499772995,47.062493496230665],[4.895614499947182,47.04091549608703],[4.962209999450458,47.048414496311075],[4.958360000442381,47.051832996119586],[4.964231999760022,47.06124549646191],[4.9413074996828765,47.06815199611121],[4.934924999514486,47.07633649575386],[4.9047985003391235,47.07603849578166],[4.893984499756907,47.093785496283274],[4.881951000586006,47.09018249616298],[4.881345499593917,47.08420249587119]]]}},{"type":"Feature","properties":{"id":"corton-charlemagne","name":"Corton-Charlemagne","region":"Burgundy","grapes":["Chardonnay","Pinotlanc"],"original_region":"Burgundy","key_appellations":[],"desc":"Corton-Charlemagne is an appellation in the Burgundy region. Main grapes: Chardonnay, Pinotlanc."},"geometry":{"type":"Polygon","coordinates":[[[4.881345499593917,47.08420249587119],[4.868406500621916,47.08242599619278],[4.858135000232502,47.09376649643408],[4.8335184996256135,47.091558495633116],[4.834162999608951,47.07565899577291],[4.845986999992488,47.06932599590365],[4.8428229998825,47.06502949585011],[4.8532705002479215,47.06169599632062],[4.851125500699416,47.05809749562561],[4.870233499772995,47.062493496230665],[4.895614499947182,47.04091549608703],[4.962209999450458,47.048414496311075],[4.958360000442381,47.051832996119586],[4.964231999760022,47.06124549646191],[4.9413074996828765,47.06815199611121],[4.934924999514486,47.07633649575386],[4.9047985003391235,47.07603849578166],[4.893984499756907,47.093785496283274],[4.881951000586006,47.09018249616298],[4.881345499593917,47.08420249587119]]]}},{"type":"Feature","properties":{"id":"criots-batard-montrachet","name":"Criots-Bâtard-Montrachet","region":"Burgundy","grapes":["Chardonnay"],"original_region":"Burgundy","key_appellations":[],"desc":"Criots-Bâtard-Montrachet is an appellation in the Burgundy region. Main grapes: Chardonnay."},"geometry":{"type":"Polygon","coordinates":[[[4.728128500195986,46.91937199598284],[4.744314999948055,46.92443449617121],[4.741081499323594,46.929991996237014],[4.749378999899356,46.93956899592796],[4.735281500322493,46.945773995993534],[4.712688999375064,46.94160899620696],[4.7058900005525865,46.92743899599295],[4.728128500195986,46.91937199598284]]]}},{"type":"Feature","properties":{"id":"cote-de-beaune","name":"Côte de Beaune","region":"Burgundy","grapes":["Chardonnay","Pinotlanc","Pinot Gris","Pinotoir"],"original_region":"Burgundy","key_appellations":[],"desc":"Côte de Beaune is an appellation in the Burgundy region. Main grapes: Chardonnay, Pinotlanc, Pinot Gris, Pinotoir."},"geometry":{"type":"Polygon","coordinates":[[[4.852464999941894,46.99812449630816],[4.860949499664883,47.00509399569982],[4.891020499430236,46.99551899569164],[4.896395000510515,46.99926899645161],[4.892044499912044,47.01291249579412],[4.85870599960588,47.02039949616641],[4.879367500481366,47.03237399607965],[4.882842999462978,47.04092899597645],[4.850103499908882,47.040478995761475],[4.830205000332834,47.05144349615759],[4.787727999862579,47.05559649584624],[4.79468449968891,47.05076799568574],[4.786749499400699,47.04279249560251],[4.793845499579438,47.023784996059184],[4.824527999407457,47.00278349637496],[4.852464999941894,46.99812449630816]]]}},{"type":"Feature","properties":{"id":"cote-de-beaune-villages","name":"Côte de Beaune-Villages","region":"Burgundy","grapes":["Chardonnay","Pinotlanc","Pinot Gris","Pinotoir"],"original_region":"Burgundy","key_appellations":[],"desc":"Côte de Beaune-Villages is an appellation in the Burgundy region. Main grapes: Chardonnay, Pinotlanc, Pinot Gris, Pinotoir."},"geometry":{"type":"MultiPolygon","coordinates":[[[[4.635623499470665,46.88485849604891],[4.646416000135497,46.88090599591256],[4.653391000220934,46.887684496407594],[4.671052499538663,46.886031996152845],[4.683206999667533,46.880248995857905],[4.694109499669989,46.8935074959217],[4.684285999616541,46.8959769955361],[4.685224999450613,46.900952996126115],[4.713195999645049,46.90642849621105],[4.720646499725232,46.89725199608147],[4.729647999700264,46.900349495769845],[4.733861999913882,46.912412495997515],[4.728128500195986,46.91937199598284],[4.740284999806623,46.920962996172236],[4.74971050045639,46.937821495894546],[4.78910899975124,46.93586049604793],[4.788899999538225,46.94618699628488],[4.778315499498292,46.95139249553828],[4.787083500589764,46.960654996274016],[4.818087499983651,46.951618495603824],[4.799666000456472,46.96700149576991],[4.805971000024755,46.979736995842096],[4.775113500541478,46.99078399567034],[4.762513500320028,47.011984995762155],[4.71954700057272,47.020804496294694],[4.692127999834373,47.03329499626595],[4.687734000099042,47.04116949598352],[4.66999549958994,47.035905995581864],[4.664405999452931,47.01477949567035],[4.6716779996135065,47.00495649572825],[4.698910499366579,47.00192499635777],[4.7037069995942575,46.98985599631588],[4.697587999796109,46.976301996250314],[4.702304500556337,46.9699494960976],[4.71624599948283,46.97002099585144],[4.703259499373512,46.960253995775595],[4.710751000415892,46.955734995973856],[4.683904999557664,46.95052699600419],[4.679176500567509,46.94306249642798],[4.688041499488206,46.93689699583307],[4.681763000103909,46.92698949612818],[4.652316000302815,46.93879299601445],[4.643082499607159,46.92417399631682],[4.651604999737664,46.917657496094115],[4.636774000354193,46.90108899627301],[4.645930000565155,46.89558549558142],[4.635623499470665,46.88485849604891]]],[[[4.85978750025737,47.040626996195094],[4.959547000508797,47.04645049563726],[4.964231999760022,47.06124549646191],[4.9413074996828765,47.06815199611121],[4.934924999514486,47.07633649575386],[4.9047985003391235,47.07603849578166],[4.893984499756907,47.093785496283274],[4.868406500621916,47.08242599619278],[4.860345999801496,47.09313299595174],[4.838197999464506,47.091591496316866],[4.834239499941171,47.10279349635643],[4.811677500566501,47.106610996153684],[4.796296999470458,47.117605996151994],[4.79042499989921,47.11090299593788],[4.772047500293324,47.11204649608777],[4.766110000633437,47.09469299603238],[4.754997000585774,47.09057999634998],[4.761564999859624,47.08720249592033],[4.754348499403068,47.082043996384854],[4.762393499895091,47.07345899567358],[4.759663000047988,47.06843149571004],[4.85978750025737,47.040626996195094]],[[4.874067000068168,47.071139995967265],[4.859128500370779,47.0560329956211],[4.851125500699416,47.05809749562561],[4.849519499873126,47.07302849619592],[4.868883000576387,47.079939495661954],[4.874067000068168,47.071139995967265]]]]}},{"type":"Feature","properties":{"id":"cote-de-nuits-villages-vins-fins-de-la-cote-de-nuits","name":"Côte de Nuits-Villages / Vins fins de la Côte de Nuits","region":"Burgundy","grapes":["Chardonnay","Pinotlanc","Pinot Gris","Pinotoir"],"original_region":"Burgundy","key_appellations":[],"desc":"Côte de Nuits-Villages / Vins fins de la Côte de Nuits is an appellation in the Burgundy region. Main grapes: Chardonnay, Pinotlanc, Pinot Gris, Pinotoir."},"geometry":{"type":"MultiPolygon","coordinates":[[[[4.976354499458486,47.074958996441666],[4.966543500112535,47.08044899588009],[4.968234000065679,47.093416496427466],[4.954796000557159,47.10704449628703],[4.9591775005106955,47.11306549628096],[4.925213000111971,47.12508499643818],[4.902476500529737,47.10876299567376],[4.905219499558101,47.099971496213044],[4.893984499756907,47.093785496283274],[4.9047985003391235,47.07603849578166],[4.934924999514486,47.07633649575386],[4.9413074996828765,47.06815199611121],[4.962716999832357,47.06213999607281],[4.97524600009941,47.06715349599435],[4.976354499458486,47.074958996441666]]],[[[4.9201124999651125,47.24369149602022],[4.9260254998464825,47.223848495692934],[4.931126499444334,47.22395999620478],[4.929412999678983,47.23650749608542],[4.93533100001313,47.237274496480765],[4.979543500247468,47.229864495995834],[5.025111000510943,47.23557849597302],[5.011736500433147,47.248264996254086],[4.9912499993628785,47.253642996521044],[4.9061735005817235,47.26029399616038],[4.904119999565166,47.256063996284894],[4.9201124999651125,47.24369149602022]]]]}},{"type":"Feature","properties":{"id":"echezeaux","name":"Echezeaux","region":"Burgundy","grapes":["Chardonnay","Pinotlanc","Pinot Gris","Pinotoir"],"original_region":"Burgundy","key_appellations":[],"desc":"Echezeaux is an appellation in the Burgundy region. Main grapes: Chardonnay, Pinotlanc, Pinot Gris, Pinotoir."},"geometry":{"type":"Polygon","coordinates":[[[5.014208999351264,47.1444729963741],[5.010168500606572,47.15604299580275],[4.983217499373508,47.17035499604325],[4.967871500276215,47.17428649605185],[4.958502500480939,47.168030996252526],[4.953280000604599,47.17462999597482],[4.933929999360293,47.178442996184486],[4.937444499469418,47.170622995914826],[4.9692709997888045,47.16427449594921],[4.976512499799862,47.149168496044425],[4.987910000633333,47.14355099613373],[5.014208999351264,47.1444729963741]]]}},{"type":"Feature","properties":{"id":"fixin","name":"Fixin","region":"Burgundy","grapes":["Chardonnay","Pinotlanc","Pinot Gris","Pinotoir"],"original_region":"Burgundy","key_appellations":[],"desc":"Fixin is an appellation in the Burgundy region. Main grapes: Chardonnay, Pinotlanc, Pinot Gris, Pinotoir."},"geometry":{"type":"Polygon","coordinates":[[[4.924852499689671,47.22553949595432],[4.931126499444334,47.22395999620478],[4.929412999678983,47.23650749608542],[4.93533100001313,47.237274496480765],[4.979543500247468,47.229864495995834],[5.025111000510943,47.23557849597302],[5.011736500433147,47.248264996254086],[4.9912499993628785,47.253642996521044],[4.9061735005817235,47.26029399616038],[4.904119999565166,47.256063996284894],[4.9201124999651125,47.24369149602022],[4.924852499689671,47.22553949595432]]]}},{"type":"Feature","properties":{"id":"gevrey-chambertin","name":"Gevrey-Chambertin","region":"Burgundy","grapes":["Chardonnay","Pinotlanc","Pinot Gris","Pinotoir"],"original_region":"Burgundy","key_appellations":[],"desc":"Gevrey-Chambertin is an appellation in the Burgundy region. Main grapes: Chardonnay, Pinotlanc, Pinot Gris, Pinotoir."},"geometry":{"type":"Polygon","coordinates":[[[5.030446499762998,47.235273495905155],[4.934770000297699,47.24340749648402],[4.928598999715241,47.248361496226835],[4.943901000141217,47.24929449619641],[4.930050499935167,47.251028995881754],[4.9148485003188105,47.24826499601608],[4.93016850023545,47.22220099638099],[4.923234499541904,47.21257049616751],[4.995410499991882,47.200352996402614],[5.011281000460018,47.2179884957458],[5.026765499504223,47.21461249643764],[5.02464099938904,47.202555996031265],[5.04288849971348,47.20820449593267],[5.049811000070797,47.21708799640878],[5.028761499602484,47.22541199571106],[5.030446499762998,47.235273495905155]]]}},{"type":"Feature","properties":{"id":"givry","name":"Givry","region":"Burgundy","grapes":["Chardonnay","Pinotlanc","Pinot Gris","Pinotoir"],"original_region":"Burgundy","key_appellations":[],"desc":"Givry is an appellation in the Burgundy region. Main grapes: Chardonnay, Pinotlanc, Pinot Gris, Pinotoir."},"geometry":{"type":"Polygon","coordinates":[[[4.776417000029491,46.742603996066144],[4.803172499784042,46.749511995872915],[4.809229499340602,46.75739199599303],[4.786265500131494,46.760766495798414],[4.780968999504296,46.771050995515445],[4.789447000027994,46.77401849602293],[4.784818499764789,46.78518949566212],[4.7999004995438606,46.79836749548865],[4.760237999765613,46.81118599617968],[4.745888000228331,46.79515199555175],[4.725865500601132,46.789901496272755],[4.667735999592293,46.77783149559288],[4.654589999491291,46.78560699559183],[4.648532499552265,46.78004749636494],[4.62678400000866,46.78031699630227],[4.6446235000136875,46.77469249577612],[4.655122000629574,46.778171495590655],[4.662408499815869,46.764837496161476],[4.7203310005297645,46.7669754959385],[4.74213399972876,46.752117496067235],[4.776417000029491,46.742603996066144]]]}},{"type":"Feature","properties":{"id":"grands-echezeaux","name":"Grands-Echezeaux","region":"Burgundy","grapes":["Chardonnay","Pinotlanc","Pinot Gris","Pinotoir"],"original_region":"Burgundy","key_appellations":[],"desc":"Grands-Echezeaux is an appellation in the Burgundy region. Main grapes: Chardonnay, Pinotlanc, Pinot Gris, Pinotoir."},"geometry":{"type":"Polygon","coordinates":[[[5.014208999351264,47.1444729963741],[5.010168500606572,47.15604299580275],[4.983217499373508,47.17035499604325],[4.967871500276215,47.17428649605185],[4.958502500480939,47.168030996252526],[4.953280000604599,47.17462999597482],[4.933929999360293,47.178442996184486],[4.937444499469418,47.170622995914826],[4.9692709997888045,47.16427449594921],[4.976512499799862,47.149168496044425],[4.987910000633333,47.14355099613373],[5.014208999351264,47.1444729963741]]]}},{"type":"Feature","properties":{"id":"griotte-chambertin","name":"Griotte-Chambertin","region":"Burgundy","grapes":["Chardonnay","Pinotlanc","Pinot Gris","Pinotoir"],"original_region":"Burgundy","key_appellations":[],"desc":"Griotte-Chambertin is an appellation in the Burgundy region. Main grapes: Chardonnay, Pinotlanc, Pinot Gris, Pinotoir."},"geometry":{"type":"Polygon","coordinates":[[[4.9260254998464825,47.223848495692934],[4.93016850023545,47.22220099638099],[4.922745999801866,47.213390996113375],[4.93157800027334,47.208917995679066],[4.943278999983042,47.211893996146394],[4.995410499991882,47.200352996402614],[5.011281000460018,47.2179884957458],[5.026765499504223,47.21461249643764],[5.02464099938904,47.202555996031265],[5.029620500046026,47.20176449619953],[5.049811000070797,47.21708799640878],[5.028761499602484,47.22541199571106],[5.030446499762998,47.235273495905155],[4.979543500247468,47.229864495995834],[4.93533100001313,47.237274496480765],[4.929412999678983,47.23650749608542],[4.931126499444334,47.22395999620478],[4.9260254998464825,47.223848495692934]]]}},{"type":"Feature","properties":{"id":"irancy","name":"Irancy","region":"Burgundy","grapes":["César","Pinot Gris","Pinotoir"],"original_region":"Burgundy","key_appellations":[],"desc":"Irancy is an appellation in the Burgundy region. Main grapes: César, Pinot Gris, Pinotoir."},"geometry":{"type":"Polygon","coordinates":[[[3.6989830006024094,47.64159349588698],[3.714920500011582,47.632544996360004],[3.7245804996230802,47.666073996166716],[3.7138849994078202,47.665834496063646],[3.715239500363995,47.67045749628301],[3.7591190006633077,47.6977249959157],[3.779555499900957,47.70197149655892],[3.787889500696925,47.711897995865726],[3.7710315000413983,47.70706949661292],[3.734843499624314,47.71695499600535],[3.695309000289849,47.716478495901576],[3.687517499334064,47.72457399657735],[3.6795264994238606,47.71958499612196],[3.630287000206997,47.720186995879864],[3.6411510000328375,47.69856749613709],[3.6608110001012797,47.698795496153835],[3.658282000245799,47.690862496020145],[3.6868029996974325,47.68082099643069],[3.6798709999197765,47.6700619960697],[3.6989830006024094,47.64159349588698]]]}},{"type":"Feature","properties":{"id":"la-grande-rue","name":"La Grande Rue","region":"Burgundy","grapes":["Chardonnay","Pinotlanc","Pinot Gris","Pinotoir"],"original_region":"Burgundy","key_appellations":[],"desc":"La Grande Rue is an appellation in the Burgundy region. Main grapes: Chardonnay, Pinotlanc, Pinot Gris, Pinotoir."},"geometry":{"type":"Polygon","coordinates":[[[4.976353499844569,47.15533749608631],[4.968628500024942,47.1646044961433],[4.935980999629233,47.16903649564442],[4.939970499435032,47.15877549591572],[4.952767000247594,47.156010496424194],[4.950945500027867,47.14975099567701],[4.961476999765991,47.147936496286405],[4.976353499844569,47.15533749608631]]]}},{"type":"Feature","properties":{"id":"la-romanee","name":"La Romanée","region":"Burgundy","grapes":["Chardonnay","Pinotlanc","Pinot Gris","Pinotoir"],"original_region":"Burgundy","key_appellations":[],"desc":"La Romanée is an appellation in the Burgundy region. Main grapes: Chardonnay, Pinotlanc, Pinot Gris, Pinotoir."},"geometry":{"type":"Polygon","coordinates":[[[4.976353499844569,47.15533749608631],[4.968628500024942,47.1646044961433],[4.935980999629233,47.16903649564442],[4.939970499435032,47.15877549591572],[4.952767000247594,47.156010496424194],[4.950945500027867,47.14975099567701],[4.961476999765991,47.147936496286405],[4.976353499844569,47.15533749608631]]]}},{"type":"Feature","properties":{"id":"la-tache","name":"La Tâche","region":"Burgundy","grapes":["Chardonnay","Pinotlanc","Pinot Gris","Pinotoir"],"original_region":"Burgundy","key_appellations":[],"desc":"La Tâche is an appellation in the Burgundy region. Main grapes: Chardonnay, Pinotlanc, Pinot Gris, Pinotoir."},"geometry":{"type":"Polygon","coordinates":[[[4.976353499844569,47.15533749608631],[4.968628500024942,47.1646044961433],[4.935980999629233,47.16903649564442],[4.939970499435032,47.15877549591572],[4.952767000247594,47.156010496424194],[4.950945500027867,47.14975099567701],[4.961476999765991,47.147936496286405],[4.976353499844569,47.15533749608631]]]}},{"type":"Feature","properties":{"id":"ladoix","name":"Ladoix","region":"Burgundy","grapes":["Chardonnay","Pinotlanc","Pinot Gris","Pinotoir"],"original_region":"Burgundy","key_appellations":[],"desc":"Ladoix is an appellation in the Burgundy region. Main grapes: Chardonnay, Pinotlanc, Pinot Gris, Pinotoir."},"geometry":{"type":"Polygon","coordinates":[[[4.868883000576387,47.079939495661954],[4.875556000540115,47.07340249565526],[4.866672499569051,47.06378749579958],[4.895614499947182,47.04091549608703],[4.959547000508797,47.04645049563726],[4.964809999384726,47.05686199627225],[4.934924999514486,47.07633649575386],[4.9047985003391235,47.07603849578166],[4.893984499756907,47.093785496283274],[4.868883000576387,47.079939495661954]]]}},{"type":"Feature","properties":{"id":"latricieres-chambertin","name":"Latricières-Chambertin","region":"Burgundy","grapes":["Chardonnay","Pinotlanc","Pinot Gris","Pinotoir"],"original_region":"Burgundy","key_appellations":[],"desc":"Latricières-Chambertin is an appellation in the Burgundy region. Main grapes: Chardonnay, Pinotlanc, Pinot Gris, Pinotoir."},"geometry":{"type":"Polygon","coordinates":[[[4.9260254998464825,47.223848495692934],[4.93016850023545,47.22220099638099],[4.922745999801866,47.213390996113375],[4.93157800027334,47.208917995679066],[4.943278999983042,47.211893996146394],[4.995410499991882,47.200352996402614],[5.011281000460018,47.2179884957458],[5.026765499504223,47.21461249643764],[5.02464099938904,47.202555996031265],[5.029620500046026,47.20176449619953],[5.049811000070797,47.21708799640878],[5.028761499602484,47.22541199571106],[5.030446499762998,47.235273495905155],[4.979543500247468,47.229864495995834],[4.93533100001313,47.237274496480765],[4.929412999678983,47.23650749608542],[4.931126499444334,47.22395999620478],[4.9260254998464825,47.223848495692934]]]}},{"type":"Feature","properties":{"id":"maranges","name":"Maranges","region":"Burgundy","grapes":["Chardonnay","Pinotlanc","Pinot Gris","Pinotoir"],"original_region":"Burgundy","key_appellations":[],"desc":"Maranges is an appellation in the Burgundy region. Main grapes: Chardonnay, Pinotlanc, Pinot Gris, Pinotoir."},"geometry":{"type":"Polygon","coordinates":[[[4.635623499470665,46.88485849604891],[4.65480250062398,46.88361699630908],[4.653391000220934,46.887684496407594],[4.683206999667533,46.880248995857905],[4.694109499669989,46.8935074959217],[4.664098000557634,46.91344399627331],[4.679589999978574,46.92991399568343],[4.652316000302815,46.93879299601445],[4.643082499607159,46.92417399631682],[4.651604999737664,46.917657496094115],[4.636774000354193,46.90108899627301],[4.645930000565155,46.89558549558142],[4.635623499470665,46.88485849604891]]]}},{"type":"Feature","properties":{"id":"marsannay","name":"Marsannay","region":"Burgundy","grapes":["Chardonnay","Pinotlanc","Pinot Gris","Pinotoir"],"original_region":"Burgundy","key_appellations":[],"desc":"Marsannay is an appellation in the Burgundy region. Main grapes: Chardonnay, Pinotlanc, Pinot Gris, Pinotoir."},"geometry":{"type":"Polygon","coordinates":[[[4.938584499868063,47.27838149652278],[4.928963500615081,47.265409496180716],[4.907184000013784,47.26756149628731],[4.900019500169575,47.26290549611714],[4.919117499480463,47.25645399599697],[4.9912499993628785,47.253642996521044],[5.025793500253102,47.240146995916966],[4.9990120006202865,47.26084549594919],[5.00025250008645,47.268511996190995],[5.019728500185848,47.27346699637562],[5.035770999566463,47.2648514959952],[5.0269539994009635,47.27882849612062],[5.029215000578574,47.29614699625419],[5.022038500012987,47.302119496012274],[4.978518499477655,47.30366299652652],[4.938584499868063,47.27838149652278]]]}},{"type":"Feature","properties":{"id":"mazis-chambertin","name":"Mazis-Chambertin","region":"Burgundy","grapes":["Chardonnay","Pinotlanc","Pinot Gris","Pinotoir"],"original_region":"Burgundy","key_appellations":[],"desc":"Mazis-Chambertin is an appellation in the Burgundy region. Main grapes: Chardonnay, Pinotlanc, Pinot Gris, Pinotoir."},"geometry":{"type":"Polygon","coordinates":[[[4.9260254998464825,47.223848495692934],[4.93016850023545,47.22220099638099],[4.922745999801866,47.213390996113375],[4.93157800027334,47.208917995679066],[4.943278999983042,47.211893996146394],[4.995410499991882,47.200352996402614],[5.011281000460018,47.2179884957458],[5.026765499504223,47.21461249643764],[5.02464099938904,47.202555996031265],[5.029620500046026,47.20176449619953],[5.049811000070797,47.21708799640878],[5.028761499602484,47.22541199571106],[5.030446499762998,47.235273495905155],[4.979543500247468,47.229864495995834],[4.93533100001313,47.237274496480765],[4.929412999678983,47.23650749608542],[4.931126499444334,47.22395999620478],[4.9260254998464825,47.223848495692934]]]}},{"type":"Feature","properties":{"id":"mazoyeres-chambertin","name":"Mazoyères-Chambertin","region":"Burgundy","grapes":["Chardonnay","Pinotlanc","Pinot Gris","Pinotoir"],"original_region":"Burgundy","key_appellations":[],"desc":"Mazoyères-Chambertin is an appellation in the Burgundy region. Main grapes: Chardonnay, Pinotlanc, Pinot Gris, Pinotoir."},"geometry":{"type":"Polygon","coordinates":[[[4.9260254998464825,47.223848495692934],[4.93016850023545,47.22220099638099],[4.922745999801866,47.213390996113375],[4.93157800027334,47.208917995679066],[4.943278999983042,47.211893996146394],[4.995410499991882,47.200352996402614],[5.011281000460018,47.2179884957458],[5.026765499504223,47.21461249643764],[5.02464099938904,47.202555996031265],[5.029620500046026,47.20176449619953],[5.049811000070797,47.21708799640878],[5.028761499602484,47.22541199571106],[5.030446499762998,47.235273495905155],[4.979543500247468,47.229864495995834],[4.93533100001313,47.237274496480765],[4.929412999678983,47.23650749608542],[4.931126499444334,47.22395999620478],[4.9260254998464825,47.223848495692934]]]}},{"type":"Feature","properties":{"id":"mercurey","name":"Mercurey","region":"Burgundy","grapes":["Chardonnay","Pinot Gris","Pinotoir"],"original_region":"Burgundy","key_appellations":[],"desc":"Mercurey is an appellation in the Burgundy region. Main grapes: Chardonnay, Pinot Gris, Pinotoir."},"geometry":{"type":"Polygon","coordinates":[[[4.71847950057503,46.79628849626732],[4.71922450031288,46.81461199628304],[4.775165499637284,46.82675499619311],[4.738381500624699,46.841483495956986],[4.7401645004468085,46.85940249569188],[4.712709000328368,46.852729495848145],[4.680717500523288,46.83057199590374],[4.69170349950561,46.822381495533655],[4.690397499626504,46.816468495862665],[4.712364999545508,46.803233496208875],[4.710356999657551,46.797829995520964],[4.71847950057503,46.79628849626732]]]}},{"type":"Feature","properties":{"id":"meursault","name":"Meursault","region":"Burgundy","grapes":["Chardonnay","Pinotlanc","Pinot Gris","Pinotoir"],"original_region":"Burgundy","key_appellations":[],"desc":"Meursault is an appellation in the Burgundy region. Main grapes: Chardonnay, Pinotlanc, Pinot Gris, Pinotoir."},"geometry":{"type":"Polygon","coordinates":[[[4.791711499760025,46.96123199594253],[4.818087499983651,46.951618495603824],[4.799666000456472,46.96700149576991],[4.805971000024755,46.979736995842096],[4.77536049966449,46.99204649633635],[4.750900999859317,46.97901799564515],[4.745169000429939,46.981703996197176],[4.731765500141437,46.96717799605323],[4.734613500343612,46.96027849612416],[4.768451500049727,46.95272649622617],[4.778315499498292,46.95139249553828],[4.791711499760025,46.96123199594253]]]}},{"type":"Feature","properties":{"id":"montagny","name":"Montagny","region":"Burgundy","grapes":["Chardonnay"],"original_region":"Burgundy","key_appellations":[],"desc":"Montagny is an appellation in the Burgundy region. Main grapes: Chardonnay."},"geometry":{"type":"Polygon","coordinates":[[[4.759264999934891,46.6785789958229],[4.778252999328803,46.677678996325184],[4.737346999444552,46.69210249591721],[4.743197999787331,46.70398599578047],[4.765253500412363,46.71436499615252],[4.741772000068485,46.72192749634509],[4.723668499441526,46.71654649568009],[4.699064999917943,46.727002996145764],[4.690814999541779,46.719387996098654],[4.679832500319406,46.71812849629353],[4.67497950043311,46.723943495978595],[4.650446500254643,46.71188699566204],[4.655586499505268,46.703591995755],[4.643240500023578,46.68867599548712],[4.6458189998394435,46.68011849609658],[4.670882500543875,46.679068995857705],[4.6824415006104605,46.671026995751404],[4.7112469997634765,46.67657199560078],[4.740271499501066,46.66759349586352],[4.759264999934891,46.6785789958229]]]}},{"type":"Feature","properties":{"id":"monthelie","name":"Monthélie","region":"Burgundy","grapes":["Chardonnay","Pinotlanc","Pinot Gris","Pinotoir"],"original_region":"Burgundy","key_appellations":[],"desc":"Monthélie is an appellation in the Burgundy region. Main grapes: Chardonnay, Pinotlanc, Pinot Gris, Pinotoir."},"geometry":{"type":"Polygon","coordinates":[[[4.7616545004969355,46.98855699585944],[4.776053499840913,46.99284199560519],[4.762513500320028,47.011984995762155],[4.749843500198915,47.011126496187615],[4.752714000574511,46.99450549645461],[4.7616545004969355,46.98855699585944]]]}},{"type":"Feature","properties":{"id":"montrachet","name":"Montrachet","region":"Burgundy","grapes":["Chardonnay"],"original_region":"Burgundy","key_appellations":[],"desc":"Montrachet is an appellation in the Burgundy region. Main grapes: Chardonnay."},"geometry":{"type":"Polygon","coordinates":[[[4.7058900005525865,46.92743899599295],[4.740284999806623,46.920962996172236],[4.741081499323594,46.929991996237014],[4.758570499959491,46.94051449629682],[4.786292500079624,46.934616495935174],[4.788899999538225,46.94618699628488],[4.734613500343612,46.96027849612416],[4.733570499669076,46.94572049590509],[4.712688999375064,46.94160899620696],[4.707635000225935,46.93424349579882],[4.7058900005525865,46.92743899599295]]]}},{"type":"Feature","properties":{"id":"morey-saint-denis","name":"Morey-Saint-Denis","region":"Burgundy","grapes":["Aligoté","Chardonnay","Pinotlanc","Pinot Gris","Pinotoir"],"original_region":"Burgundy","key_appellations":[],"desc":"Morey-Saint-Denis is an appellation in the Burgundy region. Main grapes: Aligoté, Chardonnay, Pinotlanc, Pinot Gris, Pinotoir."},"geometry":{"type":"Polygon","coordinates":[[[4.995410499991882,47.200352996402614],[4.943278999983042,47.211893996146394],[4.9240020004829175,47.20247249644931],[4.9330785000204616,47.194229496527115],[4.937154000405059,47.19862149565984],[4.982882999740235,47.18838399637789],[5.005367499733663,47.19211199589688],[4.995410499991882,47.200352996402614]]]}},{"type":"Feature","properties":{"id":"musigny","name":"Musigny","region":"Burgundy","grapes":["Chardonnay","Pinotlanc","Pinot Gris","Pinotoir"],"original_region":"Burgundy","key_appellations":[],"desc":"Musigny is an appellation in the Burgundy region. Main grapes: Chardonnay, Pinotlanc, Pinot Gris, Pinotoir."},"geometry":{"type":"Polygon","coordinates":[[[4.963624499479706,47.178310496263094],[4.9667905001013235,47.18633849625431],[4.980168000085212,47.18899299621132],[4.921524000081196,47.199017995680066],[4.921166999808216,47.1793144963678],[4.943930999585773,47.17371649647994],[4.963624499479706,47.178310496263094]]]}},{"type":"Feature","properties":{"id":"macon","name":"Mâcon","region":"Burgundy","grapes":["Chardonnay","Gamay","Pinotoir"],"original_region":"Burgundy","key_appellations":[],"desc":"Mâcon is an appellation in the Burgundy region. Main grapes: Chardonnay, Gamay, Pinotoir."},"geometry":{"type":"Polygon","coordinates":[[[4.709625000671887,46.24901749545406],[4.760279500182409,46.24587449568201],[4.7559735001982215,46.232149495909475],[4.760001000621895,46.22936349547597],[4.79784999954702,46.22454199613009],[4.807750500002811,46.23697249531612],[4.810818500079787,46.25454899600968],[4.797804500242695,46.255146996016755],[4.7926224999429,46.2611104954645],[4.797613499863185,46.27295699557211],[4.78804200000617,46.277003495457016],[4.814721000102894,46.28172699571442],[4.826488500036501,46.276321995488644],[4.832920500523112,46.299430996029976],[4.851423999613206,46.32607249554044],[4.820062000014663,46.33182249585931],[4.81020499975372,46.338275495830665],[4.812498000581219,46.34727099580772],[4.820912999560844,46.3436664953329],[4.822843000029064,46.34893549605869],[4.851054500430726,46.35234049600115],[4.888210000250845,46.4029769959403],[4.892884500468966,46.442571996104235],[4.91445250017666,46.46215799559718],[4.915550999594914,46.48893949609745],[4.938796500303872,46.522995495688654],[4.986152499897788,46.528738496208625],[4.979023500627908,46.548309496134074],[4.9459644999582,46.57166549632513],[4.93871100009611,46.595956496021216],[4.9246054996151996,46.591996996315316],[4.946120999488187,46.62099199598236],[4.925947000095469,46.624074495579954],[4.93121499935436,46.64117999603976],[4.915363499356615,46.6500009961922],[4.928484999576391,46.6483084959839],[4.919922999696794,46.662004495884254],[4.879928499779571,46.662272995636755],[4.862491499716408,46.65284899612679],[4.846123999976385,46.660725496098514],[4.835251499631796,46.67865199624201],[4.816093999698461,46.66629649615508],[4.810449000082286,46.64678699608021],[4.798827999661891,46.63579949574295],[4.802335000160234,46.632179995983364],[4.796092999671338,46.63287649621908],[4.775357000634649,46.61347399579446],[4.768323499384043,46.59355149629312],[4.751594500011888,46.59759749570486],[4.75305349985485,46.606882496190686],[4.728118500479978,46.61315349575663],[4.720703000599897,46.606303995534674],[4.710917000155898,46.60947749624653],[4.702292000440681,46.585445495558474],[4.671329000076544,46.60309449619813],[4.6810815005330015,46.62625149590225],[4.646665000135114,46.634452495993116],[4.63798500014353,46.615851996032156],[4.617172500357128,46.60864599629903],[4.606944999718602,46.59053349547168],[4.58007350065139,46.5690144956227],[4.553321999600026,46.56353299594805],[4.5487605002788065,46.54681099573984],[4.592876000262476,46.54423549554009],[4.587818000538244,46.53025899615736],[4.5759514999202064,46.52607399610875],[4.583718000320775,46.51840599631252],[4.576748999858486,46.51224249552881],[4.583132000388623,46.5121164957611],[4.57580650035525,46.508345995886415],[4.568161000328698,46.48725499627699],[4.575992000098288,46.46703049593602],[4.5598959998492745,46.46857199550275],[4.541728000196013,46.457258995617316],[4.548301000289067,46.43796049598969],[4.5657510003544175,46.43228249602793],[4.557691999886574,46.4288219954689],[4.565449500193595,46.41804949560419],[4.560903500488458,46.410308496008604],[4.574021999791761,46.41131099567689],[4.575281500392589,46.40467849562735],[4.5834159995769825,46.40270599564602],[4.610511499927063,46.407931496245276],[4.636026000389104,46.39436699565361],[4.656114999419541,46.405686495466334],[4.658227500486722,46.41965149625411],[4.634136999750678,46.428157995738395],[4.6370669998190115,46.43435349584163],[4.620253500565221,46.435412995518654],[4.613435999667758,46.44049999614863],[4.617253499774871,46.446138996140434],[4.667879500155548,46.45312349566284],[4.671661999746339,46.44808499568219],[4.686810499381116,46.45769799607768],[4.68683300004676,46.4497314955865],[4.698781999957723,46.44501499581779],[4.720534000270015,46.46296749596022],[4.741796000456257,46.46071999609785],[4.726831000122922,46.441773495729414],[4.732131499683798,46.434102995814605],[4.72095949946104,46.441490995709884],[4.695412000325394,46.40299749560093],[4.683067500113858,46.40978649598408],[4.653441000323251,46.39906849611249],[4.663019500050166,46.37460049625463],[4.656782499941702,46.35794199620072],[4.660765500123494,46.34936999545637],[4.650348499666727,46.3463509958242],[4.631306500458841,46.30715499566199],[4.638727499860701,46.30142449544173],[4.654658999817603,46.30348499540003],[4.6640364995092005,46.29501249591528],[4.67793049954992,46.30013899579296],[4.679194500023403,46.30626649584778],[4.693439999568962,46.302325996147204],[4.694720000361584,46.29204549601531],[4.710392000489875,46.27856899576104],[4.700693500061126,46.26747549542606],[4.717348500219111,46.256551495646804],[4.710603000255075,46.256602496116535],[4.709625000671887,46.24901749545406]],[[4.69249699991761,46.55382999585838],[4.700718500158727,46.54339849604373],[4.717639999816168,46.54255149575473],[4.713225999992684,46.53260749618496],[4.718005499753356,46.52265199616183],[4.69690700041127,46.51724099564586],[4.685676000203334,46.52179299623739],[4.684073500196534,46.53555249578891],[4.67112399948542,46.537708495437414],[4.670693999619366,46.55045349581909],[4.69249699991761,46.55382999585838]],[[4.677378499459256,46.47713999609315],[4.645152500120569,46.4852694962782],[4.626793000597312,46.467573496087375],[4.620617999462191,46.50565349557817],[4.639642999850568,46.51049249544922],[4.6540240002544815,46.505339995736904],[4.660223000234543,46.51160449588492],[4.653979999895424,46.51501749587661],[4.6623425002524055,46.518491495916386],[4.6920264995974845,46.51594699607743],[4.683137499457668,46.5109089962025],[4.680724500432513,46.49277749603614],[4.686615999844304,46.488875496037316],[4.677378499459256,46.47713999609315]]]}},{"type":"Feature","properties":{"id":"nuits-saint-georges","name":"Nuits-Saint-Georges","region":"Burgundy","grapes":["Chardonnay","Pinotlanc","Pinot Gris","Pinotoir"],"original_region":"Burgundy","key_appellations":[],"desc":"Nuits-Saint-Georges is an appellation in the Burgundy region. Main grapes: Chardonnay, Pinotlanc, Pinot Gris, Pinotoir."},"geometry":{"type":"Polygon","coordinates":[[[4.93705250018405,47.09443049573676],[4.944414999890543,47.09553449624037],[4.966543500112535,47.08044899588009],[4.968234000065679,47.093416496427466],[4.954796000557159,47.10704449628703],[4.9591775005106955,47.11306549628096],[4.951764499732046,47.11516949631123],[4.979375000113964,47.136793996290315],[4.939970499435032,47.15877549591572],[4.939313499759561,47.172425996279465],[4.921166999808216,47.1793144963678],[4.918819999740688,47.188142495672764],[4.903600500214209,47.161210995665286],[4.917817500458936,47.152253495837904],[4.912211499503873,47.14405299641787],[4.927031000063397,47.13404499648498],[4.91376550009977,47.115980995816535],[4.93705250018405,47.09443049573676]]]}},{"type":"Feature","properties":{"id":"pernand-vergelesses","name":"Pernand-Vergelesses","region":"Burgundy","grapes":["Chardonnay","Pinotlanc","Pinot Gris","Pinotoir"],"original_region":"Burgundy","key_appellations":[],"desc":"Pernand-Vergelesses is an appellation in the Burgundy region. Main grapes: Chardonnay, Pinotlanc, Pinot Gris, Pinotoir."},"geometry":{"type":"Polygon","coordinates":[[[4.868883000576387,47.079939495661954],[4.860345999801496,47.09313299595174],[4.8335184996256135,47.091558495633116],[4.834162999608951,47.07565899577291],[4.845986999992488,47.06932599590365],[4.843663999547113,47.06330149640642],[4.8532705002479215,47.06169599632062],[4.849519499873126,47.07302849619592],[4.868883000576387,47.079939495661954]]]}},{"type":"Feature","properties":{"id":"petit-chablis","name":"Petit Chablis","region":"Burgundy","grapes":["Chardonnay"],"original_region":"Burgundy","key_appellations":[],"desc":"Petit Chablis is an appellation in the Burgundy region. Main grapes: Chardonnay."},"geometry":{"type":"Polygon","coordinates":[[[3.8256460001414974,47.74411349587953],[3.8622774993410625,47.73100749650947],[3.8880555006095183,47.74824999661892],[3.901423000598043,47.744970996545746],[3.908101999405007,47.756530995930035],[3.937050500339271,47.77201399653395],[3.92497299999309,47.776451996669294],[3.9228265002625147,47.78943499611771],[3.9402055002447147,47.794684496518926],[3.9424575005095233,47.82055999588401],[3.8931099995570615,47.813852996263115],[3.8934889998160203,47.831253496587934],[3.9045824996294707,47.847206496167686],[3.8938669995492425,47.84482699602838],[3.87066250031934,47.8594849961716],[3.8455594998119103,47.853335996708054],[3.8171760000595563,47.884911496394125],[3.7987569996199615,47.890989996707546],[3.8022310004768762,47.89328499655593],[3.774219500507194,47.89597149654611],[3.7645009998583845,47.92683849641307],[3.7778405001910946,47.95277249651617],[3.7382055005662744,47.96521599595465],[3.7344149993690885,47.958651496161494],[3.7209984998265755,47.957640995997956],[3.7261920000989446,47.93878149611176],[3.7376744999218765,47.93513699616953],[3.7270369999358937,47.92001749592085],[3.744269499696771,47.903846495936406],[3.741504999412937,47.895469496168154],[3.737270499418866,47.89718499629466],[3.7375309999984916,47.88683749624246],[3.7113500004088866,47.89047649656876],[3.7048420002803226,47.879960496275686],[3.714085000185459,47.86202149654688],[3.705313999882837,47.835589996262804],[3.688675000308029,47.822246995993545],[3.690912999935203,47.807919496393815],[3.7107759995259406,47.78870799636752],[3.7113329999816114,47.77930149619974],[3.7311199996761326,47.7756029962345],[3.731424000428064,47.761791996258914],[3.753514499899229,47.75473399628901],[3.759541999649364,47.74575549658216],[3.7869205003157265,47.7349829959511],[3.8256460001414974,47.74411349587953]]]}},{"type":"Feature","properties":{"id":"pommard","name":"Pommard","region":"Burgundy","grapes":["Chardonnay","Pinotlanc","Pinot Gris","Pinotoir"],"original_region":"Burgundy","key_appellations":[],"desc":"Pommard is an appellation in the Burgundy region. Main grapes: Chardonnay, Pinotlanc, Pinot Gris, Pinotoir."},"geometry":{"type":"Polygon","coordinates":[[[4.763668999716921,47.01862049558891],[4.810261999930177,46.98869099627861],[4.824527999407457,47.00278349637496],[4.793845499579438,47.023784996059184],[4.787131999524918,47.04017649645878],[4.7759995004353675,47.03946599588937],[4.774263999516452,47.02010599624029],[4.763668999716921,47.01862049558891]]]}},{"type":"Feature","properties":{"id":"pouilly-fuisse","name":"Pouilly-Fuissé","region":"Burgundy","grapes":["Chardonnay"],"original_region":"Burgundy","key_appellations":[],"desc":"Pouilly-Fuissé is an appellation in the Burgundy region. Main grapes: Chardonnay."},"geometry":{"type":"Polygon","coordinates":[[[4.797166499741873,46.253945495548926],[4.75682600020858,46.26597649591943],[4.760438499523172,46.2955789958436],[4.742989499527834,46.29507449612846],[4.725634499607944,46.306467995677345],[4.730663500270714,46.311001996238964],[4.725113499390542,46.319755495819756],[4.704822999928908,46.32369149588322],[4.698581499872348,46.31607999610355],[4.692569000486875,46.29869849592007],[4.704210500627778,46.28270399593053],[4.728999499402,46.285708995655526],[4.732173000025142,46.27374249591784],[4.741553999555495,46.272826995432254],[4.758657000554989,46.253155495521135],[4.797166499741873,46.253945495548926]]]}},{"type":"Feature","properties":{"id":"pouilly-loche","name":"Pouilly-Loché","region":"Burgundy","grapes":["Chardonnay"],"original_region":"Burgundy","key_appellations":[],"desc":"Pouilly-Loché is an appellation in the Burgundy region. Main grapes: Chardonnay."},"geometry":{"type":"MultiPolygon","coordinates":[[[[4.757875999880386,46.27648499532761],[4.811322499973306,46.27708649558059],[4.814721000102894,46.28172699571442],[4.826488500036501,46.276321995488644],[4.832920500523112,46.299430996029976],[4.851423999613206,46.32607249554044],[4.809144999537239,46.33784799601027],[4.808985000549863,46.3264764955473],[4.80149700028992,46.32248699602245],[4.820217499642682,46.30992699535845],[4.790751999601939,46.2872999960957],[4.760059499856924,46.289085495768816],[4.757875999880386,46.27648499532761]]],[[[4.82161949989504,46.37623649578911],[4.804356000151676,46.35448249580396],[4.820912999560844,46.3436664953329],[4.822843000029064,46.34893549605869],[4.851054500430726,46.35234049600115],[4.858528500549944,46.36801849588419],[4.840292499407747,46.37083099590563],[4.839462999939074,46.37822999560639],[4.829822000552567,46.37958549567255],[4.82161949989504,46.37623649578911]]]]}},{"type":"Feature","properties":{"id":"pouilly-vinzelles","name":"Pouilly-Vinzelles","region":"Burgundy","grapes":["Chardonnay"],"original_region":"Burgundy","key_appellations":[],"desc":"Pouilly-Vinzelles is an appellation in the Burgundy region. Main grapes: Chardonnay."},"geometry":{"type":"MultiPolygon","coordinates":[[[[4.797613499863185,46.27295699557211],[4.787218000605044,46.27344699543487],[4.789236499542793,46.27830749582309],[4.809362500255208,46.276814495629694],[4.814721000102894,46.28172699571442],[4.826488500036501,46.276321995488644],[4.832920500523112,46.299430996029976],[4.851423999613206,46.32607249554044],[4.809144999537239,46.33784799601027],[4.808985000549863,46.3264764955473],[4.80149700028992,46.32248699602245],[4.820278999583297,46.311275495390674],[4.8170550005474695,46.30463999622108],[4.780098999712021,46.284289496022645],[4.760059499856924,46.289085495768816],[4.755499000331916,46.27554599599846],[4.75682600020858,46.26597649591943],[4.794958500601973,46.2567844954186],[4.797613499863185,46.27295699557211]]],[[[4.817704499586075,46.36453049575507],[4.804356000151676,46.35448249580396],[4.820912999560844,46.3436664953329],[4.822843000029064,46.34893549605869],[4.851054500430726,46.35234049600115],[4.858528500549944,46.36801849588419],[4.840292499407747,46.37083099590563],[4.839462999939074,46.37822999560639],[4.829822000552567,46.37958549567255],[4.82161949989504,46.37623649578911],[4.817704499586075,46.36453049575507]]]]}},{"type":"Feature","properties":{"id":"puligny-montrachet","name":"Puligny-Montrachet","region":"Burgundy","grapes":["Chardonnay","Pinotlanc","Pinot Gris","Pinotoir"],"original_region":"Burgundy","key_appellations":[],"desc":"Puligny-Montrachet is an appellation in the Burgundy region. Main grapes: Chardonnay, Pinotlanc, Pinot Gris, Pinotoir."},"geometry":{"type":"Polygon","coordinates":[[[4.74971050045639,46.937821495894546],[4.786292500079624,46.934616495935174],[4.788899999538225,46.94618699628488],[4.734613500343612,46.96027849612416],[4.733570499669076,46.94572049590509],[4.74971050045639,46.937821495894546]]]}},{"type":"Feature","properties":{"id":"richebourg","name":"Richebourg","region":"Burgundy","grapes":["Chardonnay","Pinotlanc","Pinot Gris","Pinotoir"],"original_region":"Burgundy","key_appellations":[],"desc":"Richebourg is an appellation in the Burgundy region. Main grapes: Chardonnay, Pinotlanc, Pinot Gris, Pinotoir."},"geometry":{"type":"Polygon","coordinates":[[[4.976353499844569,47.15533749608631],[4.968628500024942,47.1646044961433],[4.935980999629233,47.16903649564442],[4.939970499435032,47.15877549591572],[4.952767000247594,47.156010496424194],[4.950945500027867,47.14975099567701],[4.961476999765991,47.147936496286405],[4.976353499844569,47.15533749608631]]]}},{"type":"Feature","properties":{"id":"romanee-conti","name":"Romanée-Conti","region":"Burgundy","grapes":["Chardonnay","Pinotlanc","Pinot Gris","Pinotoir"],"original_region":"Burgundy","key_appellations":[],"desc":"Romanée-Conti is an appellation in the Burgundy region. Main grapes: Chardonnay, Pinotlanc, Pinot Gris, Pinotoir."},"geometry":{"type":"Polygon","coordinates":[[[4.976353499844569,47.15533749608631],[4.968628500024942,47.1646044961433],[4.935980999629233,47.16903649564442],[4.939970499435032,47.15877549591572],[4.952767000247594,47.156010496424194],[4.950945500027867,47.14975099567701],[4.961476999765991,47.147936496286405],[4.976353499844569,47.15533749608631]]]}},{"type":"Feature","properties":{"id":"romanee-saint-vivant","name":"Romanée-Saint-Vivant","region":"Burgundy","grapes":["Chardonnay","Pinotlanc","Pinot Gris","Pinotoir"],"original_region":"Burgundy","key_appellations":[],"desc":"Romanée-Saint-Vivant is an appellation in the Burgundy region. Main grapes: Chardonnay, Pinotlanc, Pinot Gris, Pinotoir."},"geometry":{"type":"Polygon","coordinates":[[[4.976353499844569,47.15533749608631],[4.968628500024942,47.1646044961433],[4.935980999629233,47.16903649564442],[4.939970499435032,47.15877549591572],[4.952767000247594,47.156010496424194],[4.950945500027867,47.14975099567701],[4.961476999765991,47.147936496286405],[4.976353499844569,47.15533749608631]]]}},{"type":"Feature","properties":{"id":"ruchottes-chambertin","name":"Ruchottes-Chambertin","region":"Burgundy","grapes":["Chardonnay","Pinotlanc","Pinot Gris","Pinotoir"],"original_region":"Burgundy","key_appellations":[],"desc":"Ruchottes-Chambertin is an appellation in the Burgundy region. Main grapes: Chardonnay, Pinotlanc, Pinot Gris, Pinotoir."},"geometry":{"type":"Polygon","coordinates":[[[4.9260254998464825,47.223848495692934],[4.93016850023545,47.22220099638099],[4.922745999801866,47.213390996113375],[4.93157800027334,47.208917995679066],[4.943278999983042,47.211893996146394],[4.995410499991882,47.200352996402614],[5.011281000460018,47.2179884957458],[5.026765499504223,47.21461249643764],[5.02464099938904,47.202555996031265],[5.029620500046026,47.20176449619953],[5.049811000070797,47.21708799640878],[5.028761499602484,47.22541199571106],[5.030446499762998,47.235273495905155],[4.979543500247468,47.229864495995834],[4.93533100001313,47.237274496480765],[4.929412999678983,47.23650749608542],[4.931126499444334,47.22395999620478],[4.9260254998464825,47.223848495692934]]]}},{"type":"Feature","properties":{"id":"rully","name":"Rully","region":"Burgundy","grapes":["Chardonnay","Pinot Gris","Pinotoir"],"original_region":"Burgundy","key_appellations":[],"desc":"Rully is an appellation in the Burgundy region. Main grapes: Chardonnay, Pinot Gris, Pinotoir."},"geometry":{"type":"Polygon","coordinates":[[[4.704245000361101,46.85717949587007],[4.722414499991478,46.85266299641261],[4.773438499877903,46.873856496260835],[4.791154999950301,46.86691649578056],[4.807563500553438,46.877005495757835],[4.82003799939521,46.87461799628948],[4.824611499589026,46.879516995578385],[4.8146950005661635,46.88652699629447],[4.821905999794282,46.896761996301336],[4.815770500578741,46.9070249963896],[4.779116500245347,46.900971495751556],[4.772965000309662,46.90434249641029],[4.770881000592095,46.91779799616657],[4.736823499737171,46.923531495627074],[4.728128500195986,46.91937199598284],[4.733925000552235,46.90498549610938],[4.743241500234938,46.90042499636721],[4.738781000152051,46.890212996216434],[4.710053000351773,46.86840049604665],[4.704245000361101,46.85717949587007]]]}},{"type":"Feature","properties":{"id":"saint-aubin","name":"Saint-Aubin","region":"Burgundy","grapes":["Chardonnay","Pinotlanc","Pinot Gris","Pinotoir"],"original_region":"Burgundy","key_appellations":[],"desc":"Saint-Aubin is an appellation in the Burgundy region. Main grapes: Chardonnay, Pinotlanc, Pinot Gris, Pinotoir."},"geometry":{"type":"Polygon","coordinates":[[[4.707614999793051,46.930822996288306],[4.712688999375064,46.94160899620696],[4.733570499669076,46.94572049590509],[4.731765500141437,46.96717799605323],[4.709820500138739,46.96893949606053],[4.703259499373512,46.960253995775595],[4.710751000415892,46.955734995973856],[4.698397499654121,46.94982449574633],[4.688598499448421,46.95268099576626],[4.679281999516078,46.94396099589389],[4.707614999793051,46.930822996288306]]]}},{"type":"Feature","properties":{"id":"saint-bris","name":"Saint-Bris","region":"Burgundy","grapes":["Sauvignon","Sauvignon Gris"],"original_region":"Burgundy","key_appellations":[],"desc":"Saint-Bris is an appellation in the Burgundy region. Main grapes: Sauvignon, Sauvignon Gris."},"geometry":{"type":"Polygon","coordinates":[[[3.6424095004003414,47.69823799602751],[3.6939054996684004,47.708533496575264],[3.742475500585977,47.70319049602424],[3.759682000548468,47.7112114967062],[3.7063865000400487,47.717023496139554],[3.720221999746397,47.72877799583749],[3.7209164993415857,47.737495496626444],[3.696464500436615,47.73814299595054],[3.6975200000723705,47.74811499621222],[3.7339994998718105,47.759671495814636],[3.7311199996761326,47.7756029962345],[3.7113329999816114,47.77930149619974],[3.7149529998248396,47.7824964960017],[3.707321500079856,47.79185099645024],[3.6936535003452167,47.78458999621426],[3.6239675006298215,47.79208149647548],[3.6215300003333533,47.787881496236636],[3.641485499752028,47.763597996413324],[3.608055999907304,47.7520044960555],[3.602689999719871,47.74792549663428],[3.607207999997864,47.73334849618955],[3.599890500114914,47.734012995814574],[3.630287000206997,47.720186995879864],[3.6424095004003414,47.69823799602751]]]}},{"type":"Feature","properties":{"id":"saint-romain","name":"Saint-Romain","region":"Burgundy","grapes":["Chardonnay","Pinotlanc","Pinot Gris","Pinotoir"],"original_region":"Burgundy","key_appellations":[],"desc":"Saint-Romain is an appellation in the Burgundy region. Main grapes: Chardonnay, Pinotlanc, Pinot Gris, Pinotoir."},"geometry":{"type":"Polygon","coordinates":[[[4.743434999752321,47.017875996047366],[4.71954700057272,47.020804496294694],[4.692127999834373,47.03329499626595],[4.687734000099042,47.04116949598352],[4.66999549958994,47.035905995581864],[4.663641500480164,47.01813849625239],[4.6716779996135065,47.00495649572825],[4.698910499366579,47.00192499635777],[4.702255499719341,46.9854649959862],[4.724717000633738,46.98757599577957],[4.749843500198915,47.011126496187615],[4.743434999752321,47.017875996047366]]]}},{"type":"Feature","properties":{"id":"saint-veran","name":"Saint-Véran","region":"Burgundy","grapes":["Chardonnay"],"original_region":"Burgundy","key_appellations":[],"desc":"Saint-Véran is an appellation in the Burgundy region. Main grapes: Chardonnay."},"geometry":{"type":"Polygon","coordinates":[[[4.736175000353346,46.23320099582779],[4.764995499549514,46.2284609953315],[4.766517500663004,46.251906995386605],[4.7502550001049135,46.25828499613276],[4.753410500080467,46.262133495853504],[4.732173000025142,46.27374249591784],[4.7285740001886145,46.28318249596075],[4.770258499669715,46.29795799551656],[4.760354500091532,46.313247496187444],[4.781307000539113,46.31266249616543],[4.78086450029381,46.32294899622435],[4.767760499984671,46.32204499589543],[4.764681500483242,46.33016699573587],[4.757921499691176,46.3300864954335],[4.762536000102324,46.34326449582216],[4.736783999930412,46.342866995511855],[4.739831499872114,46.33681699600341],[4.734681999982713,46.332019995512425],[4.716003499613556,46.32386249603644],[4.725113499390542,46.319755495819756],[4.728628499703564,46.30662949580804],[4.693882499389633,46.29453099616452],[4.710392000489875,46.27856899576104],[4.700693500061126,46.26747549542606],[4.717348500219111,46.256551495646804],[4.710603000255075,46.256602496116535],[4.70889200058104,46.24858249606159],[4.736175000353346,46.23320099582779]]]}},{"type":"Feature","properties":{"id":"santenay","name":"Santenay","region":"Burgundy","grapes":["Chardonnay","Pinotlanc","Pinot Gris","Pinotoir"],"original_region":"Burgundy","key_appellations":[],"desc":"Santenay is an appellation in the Burgundy region. Main grapes: Chardonnay, Pinotlanc, Pinot Gris, Pinotoir."},"geometry":{"type":"Polygon","coordinates":[[[4.722624499683262,46.90040599616042],[4.733925000552235,46.90498549610938],[4.725037000127282,46.923711995671],[4.7185264998726195,46.91978549644152],[4.707614999793051,46.930822996288306],[4.688041499488206,46.93689699583307],[4.664098000557634,46.91344399627331],[4.687547500516727,46.90000599592294],[4.713195999645049,46.90642849621105],[4.722624499683262,46.90040599616042]]]}},{"type":"Feature","properties":{"id":"savigny-les-beaune","name":"Savigny-lès-Beaune","region":"Burgundy","grapes":["Chardonnay","Pinotlanc","Pinot Gris","Pinotoir"],"original_region":"Burgundy","key_appellations":[],"desc":"Savigny-lès-Beaune is an appellation in the Burgundy region. Main grapes: Chardonnay, Pinotlanc, Pinot Gris, Pinotoir."},"geometry":{"type":"Polygon","coordinates":[[[4.769822499925684,47.109483496326405],[4.766110000633437,47.09469299603238],[4.754997000585774,47.09057999634998],[4.761564999859624,47.08720249592033],[4.754348499403068,47.082043996384854],[4.762393499895091,47.07345899567358],[4.759663000047988,47.06843149571004],[4.805913999397511,47.05300299584303],[4.830205000332834,47.05144349615759],[4.848366000572836,47.04132749607177],[4.8532705002479215,47.06169599632062],[4.843663999547113,47.06330149640642],[4.845986999992488,47.06932599590365],[4.834162999608951,47.07565899577291],[4.834750499694817,47.10246749612618],[4.811677500566501,47.106610996153684],[4.796296999470458,47.117605996151994],[4.79042499989921,47.11090299593788],[4.769822499925684,47.109483496326405]]]}},{"type":"Feature","properties":{"id":"vire-clesse","name":"Viré-Clessé","region":"Burgundy","grapes":["Chardonnay"],"original_region":"Burgundy","key_appellations":[],"desc":"Viré-Clessé is an appellation in the Burgundy region. Main grapes: Chardonnay."},"geometry":{"type":"Polygon","coordinates":[[[4.783802500632037,46.36819099589941],[4.817704499586075,46.36453049575507],[4.822939499462189,46.400871496080065],[4.827870999811738,46.399143495556075],[4.841226000529,46.42216349556897],[4.871494000579521,46.431674495793224],[4.863386000254999,46.44246599581896],[4.874613500586069,46.45423299606617],[4.888759500008211,46.4545464959139],[4.885837999615043,46.44781549538656],[4.894448500258848,46.44537149558576],[4.911117500188788,46.45773249599664],[4.914523500029383,46.48011499616389],[4.850295000215718,46.49725949564373],[4.84703850015274,46.47617849630127],[4.826758500229932,46.452994995658294],[4.823252000132045,46.43331399582399],[4.801466500176765,46.42406149543917],[4.798913500076436,46.4018444955366],[4.789749999926581,46.40060249608846],[4.796064000370067,46.39430449611145],[4.782060000315643,46.38150549613052],[4.783802500632037,46.36819099589941]]]}},{"type":"Feature","properties":{"id":"volnay","name":"Volnay","region":"Burgundy","grapes":["Chardonnay","Pinotlanc","Pinot Gris","Pinotoir"],"original_region":"Burgundy","key_appellations":[],"desc":"Volnay is an appellation in the Burgundy region. Main grapes: Chardonnay, Pinotlanc, Pinot Gris, Pinotoir."},"geometry":{"type":"Polygon","coordinates":[[[4.787083500589764,46.960654996274016],[4.818087499983651,46.951618495603824],[4.799666000456472,46.96700149576991],[4.812647000091023,46.9833734958703],[4.8073130003693025,46.99464949566482],[4.769297999586068,47.017961496280826],[4.743434999752321,47.017875996047366],[4.749843500198915,47.011126496187615],[4.762513500320028,47.011984995762155],[4.776053499840913,46.99284199560519],[4.750900999859317,46.97901799564515],[4.745169000429939,46.981703996197176],[4.731765500141437,46.96717799605323],[4.734613500343612,46.96027849612416],[4.778315499498292,46.95139249553828],[4.787083500589764,46.960654996274016]]]}},{"type":"Feature","properties":{"id":"vosne-romanee","name":"Vosne-Romanée","region":"Burgundy","grapes":["Chardonnay","Pinotlanc","Pinot Gris","Pinotoir"],"original_region":"Burgundy","key_appellations":[],"desc":"Vosne-Romanée is an appellation in the Burgundy region. Main grapes: Chardonnay, Pinotlanc, Pinot Gris, Pinotoir."},"geometry":{"type":"Polygon","coordinates":[[[4.961476999765991,47.147936496286405],[4.976353499844569,47.15533749608631],[4.976512499799862,47.149168496044425],[4.987910000633333,47.14355099613373],[5.013596500173531,47.14408199640774],[5.015049499956295,47.14940349598519],[4.983217499373508,47.17035499604325],[4.967871500276215,47.17428649605185],[4.958502500480939,47.168030996252526],[4.953280000604599,47.17462999597482],[4.933929999360293,47.178442996184486],[4.939313499759561,47.172425996279465],[4.936513000560567,47.16366849591617],[4.952767000247594,47.156010496424194],[4.950945500027867,47.14975099567701],[4.961476999765991,47.147936496286405]]]}},{"type":"Feature","properties":{"id":"vougeot","name":"Vougeot","region":"Burgundy","grapes":["Chardonnay","Pinotlanc","Pinot Gris","Pinotoir"],"original_region":"Burgundy","key_appellations":[],"desc":"Vougeot is an appellation in the Burgundy region. Main grapes: Chardonnay, Pinotlanc, Pinot Gris, Pinotoir."},"geometry":{"type":"Polygon","coordinates":[[[4.966412499823056,47.17190049578581],[4.9561195000222185,47.17870599592983],[4.955313999747165,47.16895849590367],[4.966412499823056,47.17190049578581]]]}},{"type":"Feature","properties":{"id":"champagne","name":"Champagne","region":"Champagne","grapes":["Arbane","Chardonnay","Meunier","Petit Meslier","Pinotlanc","Pinot Gris","Pinotoir"],"original_region":"Champagne","key_appellations":[],"desc":"Champagne is an appellation in the Champagne region. Main grapes: Arbane, Chardonnay, Meunier, Petit Meslier, Pinotlanc, Pinot Gris, Pinotoir."},"geometry":{"type":"MultiPolygon","coordinates":[[[[3.5032125005330776,48.60456199671478],[3.5222440004132585,48.58370399641956],[3.559837000597498,48.57002449647926],[3.5927069995437244,48.587634996108996],[3.6042500005448326,48.57245249626745],[3.644337499458787,48.59947399682124],[3.6576584994124617,48.595594996385195],[3.665849000484507,48.60057449678568],[3.6800304993201745,48.587431996882124],[3.7064444998013055,48.58523399652621],[3.6993374996294066,48.59066349630125],[3.7260459995808395,48.612226996265306],[3.7064429999038033,48.626758996573336],[3.741475000200491,48.64742249645935],[3.7324559997407603,48.65334049678858],[3.726285500242712,48.673204496206104],[3.7361114996215705,48.69071149637157],[3.7447449994216035,48.688576996324265],[3.7532694998949543,48.69788299645782],[3.7467370000888285,48.70420599632052],[3.7675889996280243,48.71298749673697],[3.7613314995007388,48.71965549640488],[3.767186000063222,48.720077996967476],[3.7650170004034167,48.73025599640198],[3.750625499475715,48.73624299684312],[3.788737500387617,48.75309849669423],[3.8067014999776037,48.74327899669004],[3.8375934995946284,48.749363496804264],[3.847443000166272,48.74519849612385],[3.879354999509129,48.75622749669021],[3.873951499834468,48.7620144965485],[3.8818750006241856,48.76504949641733],[3.9054159995416544,48.765136996668964],[3.888193499698759,48.80863949686021],[3.901232999858857,48.816325496313006],[3.9577194997717022,48.80879099647201],[3.9538879995632628,48.80421349673856],[3.973223000367884,48.783343496838995],[4.001060999880928,48.79157049615272],[4.015154999886335,48.818035996146165],[3.9933134993932606,48.828518996711125],[3.9841750001878107,48.83656499701726],[3.9864874995749724,48.840758496726465],[3.9998510006005334,48.84299949673679],[4.006236500447726,48.85859649630625],[4.018795000500562,48.85306249700161],[4.036663500214341,48.86124999616925],[4.048051999990268,48.855413496218404],[4.063057000312134,48.86175949678747],[4.047394000599587,48.87277599692931],[4.080200999529279,48.886186496600665],[4.076256499353708,48.89007299632429],[4.082928499330566,48.89752699685184],[4.077035000633896,48.90476899626606],[4.084147999424896,48.9070379966308],[4.073336499966474,48.91197799671992],[4.078858500252431,48.91395549683242],[4.075269999315071,48.92246699679151],[4.093451500576114,48.927225496862995],[4.050187000139308,48.9728179966441],[4.038913999893682,48.975055496802696],[4.047544499617587,48.97964249703167],[4.045092500626424,48.993447996701285],[4.055925500184565,49.02431099629229],[4.071638999334325,49.031499996922754],[4.102027000074313,49.024348996555794],[4.117292500520808,49.03048899630012],[4.160295500183695,49.02786899646168],[4.164329000504886,49.03527699700447],[4.153311999989598,49.03725099652727],[4.161141999851271,49.05844399668811],[4.205440999761412,49.087026496969244],[4.23452850048689,49.08212699669512],[4.253863500539287,49.06857649625882],[4.283516499385135,49.075991996927044],[4.250024000052442,49.11807649635],[4.222283499610565,49.116646496573836],[4.216515999947458,49.121824996662525],[4.22781249998026,49.1285134963235],[4.221036499749938,49.127101497065155],[4.2188100005463305,49.1389199965289],[4.223421500623267,49.14072349653403],[4.218095999856181,49.14544149680624],[4.191501499567067,49.14705749681867],[4.184440000035493,49.15840999631611],[4.20552300010176,49.17259549627666],[4.180809999547408,49.182174496452745],[4.170256500289296,49.19974299635668],[4.153233499806332,49.20105549702658],[4.132658999352981,49.217224997043644],[4.163478000473702,49.238537497168146],[4.191138999440999,49.24679799647069],[4.189714499520155,49.274954996477916],[4.1975460004528315,49.276945496807485],[4.191203999751088,49.28842799692261],[4.1557610001841425,49.28999149712],[4.125695000442466,49.270524497066326],[4.106902000078762,49.273651997067525],[4.101299499275943,49.280392997113054],[4.083380499550318,49.27370449683415],[4.061547999736588,49.276570496993],[4.049795000132568,49.268171996585416],[4.027397500015628,49.284421496542286],[4.028615500017043,49.29763199652629],[4.010026000613791,49.30315849675108],[3.9965025001871726,49.297963496285455],[3.950516499658093,49.3446244962958],[3.9609690001312723,49.35481649700674],[3.948937999730047,49.36375749643772],[3.9604234998768546,49.369353496882944],[3.955256500423995,49.37509699664268],[3.961310499695937,49.37734649633468],[3.924820999480057,49.40771849630807],[3.910339500575965,49.39482699646252],[3.895740000043172,49.39277949645143],[3.881182500562612,49.40529449715427],[3.8223760003417127,49.40237799642512],[3.8610865002616848,49.385999496728],[3.8560620000075154,49.368344996956445],[3.8633910004203984,49.369599496964135],[3.8628940002728167,49.358005996703156],[3.8881340005549165,49.351366996823145],[3.8817514999532277,49.3424179963863],[3.886224499976915,49.32706699673463],[3.8811814996290046,49.32210049629754],[3.8482210001926265,49.33057999715513],[3.828874999926282,49.32284849641686],[3.8207055000857344,49.328469496416425],[3.7880710000938653,49.32079049664275],[3.7752550000173004,49.32499699687499],[3.7710000002142907,49.313402496439984],[3.7396135007074203,49.307986496493676],[3.73498150033032,49.29280149680807],[3.674679499981404,49.29252699706529],[3.651609500631935,49.27836049654529],[3.66775200046449,49.26742699687557],[3.6861749999229962,49.26779649702067],[3.692094000518849,49.25584999696462],[3.697435500199041,49.25749699713131],[3.6750455006341762,49.240083496929735],[3.678146499632603,49.23533099646238],[3.665503499554426,49.22285549646575],[3.6514760003565163,49.22156349643199],[3.657059500243696,49.21864399688503],[3.6548674995708907,49.212576496342116],[3.6817945007241755,49.20533999632804],[3.6761124995376258,49.20094599686055],[3.6817789997494215,49.1974229964492],[3.6974775001744677,49.20663649714608],[3.7277445003068013,49.19192849655795],[3.756779999358819,49.194760996396504],[3.749695999593958,49.1849144966342],[3.74876800037876,49.157084996645615],[3.7395694999767493,49.15688849646583],[3.7631410001387153,49.127860496969646],[3.744946999655114,49.13275699693611],[3.7242644996624303,49.12685299620398],[3.7096675001051755,49.132018496376],[3.7191134996671247,49.14021149637312],[3.7170129993707244,49.14704049688144],[3.702742000634568,49.14145299649356],[3.687255000191184,49.15418299712897],[3.622252000307952,49.1511054969793],[3.620571999832987,49.13925299684108],[3.6096335006439886,49.135011496619036],[3.607086000356677,49.123894996796565],[3.577434499908879,49.1167474969321],[3.575773500583476,49.11024899638168],[3.5579400002139954,49.10922799652045],[3.545704999929607,49.09524049673894],[3.523235500091333,49.09591799643726],[3.5278779998268965,49.10139849705888],[3.5182895001272985,49.11000449634468],[3.505808499795978,49.10045749660095],[3.4788955002770785,49.106351996932396],[3.467176999909264,49.103182496461955],[3.461733999479539,49.0870499966827],[3.4564515001234093,49.08633549658844],[3.4586140005345567,49.078810996563845],[3.423737499389451,49.06165399631139],[3.410383000457614,49.07117449626835],[3.394886499972407,49.07253549677295],[3.3966215002026847,49.07907199660803],[3.3791040005833186,49.08077049673582],[3.3463825001831253,49.073870996603524],[3.3400179996240715,49.063761496975864],[3.316947499857042,49.06102999670455],[3.314161000525048,49.051483496937436],[3.295004500047441,49.05380499631415],[3.2935249998463587,49.041136996584704],[3.306037499330572,49.026774496652976],[3.2914315002958894,49.01732099665294],[3.2863174995045354,49.02532399670034],[3.2551769994959923,49.0200944962683],[3.2443649993950223,49.030835496194136],[3.2355600002586224,49.02993599643212],[3.2127864999215303,49.04317649695879],[3.180451000112516,49.044496996630414],[3.1768975003800457,49.03048549656113],[3.161029499761687,49.02422399655287],[3.1673984994313282,49.012398496265426],[3.198092500484817,49.00880149649155],[3.1960444998884006,49.004817996790244],[3.209314000413241,48.99378399631516],[3.2248409995242655,48.98732449694367],[3.2137459999805156,48.98155999688787],[3.198533499732363,48.955783496671124],[3.1823584998111842,48.95472649671756],[3.1835345006162257,48.944872996230494],[3.2383845001608687,48.927655496434085],[3.243260499983123,48.93656949682936],[3.2388185002179952,48.9501924968891],[3.2718660003610083,48.937552496635895],[3.304753500427347,48.94876699701199],[3.3130770004444288,48.92121549705626],[3.330294000498884,48.90870699657269],[3.366769499865534,48.9225334965291],[3.369570499540368,48.94124849632859],[3.3572555006730997,48.94221749664754],[3.3479749997930055,48.960945497002065],[3.392898500672253,48.9632349965136],[3.4300845002977787,48.986761496681034],[3.444080500215798,48.970750996209844],[3.4846214995025995,48.9786279965772],[3.48910300020732,48.983032996286525],[3.4660670000141707,48.99490999635029],[3.469469500681617,49.00621049654431],[3.482979999581264,49.00805899636853],[3.4971075001208503,49.02459449679303],[3.5076650000422576,49.025479996731],[3.53504000058079,49.02379749646131],[3.5823630000001545,48.996539496793375],[3.5782024994068786,48.97512999699326],[3.582401500608503,48.973736996579724],[3.576981000259526,48.967457996204466],[3.587883999384061,48.95883249640707],[3.600924499977367,48.96634399649808],[3.630491000289859,48.96573899633214],[3.6467049998327763,48.95161249640562],[3.6793374994172807,48.9864464963968],[3.692671500088833,48.97936599648827],[3.7050494994516074,48.982225996390206],[3.7097690001816406,48.9727714968078],[3.7381839999259703,48.969870496588484],[3.7492744997906504,48.98308649640492],[3.7649739999902643,48.982396996197885],[3.7754590005011157,48.988559496474025],[3.7745255005487426,48.993974496790116],[3.8062940002166705,49.00013099631012],[3.8171599995421253,48.97984599615719],[3.8109794994899193,48.97187799678346],[3.8198874995442416,48.972612496464556],[3.820987000592739,48.96378199638812],[3.8576320001494047,48.960290997026554],[3.884445500634453,48.9440554962573],[3.9244660002038763,48.94661249621857],[3.949572999956426,48.93776299659216],[3.9507350001779806,48.92515399668418],[3.9410144998026024,48.92227399654627],[3.9178200005994923,48.92875899689935],[3.890447000082049,48.9221159961851],[3.869907500535705,48.93093999675409],[3.8672090006593547,48.92782799646448],[3.8809594993563477,48.922338496958744],[3.877993499670936,48.918916496348],[3.8563339997847343,48.92676249651144],[3.8511499998323853,48.920213496892266],[3.8306305002313445,48.923321996826985],[3.835518999379284,48.9136334963206],[3.8253819999118304,48.90473849646284],[3.795786499962335,48.90742349623892],[3.7956040001564,48.900387496376815],[3.8095174998071517,48.88789099696355],[3.7906530002779375,48.88642299630669],[3.800650000377858,48.88327999622061],[3.787829000358732,48.86714549681051],[3.74364449958851,48.88454699701565],[3.7132069994131203,48.88234549649244],[3.725100000014869,48.87604149656736],[3.74126450030997,48.85195949693463],[3.7328909998912363,48.850079996436506],[3.7371169996283347,48.845175996532696],[3.7216770003747603,48.83151399701883],[3.7522685004930363,48.81000199683266],[3.740843000118178,48.798630996793214],[3.7398385000551637,48.78213849634355],[3.728739500168645,48.767427496549786],[3.740216000067045,48.749753996910684],[3.730276499457803,48.744611996869494],[3.709158000084745,48.753011496293965],[3.6871244994392556,48.73272299666962],[3.6815225005938803,48.721584497001224],[3.687517999597283,48.71490949620296],[3.672193999577704,48.70065399627751],[3.6730035003686115,48.693039496174265],[3.657309999826179,48.68626399623653],[3.66041600006848,48.67164899612478],[3.6356324998907956,48.664110996845594],[3.6265870003543275,48.63700549619353],[3.5971469997212915,48.64012699640386],[3.5729409999750934,48.631328996614634],[3.5700049996466734,48.62017549680572],[3.579892000219035,48.60486049622849],[3.5623555004999568,48.602210996289664],[3.563455499426576,48.612682996672966],[3.5599139996662132,48.61831149637431],[3.555613999917639,48.62028549609553],[3.557348999455686,48.6159369969078],[3.5032125005330776,48.60456199671478]],[[4.1180015001933805,49.211811497009364],[4.088313499992084,49.22058899696605],[4.098129000162596,49.226331496591634],[4.1180015001933805,49.211811497009364]],[[3.959533500124323,49.0587844963052],[3.9738430000640417,49.058935496288015],[3.967845000328647,49.047009996637776],[3.963955999557558,49.04724249687896],[3.959533500124323,49.0587844963052]],[[4.090484000048335,49.23604349661463],[4.114252999883829,49.22797149664501],[4.119264499423503,49.231626996387625],[4.129757500433102,49.225574997074325],[4.1234159999611695,49.220124996521456],[4.085345000100508,49.231987496369605],[4.090484000048335,49.23604349661463]],[[4.003626499991642,49.18722399649862],[4.013462500174485,49.21222249699658],[4.017674500471876,49.20469499640808],[4.030337500561601,49.203968996460304],[4.035106999844473,49.19305399670919],[4.024514500248715,49.18409599663343],[4.003626499991642,49.18722399649862]],[[4.061893499521406,49.11300799664008],[4.053901999719263,49.13533999623953],[4.080043999551078,49.136391496779375],[4.095271000209136,49.13066799666143],[4.087900999985334,49.13748149686157],[4.095156500369968,49.14294749684432],[4.102558000209648,49.117870996927756],[4.096891499772064,49.10869699640272],[4.0768215004614055,49.105044996812765],[4.061893499521406,49.11300799664008]],[[4.012954000595551,49.09003049659566],[3.9839890000875333,49.08419549624685],[3.9770904999965073,49.09275699628981],[3.9611370000416004,49.09720799703078],[3.961647000323872,49.10209899680482],[3.9456099994643195,49.095673996230786],[3.946694500105855,49.10145599711224],[3.9394300004183385,49.10335999696772],[3.942645000285585,49.10987799636584],[3.9547725000008853,49.107459996540236],[3.957500999683315,49.126088996207606],[3.984226000364321,49.119908996413315],[3.9922095002772067,49.12932499642573],[4.0054435005356845,49.127334996946686],[4.018593499500751,49.10896949689022],[4.013446499655745,49.10689349648675],[4.012954000595551,49.09003049659566]],[[3.796403499461867,48.817630996183084],[3.8483230000081745,48.80598449613853],[3.842362499480917,48.80138099624272],[3.849071000199526,48.7891959965152],[3.846312999793858,48.78062799644726],[3.862184999507069,48.76648999613474],[3.836085999714803,48.76309249622059],[3.8190700006068026,48.77627749681205],[3.78472449969197,48.78350649630802],[3.7843604998067373,48.79569499625746],[3.7953454996237137,48.79925949645486],[3.796403499461867,48.817630996183084]],[[3.8487940002787284,49.28236449693307],[3.9683400003406915,49.2734819966494],[3.987766499379644,49.277128496764874],[3.9979084998886205,49.286648496985094],[4.007301500144826,49.279769496582844],[3.9971250004532446,49.271328996807455],[3.995429000333457,49.257899997008835],[4.013237499556979,49.254183996936945],[4.008344999843474,49.245944996291215],[3.9805879999057074,49.23517999672055],[3.987598499680497,49.2436654964759],[3.979605000433296,49.246929997081466],[3.957513500687646,49.24975949667192],[3.936629000127279,49.24340349669711],[3.9243369997118687,49.26718249637493],[3.876591499444932,49.263014997071885],[3.8450225006748098,49.277874496421134],[3.8487940002787284,49.28236449693307]]],[[[4.288515500476524,47.926925495904754],[4.3029105001909675,47.93788349593982],[4.29793100062809,47.94979699643998],[4.3128004998776275,47.96250099660667],[4.343219999830949,47.955865496075106],[4.4179099999291065,47.96845899670968],[4.446957000051453,47.956199496646796],[4.4932745000388685,47.96880399593569],[4.554238499897041,47.96748449609169],[4.559963500205869,47.971423996577144],[4.555208000651757,47.98577349601435],[4.540933500262354,47.992115496189385],[4.5357729993859595,48.006561496155086],[4.549426000109713,48.00445999622991],[4.578624499524615,48.029093996763564],[4.616812500539134,48.03137049680655],[4.621939500504757,48.02434399667159],[4.647679500160895,48.02568299653155],[4.655815000104049,48.01702099594533],[4.665303499414771,48.02083549592062],[4.669909999763426,48.01435649627018],[4.698552499743381,48.0236784963535],[4.71478449986453,48.02078649631547],[4.705039000269368,48.02773149624459],[4.72315599998212,48.045760996011026],[4.71100000056032,48.049921995937154],[4.690483499666185,48.072691996479165],[4.657548999396234,48.07924049593229],[4.704953500456057,48.088503496130315],[4.704100999678205,48.100111496689316],[4.724152500435387,48.10624199658602],[4.742911499622029,48.13167799640653],[4.743830499921496,48.14294949659564],[4.769391500447479,48.146335496639495],[4.760424000706599,48.15884599606606],[4.776689499811971,48.16453649628659],[4.7825385004649394,48.18186749613769],[4.79115200064808,48.18437149605942],[4.7809285003516715,48.1891874967562],[4.754872999891087,48.18284449618107],[4.733095500248273,48.22152249629935],[4.752081999362625,48.21870549668204],[4.75920249970309,48.209653496624654],[4.777920000317438,48.20697199612955],[4.794590999559656,48.21233599617604],[4.814146999523958,48.19465399669978],[4.833452999660837,48.190377996407435],[4.871800000295991,48.1931999968469],[4.882416999671348,48.18878749646903],[4.894667999634039,48.19724749665888],[4.9329785004036415,48.203244496080856],[4.940357500409477,48.21090899630114],[4.93091949974208,48.213320996035876],[4.939966499754116,48.22067849619678],[4.943851499902587,48.216229496197954],[4.972234500387764,48.23057549669437],[5.012321500468824,48.23376349647152],[4.995026499970381,48.24723649602743],[5.0053979997430815,48.25994799613149],[4.9999165002639945,48.273530496209595],[5.007956000454861,48.28530449637652],[4.962068500331934,48.290609496419265],[4.930375000185123,48.285410496259885],[4.899426000111754,48.29560649661431],[4.893145000374951,48.291478996756155],[4.8430850004035335,48.29750249662947],[4.837874000153409,48.303865496772296],[4.811078500384037,48.29919549607582],[4.81627500030662,48.28963199607348],[4.7937819994589805,48.281944996777284],[4.763194000200676,48.2931304965269],[4.734569499590851,48.293879496493915],[4.712820500500344,48.2785874960134],[4.692555000491482,48.28463449654435],[4.672099500493819,48.28258649606589],[4.667253999804345,48.29879249663808],[4.6164789998574,48.27171349632394],[4.602700499796668,48.27402149675965],[4.579670000283698,48.26386599640386],[4.563260499966842,48.264456496682264],[4.581500000314317,48.251858996055375],[4.584387500408266,48.23498299686518],[4.563490500498478,48.207360996323],[4.561585499609254,48.19098049668096],[4.539252000399328,48.184520496447824],[4.543023999479826,48.17986249597823],[4.5339304998119365,48.161816996061845],[4.484252500126152,48.16188149616935],[4.471250499516926,48.15127949652892],[4.449512500223433,48.157249996028945],[4.4282269997469585,48.144317996424775],[4.406095000059009,48.14884849663644],[4.395483499439029,48.13873549669545],[4.341233000115327,48.116871995950234],[4.32632150036364,48.08843149621154],[4.338238000429198,48.08404599606173],[4.3152369995031075,48.06500649641623],[4.328393499783245,48.05979199670554],[4.280566000222022,48.04183999655292],[4.280819000031374,48.035988996439514],[4.24896049933496,48.02104099655334],[4.240973499751383,48.009657496441804],[4.243788999966753,47.99670349618653],[4.226243000097708,47.98389949593717],[4.213254499478448,47.982219996038424],[4.225321000495761,47.981470996394165],[4.228103000159565,47.96102199641172],[4.22214050046069,47.94969299602443],[4.2454540005857995,47.92974999654122],[4.267656000267823,47.92380849600077],[4.288515500476524,47.926925495904754]],[[4.938283499707264,48.25328199645153],[4.937256000278129,48.26598899609259],[4.95778800032253,48.26295199668483],[4.969033499498456,48.24353049594841],[4.938283499707264,48.25328199645153]]],[[[4.571613999919488,48.74195549681853],[4.583808500036118,48.745739996764115],[4.588305499454512,48.73964499640175],[4.616078499678023,48.73406149654551],[4.613724500617222,48.72966199666661],[4.646110500159651,48.72463249642869],[4.645367999949615,48.72933249663048],[4.653056500481099,48.73074749627838],[4.647170499966013,48.74328049626135],[4.675456999694243,48.75309449611238],[4.669565000411344,48.75515249635106],[4.677551499579748,48.765785496847364],[4.671104499685582,48.769113496321886],[4.687212000335652,48.77457799682981],[4.699983999958577,48.7697294967909],[4.69942800026628,48.77513599686074],[4.723330500226504,48.788137996331656],[4.762515999998856,48.794691496989934],[4.787240999617809,48.82515299642637],[4.725826999371449,48.8474249966391],[4.739889500678379,48.85630399619521],[4.772506999815915,48.85534499701944],[4.764780000640967,48.85910849678866],[4.768108500206097,48.8798194966249],[4.7372110002488235,48.88263149694294],[4.716905500049814,48.89439499625635],[4.697906000633857,48.89248899686086],[4.699328499498989,48.88630199624388],[4.6882409993698815,48.8799129968173],[4.648987999543047,48.87185199648788],[4.617046500629169,48.85495349674789],[4.596519000030382,48.85477849673951],[4.58643700044925,48.83689649682864],[4.595294999900241,48.83073199627707],[4.5623765002719425,48.80643499618978],[4.592859999871107,48.78008399680343],[4.55744349955847,48.770482496754546],[4.53913250013822,48.7778099964837],[4.515119500246797,48.76701549619982],[4.527965000183788,48.745981996786064],[4.509919000220125,48.73735149621467],[4.514567500451913,48.73256249665946],[4.50964849940508,48.73019699661656],[4.526730499878715,48.72819149673081],[4.552464999938242,48.739544996493564],[4.568179000632013,48.73667049652817],[4.569376000104706,48.73129749700707],[4.575240000125879,48.736482996365815],[4.571613999919488,48.74195549681853]],[[4.607668499492944,48.768993496276686],[4.602082499370822,48.77472999647754],[4.629500999456542,48.789345996447615],[4.656511000133629,48.78636999653264],[4.654203999985717,48.77539049669664],[4.64011450030189,48.76721849615336],[4.607668499492944,48.768993496276686]]],[[[4.3300979995099835,49.32626749672253],[4.289975999820628,49.32111249685538],[4.2896894998203985,49.31576099652282],[4.277855999646859,49.31398449658931],[4.2587555000077,49.29689399712161],[4.265001999415055,49.29488299625965],[4.260584999729174,49.27491849689367],[4.293420999672814,49.26073699636367],[4.300613000406824,49.23258799637337],[4.315557500011997,49.230086996302084],[4.33670249961886,49.25013749624409],[4.325744499479617,49.25835849630745],[4.328402500606881,49.274387996940206],[4.355961500374512,49.31439599708632],[4.3436269998564825,49.3139379967644],[4.346164999728153,49.32225249675854],[4.3300979995099835,49.32626749672253]]],[[[3.6675489995042088,48.94701349628737],[3.661689000167401,48.93453149684188],[3.6766285000054646,48.9240189966986],[3.7364444995549735,48.927754496235416],[3.730960500582612,48.93181849672686],[3.7362765004813827,48.94376449701554],[3.722527999414844,48.94501199694515],[3.7097690001816406,48.9727714968078],[3.6675489995042088,48.94701349628737]]],[[[4.516067000229499,48.706688496817605],[4.573200000099451,48.708997496727406],[4.566568000032137,48.714698496255195],[4.570309000339703,48.71886199629874],[4.497994999852659,48.716118496360544],[4.470449500557463,48.70480999629149],[4.446613999578953,48.70363599690335],[4.429630999906083,48.68433449663588],[4.516067000229499,48.706688496817605]]],[[[4.039704999512537,49.32003899666932],[4.048084499851406,49.319505496329086],[4.031644500524177,49.31989249634911],[4.030652999508049,49.314865496405275],[4.060978500116181,49.31661749677453],[4.061345499617963,49.34269849708892],[4.040942000248356,49.34781499640714],[4.042896999562483,49.35862449633322],[4.018165000211612,49.36033799652479],[4.005313499451074,49.354844996391044],[4.006734500551618,49.34602199685297],[4.039704999512537,49.32003899666932]]],[[[3.9857205002464444,48.30572099657012],[3.9535864995369554,48.316714996466516],[3.9220159999325532,48.2906239964975],[3.93376699980729,48.27647249627252],[3.98819150057796,48.299030996503596],[3.9857205002464444,48.30572099657012]]],[[[3.607264000585465,48.84584249658397],[3.6248419997220385,48.84843149623155],[3.623621499717633,48.85631849627856],[3.6059385005359608,48.87130349648036],[3.5893480002094473,48.85065299678212],[3.567738000612551,48.84511649634182],[3.575288499956463,48.840776996964834],[3.5676549997730036,48.83584099627029],[3.581591499814951,48.82310299619272],[3.5852739997578293,48.82958999669996],[3.6138585003387567,48.82934949675281],[3.607264000585465,48.84584249658397]]],[[[4.627208500356097,48.32241549629994],[4.613299500132199,48.31766649640671],[4.613121500321288,48.32410149663867],[4.60150550002112,48.32217499631701],[4.600140499388573,48.31428599662553],[4.592748500390199,48.31361899664793],[4.581520000410735,48.31874399623875],[4.572408000276911,48.31568799623866],[4.571344999324497,48.30846749682202],[4.577173500631058,48.29845449642064],[4.585312499527473,48.29807399598135],[4.589987999651453,48.28358349598907],[4.596137999434382,48.2915164961331],[4.601394500107342,48.28839299632123],[4.61770899951868,48.29751399652357],[4.61480850006199,48.30615999625368],[4.627596500334366,48.31462799615969],[4.627208500356097,48.32241549629994]]]]}},{"type":"Feature","properties":{"id":"coteaux-champenois","name":"Coteaux champenois","region":"Champagne","grapes":["Arbane","Chardonnay","Meunier","Petit Meslier","Pinotlanc","Pinot Gris","Pinotoir"],"original_region":"Champagne","key_appellations":[],"desc":"Coteaux champenois is an appellation in the Champagne region. Main grapes: Arbane, Chardonnay, Meunier, Petit Meslier, Pinotlanc, Pinot Gris, Pinotoir."},"geometry":{"type":"MultiPolygon","coordinates":[[[[3.5032125005330776,48.60456199671478],[3.5222440004132585,48.58370399641956],[3.559837000597498,48.57002449647926],[3.5927069995437244,48.587634996108996],[3.6042500005448326,48.57245249626745],[3.644337499458787,48.59947399682124],[3.6576584994124617,48.595594996385195],[3.665849000484507,48.60057449678568],[3.6800304993201745,48.587431996882124],[3.7064444998013055,48.58523399652621],[3.6993374996294066,48.59066349630125],[3.7260459995808395,48.612226996265306],[3.7064429999038033,48.626758996573336],[3.741475000200491,48.64742249645935],[3.7324559997407603,48.65334049678858],[3.726285500242712,48.673204496206104],[3.7361114996215705,48.69071149637157],[3.7447449994216035,48.688576996324265],[3.7532694998949543,48.69788299645782],[3.7467370000888285,48.70420599632052],[3.7675889996280243,48.71298749673697],[3.7613314995007388,48.71965549640488],[3.767186000063222,48.720077996967476],[3.7650170004034167,48.73025599640198],[3.750625499475715,48.73624299684312],[3.788737500387617,48.75309849669423],[3.8067014999776037,48.74327899669004],[3.8375934995946284,48.749363496804264],[3.847443000166272,48.74519849612385],[3.879354999509129,48.75622749669021],[3.873951499834468,48.7620144965485],[3.8818750006241856,48.76504949641733],[3.9054159995416544,48.765136996668964],[3.888193499698759,48.80863949686021],[3.901232999858857,48.816325496313006],[3.9577194997717022,48.80879099647201],[3.9538879995632628,48.80421349673856],[3.973223000367884,48.783343496838995],[4.001060999880928,48.79157049615272],[4.015154999886335,48.818035996146165],[3.9933134993932606,48.828518996711125],[3.9841750001878107,48.83656499701726],[3.9864874995749724,48.840758496726465],[3.9998510006005334,48.84299949673679],[4.006236500447726,48.85859649630625],[4.018795000500562,48.85306249700161],[4.036663500214341,48.86124999616925],[4.048051999990268,48.855413496218404],[4.063057000312134,48.86175949678747],[4.047394000599587,48.87277599692931],[4.080200999529279,48.886186496600665],[4.076256499353708,48.89007299632429],[4.082928499330566,48.89752699685184],[4.077035000633896,48.90476899626606],[4.084147999424896,48.9070379966308],[4.073336499966474,48.91197799671992],[4.078858500252431,48.91395549683242],[4.075269999315071,48.92246699679151],[4.093451500576114,48.927225496862995],[4.050187000139308,48.9728179966441],[4.038913999893682,48.975055496802696],[4.047544499617587,48.97964249703167],[4.045092500626424,48.993447996701285],[4.055925500184565,49.02431099629229],[4.071638999334325,49.031499996922754],[4.102027000074313,49.024348996555794],[4.117292500520808,49.03048899630012],[4.160295500183695,49.02786899646168],[4.164329000504886,49.03527699700447],[4.153311999989598,49.03725099652727],[4.161141999851271,49.05844399668811],[4.205440999761412,49.087026496969244],[4.23452850048689,49.08212699669512],[4.253863500539287,49.06857649625882],[4.283516499385135,49.075991996927044],[4.250024000052442,49.11807649635],[4.222283499610565,49.116646496573836],[4.216515999947458,49.121824996662525],[4.22781249998026,49.1285134963235],[4.221036499749938,49.127101497065155],[4.2188100005463305,49.1389199965289],[4.223421500623267,49.14072349653403],[4.218095999856181,49.14544149680624],[4.191501499567067,49.14705749681867],[4.184440000035493,49.15840999631611],[4.20552300010176,49.17259549627666],[4.180809999547408,49.182174496452745],[4.170256500289296,49.19974299635668],[4.153233499806332,49.20105549702658],[4.132658999352981,49.217224997043644],[4.163478000473702,49.238537497168146],[4.191138999440999,49.24679799647069],[4.189714499520155,49.274954996477916],[4.1975460004528315,49.276945496807485],[4.191203999751088,49.28842799692261],[4.1557610001841425,49.28999149712],[4.125695000442466,49.270524497066326],[4.106902000078762,49.273651997067525],[4.101299499275943,49.280392997113054],[4.083380499550318,49.27370449683415],[4.061547999736588,49.276570496993],[4.049795000132568,49.268171996585416],[4.027397500015628,49.284421496542286],[4.028615500017043,49.29763199652629],[4.010026000613791,49.30315849675108],[3.9965025001871726,49.297963496285455],[3.950516499658093,49.3446244962958],[3.9609690001312723,49.35481649700674],[3.948937999730047,49.36375749643772],[3.9604234998768546,49.369353496882944],[3.955256500423995,49.37509699664268],[3.961310499695937,49.37734649633468],[3.924820999480057,49.40771849630807],[3.910339500575965,49.39482699646252],[3.895740000043172,49.39277949645143],[3.881182500562612,49.40529449715427],[3.8223760003417127,49.40237799642512],[3.8610865002616848,49.385999496728],[3.8560620000075154,49.368344996956445],[3.8633910004203984,49.369599496964135],[3.8628940002728167,49.358005996703156],[3.8881340005549165,49.351366996823145],[3.8817514999532277,49.3424179963863],[3.886224499976915,49.32706699673463],[3.8811814996290046,49.32210049629754],[3.8482210001926265,49.33057999715513],[3.828874999926282,49.32284849641686],[3.8207055000857344,49.328469496416425],[3.7880710000938653,49.32079049664275],[3.7752550000173004,49.32499699687499],[3.7710000002142907,49.313402496439984],[3.7396135007074203,49.307986496493676],[3.73498150033032,49.29280149680807],[3.674679499981404,49.29252699706529],[3.651609500631935,49.27836049654529],[3.66775200046449,49.26742699687557],[3.6861749999229962,49.26779649702067],[3.692094000518849,49.25584999696462],[3.697435500199041,49.25749699713131],[3.6750455006341762,49.240083496929735],[3.678146499632603,49.23533099646238],[3.665503499554426,49.22285549646575],[3.6514760003565163,49.22156349643199],[3.657059500243696,49.21864399688503],[3.6548674995708907,49.212576496342116],[3.6817945007241755,49.20533999632804],[3.6761124995376258,49.20094599686055],[3.6817789997494215,49.1974229964492],[3.6974775001744677,49.20663649714608],[3.7277445003068013,49.19192849655795],[3.756779999358819,49.194760996396504],[3.749695999593958,49.1849144966342],[3.74876800037876,49.157084996645615],[3.7395694999767493,49.15688849646583],[3.7631410001387153,49.127860496969646],[3.744946999655114,49.13275699693611],[3.7242644996624303,49.12685299620398],[3.7096675001051755,49.132018496376],[3.7191134996671247,49.14021149637312],[3.7170129993707244,49.14704049688144],[3.702742000634568,49.14145299649356],[3.687255000191184,49.15418299712897],[3.622252000307952,49.1511054969793],[3.620571999832987,49.13925299684108],[3.6096335006439886,49.135011496619036],[3.607086000356677,49.123894996796565],[3.577434499908879,49.1167474969321],[3.575773500583476,49.11024899638168],[3.5579400002139954,49.10922799652045],[3.545704999929607,49.09524049673894],[3.523235500091333,49.09591799643726],[3.5278779998268965,49.10139849705888],[3.5182895001272985,49.11000449634468],[3.505808499795978,49.10045749660095],[3.4788955002770785,49.106351996932396],[3.467176999909264,49.103182496461955],[3.461733999479539,49.0870499966827],[3.4564515001234093,49.08633549658844],[3.4586140005345567,49.078810996563845],[3.423737499389451,49.06165399631139],[3.410383000457614,49.07117449626835],[3.394886499972407,49.07253549677295],[3.3966215002026847,49.07907199660803],[3.3791040005833186,49.08077049673582],[3.3463825001831253,49.073870996603524],[3.3400179996240715,49.063761496975864],[3.316947499857042,49.06102999670455],[3.314161000525048,49.051483496937436],[3.295004500047441,49.05380499631415],[3.2935249998463587,49.041136996584704],[3.306037499330572,49.026774496652976],[3.2914315002958894,49.01732099665294],[3.2863174995045354,49.02532399670034],[3.2551769994959923,49.0200944962683],[3.2443649993950223,49.030835496194136],[3.2355600002586224,49.02993599643212],[3.2127864999215303,49.04317649695879],[3.180451000112516,49.044496996630414],[3.1768975003800457,49.03048549656113],[3.161029499761687,49.02422399655287],[3.1673984994313282,49.012398496265426],[3.198092500484817,49.00880149649155],[3.1960444998884006,49.004817996790244],[3.209314000413241,48.99378399631516],[3.2248409995242655,48.98732449694367],[3.2137459999805156,48.98155999688787],[3.198533499732363,48.955783496671124],[3.1823584998111842,48.95472649671756],[3.1835345006162257,48.944872996230494],[3.2383845001608687,48.927655496434085],[3.243260499983123,48.93656949682936],[3.2388185002179952,48.9501924968891],[3.2718660003610083,48.937552496635895],[3.304753500427347,48.94876699701199],[3.3130770004444288,48.92121549705626],[3.330294000498884,48.90870699657269],[3.366769499865534,48.9225334965291],[3.369570499540368,48.94124849632859],[3.3572555006730997,48.94221749664754],[3.3479749997930055,48.960945497002065],[3.392898500672253,48.9632349965136],[3.4300845002977787,48.986761496681034],[3.444080500215798,48.970750996209844],[3.4846214995025995,48.9786279965772],[3.48910300020732,48.983032996286525],[3.4660670000141707,48.99490999635029],[3.469469500681617,49.00621049654431],[3.482979999581264,49.00805899636853],[3.4971075001208503,49.02459449679303],[3.5076650000422576,49.025479996731],[3.53504000058079,49.02379749646131],[3.5823630000001545,48.996539496793375],[3.5782024994068786,48.97512999699326],[3.582401500608503,48.973736996579724],[3.576981000259526,48.967457996204466],[3.587883999384061,48.95883249640707],[3.600924499977367,48.96634399649808],[3.630491000289859,48.96573899633214],[3.6467049998327763,48.95161249640562],[3.6793374994172807,48.9864464963968],[3.692671500088833,48.97936599648827],[3.7050494994516074,48.982225996390206],[3.7097690001816406,48.9727714968078],[3.7381839999259703,48.969870496588484],[3.7492744997906504,48.98308649640492],[3.7649739999902643,48.982396996197885],[3.7754590005011157,48.988559496474025],[3.7745255005487426,48.993974496790116],[3.8062940002166705,49.00013099631012],[3.8171599995421253,48.97984599615719],[3.8109794994899193,48.97187799678346],[3.8198874995442416,48.972612496464556],[3.820987000592739,48.96378199638812],[3.8576320001494047,48.960290997026554],[3.884445500634453,48.9440554962573],[3.9244660002038763,48.94661249621857],[3.949572999956426,48.93776299659216],[3.9507350001779806,48.92515399668418],[3.9410144998026024,48.92227399654627],[3.9178200005994923,48.92875899689935],[3.890447000082049,48.9221159961851],[3.869907500535705,48.93093999675409],[3.8672090006593547,48.92782799646448],[3.8809594993563477,48.922338496958744],[3.877993499670936,48.918916496348],[3.8563339997847343,48.92676249651144],[3.8511499998323853,48.920213496892266],[3.8306305002313445,48.923321996826985],[3.835518999379284,48.9136334963206],[3.8253819999118304,48.90473849646284],[3.795786499962335,48.90742349623892],[3.7956040001564,48.900387496376815],[3.8095174998071517,48.88789099696355],[3.7906530002779375,48.88642299630669],[3.800650000377858,48.88327999622061],[3.787829000358732,48.86714549681051],[3.74364449958851,48.88454699701565],[3.7132069994131203,48.88234549649244],[3.725100000014869,48.87604149656736],[3.74126450030997,48.85195949693463],[3.7328909998912363,48.850079996436506],[3.7371169996283347,48.845175996532696],[3.7216770003747603,48.83151399701883],[3.7522685004930363,48.81000199683266],[3.740843000118178,48.798630996793214],[3.7398385000551637,48.78213849634355],[3.728739500168645,48.767427496549786],[3.740216000067045,48.749753996910684],[3.730276499457803,48.744611996869494],[3.709158000084745,48.753011496293965],[3.6871244994392556,48.73272299666962],[3.6815225005938803,48.721584497001224],[3.687517999597283,48.71490949620296],[3.672193999577704,48.70065399627751],[3.6730035003686115,48.693039496174265],[3.657309999826179,48.68626399623653],[3.66041600006848,48.67164899612478],[3.6356324998907956,48.664110996845594],[3.6265870003543275,48.63700549619353],[3.5971469997212915,48.64012699640386],[3.5729409999750934,48.631328996614634],[3.5700049996466734,48.62017549680572],[3.579892000219035,48.60486049622849],[3.5623555004999568,48.602210996289664],[3.563455499426576,48.612682996672966],[3.5599139996662132,48.61831149637431],[3.555613999917639,48.62028549609553],[3.557348999455686,48.6159369969078],[3.5032125005330776,48.60456199671478]],[[4.1180015001933805,49.211811497009364],[4.088313499992084,49.22058899696605],[4.098129000162596,49.226331496591634],[4.1180015001933805,49.211811497009364]],[[3.959533500124323,49.0587844963052],[3.9738430000640417,49.058935496288015],[3.967845000328647,49.047009996637776],[3.963955999557558,49.04724249687896],[3.959533500124323,49.0587844963052]],[[4.090484000048335,49.23604349661463],[4.114252999883829,49.22797149664501],[4.119264499423503,49.231626996387625],[4.129757500433102,49.225574997074325],[4.1234159999611695,49.220124996521456],[4.085345000100508,49.231987496369605],[4.090484000048335,49.23604349661463]],[[4.003626499991642,49.18722399649862],[4.013462500174485,49.21222249699658],[4.017674500471876,49.20469499640808],[4.030337500561601,49.203968996460304],[4.035106999844473,49.19305399670919],[4.024514500248715,49.18409599663343],[4.003626499991642,49.18722399649862]],[[4.061893499521406,49.11300799664008],[4.053901999719263,49.13533999623953],[4.080043999551078,49.136391496779375],[4.095271000209136,49.13066799666143],[4.087900999985334,49.13748149686157],[4.095156500369968,49.14294749684432],[4.102558000209648,49.117870996927756],[4.096891499772064,49.10869699640272],[4.0768215004614055,49.105044996812765],[4.061893499521406,49.11300799664008]],[[4.012954000595551,49.09003049659566],[3.9839890000875333,49.08419549624685],[3.9770904999965073,49.09275699628981],[3.9611370000416004,49.09720799703078],[3.961647000323872,49.10209899680482],[3.9456099994643195,49.095673996230786],[3.946694500105855,49.10145599711224],[3.9394300004183385,49.10335999696772],[3.942645000285585,49.10987799636584],[3.9547725000008853,49.107459996540236],[3.957500999683315,49.126088996207606],[3.984226000364321,49.119908996413315],[3.9922095002772067,49.12932499642573],[4.0054435005356845,49.127334996946686],[4.018593499500751,49.10896949689022],[4.013446499655745,49.10689349648675],[4.012954000595551,49.09003049659566]],[[3.796403499461867,48.817630996183084],[3.8483230000081745,48.80598449613853],[3.842362499480917,48.80138099624272],[3.849071000199526,48.7891959965152],[3.846312999793858,48.78062799644726],[3.862184999507069,48.76648999613474],[3.836085999714803,48.76309249622059],[3.8190700006068026,48.77627749681205],[3.78472449969197,48.78350649630802],[3.7843604998067373,48.79569499625746],[3.7953454996237137,48.79925949645486],[3.796403499461867,48.817630996183084]],[[3.8487940002787284,49.28236449693307],[3.9683400003406915,49.2734819966494],[3.987766499379644,49.277128496764874],[3.9979084998886205,49.286648496985094],[4.007301500144826,49.279769496582844],[3.9971250004532446,49.271328996807455],[3.995429000333457,49.257899997008835],[4.013237499556979,49.254183996936945],[4.008344999843474,49.245944996291215],[3.9805879999057074,49.23517999672055],[3.987598499680497,49.2436654964759],[3.979605000433296,49.246929997081466],[3.957513500687646,49.24975949667192],[3.936629000127279,49.24340349669711],[3.9243369997118687,49.26718249637493],[3.876591499444932,49.263014997071885],[3.8450225006748098,49.277874496421134],[3.8487940002787284,49.28236449693307]]],[[[4.288515500476524,47.926925495904754],[4.3029105001909675,47.93788349593982],[4.29793100062809,47.94979699643998],[4.3128004998776275,47.96250099660667],[4.343219999830949,47.955865496075106],[4.4179099999291065,47.96845899670968],[4.446957000051453,47.956199496646796],[4.4932745000388685,47.96880399593569],[4.554238499897041,47.96748449609169],[4.559963500205869,47.971423996577144],[4.555208000651757,47.98577349601435],[4.540933500262354,47.992115496189385],[4.5357729993859595,48.006561496155086],[4.549426000109713,48.00445999622991],[4.578624499524615,48.029093996763564],[4.616812500539134,48.03137049680655],[4.621939500504757,48.02434399667159],[4.647679500160895,48.02568299653155],[4.655815000104049,48.01702099594533],[4.665303499414771,48.02083549592062],[4.669909999763426,48.01435649627018],[4.698552499743381,48.0236784963535],[4.71478449986453,48.02078649631547],[4.705039000269368,48.02773149624459],[4.72315599998212,48.045760996011026],[4.71100000056032,48.049921995937154],[4.690483499666185,48.072691996479165],[4.657548999396234,48.07924049593229],[4.704953500456057,48.088503496130315],[4.704100999678205,48.100111496689316],[4.724152500435387,48.10624199658602],[4.742911499622029,48.13167799640653],[4.743830499921496,48.14294949659564],[4.769391500447479,48.146335496639495],[4.760424000706599,48.15884599606606],[4.776689499811971,48.16453649628659],[4.7825385004649394,48.18186749613769],[4.79115200064808,48.18437149605942],[4.7809285003516715,48.1891874967562],[4.754872999891087,48.18284449618107],[4.733095500248273,48.22152249629935],[4.752081999362625,48.21870549668204],[4.75920249970309,48.209653496624654],[4.777920000317438,48.20697199612955],[4.794590999559656,48.21233599617604],[4.814146999523958,48.19465399669978],[4.833452999660837,48.190377996407435],[4.871800000295991,48.1931999968469],[4.882416999671348,48.18878749646903],[4.894667999634039,48.19724749665888],[4.9329785004036415,48.203244496080856],[4.940357500409477,48.21090899630114],[4.93091949974208,48.213320996035876],[4.939966499754116,48.22067849619678],[4.943851499902587,48.216229496197954],[4.972234500387764,48.23057549669437],[5.012321500468824,48.23376349647152],[4.995026499970381,48.24723649602743],[5.0053979997430815,48.25994799613149],[4.9999165002639945,48.273530496209595],[5.007956000454861,48.28530449637652],[4.962068500331934,48.290609496419265],[4.930375000185123,48.285410496259885],[4.899426000111754,48.29560649661431],[4.893145000374951,48.291478996756155],[4.8430850004035335,48.29750249662947],[4.837874000153409,48.303865496772296],[4.811078500384037,48.29919549607582],[4.81627500030662,48.28963199607348],[4.7937819994589805,48.281944996777284],[4.763194000200676,48.2931304965269],[4.734569499590851,48.293879496493915],[4.712820500500344,48.2785874960134],[4.692555000491482,48.28463449654435],[4.672099500493819,48.28258649606589],[4.667253999804345,48.29879249663808],[4.6164789998574,48.27171349632394],[4.602700499796668,48.27402149675965],[4.579670000283698,48.26386599640386],[4.563260499966842,48.264456496682264],[4.581500000314317,48.251858996055375],[4.584387500408266,48.23498299686518],[4.563490500498478,48.207360996323],[4.561585499609254,48.19098049668096],[4.539252000399328,48.184520496447824],[4.543023999479826,48.17986249597823],[4.5339304998119365,48.161816996061845],[4.484252500126152,48.16188149616935],[4.471250499516926,48.15127949652892],[4.449512500223433,48.157249996028945],[4.4282269997469585,48.144317996424775],[4.406095000059009,48.14884849663644],[4.395483499439029,48.13873549669545],[4.341233000115327,48.116871995950234],[4.32632150036364,48.08843149621154],[4.338238000429198,48.08404599606173],[4.3152369995031075,48.06500649641623],[4.328393499783245,48.05979199670554],[4.280566000222022,48.04183999655292],[4.280819000031374,48.035988996439514],[4.24896049933496,48.02104099655334],[4.240973499751383,48.009657496441804],[4.243788999966753,47.99670349618653],[4.226243000097708,47.98389949593717],[4.213254499478448,47.982219996038424],[4.225321000495761,47.981470996394165],[4.228103000159565,47.96102199641172],[4.22214050046069,47.94969299602443],[4.2454540005857995,47.92974999654122],[4.267656000267823,47.92380849600077],[4.288515500476524,47.926925495904754]],[[4.938283499707264,48.25328199645153],[4.937256000278129,48.26598899609259],[4.95778800032253,48.26295199668483],[4.969033499498456,48.24353049594841],[4.938283499707264,48.25328199645153]]],[[[4.571613999919488,48.74195549681853],[4.583808500036118,48.745739996764115],[4.588305499454512,48.73964499640175],[4.616078499678023,48.73406149654551],[4.613724500617222,48.72966199666661],[4.646110500159651,48.72463249642869],[4.645367999949615,48.72933249663048],[4.653056500481099,48.73074749627838],[4.647170499966013,48.74328049626135],[4.675456999694243,48.75309449611238],[4.669565000411344,48.75515249635106],[4.677551499579748,48.765785496847364],[4.671104499685582,48.769113496321886],[4.687212000335652,48.77457799682981],[4.699983999958577,48.7697294967909],[4.69942800026628,48.77513599686074],[4.723330500226504,48.788137996331656],[4.762515999998856,48.794691496989934],[4.787240999617809,48.82515299642637],[4.725826999371449,48.8474249966391],[4.739889500678379,48.85630399619521],[4.772506999815915,48.85534499701944],[4.764780000640967,48.85910849678866],[4.768108500206097,48.8798194966249],[4.7372110002488235,48.88263149694294],[4.716905500049814,48.89439499625635],[4.697906000633857,48.89248899686086],[4.699328499498989,48.88630199624388],[4.6882409993698815,48.8799129968173],[4.648987999543047,48.87185199648788],[4.617046500629169,48.85495349674789],[4.596519000030382,48.85477849673951],[4.58643700044925,48.83689649682864],[4.595294999900241,48.83073199627707],[4.5623765002719425,48.80643499618978],[4.592859999871107,48.78008399680343],[4.55744349955847,48.770482496754546],[4.53913250013822,48.7778099964837],[4.515119500246797,48.76701549619982],[4.527965000183788,48.745981996786064],[4.509919000220125,48.73735149621467],[4.514567500451913,48.73256249665946],[4.50964849940508,48.73019699661656],[4.526730499878715,48.72819149673081],[4.552464999938242,48.739544996493564],[4.568179000632013,48.73667049652817],[4.569376000104706,48.73129749700707],[4.575240000125879,48.736482996365815],[4.571613999919488,48.74195549681853]],[[4.607668499492944,48.768993496276686],[4.602082499370822,48.77472999647754],[4.629500999456542,48.789345996447615],[4.656511000133629,48.78636999653264],[4.654203999985717,48.77539049669664],[4.64011450030189,48.76721849615336],[4.607668499492944,48.768993496276686]]],[[[4.3300979995099835,49.32626749672253],[4.289975999820628,49.32111249685538],[4.2896894998203985,49.31576099652282],[4.277855999646859,49.31398449658931],[4.2587555000077,49.29689399712161],[4.265001999415055,49.29488299625965],[4.260584999729174,49.27491849689367],[4.293420999672814,49.26073699636367],[4.300613000406824,49.23258799637337],[4.315557500011997,49.230086996302084],[4.33670249961886,49.25013749624409],[4.325744499479617,49.25835849630745],[4.328402500606881,49.274387996940206],[4.355961500374512,49.31439599708632],[4.3436269998564825,49.3139379967644],[4.346164999728153,49.32225249675854],[4.3300979995099835,49.32626749672253]]],[[[3.6675489995042088,48.94701349628737],[3.661689000167401,48.93453149684188],[3.6766285000054646,48.9240189966986],[3.7364444995549735,48.927754496235416],[3.730960500582612,48.93181849672686],[3.7362765004813827,48.94376449701554],[3.722527999414844,48.94501199694515],[3.7097690001816406,48.9727714968078],[3.6675489995042088,48.94701349628737]]],[[[4.516067000229499,48.706688496817605],[4.573200000099451,48.708997496727406],[4.566568000032137,48.714698496255195],[4.570309000339703,48.71886199629874],[4.497994999852659,48.716118496360544],[4.470449500557463,48.70480999629149],[4.446613999578953,48.70363599690335],[4.429630999906083,48.68433449663588],[4.516067000229499,48.706688496817605]]],[[[4.039704999512537,49.32003899666932],[4.048084499851406,49.319505496329086],[4.031644500524177,49.31989249634911],[4.030652999508049,49.314865496405275],[4.060978500116181,49.31661749677453],[4.061345499617963,49.34269849708892],[4.040942000248356,49.34781499640714],[4.042896999562483,49.35862449633322],[4.018165000211612,49.36033799652479],[4.005313499451074,49.354844996391044],[4.006734500551618,49.34602199685297],[4.039704999512537,49.32003899666932]]],[[[3.9857205002464444,48.30572099657012],[3.9535864995369554,48.316714996466516],[3.9220159999325532,48.2906239964975],[3.93376699980729,48.27647249627252],[3.98819150057796,48.299030996503596],[3.9857205002464444,48.30572099657012]]],[[[3.607264000585465,48.84584249658397],[3.6248419997220385,48.84843149623155],[3.623621499717633,48.85631849627856],[3.6059385005359608,48.87130349648036],[3.5893480002094473,48.85065299678212],[3.567738000612551,48.84511649634182],[3.575288499956463,48.840776996964834],[3.5676549997730036,48.83584099627029],[3.581591499814951,48.82310299619272],[3.5852739997578293,48.82958999669996],[3.6138585003387567,48.82934949675281],[3.607264000585465,48.84584249658397]]],[[[4.627208500356097,48.32241549629994],[4.613299500132199,48.31766649640671],[4.613121500321288,48.32410149663867],[4.60150550002112,48.32217499631701],[4.600140499388573,48.31428599662553],[4.592748500390199,48.31361899664793],[4.581520000410735,48.31874399623875],[4.572408000276911,48.31568799623866],[4.571344999324497,48.30846749682202],[4.577173500631058,48.29845449642064],[4.585312499527473,48.29807399598135],[4.589987999651453,48.28358349598907],[4.596137999434382,48.2915164961331],[4.601394500107342,48.28839299632123],[4.61770899951868,48.29751399652357],[4.61480850006199,48.30615999625368],[4.627596500334366,48.31462799615969],[4.627208500356097,48.32241549629994]]]]}},{"type":"Feature","properties":{"id":"rose-des-riceys","name":"Rosé des Riceys","region":"Champagne","grapes":["Pinotoir"],"original_region":"Champagne","key_appellations":[],"desc":"Rosé des Riceys is an appellation in the Champagne region. Main grapes: Pinotoir."},"geometry":{"type":"Polygon","coordinates":[[[4.438109500090004,47.95937199671427],[4.447030999635898,47.961415496563184],[4.41933599965059,47.9740564960572],[4.419348500208308,47.98795499590286],[4.394197999421807,48.016510996733736],[4.37423249972701,48.0254959964667],[4.332183000629688,48.018168996284594],[4.330276999803273,48.01383799656959],[4.350226000619086,48.00367449648823],[4.332192499545735,48.0006724966615],[4.311270500357479,47.96493899622037],[4.343219999830949,47.955865496075106],[4.4179099999291065,47.96845899670968],[4.438109500090004,47.95937199671427]]]}},{"type":"Feature","properties":{"id":"ajaccio","name":"Ajaccio","region":"Corsica","grapes":["Aléatico","Barbaroux","Biancu Gentile","Carcajolo","Carignan","Cinsaut","Codivarta","Genovèse"],"original_region":"Corsica","key_appellations":[],"desc":"Ajaccio is an appellation in the Corsica region. Main grapes: Aléatico, Barbaroux, Biancu Gentile, Carcajolo, Carignan, Cinsaut, Codivarta, Genovèse."},"geometry":{"type":"MultiPolygon","coordinates":[[[[8.854302499612643,41.74078399361071],[8.852824000313353,41.75107499429984],[8.875705500434563,41.76840899399035],[8.891175000565775,41.759294993917194],[8.898618000027023,41.76306899436295],[8.914846000493139,41.75617249408713],[8.927399500573008,41.74686699395662],[8.921158499744942,41.739553493848874],[8.928436499531005,41.7365119941739],[8.958089500597838,41.74345449380681],[8.958933500391796,41.75392549385633],[8.939879499895287,41.77607699355802],[8.917363499535014,41.77873649358715],[8.921164499806203,41.78935499378171],[8.929545499979902,41.791573994235996],[8.930072500076276,41.80364999405862],[8.923694999628601,41.80450949431751],[8.924297000500372,41.813195993899654],[8.91332649975945,41.82268049415118],[8.915258999439029,41.8361539940971],[8.907282999513647,41.838463494401104],[8.917743500248639,41.8561479936433],[8.939689499916879,41.84463049371449],[8.957852000183117,41.846915993959804],[8.96048000000033,41.85525799371346],[8.975372000278373,41.86030499388834],[8.974365000384436,41.86970599382326],[8.968430999872954,41.868477994186485],[8.968191500375296,41.87774999360289],[8.954486999919887,41.893489993949196],[8.959352999973541,41.89677549383254],[8.952101500477944,41.9037424943132],[8.951407500243384,41.92961199366312],[8.929804000002049,41.934157493956334],[8.948181000529967,41.940448994259825],[8.952998499579722,41.94893449404041],[8.94369150054302,41.985099493990795],[8.978443500510016,42.01021399443218],[8.96277950058231,42.019568493822504],[8.96717200027683,42.02401049433407],[8.963194999734993,42.036346493674124],[8.947218000532299,42.054561994526054],[8.958150499524391,42.05890049417583],[8.962631500201871,42.07507299395933],[8.947366000224363,42.089731494172355],[8.873591999977698,42.06082849418762],[8.867859999652808,42.06165199393759],[8.858222000185608,42.080440493708906],[8.827402999471147,42.08201149402336],[8.826450499834447,42.09281349442539],[8.80957999971846,42.11164649447538],[8.834715999894572,42.12973049432403],[8.820163000008684,42.13452649432873],[8.82775299943061,42.14109299447518],[8.810967499616707,42.1561289937727],[8.820941499662238,42.16997049445091],[8.812181500141257,42.18102799450487],[8.819452999666204,42.19100099384073],[8.797208499738746,42.18719699443121],[8.787230999536959,42.16848149375996],[8.775927499474845,42.161661493752966],[8.720774500089009,42.17446249395591],[8.702700499478016,42.18545099388201],[8.682070499408345,42.17155749379063],[8.635514500318921,42.1664974941278],[8.620708500447986,42.18433599450365],[8.698514000105597,42.22833499400921],[8.701404000200187,42.24203799411348],[8.688001999771053,42.24706899406638],[8.69288799952335,42.25708599385598],[8.68887950014831,42.263506994145125],[8.626050500431587,42.25151649385108],[8.6167779995286,42.25546299423245],[8.57547550001771,42.243854994032866],[8.572876999431877,42.23848949373883],[8.53957499999208,42.237092994453256],[8.553267999690489,42.22686899420349],[8.560145000070115,42.23250499392088],[8.573823499794411,42.22774499430984],[8.567128000152572,42.21962249383114],[8.577798999481523,42.21452599417191],[8.568208500075018,42.213291994357526],[8.566354500141713,42.20557699379562],[8.581274000218098,42.20602749376782],[8.577593500145193,42.18894849430705],[8.58629750010604,42.18057249382103],[8.566866499932276,42.178066994250145],[8.561165500344082,42.171830494406926],[8.593610500541617,42.167938494171075],[8.55784349942798,42.146006993869776],[8.585452000579982,42.15177499437238],[8.594081999975023,42.143222994414145],[8.580461000458648,42.1287604942849],[8.612210500381815,42.1345994943746],[8.623927499971225,42.12253849426711],[8.647873500384787,42.120638994247926],[8.65919649953625,42.101006994343216],[8.664380500381544,42.10622399372184],[8.680355000091852,42.10534399391675],[8.68909899945783,42.115153494114104],[8.699985999597645,42.112515493779505],[8.710296999954975,42.096188493932644],[8.703421000002683,42.08623249384535],[8.716898500506518,42.07803349381436],[8.718865000149966,42.06384099398278],[8.737900500413282,42.065205493682654],[8.746986999539056,42.05021099398507],[8.741662499666056,42.04120649422537],[8.721872500544396,42.04258949447221],[8.72628500050644,42.034668994144],[8.716451499829873,42.02966549451311],[8.685138000022354,42.026436494040965],[8.655865499947469,42.00919349424871],[8.657664500222285,41.99311549452855],[8.66679150024361,41.99364949413207],[8.669634499653025,41.98753399429208],[8.657962000151546,41.97364349439186],[8.640518500196901,41.96738149400616],[8.614198500059183,41.97153949414158],[8.592020999593768,41.96436399446785],[8.597410999483104,41.95273749420085],[8.606764999462069,41.95190999369633],[8.606286000550893,41.942144994456235],[8.623398999989275,41.93488349397128],[8.609131500397076,41.91029899411761],[8.615824000516122,41.90279749400847],[8.607556000483475,41.89376799382761],[8.641481999973033,41.90990999422029],[8.67583699966798,41.904213993951586],[8.718757499550012,41.907959993937915],[8.741373999717688,41.915855493680546],[8.740386499886169,41.93130999427435],[8.752320999508813,41.93339049425565],[8.76285399953384,41.92269049407743],[8.772279000520083,41.927388994062824],[8.782024000061591,41.92337049425855],[8.803273499556354,41.89276849380769],[8.778391000158006,41.882666994455974],[8.790325000547899,41.86632399408899],[8.787783999983176,41.850131494367254],[8.750283499989694,41.84289849408075],[8.765352499732176,41.843316493648715],[8.784530999457717,41.83116699441266],[8.774501500503252,41.82510299407696],[8.771296499946347,41.81123999440396],[8.747943999808992,41.81070849361498],[8.737947499861725,41.79705249358335],[8.710836999891317,41.80105349384203],[8.710551500260939,41.79466249380476],[8.72610050015813,41.78899899365177],[8.73008799960796,41.7759119941635],[8.684396499477897,41.74700049431284],[8.678413000283483,41.752349493757066],[8.660844500476198,41.750260993834694],[8.658717000484732,41.740309994249245],[8.704553999730756,41.739377993891054],[8.702971500167909,41.72533449354107],[8.712144000339098,41.72184299388922],[8.775038999605206,41.741412494124454],[8.784489999593614,41.731713993612026],[8.771011500565521,41.71166199357601],[8.788038500060532,41.70844449385716],[8.782948999542299,41.69916349350567],[8.808876999545161,41.71366549401245],[8.827594500450761,41.710525493868374],[8.823990999615766,41.72075849386541],[8.828468999756307,41.72627699356693],[8.854302499612643,41.74078399361071]]],[[[8.585442999724503,41.87404349446809],[8.594213500503168,41.874195993829495],[8.598217500054458,41.88168899370849],[8.585442999724503,41.87404349446809]]]]}},{"type":"Feature","properties":{"id":"corse-vin-de-corse","name":"Corse / Vin de Corse","region":"Corsica","grapes":["Aléatico","Barbaroux","Biancu Gentile","Carcajolo","Carignan","Cinsaut","Codivarta","Genovèse"],"original_region":"Corsica","key_appellations":[],"desc":"Corse / Vin de Corse is an appellation in the Corsica region. Main grapes: Aléatico, Barbaroux, Biancu Gentile, Carcajolo, Carignan, Cinsaut, Codivarta, Genovèse."},"geometry":{"type":"MultiPolygon","coordinates":[[[[8.774149000143257,41.59284399382407],[8.781807499839218,41.58527149373755],[8.79126900018798,41.587171493556866],[8.79164649964824,41.579021494023486],[8.803965999580972,41.574758494176095],[8.789128500092676,41.563590993623784],[8.782469000560953,41.56668449405952],[8.786883499841503,41.55622499428237],[8.816537500460651,41.555260994052865],[8.813105500171421,41.54867999420075],[8.821567000321314,41.54435749368674],[8.844895000198893,41.546910493640624],[8.846513499453561,41.540311993993896],[8.853883000585846,41.546618993544584],[8.85558200025568,41.53437299409251],[8.843427999544804,41.5265829942997],[8.842510499964886,41.518054993838135],[8.877587500437283,41.52394399372616],[8.890144000053382,41.516892493795226],[8.88166400028265,41.50975699386348],[8.883911499912656,41.504657993660295],[8.91371750044198,41.50775949396993],[8.919969000200137,41.48911499356549],[8.932318500102028,41.49584849363109],[8.940742000496797,41.489078493423996],[8.961215500574742,41.492441994256204],[8.964828500525492,41.48274449386065],[8.973283500483435,41.484915993986206],[8.982564499867403,41.473713994040374],[8.99583999943012,41.48531349418018],[9.003697500123737,41.47477649396147],[9.018015499922246,41.47799999356354],[9.014266500578694,41.47248049367537],[9.024796999855809,41.461293994104615],[9.03924100028957,41.46911299376258],[9.039256999634818,41.45714299394955],[9.051691999700408,41.458978993757036],[9.073338000488798,41.47869699408176],[9.079987500234937,41.47739349364967],[9.067451499839954,41.46549599406091],[9.069209999612879,41.44515899358966],[9.082815999894692,41.441551994186206],[9.094796499699203,41.4498659938485],[9.098657499789319,41.44263949390332],[9.122375000152084,41.44158349387648],[9.104863999727474,41.427503493377095],[9.108917500223232,41.41989549360922],[9.095328500580877,41.41221949406834],[9.091210000410447,41.39932049395954],[9.096444500001386,41.39210449366095],[9.132588500151208,41.399822494191305],[9.126844000324155,41.39425699416142],[9.144127999903061,41.38711699357596],[9.15678899981149,41.39222749349627],[9.164552500066735,41.38959499337604],[9.148355500171341,41.38677649389297],[9.169380000423002,41.38432799354194],[9.180536999708071,41.36581949346382],[9.219988000375658,41.36635899343953],[9.236278500096548,41.39463249350763],[9.259803500048209,41.4137019941135],[9.265161500361222,41.42827899338985],[9.245082999993103,41.4218719941168],[9.222879999952616,41.40448399368069],[9.216025500399203,41.40937449399303],[9.219742000479675,41.41325149366348],[9.209844000589351,41.41326649373276],[9.22676799986556,41.417206994193236],[9.223488000000467,41.44197999376312],[9.243814000210003,41.446791493627444],[9.266011499490904,41.46607699394984],[9.277941499626985,41.464220493849076],[9.266821500533142,41.470316493575154],[9.28451550017412,41.477861993720154],[9.287904499657124,41.494633993828664],[9.283366500498483,41.50042799403538],[9.277486000235976,41.49554399418913],[9.268339000122069,41.50043749396087],[9.284538500255787,41.5173834936958],[9.272610499842687,41.52371399385646],[9.273810499952685,41.530953993506934],[9.287183500572704,41.52955049402405],[9.323803000418296,41.55715949423553],[9.343402999881725,41.559374994120276],[9.349951000507334,41.56584199409035],[9.347613000144886,41.57520099373653],[9.369360499450679,41.59413399402425],[9.341420500026043,41.59401349424238],[9.333948000027991,41.60319449382993],[9.317996500200813,41.60484749381431],[9.295422999403026,41.58378899424116],[9.280934500200303,41.59718799371505],[9.287431999590211,41.59878199400973],[9.287451000027707,41.608892994286336],[9.306188500042015,41.615153493985716],[9.307364999920477,41.62822199408662],[9.327359000576894,41.61832249371713],[9.316093000332547,41.61712149391479],[9.31978499946947,41.6151729941624],[9.335290000389625,41.62153699429867],[9.355782500208067,41.61737949408304],[9.347601500039787,41.636632493956135],[9.35843800007248,41.64093049407711],[9.367849000548377,41.63569599362185],[9.377628500491905,41.64850949386645],[9.385898500539762,41.64537599350572],[9.3812664995446,41.650902994146676],[9.3886190003954,41.65695449371823],[9.381306000314153,41.66436349415551],[9.388004500220738,41.67045049435588],[9.375623000292881,41.670672493567665],[9.372298999772863,41.679325993697454],[9.382382500000025,41.688778493696894],[9.40019300048265,41.6929084943848],[9.406494999803808,41.713432494148094],[9.40137500046335,41.717731494070506],[9.408093999458995,41.766456493742275],[9.39523850018534,41.77570049364057],[9.399920999526676,41.78801349401798],[9.394033500523244,41.79800299367482],[9.405889500116857,41.81786749426941],[9.396840999507145,41.87403999415956],[9.4019279994387,41.89702949376504],[9.413586000580986,41.9148744943372],[9.413545000029634,41.95525749420018],[9.54991450032529,42.104125994053945],[9.554632000581016,42.12221499456478],[9.559191000322418,42.195243494084295],[9.552599999983132,42.234922994182],[9.559987499998062,42.282075493922356],[9.532623000014084,42.368764994211524],[9.54353299966838,42.42921099401081],[9.54149450047002,42.45937349450562],[9.529840500386078,42.48825149447742],[9.533941500161205,42.54183799408987],[9.51450250015008,42.58514799394609],[9.464320999980568,42.637456494095666],[9.44921400050808,42.66224649467983],[9.39318500009696,42.67461349444149],[9.380003999771908,42.66621049399565],[9.385208999527935,42.64335149407293],[9.407483999608488,42.626046494134435],[9.398237500335327,42.6205129940021],[9.421416000119562,42.61019599462175],[9.414181000175548,42.58494599453401],[9.382185999419752,42.567755994574476],[9.375123000577952,42.55599099458561],[9.373911499674804,42.53365899455182],[9.404416999774664,42.517114994743956],[9.394643500436597,42.51811799419809],[9.393481500051871,42.5044564945183],[9.381400499945316,42.50831599474491],[9.370320499458384,42.48455899394474],[9.376646499850706,42.466335494028606],[9.391528500237541,42.44943399457493],[9.408281500109682,42.46335299389996],[9.40463550026341,42.468409993898376],[9.416326499530795,42.49207799389194],[9.448755499597702,42.48195349395956],[9.434484000108236,42.46584549387959],[9.436082999874422,42.460508494524106],[9.46109849968098,42.44974999399853],[9.461950999723708,42.430319494343],[9.480629500373993,42.42129749404501],[9.471779000275438,42.41046399446953],[9.488178000591004,42.396866994264926],[9.48245349953163,42.376277493878156],[9.487177000331604,42.37364199448031],[9.47518999946812,42.34200099451946],[9.478546499704379,42.337177494408486],[9.457133500222332,42.33792849435906],[9.4597560001981,42.310339994672496],[9.425235499950233,42.301007994185426],[9.421186000594018,42.288786994256235],[9.431487500103838,42.28187649431518],[9.404214999771062,42.262688494123196],[9.378004999656735,42.27310999389388],[9.358277000173537,42.27233299433937],[9.357045500094033,42.262221994484925],[9.368340000221563,42.253467994399784],[9.360160499707703,42.24489199450882],[9.324185999857471,42.258743494514306],[9.313317499736257,42.25723699459312],[9.312396000076072,42.26989599438029],[9.298686500337258,42.2646279944807],[9.281561499782189,42.27709299438087],[9.256464499877517,42.271658493937046],[9.248338499677283,42.24960799447988],[9.23304549958248,42.250437493925766],[9.228995500548722,42.24061049427047],[9.24519650058264,42.22802549390189],[9.241940499823121,42.218245994548354],[9.260765999901675,42.19763849434866],[9.254276499399817,42.1865579943671],[9.230030499458055,42.17700049394611],[9.20276950034825,42.14947199432339],[9.181753000460802,42.14205499420753],[9.133687499988973,42.09054799446247],[9.127959499751794,42.06645299401948],[9.131771999848393,42.05277599388585],[9.152062499992011,42.04031999447076],[9.161530000263063,42.024932993957364],[9.188905000354945,42.03143199384917],[9.221089000393475,42.02760049413669],[9.227785500173685,42.04482599433908],[9.241274999737673,42.04832949428193],[9.279479999953658,42.034273994283794],[9.302380000424165,42.03143549369795],[9.313407500132357,42.03807399370915],[9.307714000095734,42.014351494196525],[9.314143999769328,42.010023993637816],[9.314732499758776,41.99775099436638],[9.323556000295753,41.99599349385472],[9.278996499469063,41.98046099406654],[9.230644999401097,41.9326249941046],[9.270288999607528,41.9505974940457],[9.301672499908204,41.9448899936971],[9.300622000018206,41.92652849425144],[9.311559500505682,41.921433494245164],[9.286409499800065,41.90932849426235],[9.25866900049323,41.88499599423099],[9.238611499771956,41.8795709937519],[9.227499499955293,41.85558799395292],[9.236727000225937,41.84657749404959],[9.24463750020325,41.85043449439088],[9.268437999406984,41.83981999428725],[9.301430000152068,41.84490299419407],[9.309091499939898,41.83214349440895],[9.264127999932507,41.80467349414818],[9.23170899967888,41.774526493993214],[9.234147000305253,41.78196699370637],[9.220845999964377,41.79627799386184],[9.201306500587393,41.779035494380594],[9.165762999982725,41.76432149421986],[9.136944499626049,41.73845449413131],[9.14428499984661,41.73323249403665],[9.137720500198627,41.728751993818015],[9.140862999998514,41.70742399424405],[9.178928999873863,41.691948993670614],[9.194011500483045,41.671934993681134],[9.16383850006177,41.65564099358632],[9.170621500191343,41.6441679943493],[9.169625499425198,41.61627749387431],[9.150541499928826,41.614030993877336],[9.130421999904522,41.597026493885366],[9.12447650028584,41.60033299369965],[9.084021499444873,41.58409449416992],[9.059907500230851,41.5944624942859],[9.057826500166025,41.60217599375407],[9.04306900001448,41.61054149432337],[9.025416499675975,41.59822649350767],[9.013227000148337,41.60367699422112],[8.993390499555339,41.60154899365955],[8.997411999883939,41.615352993727306],[8.990172500447628,41.619756994260534],[9.010203999484348,41.63127099380038],[9.02556849961814,41.62609299378605],[9.0274194998526,41.63472499416632],[9.046037000011731,41.63773599376663],[9.05455700013264,41.64603799360039],[9.063718500255503,41.63872349347955],[9.1016314994904,41.65909949397509],[9.09470400048847,41.67215099357905],[9.100429000060512,41.67953299376998],[9.094462999741497,41.68634649362328],[9.09887050000582,41.70179999436636],[9.08930249998859,41.70593799437595],[9.080558500537926,41.69841699393646],[9.053046500388886,41.70501249364496],[9.049492000458791,41.71186649356372],[9.041616500358016,41.71033699426428],[9.045986500300321,41.722093994163],[9.03363749960156,41.72445149385701],[9.018370000069321,41.70475649375238],[8.983877499947914,41.70271299392309],[8.988614000306487,41.72799699364661],[8.963738999748736,41.720554994262784],[8.963851000168644,41.731556993597046],[8.95328449984423,41.74305599415297],[8.958089500597838,41.74345449380681],[8.958933500391796,41.75392549385633],[8.939879499895287,41.77607699355802],[8.916499499862669,41.780365993696826],[8.929545499979902,41.791573994235996],[8.930072500076276,41.80364999405862],[8.923694999628601,41.80450949431751],[8.924297000500372,41.813195993899654],[8.91332649975945,41.82268049415118],[8.915258999439029,41.8361539940971],[8.907282999513647,41.838463494401104],[8.917743500248639,41.8561479936433],[8.939689499916879,41.84463049371449],[8.957852000183117,41.846915993959804],[8.96048000000033,41.85525799371346],[8.975372000278373,41.86030499388834],[8.974365000384436,41.86970599382326],[8.968430999872954,41.868477994186485],[8.968191500375296,41.87774999360289],[8.954486999919887,41.893489993949196],[8.959352999973541,41.89677549383254],[8.952101500477944,41.9037424943132],[8.951407500243384,41.92961199366312],[8.929804000002049,41.934157493956334],[8.948181000529967,41.940448994259825],[8.952998499579722,41.94893449404041],[8.94369150054302,41.985099493990795],[8.978443500510016,42.01021399443218],[8.96277950058231,42.019568493822504],[8.96717200027683,42.02401049433407],[8.963194999734993,42.036346493674124],[8.947218000532299,42.054561994526054],[8.958150499524391,42.05890049417583],[8.962631500201871,42.07507299395933],[8.947366000224363,42.089731494172355],[8.873591999977698,42.06082849418762],[8.867859999652808,42.06165199393759],[8.858222000185608,42.080440493708906],[8.827402999471147,42.08201149402336],[8.826450499834447,42.09281349442539],[8.80957999971846,42.11164649447538],[8.834715999894572,42.12973049432403],[8.820163000008684,42.13452649432873],[8.82775299943061,42.14109299447518],[8.810967499616707,42.1561289937727],[8.820941499662238,42.16997049445091],[8.812181500141257,42.18102799450487],[8.819452999666204,42.19100099384073],[8.797208499738746,42.18719699443121],[8.787230999536959,42.16848149375996],[8.775927499474845,42.161661493752966],[8.720774500089009,42.17446249395591],[8.702700499478016,42.18545099388201],[8.682070499408345,42.17155749379063],[8.635514500318921,42.1664974941278],[8.620708500447986,42.18433599450365],[8.698514000105597,42.22833499400921],[8.701404000200187,42.24203799411348],[8.688001999771053,42.24706899406638],[8.69288799952335,42.25708599385598],[8.68887950014831,42.263506994145125],[8.626050500431587,42.25151649385108],[8.6167779995286,42.25546299423245],[8.57547550001771,42.243854994032866],[8.572876999431877,42.23848949373883],[8.53957499999208,42.237092994453256],[8.553267999690489,42.22686899420349],[8.560145000070115,42.23250499392088],[8.573823499794411,42.22774499430984],[8.567128000152572,42.21962249383114],[8.577798999481523,42.21452599417191],[8.568208500075018,42.213291994357526],[8.566354500141713,42.20557699379562],[8.581274000218098,42.20602749376782],[8.577593500145193,42.18894849430705],[8.58629750010604,42.18057249382103],[8.566866499932276,42.178066994250145],[8.561165500344082,42.171830494406926],[8.593610500541617,42.167938494171075],[8.55784349942798,42.146006993869776],[8.585452000579982,42.15177499437238],[8.594081999975023,42.143222994414145],[8.580461000458648,42.1287604942849],[8.612210500381815,42.1345994943746],[8.623927499971225,42.12253849426711],[8.647873500384787,42.120638994247926],[8.65919649953625,42.101006994343216],[8.664380500381544,42.10622399372184],[8.680355000091852,42.10534399391675],[8.68909899945783,42.115153494114104],[8.699985999597645,42.112515493779505],[8.710296999954975,42.096188493932644],[8.703421000002683,42.08623249384535],[8.716898500506518,42.07803349381436],[8.718865000149966,42.06384099398278],[8.737900500413282,42.065205493682654],[8.746986999539056,42.05021099398507],[8.741662499666056,42.04120649422537],[8.721872500544396,42.04258949447221],[8.72628500050644,42.034668994144],[8.716451499829873,42.02966549451311],[8.685138000022354,42.026436494040965],[8.655865499947469,42.00919349424871],[8.657664500222285,41.99311549452855],[8.66679150024361,41.99364949413207],[8.669634499653025,41.98753399429208],[8.657962000151546,41.97364349439186],[8.640518500196901,41.96738149400616],[8.614198500059183,41.97153949414158],[8.592020999593768,41.96436399446785],[8.597410999483104,41.95273749420085],[8.606764999462069,41.95190999369633],[8.606286000550893,41.942144994456235],[8.623398999989275,41.93488349397128],[8.609131500397076,41.91029899411761],[8.615824000516122,41.90279749400847],[8.607556000483475,41.89376799382761],[8.641481999973033,41.90990999422029],[8.67583699966798,41.904213993951586],[8.718757499550012,41.907959993937915],[8.741373999717688,41.915855493680546],[8.740386499886169,41.93130999427435],[8.752320999508813,41.93339049425565],[8.76285399953384,41.92269049407743],[8.772279000520083,41.927388994062824],[8.782024000061591,41.92337049425855],[8.803273499556354,41.89276849380769],[8.778391000158006,41.882666994455974],[8.790325000547899,41.86632399408899],[8.787783999983176,41.850131494367254],[8.750283499989694,41.84289849408075],[8.765352499732176,41.843316493648715],[8.784530999457717,41.83116699441266],[8.774501500503252,41.82510299407696],[8.771296499946347,41.81123999440396],[8.747943999808992,41.81070849361498],[8.737947499861725,41.79705249358335],[8.710836999891317,41.80105349384203],[8.710551500260939,41.79466249380476],[8.72610050015813,41.78899899365177],[8.73008799960796,41.7759119941635],[8.684396499477897,41.74700049431284],[8.678413000283483,41.752349493757066],[8.660844500476198,41.750260993834694],[8.658717000484732,41.740309994249245],[8.704553999730756,41.739377993891054],[8.702971500167909,41.72533449354107],[8.712144000339098,41.72184299388922],[8.775038999605206,41.741412494124454],[8.784489999593614,41.731713993612026],[8.771011500565521,41.71166199357601],[8.788038500060532,41.70844449385716],[8.782948999542299,41.69916349350567],[8.812413499914834,41.714147993625446],[8.843441499934618,41.69688599367858],[8.916061500372134,41.687195494277596],[8.908748500036944,41.67709649386554],[8.896877500262125,41.67873299389834],[8.881815000297086,41.67102649394277],[8.87200649973006,41.646933494245005],[8.851529000162133,41.64806699391939],[8.82047850042405,41.62971199358672],[8.804169999819145,41.64165699412257],[8.803707000119351,41.63405349423677],[8.794280999720534,41.63255749423841],[8.794695499413017,41.623549993978294],[8.785620499674456,41.61833299370402],[8.791242000553614,41.61557399415345],[8.784860999471297,41.601217993521104],[8.789595500307177,41.59684049387031],[8.774149000143257,41.59284399382407]]],[[[8.585442999724503,41.87404349446809],[8.593373000185688,41.87365199388656],[8.598217500054458,41.88168899370849],[8.595849499735388,41.882181494387176],[8.585442999724503,41.87404349446809]]],[[[8.900543500191107,42.383592993821395],[8.921151000452369,42.426556494161005],[8.913074999671924,42.44603249396841],[8.919041999968972,42.45951049399704],[8.914066999810258,42.47198199467293],[8.923880500289744,42.48333649437168],[8.918912999981497,42.49798199427304],[8.939586500389648,42.515942494071666],[8.963290000423784,42.51904999433025],[8.965811000368708,42.53086849428935],[9.007683000128313,42.55382549404935],[9.0081969998625,42.559352994030114],[9.020353999952023,42.55187449436822],[9.031902499578383,42.55941899431833],[9.037412000052866,42.573229494755395],[9.052529500579594,42.57984299455686],[9.076818499989209,42.57897049439759],[9.094945999990431,42.5691144944326],[9.07451850003954,42.53810999462267],[9.081753500006242,42.5201669943055],[9.078366000512055,42.507269994759426],[9.0610810000619,42.504302994005855],[9.056944499774294,42.49014749438426],[9.063316500589195,42.48177699396517],[9.074194499872828,42.483086493948655],[9.084320999760422,42.467139993837066],[9.078507500186198,42.42756349399535],[9.107061500503594,42.430128993948486],[9.10158650044667,42.439931994266026],[9.114427499621353,42.439768494064246],[9.120595999706154,42.447798994218445],[9.139757499689253,42.45358099446655],[9.163962500205628,42.44166849453165],[9.157602000056482,42.43983449467863],[9.15585300000538,42.42534749392171],[9.147311499785369,42.42242799433893],[9.151776500125711,42.395474994260766],[9.112125999792495,42.38761449408491],[9.085605000089963,42.355483493985815],[9.082893499932998,42.3488714942899],[9.098220499401686,42.335683494060284],[9.093245500468283,42.323378494116305],[9.109326999623983,42.329160494566935],[9.11308649961043,42.337569494036515],[9.145129000208211,42.34402599454818],[9.158649000379162,42.33170999429639],[9.174041500012382,42.32772299437927],[9.172949999875415,42.319881994141824],[9.189827999582157,42.31946449384808],[9.195091999780708,42.3293054939068],[9.211892500099685,42.33263899409745],[9.238483499629623,42.35263249389603],[9.226332999753,42.364112994538665],[9.228422499457675,42.384308494586556],[9.200253499962884,42.39012799390731],[9.20522100024472,42.39391999440843],[9.23984049990073,42.387412494652494],[9.25880599975216,42.39250849445964],[9.256187500446849,42.40309849450601],[9.270932499853062,42.406404993957516],[9.273825499643197,42.400591493958515],[9.303690500046535,42.39236499411321],[9.326715000580801,42.396162994239916],[9.324165999487896,42.40499399438066],[9.309192499775628,42.41511149400938],[9.26935899976182,42.42542699415792],[9.259109499850002,42.42139299450743],[9.251642499558123,42.42508899382577],[9.252674999410509,42.43284499469113],[9.22580849948802,42.435182994230786],[9.219462500014485,42.444049493919444],[9.27114650009526,42.43724299429841],[9.278042499676515,42.428966994377944],[9.310293500164015,42.425701993987225],[9.326823500568084,42.416976493950465],[9.325429000549658,42.446237994348664],[9.331241500478662,42.45519199409313],[9.318319500008121,42.47011549410123],[9.286087499623964,42.48868599420954],[9.299382000316758,42.4936174939933],[9.285401999834656,42.498528494523136],[9.288685500144501,42.50284699467233],[9.282979499558595,42.50982849454184],[9.266979500032093,42.519691494615564],[9.252076500241044,42.51579799389131],[9.250519499772205,42.52103749462227],[9.23232700034181,42.51991449392732],[9.221784999706887,42.52799999428583],[9.228743999744273,42.54912649427791],[9.214309999474052,42.56402599395458],[9.214181500450483,42.57681649389179],[9.206926999935048,42.584343993984696],[9.211220999486377,42.59225999394201],[9.202814499661574,42.60481949418538],[9.1749709998336,42.61753299447352],[9.17279000045773,42.62728249414673],[9.135198500285442,42.64436099450478],[9.11919850010951,42.66047249427136],[9.10699450005106,42.65563499441963],[9.092732499725763,42.65899449413542],[9.084259499669491,42.677551493935056],[9.066459499455458,42.68446699455817],[9.057356499528789,42.69655299438754],[9.059987500419101,42.682811493989824],[9.053386499794668,42.68120149400683],[9.060272499623194,42.67181599396064],[9.055241000273783,42.66940349408925],[9.061234500382875,42.6665279940659],[9.058885500499994,42.65997949447907],[9.028495499585988,42.65262299425387],[9.010686500024727,42.64038699398703],[9.002698000135641,42.64405199453703],[8.95476199964478,42.633720494011435],[8.922226499672895,42.63941949407176],[8.906694500025052,42.62774749438148],[8.879012000458781,42.629095494640495],[8.880670499711368,42.62088299393746],[8.865452000212652,42.60797049448475],[8.852033500090506,42.61229999457658],[8.834511500182417,42.60182199406114],[8.805881499952518,42.60396749404748],[8.801097500009616,42.60076249405375],[8.810240499752366,42.59822299461337],[8.811013500284847,42.58964349456316],[8.797944500179232,42.58310499393604],[8.805879000511501,42.57291799395978],[8.787866000227101,42.55816699467973],[8.765759000039187,42.55629299464266],[8.756194000326813,42.563682494559295],[8.762885999529521,42.56940449447775],[8.754744999477252,42.57161799444667],[8.727043499396604,42.56160449446746],[8.726929500227568,42.583999494297835],[8.709157999818055,42.57672549471161],[8.712853999629248,42.574080494379615],[8.706226499754267,42.56956799404732],[8.718361999784523,42.57052299411428],[8.715810999907985,42.56041599397098],[8.722826999659494,42.55673299452245],[8.716495499749072,42.550356494465674],[8.72261899995499,42.54510599443691],[8.710172500181756,42.535502994299435],[8.720051999593421,42.52520649418893],[8.69965150005647,42.52687449434202],[8.683888999522685,42.51515349455186],[8.666609999959077,42.51560049396025],[8.664742499564325,42.49277849394138],[8.649290500570578,42.47426099453145],[8.674721500237313,42.47615649450466],[8.679877999808303,42.46856099438559],[8.664613999557693,42.45676449420714],[8.668775500345895,42.444841493911724],[8.64823850007785,42.44241099437577],[8.663945000506075,42.43432249444374],[8.656882000531152,42.41679299393997],[8.647188500213192,42.41303899427975],[8.6226170000858,42.42196699423322],[8.605541500145552,42.41626099430785],[8.608642000152495,42.411312494271314],[8.60110199980682,42.40901199422509],[8.611884500196576,42.40341099387632],[8.601961000428764,42.39736149445442],[8.608779500536244,42.38633899444285],[8.573484500319038,42.381283493877106],[8.60079750058765,42.36907899418616],[8.640825999774256,42.373662994538655],[8.650040499529148,42.36232599425999],[8.68237600033063,42.35964999437013],[8.683482000279277,42.348028494121905],[8.7144959996067,42.34906199417131],[8.729671000366446,42.33964349462326],[8.75897050036075,42.3381379943703],[8.770882500368982,42.32476699409145],[8.7894710002006,42.326453494245236],[8.819582000436087,42.31572949450715],[8.865541499508367,42.33484349381017],[8.897965999665725,42.35827549391228],[8.913789500223535,42.375111494447616],[8.900543500191107,42.383592993821395]],[[9.249320499668514,42.47008049455825],[9.261819000192443,42.475555494094294],[9.286574500441192,42.47099599410063],[9.308139499577747,42.448098494563844],[9.268557499694097,42.44471299459673],[9.210108999897608,42.469586994167535],[9.249320499668514,42.47008049455825]]],[[[8.929955500311358,42.645022994296596],[8.938212500276917,42.64206749472182],[8.936266000063174,42.644486494499425],[8.929955500311358,42.645022994296596]]],[[[9.258782999818258,41.333632493950766],[9.258672499957811,41.34818549397789],[9.248920999962966,41.34110249382081],[9.258782999818258,41.333632493950766]]],[[[9.272816999912104,41.36529899396982],[9.259055499462388,41.37449699416633],[9.250332000435536,41.368163494068526],[9.261710000132057,41.36187149384646],[9.272816999912104,41.36529899396982]]],[[[9.227155999459457,41.37341799403084],[9.230328000466494,41.37223599371972],[9.229306000068714,41.3739239942542],[9.227155999459457,41.37341799403084]]],[[[9.35522049967791,41.538231494139524],[9.352313499923676,41.5412994937613],[9.352019000209184,41.540328493827545],[9.35522049967791,41.538231494139524]]],[[[9.363400500143431,41.54924249426629],[9.36185499985867,41.553767494072744],[9.358370499633526,41.549373493605685],[9.363400500143431,41.54924249426629]]],[[[9.375232999457383,41.55948399355055],[9.370978499758287,41.56291399420995],[9.372912999938885,41.55863249429834],[9.375232999457383,41.55948399355055]]],[[[9.38947650054859,41.668504993854995],[9.39557600024405,41.668579993761064],[9.396505999745457,41.66992149411947],[9.394044000112872,41.67273599383701],[9.38947650054859,41.668504993854995]]],[[[9.376975999767263,42.750673494105335],[9.395446000393186,42.74051299415318],[9.396517999743358,42.727754494215176],[9.40802250007012,42.71891949445322],[9.40470550001372,42.705023494538594],[9.454399999781145,42.708145493944436],[9.466711000450747,42.76056749485944],[9.491276000367735,42.79427949445017],[9.485861000408326,42.83341599483927],[9.480176500212414,42.83570899424838],[9.485676999946662,42.851718494855305],[9.47263399987994,42.8756914944359],[9.478153499916207,42.88045399473827],[9.469358000246471,42.90461899403787],[9.47254050003004,42.923978994928206],[9.45158500037961,42.96179999419296],[9.46345149949859,42.98663399446524],[9.443617000531281,42.99335899483878],[9.441041500281088,43.00106149414461],[9.422834499888673,43.01139049464911],[9.408447500516834,43.00553449482188],[9.357823000499012,43.00730449463242],[9.343248000266886,42.99973799411185],[9.341672499429924,42.97852099478427],[9.350721499527461,42.97304799446377],[9.346544500607012,42.9539774941549],[9.35908199986827,42.94563049470697],[9.348893999627112,42.92930949479345],[9.361245999522753,42.92391599475948],[9.322106500167441,42.900180994811144],[9.329833500516463,42.87206999411679],[9.3403040001147,42.86571049444601],[9.309427500345201,42.83329799447929],[9.341859999900008,42.79728299449493],[9.337493999489878,42.76481099409534],[9.344001999655275,42.73966799457983],[9.376975999767263,42.750673494105335]]],[[[9.340236000494269,42.96348149447588],[9.341405499793929,42.965623994364904],[9.340142000420736,42.96533699422413],[9.340236000494269,42.96348149447588]]],[[[9.40634050026646,43.02770049432546],[9.403975999723366,43.025862494202215],[9.40880250022142,43.02231449412354],[9.40634050026646,43.02770049432546]]]]}},{"type":"Feature","properties":{"id":"muscat-du-cap-corse","name":"Muscat du Cap Corse","region":"Corsica","grapes":["Muscat À Petits Grainslancs"],"original_region":"Corsica","key_appellations":[],"desc":"Muscat du Cap Corse is an appellation in the Corsica region. Main grapes: Muscat À Petits Grainslancs."},"geometry":{"type":"MultiPolygon","coordinates":[[[[9.33144350021453,42.87048549482735],[9.391490500391948,42.84513449430697],[9.385349000147416,42.82743499431548],[9.407642999837519,42.81460349471266],[9.406517499903119,42.80401049461436],[9.41642600032231,42.79563199425266],[9.468327000197077,42.801708994185155],[9.49146399971221,42.79756849433727],[9.485861000408326,42.83341599483927],[9.480176500212414,42.83570899424838],[9.485676999946662,42.851718494855305],[9.47263399987994,42.8756914944359],[9.478153499916207,42.88045399473827],[9.469358000246471,42.90461899403787],[9.47254050003004,42.923978994928206],[9.45158500037961,42.96179999419296],[9.46345149949859,42.98663399446524],[9.443617000531281,42.99335899483878],[9.441041500281088,43.00106149414461],[9.422834499888673,43.01139049464911],[9.408447500516834,43.00553449482188],[9.357823000499012,43.00730449463242],[9.339994000510554,42.993701994721576],[9.345487499815105,42.986143994339244],[9.341672499429924,42.97852099478427],[9.350721499527461,42.97304799446377],[9.346544500607012,42.9539774941549],[9.35908199986827,42.94563049470697],[9.348893999627112,42.92930949479345],[9.37699949994283,42.911531494483725],[9.360783500428031,42.889622994029516],[9.326235000225427,42.90136949405051],[9.321052499693906,42.893512994025464],[9.328559500234435,42.88926999409634],[9.33144350021453,42.87048549482735]]],[[[9.359076500231367,42.63672449406124],[9.321156999541225,42.66815749430414],[9.337575499854916,42.67813949420687],[9.382029499526194,42.66739249430842],[9.392973499716259,42.6727799942751],[9.39048749951036,42.67844449444969],[9.405527999446063,42.702718994119074],[9.40802250007012,42.71891949445322],[9.396517999743358,42.727754494215176],[9.392328499627029,42.74553449411719],[9.371929499842725,42.75102449439387],[9.366082000499201,42.74419799473611],[9.344001999655275,42.73966799457983],[9.335140499837474,42.722858494755535],[9.3227214998589,42.71693049422796],[9.322887999531018,42.696957994479746],[9.292953500187261,42.67428999422914],[9.283678500476872,42.67733149397598],[9.269348999904174,42.70162599405587],[9.259780500476104,42.70031199475743],[9.254055500048999,42.706201494791195],[9.257845500021418,42.71785549451831],[9.228844999588741,42.71805349475891],[9.2346415001369,42.70167549429333],[9.262068499964379,42.692264994800816],[9.258255499524726,42.67817899445551],[9.265800499863936,42.66670699413151],[9.283017499806402,42.66247149417068],[9.301526000457233,42.62675749444599],[9.351434499402588,42.62626699468032],[9.373901000061284,42.61825249479693],[9.392717999592772,42.61819399426123],[9.407483999608488,42.626046494134435],[9.392234499586992,42.63786299444501],[9.359076500231367,42.63672449406124]]],[[[9.341405499793929,42.965623994364904],[9.340236000494269,42.96348149447588],[9.343622499625551,42.96345849463962],[9.341405499793929,42.965623994364904]]],[[[9.40634050026646,43.02770049432546],[9.406565999692424,43.02312999465595],[9.40880250022142,43.02231449412354],[9.40634050026646,43.02770049432546]]]]}},{"type":"Feature","properties":{"id":"patrimonio","name":"Patrimonio","region":"Corsica","grapes":["Grenache","Nielluccio","Sciacarello","Vermentino"],"original_region":"Corsica","key_appellations":[],"desc":"Patrimonio is an appellation in the Corsica region. Main grapes: Grenache, Nielluccio, Sciacarello, Vermentino."},"geometry":{"type":"Polygon","coordinates":[[[9.407483999608488,42.626046494134435],[9.385208999527935,42.64335149407293],[9.380003999771908,42.66621049399565],[9.392973499716259,42.6727799942751],[9.39048749951036,42.67844449444969],[9.405527999446063,42.702718994119074],[9.40802250007012,42.71891949445322],[9.396517999743358,42.727754494215176],[9.388122999704624,42.74786999428356],[9.371929499842725,42.75102449439387],[9.366082000499201,42.74419799473611],[9.344001999655275,42.73966799457983],[9.335140499837474,42.722858494755535],[9.3227214998589,42.71693049422796],[9.322887999531018,42.696957994479746],[9.292953500187261,42.67428999422914],[9.283678500476872,42.67733149397598],[9.269348999904174,42.70162599405587],[9.259780500476104,42.70031199475743],[9.254055500048999,42.706201494791195],[9.257845500021418,42.71785549451831],[9.234126500344003,42.71990199456782],[9.222238999765853,42.73547549475304],[9.197952000581862,42.725081494740834],[9.167617500488845,42.7366799944556],[9.13469300052749,42.72854849410582],[9.123742000107534,42.73150249440632],[9.099845499479072,42.71714099442755],[9.135937499679097,42.69244799414387],[9.127820999501447,42.687008994214125],[9.14446399946029,42.67518949429365],[9.13837049986924,42.66751249406477],[9.153553000124742,42.66585499405323],[9.172812500208906,42.639881994328114],[9.246563000330132,42.598500494572754],[9.299084999698263,42.61529799478475],[9.264400499724106,42.6522564943472],[9.265800499863936,42.66670699413151],[9.283017499806402,42.66247149417068],[9.301526000457233,42.62675749444599],[9.351434499402588,42.62626699468032],[9.35990649942921,42.6205139944748],[9.392717999592772,42.61819399426123],[9.407483999608488,42.626046494134435]]]}},{"type":"Feature","properties":{"id":"cotes-de-toul","name":"Côtes de Toul","region":"France","grapes":["Aubin","Auxerrois","Gamay","Meunier","Pinotoir"],"original_region":"France","key_appellations":[],"desc":"Côtes de Toul is an appellation in the France region. Main grapes: Aubin, Auxerrois, Gamay, Meunier, Pinotoir."},"geometry":{"type":"MultiPolygon","coordinates":[[[[5.862292999596116,48.56422649635425],[5.869136999563252,48.57278649634867],[5.8660450003960385,48.586609496687636],[5.858068499354464,48.59012849628143],[5.870413500013916,48.59585399668149],[5.874171500696865,48.60760299623543],[5.8585975003367725,48.61187399645614],[5.867895999938651,48.635936496562486],[5.855028499764694,48.632548996329746],[5.865424500117971,48.66536099663269],[5.846594499841269,48.66431799678779],[5.838031000502332,48.65351399658668],[5.814197000119061,48.65167799616082],[5.809566999609404,48.636022996520396],[5.806990499762556,48.64385999640873],[5.800095000119278,48.64342549657619],[5.761990499728975,48.62558449619021],[5.765055499917338,48.61873849646958],[5.792842500655018,48.62888199677131],[5.803520499540702,48.62513249633101],[5.785311499452181,48.603493496489484],[5.803475000149305,48.595296496913306],[5.800959999596731,48.5784899969041],[5.826188499680272,48.55709849660244],[5.833200000251917,48.55350849687099],[5.862292999596116,48.56422649635425]]],[[[5.856188499705249,48.68747299635925],[5.866204499482156,48.69183349688198],[5.863936499310839,48.69911999680244],[5.883678500301768,48.70697099688847],[5.875729499903191,48.71482049611263],[5.8865180005507405,48.71982049664731],[5.8860255005044015,48.72660549689161],[5.867442000060932,48.72732149639073],[5.865243500361273,48.73899349658721],[5.8393169995653045,48.72792049656912],[5.805752999683052,48.728725996247015],[5.79840299936859,48.735881996870056],[5.790936999470924,48.72907749614115],[5.797690000587832,48.713287996126],[5.820442999625615,48.7080704969554],[5.811987999859036,48.7019754965091],[5.821602500331449,48.702448496833135],[5.816383999745964,48.69778799612326],[5.856188499705249,48.68747299635925]]]]}},{"type":"Feature","properties":{"id":"moselle","name":"Moselle","region":"France","grapes":["Auxerrois","Gamay","Gewürztraminer","Pinotlanc","Pinot Gris","Pinotoir","Riesling"],"original_region":"France","key_appellations":[],"desc":"Moselle is an appellation in the France region. Main grapes: Auxerrois, Gamay, Gewürztraminer, Pinotlanc, Pinot Gris, Pinotoir, Riesling."},"geometry":{"type":"MultiPolygon","coordinates":[[[[6.021316500291517,49.03972849661783],[6.00545000023399,49.03442349652638],[6.01681349944551,49.01879849676543],[6.011674500318566,49.00019149703284],[6.039368499725484,48.99722999681929],[6.044965999339341,49.008931996653935],[6.068030000199584,49.007150996774534],[6.069527499920371,49.01709049622051],[6.055029999917267,49.021842997030035],[6.054381000638798,49.03410749670259],[6.0679375004031915,49.054914996788256],[6.064331999626433,49.05805049655693],[6.091446500496452,49.076197996291164],[6.089840000592836,49.08544549707712],[6.110412000254045,49.09120899633639],[6.088179500540709,49.105171496669385],[6.098879000271127,49.110814996798815],[6.0593630005330645,49.116685996251555],[6.034340000680148,49.137889996703954],[6.023355000347193,49.14148499702826],[6.027811500257864,49.13594199663718],[6.020394499784546,49.126725496861255],[6.048314499910173,49.109269996435664],[6.0400010006191875,49.10812949652115],[6.039333500577391,49.101122997056734],[6.008473499753673,49.10099699678775],[6.011854999656286,49.09481149644562],[6.005192500595162,49.08453649654972],[6.024262999294925,49.07830099691842],[6.017893500530453,49.07462899654692],[6.026557500505893,49.07133949647267],[6.008452000278976,49.06106649651828],[6.031395000017602,49.054566496858435],[6.01731750014007,49.042954996696025],[6.021316500291517,49.03972849661783]]],[[[6.118596000329402,48.98915049704575],[6.118128500259341,48.99826049631997],[6.14377900002275,49.00438199645847],[6.141866000189379,49.01962049626216],[6.107909000180578,49.008678496958254],[6.102620999531232,49.014747496656305],[6.11100950008831,49.017982496393756],[6.111245000361291,49.02738449635473],[6.122366000084509,49.02774349682558],[6.1160529995830215,49.03213599703549],[6.120550000707136,49.0371214962951],[6.083212999701453,49.04226549706089],[6.091353499756203,49.01966299631136],[6.076331500184195,48.997517496665836],[6.064213500276039,48.99196799622609],[6.069227500236448,48.99135299673514],[6.064763500217051,48.98101099640181],[6.074562500562329,48.97868499628565],[6.069346500674369,48.97198849667324],[6.081326499993977,48.96304849693707],[6.099606500646887,48.968841997054874],[6.097680500353991,48.97317649655225],[6.1207374994307155,48.97246499630296],[6.130064499843467,48.98075249663943],[6.128120000588086,48.9894604970344],[6.118596000329402,48.98915049704575]]],[[[6.524484500200109,48.75250299686428],[6.534743499490297,48.7489274963052],[6.547833999876443,48.75511699698022],[6.552347500465472,48.773452996735664],[6.546427999325876,48.77678399697607],[6.5480334996495815,48.7860809969273],[6.565070999847955,48.786888996534486],[6.559337499798864,48.79476199617249],[6.533897499659331,48.804302996297345],[6.51360099970845,48.78676499682441],[6.498730500169901,48.788168496159564],[6.4966569994946886,48.780491496766224],[6.502745500599864,48.778289496330046],[6.491109999330882,48.765122496469324],[6.511913500196732,48.754448996787204],[6.505051499446566,48.74731849648748],[6.524484500200109,48.75250299686428]]],[[[6.128153500323348,49.11047799686912],[6.127780999821367,49.123497996239486],[6.138424499415592,49.13250649684653],[6.135882500594335,49.13781399626468],[6.108275999470407,49.133954996336165],[6.088539999829109,49.13874049688896],[6.092344499967636,49.125658496691],[6.087390499922007,49.1218109969166],[6.113148000651944,49.10430399673465],[6.1427225001111765,49.105157996768995],[6.139120999709327,49.11296349632121],[6.128153500323348,49.11047799686912]]],[[[6.14635249982434,49.224717996404685],[6.144270500369797,49.243152496913034],[6.11952350048896,49.24140799632583],[6.116634000267731,49.22046899625611],[6.0686864998219425,49.214792996616936],[6.063459000462957,49.20555649710244],[6.068878500371987,49.19908199663555],[6.078920999687183,49.20298799692008],[6.097079499954622,49.19599649644002],[6.120369499854286,49.197845496595974],[6.137143500541224,49.205798496700226],[6.129889999749204,49.20930749637905],[6.142181999789784,49.214371496277366],[6.137133999387037,49.221871496486244],[6.14635249982434,49.224717996404685]]],[[[6.371383999851885,49.45621999657595],[6.3423720003352875,49.4691964971366],[6.311282499572633,49.463791496829295],[6.291940500238977,49.45603949650531],[6.2903475002448035,49.44988549691952],[6.322123999412939,49.44163399653704],[6.331845999361206,49.45151999667132],[6.343799500011518,49.45159999675158],[6.350761000162177,49.43973849709753],[6.350095500383106,49.42139399688045],[6.360928999804959,49.413808996631296],[6.362265999417275,49.42677999663444],[6.370906000659906,49.42687749648342],[6.364493499974834,49.439486996930015],[6.371383999851885,49.45621999657595]]]]}},{"type":"Feature","properties":{"id":"arbois","name":"Arbois","region":"Jura","grapes":["Chardonnay","Pinotoir","Poulsard","Savagninlanc","Trousseau"],"original_region":"Jura","key_appellations":[],"desc":"Arbois is an appellation in the Jura region. Main grapes: Chardonnay, Pinotoir, Poulsard, Savagninlanc, Trousseau."},"geometry":{"type":"Polygon","coordinates":[[[5.7567475003164965,46.85782499554895],[5.770653999782309,46.86902549630385],[5.765739500236171,46.888254995959144],[5.732552500327483,46.891547495744014],[5.738685000582958,46.87114999643916],[5.745552999500896,46.87156699603989],[5.74304299989768,46.865301995687894],[5.7567475003164965,46.85782499554895]]]}},{"type":"Feature","properties":{"id":"chateau-chalon","name":"Château-Chalon","region":"Jura","grapes":["Savagninlanc"],"original_region":"Jura","key_appellations":[],"desc":"Château-Chalon is an appellation in the Jura region. Main grapes: Savagninlanc."},"geometry":{"type":"Polygon","coordinates":[[[5.643482999853465,46.73729499618649],[5.66206999941373,46.75413449625247],[5.6664520002876655,46.75189049630285],[5.669336500565426,46.760403495573335],[5.690938999535721,46.754866996345264],[5.693412000042469,46.77356899574213],[5.6241149994463795,46.78490149592086],[5.59331450022945,46.77736399631063],[5.591937499610222,46.79473599620828],[5.5765320002344065,46.801295496305976],[5.5650739993858975,46.77415749596012],[5.57422950049837,46.770566996099305],[5.56040300038669,46.74200949610956],[5.5672224996870145,46.733397495928564],[5.57814950038391,46.73763549638314],[5.5812235000191315,46.76046449571019],[5.60029699987997,46.751952495934795],[5.606363499749929,46.76235899570407],[5.618798500149803,46.759976996315736],[5.617151500154789,46.75227999622047],[5.643482999853465,46.73729499618649]]]}},{"type":"Feature","properties":{"id":"cotes-du-jura","name":"Côtes du Jura","region":"Jura","grapes":["Chardonnay","Pinotoir","Poulsard","Savagninlanc","Trousseau"],"original_region":"Jura","key_appellations":[],"desc":"Côtes du Jura is an appellation in the Jura region. Main grapes: Chardonnay, Pinotoir, Poulsard, Savagninlanc, Trousseau."},"geometry":{"type":"MultiPolygon","coordinates":[[[[5.419545999881242,46.5023014955441],[5.420049500144731,46.480183495644525],[5.427769500564222,46.47727299551628],[5.428635499793849,46.485798495568645],[5.44575800011012,46.50235349575777],[5.4311875002435235,46.50293099584917],[5.435493499607495,46.515554495914124],[5.429866000125728,46.51750799603653],[5.439403000510991,46.536021995732206],[5.458857000194968,46.55210199601513],[5.45312199936081,46.55450999614749],[5.4555805005908455,46.559799995515576],[5.468527500191457,46.56813399591019],[5.5138620001083245,46.56867899617807],[5.5133680006282555,46.55135999612396],[5.5265765001097975,46.54513749545954],[5.5372229998906,46.54754049587121],[5.552674000010263,46.56709449585555],[5.562615999763237,46.59265649592453],[5.537123000580981,46.599993495709235],[5.5322324996154455,46.61120549552523],[5.519788499631731,46.61290399630623],[5.524463500498413,46.614618995466394],[5.518626499527644,46.618699995494964],[5.524695499955474,46.63964449631426],[5.539036499858427,46.63917449610605],[5.540604499423481,46.62353149628625],[5.551408499757151,46.623902995687985],[5.554337499858749,46.63030349557293],[5.565987000300961,46.62620449572241],[5.580673500115944,46.59754649572883],[5.58927399946616,46.62609049548353],[5.609520499519397,46.61338049620736],[5.610756999877068,46.601413495900765],[5.613456999839168,46.61259149593366],[5.622172500531307,46.61409699608011],[5.624795499847355,46.644366495704354],[5.641134999387567,46.64857699585399],[5.62494700032475,46.65224149550022],[5.613882000526899,46.664940495785814],[5.601581500390134,46.66052149599182],[5.600935999725998,46.66499749545255],[5.629940500428898,46.67519449605207],[5.624468999555667,46.67881899591479],[5.627484000379425,46.6853499957282],[5.640418499377686,46.6882639963311],[5.64804399987162,46.70060349580263],[5.659908000359555,46.69557699566888],[5.695791999640819,46.70965499556267],[5.7072919998637826,46.70724549553675],[5.705953499765596,46.71412899588413],[5.679831000604383,46.71723749569874],[5.68076399976581,46.707979996202596],[5.660027000404827,46.70601849558654],[5.638198500085465,46.71576149605345],[5.643335999704848,46.72986949548774],[5.6786075001773275,46.72708799599604],[5.695719500501284,46.76746799627403],[5.686203999800883,46.77886849628035],[5.6629990004111725,46.78728899596574],[5.707712999372393,46.82942749632999],[5.729596999665423,46.81545399561687],[5.738929000034924,46.81778749561534],[5.723927999666772,46.83169599572539],[5.733025000599179,46.83552349617144],[5.715219500556354,46.83929249617893],[5.733261500449588,46.85701749565999],[5.747432500422511,46.85792249582044],[5.761191999944683,46.850307995920666],[5.750740499634941,46.84278649629319],[5.757838000398379,46.83055299594436],[5.754259999554826,46.825841996381506],[5.764891500240603,46.82178699553492],[5.7525690002147725,46.80950349636216],[5.729558500527,46.80127249567109],[5.717647499797514,46.78699249606154],[5.768348000645522,46.76580699600155],[5.787521000550468,46.79616249599115],[5.7891960000933524,46.828485996116214],[5.810586500606024,46.84382249586801],[5.800127999381753,46.86386049564494],[5.811289000240159,46.86897099571359],[5.815836999601909,46.8845019958375],[5.8290359999610795,46.89157499570656],[5.837683999601855,46.88820449634986],[5.844636499726088,46.89915749608168],[5.836586499418691,46.91376699640327],[5.85306749975115,46.92969749568849],[5.8466030000103935,46.93538849613195],[5.867846499691781,46.94356199574431],[5.873260000396942,46.942900496347384],[5.866752999965355,46.9349049957402],[5.88615449940945,46.92809349617943],[5.885991000347318,46.91364399602305],[5.896015999520414,46.905753496241914],[5.897666500293503,46.9133274955597],[5.927217499678602,46.92011449634669],[5.915501499880375,46.92461349558981],[5.922221500343164,46.92782649565394],[5.920552499570557,46.93728949604349],[5.906080500446676,46.94210799574733],[5.888433499490819,46.9357224960206],[5.89158249951884,46.94359449611952],[5.9756874997203075,46.97585399638623],[5.95118999941485,46.972575995696886],[5.906315499831281,46.95358299611574],[5.902218500585011,46.96122999608763],[5.9129624995372065,46.970486496033395],[5.943877999401522,46.98013749604928],[5.949535499556541,46.990053996245464],[5.923636000274771,46.97861899584827],[5.914997000525304,46.98721849610173],[5.906879000154799,46.966037996200576],[5.890806000566678,46.959692995725575],[5.875507499489387,46.964083496275116],[5.871479000491273,46.95754349579404],[5.855234000013684,46.96785849642149],[5.847703499722387,46.96029949639341],[5.844745499571783,46.97142149640312],[5.836407000148486,46.97266649601902],[5.84700550056014,46.99093849560423],[5.847462999348735,47.00902499640377],[5.838703500286528,47.00893149612897],[5.839450500319141,47.01534749618914],[5.828707500573076,47.0121174958102],[5.813727999644127,47.01743249578384],[5.817912500618114,47.04058549633075],[5.810149000106566,47.046807995598286],[5.797656500571059,47.04308799569896],[5.799166999928909,47.03075149576952],[5.791861999745026,47.0226419956737],[5.7644180001996235,47.01247849567955],[5.77213899973191,47.00558399628979],[5.782612999818815,46.97287599584085],[5.7675035001153505,46.96286049640092],[5.744920499914901,46.95831049640683],[5.735361499355972,46.96521249602799],[5.732574000390583,46.97980449632195],[5.705043499471795,46.97047349594013],[5.680314000254906,46.97470749612942],[5.66073750003486,46.96447099565752],[5.669204500502813,46.955716495977356],[5.66588349941882,46.94986999567817],[5.671379499971592,46.94624399613157],[5.666928500341263,46.94443699629327],[5.67311600044104,46.937144495625866],[5.666221000281411,46.93513849557861],[5.663591999902095,46.922383496249],[5.6410724995700265,46.91947749617268],[5.607849499438416,46.934238996149254],[5.605966500605122,46.92674149618368],[5.616143499923031,46.9194654962212],[5.612452000452618,46.90913349603707],[5.620507500270775,46.90012499566078],[5.594891000501595,46.875148496206904],[5.585272000531636,46.87592149630036],[5.587568500642397,46.867509995969854],[5.566578000628992,46.85951849586113],[5.563921999530248,46.84036949606147],[5.540646500579187,46.843949996151714],[5.538257999822576,46.82953499558489],[5.5510765001271665,46.82590999565005],[5.539508000319186,46.822996995815366],[5.528484000557664,46.80030599623039],[5.511892000286689,46.79464499552495],[5.525152999408532,46.7883329960272],[5.519390500203706,46.78134349566262],[5.524886500132781,46.779111995960704],[5.51038000053364,46.77961399616896],[5.502345499879633,46.759298995908544],[5.4913715005035195,46.76207799634354],[5.473279499410117,46.75060149623487],[5.481513499928393,46.739030495980415],[5.473457499396675,46.723225495916125],[5.479379999963207,46.70572999604719],[5.473300499521059,46.701350495644014],[5.482940000173773,46.68933499599207],[5.511348500357469,46.67656449595968],[5.508097499551913,46.66743249598771],[5.489543500542954,46.667948496377946],[5.482039999649202,46.65924199574004],[5.463945500582854,46.65613799608643],[5.429301000094974,46.6230924961778],[5.3959535006261,46.61111699617788],[5.414221500069513,46.60036099562096],[5.4056919996707125,46.58166599572479],[5.362118500488399,46.577266495706205],[5.367873000102184,46.5669399954673],[5.356164499908738,46.56180399613581],[5.3625804998427995,46.55163949548578],[5.358297999771525,46.519687496272404],[5.384934000034594,46.515622995895576],[5.407749500014279,46.50005399571484],[5.419545999881242,46.5023014955441]],[[5.631865999728381,46.846358496163525],[5.624678499936652,46.85223749566326],[5.630283999905539,46.86342199633965],[5.654392000484357,46.86160099592253],[5.6536375004255595,46.85252849570254],[5.631865999728381,46.846358496163525]]],[[[5.2988055003051215,46.412684495841624],[5.367108499640262,46.388688995791476],[5.366103500448863,46.399835495473674],[5.382203999435068,46.42821649581825],[5.395723000105939,46.43244549593537],[5.398563500049521,46.440062995839064],[5.4083265001813885,46.43885849573058],[5.3981030005809005,46.46659599614856],[5.384158500377371,46.47120199604206],[5.373783999346747,46.46044999609384],[5.323347000214033,46.46250599566785],[5.321767000346738,46.45273449580669],[5.312731499977617,46.45306099624921],[5.310563500317244,46.44676999580717],[5.324470999913851,46.42848899578683],[5.306549999955751,46.4219939956625],[5.3149740001405625,46.41618149546776],[5.2988055003051215,46.412684495841624]]],[[[5.943959499992001,46.97986249606289],[5.956782499753109,46.97550599592529],[5.968911000524367,46.976833996053266],[5.968563000142164,46.980446995577815],[5.943959499992001,46.97986249606289]]]]}},{"type":"Feature","properties":{"id":"l-etoile","name":"L'Etoile","region":"Jura","grapes":["Chardonnay","Poulsard","Savagninlanc"],"original_region":"Jura","key_appellations":[],"desc":"L'Etoile is an appellation in the Jura region. Main grapes: Chardonnay, Poulsard, Savagninlanc."},"geometry":{"type":"Polygon","coordinates":[[[5.510450999906058,46.70104349557276],[5.535031499541452,46.69842199589723],[5.55280399964024,46.702380495463935],[5.571235000557675,46.732608996275566],[5.56040300038669,46.74200949610956],[5.55100850019894,46.74150849600722],[5.546968500516279,46.73414899632527],[5.538196500358506,46.744119495910944],[5.518520499841299,46.735844995497075],[5.50614799989637,46.74121649549889],[5.505610500305111,46.732331995750705],[5.51768900029247,46.721731995687605],[5.504545000548009,46.710797495702245],[5.483103500107519,46.70900399571122],[5.510450999906058,46.70104349557276]]]}},{"type":"Feature","properties":{"id":"macvin-du-jura","name":"Macvin du Jura","region":"Jura","grapes":["Chardonnay","Pinotoir","Poulsard","Savagninlanc","Trousseau"],"original_region":"Jura","key_appellations":[],"desc":"Macvin du Jura is an appellation in the Jura region. Main grapes: Chardonnay, Pinotoir, Poulsard, Savagninlanc, Trousseau."},"geometry":{"type":"MultiPolygon","coordinates":[[[[5.419545999881242,46.5023014955441],[5.420049500144731,46.480183495644525],[5.427769500564222,46.47727299551628],[5.428635499793849,46.485798495568645],[5.44575800011012,46.50235349575777],[5.4311875002435235,46.50293099584917],[5.435493499607495,46.515554495914124],[5.429866000125728,46.51750799603653],[5.439403000510991,46.536021995732206],[5.458857000194968,46.55210199601513],[5.45312199936081,46.55450999614749],[5.4555805005908455,46.559799995515576],[5.468527500191457,46.56813399591019],[5.5138620001083245,46.56867899617807],[5.5133680006282555,46.55135999612396],[5.5265765001097975,46.54513749545954],[5.5372229998906,46.54754049587121],[5.552674000010263,46.56709449585555],[5.562615999763237,46.59265649592453],[5.537123000580981,46.599993495709235],[5.5322324996154455,46.61120549552523],[5.519788499631731,46.61290399630623],[5.524463500498413,46.614618995466394],[5.518626499527644,46.618699995494964],[5.524695499955474,46.63964449631426],[5.539036499858427,46.63917449610605],[5.540604499423481,46.62353149628625],[5.551408499757151,46.623902995687985],[5.554337499858749,46.63030349557293],[5.565987000300961,46.62620449572241],[5.580673500115944,46.59754649572883],[5.58927399946616,46.62609049548353],[5.609520499519397,46.61338049620736],[5.610756999877068,46.601413495900765],[5.613456999839168,46.61259149593366],[5.622172500531307,46.61409699608011],[5.624795499847355,46.644366495704354],[5.641134999387567,46.64857699585399],[5.62494700032475,46.65224149550022],[5.613882000526899,46.664940495785814],[5.601581500390134,46.66052149599182],[5.600935999725998,46.66499749545255],[5.629940500428898,46.67519449605207],[5.624468999555667,46.67881899591479],[5.627484000379425,46.6853499957282],[5.640418499377686,46.6882639963311],[5.64804399987162,46.70060349580263],[5.659908000359555,46.69557699566888],[5.695791999640819,46.70965499556267],[5.7072919998637826,46.70724549553675],[5.705953499765596,46.71412899588413],[5.679831000604383,46.71723749569874],[5.68076399976581,46.707979996202596],[5.660027000404827,46.70601849558654],[5.638198500085465,46.71576149605345],[5.643335999704848,46.72986949548774],[5.6786075001773275,46.72708799599604],[5.695719500501284,46.76746799627403],[5.686203999800883,46.77886849628035],[5.6629990004111725,46.78728899596574],[5.707712999372393,46.82942749632999],[5.729596999665423,46.81545399561687],[5.738929000034924,46.81778749561534],[5.723927999666772,46.83169599572539],[5.733025000599179,46.83552349617144],[5.715219500556354,46.83929249617893],[5.733261500449588,46.85701749565999],[5.747432500422511,46.85792249582044],[5.761191999944683,46.850307995920666],[5.750740499634941,46.84278649629319],[5.757838000398379,46.83055299594436],[5.754259999554826,46.825841996381506],[5.764891500240603,46.82178699553492],[5.7525690002147725,46.80950349636216],[5.729558500527,46.80127249567109],[5.717647499797514,46.78699249606154],[5.768348000645522,46.76580699600155],[5.787521000550468,46.79616249599115],[5.7891960000933524,46.828485996116214],[5.810586500606024,46.84382249586801],[5.800127999381753,46.86386049564494],[5.811289000240159,46.86897099571359],[5.815836999601909,46.8845019958375],[5.8290359999610795,46.89157499570656],[5.837683999601855,46.88820449634986],[5.844636499726088,46.89915749608168],[5.836586499418691,46.91376699640327],[5.85306749975115,46.92969749568849],[5.8466030000103935,46.93538849613195],[5.867846499691781,46.94356199574431],[5.873260000396942,46.942900496347384],[5.866752999965355,46.9349049957402],[5.88615449940945,46.92809349617943],[5.885991000347318,46.91364399602305],[5.896015999520414,46.905753496241914],[5.897666500293503,46.9133274955597],[5.927217499678602,46.92011449634669],[5.915501499880375,46.92461349558981],[5.922221500343164,46.92782649565394],[5.920552499570557,46.93728949604349],[5.906080500446676,46.94210799574733],[5.888433499490819,46.9357224960206],[5.89158249951884,46.94359449611952],[5.9756874997203075,46.97585399638623],[5.95118999941485,46.972575995696886],[5.906315499831281,46.95358299611574],[5.902218500585011,46.96122999608763],[5.9129624995372065,46.970486496033395],[5.943877999401522,46.98013749604928],[5.949535499556541,46.990053996245464],[5.923636000274771,46.97861899584827],[5.914997000525304,46.98721849610173],[5.906879000154799,46.966037996200576],[5.890806000566678,46.959692995725575],[5.875507499489387,46.964083496275116],[5.871479000491273,46.95754349579404],[5.855234000013684,46.96785849642149],[5.847703499722387,46.96029949639341],[5.844745499571783,46.97142149640312],[5.836407000148486,46.97266649601902],[5.84700550056014,46.99093849560423],[5.847462999348735,47.00902499640377],[5.838703500286528,47.00893149612897],[5.839450500319141,47.01534749618914],[5.828707500573076,47.0121174958102],[5.813727999644127,47.01743249578384],[5.817912500618114,47.04058549633075],[5.810149000106566,47.046807995598286],[5.797656500571059,47.04308799569896],[5.799166999928909,47.03075149576952],[5.791861999745026,47.0226419956737],[5.7644180001996235,47.01247849567955],[5.77213899973191,47.00558399628979],[5.782612999818815,46.97287599584085],[5.7675035001153505,46.96286049640092],[5.744920499914901,46.95831049640683],[5.735361499355972,46.96521249602799],[5.732574000390583,46.97980449632195],[5.705043499471795,46.97047349594013],[5.680314000254906,46.97470749612942],[5.66073750003486,46.96447099565752],[5.669204500502813,46.955716495977356],[5.66588349941882,46.94986999567817],[5.671379499971592,46.94624399613157],[5.666928500341263,46.94443699629327],[5.67311600044104,46.937144495625866],[5.666221000281411,46.93513849557861],[5.663591999902095,46.922383496249],[5.6410724995700265,46.91947749617268],[5.607849499438416,46.934238996149254],[5.605966500605122,46.92674149618368],[5.616143499923031,46.9194654962212],[5.612452000452618,46.90913349603707],[5.620507500270775,46.90012499566078],[5.594891000501595,46.875148496206904],[5.585272000531636,46.87592149630036],[5.587568500642397,46.867509995969854],[5.566578000628992,46.85951849586113],[5.563921999530248,46.84036949606147],[5.540646500579187,46.843949996151714],[5.538257999822576,46.82953499558489],[5.5510765001271665,46.82590999565005],[5.539508000319186,46.822996995815366],[5.528484000557664,46.80030599623039],[5.511892000286689,46.79464499552495],[5.525152999408532,46.7883329960272],[5.519390500203706,46.78134349566262],[5.524886500132781,46.779111995960704],[5.51038000053364,46.77961399616896],[5.502345499879633,46.759298995908544],[5.4913715005035195,46.76207799634354],[5.473279499410117,46.75060149623487],[5.481513499928393,46.739030495980415],[5.473457499396675,46.723225495916125],[5.479379999963207,46.70572999604719],[5.473300499521059,46.701350495644014],[5.482940000173773,46.68933499599207],[5.511348500357469,46.67656449595968],[5.508097499551913,46.66743249598771],[5.489543500542954,46.667948496377946],[5.482039999649202,46.65924199574004],[5.463945500582854,46.65613799608643],[5.429301000094974,46.6230924961778],[5.3959535006261,46.61111699617788],[5.414221500069513,46.60036099562096],[5.4056919996707125,46.58166599572479],[5.362118500488399,46.577266495706205],[5.367873000102184,46.5669399954673],[5.356164499908738,46.56180399613581],[5.3625804998427995,46.55163949548578],[5.358297999771525,46.519687496272404],[5.384934000034594,46.515622995895576],[5.407749500014279,46.50005399571484],[5.419545999881242,46.5023014955441]],[[5.631865999728381,46.846358496163525],[5.624678499936652,46.85223749566326],[5.630283999905539,46.86342199633965],[5.654392000484357,46.86160099592253],[5.6536375004255595,46.85252849570254],[5.631865999728381,46.846358496163525]]],[[[5.2988055003051215,46.412684495841624],[5.367108499640262,46.388688995791476],[5.366103500448863,46.399835495473674],[5.382203999435068,46.42821649581825],[5.395723000105939,46.43244549593537],[5.398563500049521,46.440062995839064],[5.4083265001813885,46.43885849573058],[5.3981030005809005,46.46659599614856],[5.384158500377371,46.47120199604206],[5.373783999346747,46.46044999609384],[5.323347000214033,46.46250599566785],[5.321767000346738,46.45273449580669],[5.312731499977617,46.45306099624921],[5.310563500317244,46.44676999580717],[5.324470999913851,46.42848899578683],[5.306549999955751,46.4219939956625],[5.3149740001405625,46.41618149546776],[5.2988055003051215,46.412684495841624]]],[[[5.943959499992001,46.97986249606289],[5.956782499753109,46.97550599592529],[5.968911000524367,46.976833996053266],[5.968563000142164,46.980446995577815],[5.943959499992001,46.97986249606289]]]]}},{"type":"Feature","properties":{"id":"banyuls","name":"Banyuls","region":"Languedoc-Roussillon","grapes":["Carignanlanc","Carignan","Cinsaut","Counoise","Grenachelanc","Grenache Gris","Grenache","Macabeu"],"original_region":"Languedoc-Roussillon","key_appellations":[],"desc":"Banyuls is an appellation in the Languedoc-Roussillon region. Main grapes: Carignanlanc, Carignan, Cinsaut, Counoise, Grenachelanc, Grenache Gris, Grenache, Macabeu."},"geometry":{"type":"Polygon","coordinates":[[[3.158767999936284,42.45874899418586],[3.1623210005427502,42.4647554945906],[3.155558999911994,42.477179994174],[3.130211999528604,42.4819514940861],[3.127483999835675,42.48736899434009],[3.13631949994202,42.49828349385884],[3.122851000241422,42.50545099427913],[3.141839500241373,42.515796494295785],[3.117178999626458,42.52321749472841],[3.115482500492632,42.51895549392632],[3.106265999841877,42.5260364943976],[3.0856179999528615,42.52424349398438],[3.0884594997477692,42.528048994716784],[3.076556999668594,42.53433749436896],[3.0585615005432953,42.531264494351795],[3.0498330003874004,42.51345449401779],[3.0567315002368076,42.49428249419673],[3.0692464995787074,42.483089994590784],[3.04019849970944,42.47353349438769],[3.0470829998389357,42.456821493866954],[3.0698924994978496,42.43580249384485],[3.0986359996119552,42.42510599422087],[3.120817500485302,42.438247494729154],[3.1447925001207397,42.43303699414464],[3.1531034994872065,42.43575649455986],[3.1561455002792282,42.43418899468878],[3.163663000398083,42.43612299394847],[3.1725444996439283,42.43475349404894],[3.1748040001412754,42.43537499446791],[3.176762500101948,42.44110899399647],[3.166544000494171,42.44028199398108],[3.169137499985413,42.44786649425428],[3.159775500337874,42.45198849470586],[3.167553499614941,42.45661499415613],[3.158767999936284,42.45874899418586]]]}},{"type":"Feature","properties":{"id":"banyuls-grand-cru","name":"Banyuls grand cru","region":"Languedoc-Roussillon","grapes":["Carignan","Cinsaut","Counoise","Grenachelanc","Grenache Gris","Grenache","Macabeu","Mourvèdre"],"original_region":"Languedoc-Roussillon","key_appellations":[],"desc":"Banyuls grand cru is an appellation in the Languedoc-Roussillon region. Main grapes: Carignan, Cinsaut, Counoise, Grenachelanc, Grenache Gris, Grenache, Macabeu, Mourvèdre."},"geometry":{"type":"Polygon","coordinates":[[[3.158767999936284,42.45874899418586],[3.1623210005427502,42.4647554945906],[3.155558999911994,42.477179994174],[3.130211999528604,42.4819514940861],[3.127483999835675,42.48736899434009],[3.13631949994202,42.49828349385884],[3.122851000241422,42.50545099427913],[3.141839500241373,42.515796494295785],[3.117178999626458,42.52321749472841],[3.115482500492632,42.51895549392632],[3.106265999841877,42.5260364943976],[3.0856179999528615,42.52424349398438],[3.0884594997477692,42.528048994716784],[3.076556999668594,42.53433749436896],[3.0585615005432953,42.531264494351795],[3.0498330003874004,42.51345449401779],[3.0567315002368076,42.49428249419673],[3.0692464995787074,42.483089994590784],[3.04019849970944,42.47353349438769],[3.0470829998389357,42.456821493866954],[3.0698924994978496,42.43580249384485],[3.0986359996119552,42.42510599422087],[3.120817500485302,42.438247494729154],[3.1447925001207397,42.43303699414464],[3.1531034994872065,42.43575649455986],[3.1561455002792282,42.43418899468878],[3.163663000398083,42.43612299394847],[3.1725444996439283,42.43475349404894],[3.1748040001412754,42.43537499446791],[3.176762500101948,42.44110899399647],[3.166544000494171,42.44028199398108],[3.169137499985413,42.44786649425428],[3.159775500337874,42.45198849470586],[3.167553499614941,42.45661499415613],[3.158767999936284,42.45874899418586]]]}},{"type":"Feature","properties":{"id":"cabardes","name":"Cabardès","region":"Languedoc-Roussillon","grapes":["Cabernet Franc","Cabernet Sauvignon","Cinsaut","Cot","Fer","Grenache","Merlot","Syrah"],"original_region":"Languedoc-Roussillon","key_appellations":[],"desc":"Cabardès is an appellation in the Languedoc-Roussillon region. Main grapes: Cabernet Franc, Cabernet Sauvignon, Cinsaut, Cot, Fer, Grenache, Merlot, Syrah."},"geometry":{"type":"Polygon","coordinates":[[[2.1903555002897157,43.2265969949604],[2.2135515001639874,43.22729999453879],[2.2220799995690217,43.245485995020864],[2.2401679998472637,43.2480204950053],[2.2637669998108123,43.23895499426889],[2.275940999839369,43.24404799469139],[2.309687999599811,43.227447994504004],[2.3153524994658414,43.227089994300606],[2.318174999464663,43.23640849480242],[2.3382430002923646,43.22952749499609],[2.3849729997983475,43.24305799454086],[2.4136434998584124,43.23152249480444],[2.4065525002699335,43.22744899462397],[2.408087500152254,43.2199174944277],[2.4288359994420285,43.22628999437918],[2.4272600004594396,43.23970649494247],[2.3976595002017964,43.245530994838276],[2.4004419999256625,43.261145994399335],[2.4270565001562803,43.26688749426103],[2.4189449999595642,43.278188494912676],[2.4246769995611106,43.28723199418428],[2.4215485000471952,43.29308449436893],[2.409827000141733,43.30295249476195],[2.395060000296123,43.30125149489999],[2.4022614997921634,43.29448999422707],[2.389327500455348,43.3026469946768],[2.3713995002581005,43.29936599444612],[2.350327000339822,43.30589399466344],[2.3457015005281714,43.31760249496394],[2.3316470001873535,43.32664299512023],[2.336089999554892,43.33407399493491],[2.3316449999541997,43.34924249486954],[2.3471215004699686,43.34473949437007],[2.381695500470629,43.312552994749005],[2.3936575004145526,43.314074494302815],[2.3810950000813818,43.332896994471206],[2.4175569995381583,43.35078499506641],[2.4335284998313402,43.3509519951015],[2.431091500124536,43.35643599500108],[2.445455999514829,43.361561994702605],[2.4402934998588983,43.37385999503914],[2.3828424998326923,43.36973249466654],[2.331212500321493,43.355181994812774],[2.317394499787019,43.35850499477375],[2.312943499933891,43.36986849452927],[2.3008000001075875,43.36714549457915],[2.3015290001905626,43.34211599496486],[2.2654179998125867,43.35113249433203],[2.251026500230619,43.318016995028756],[2.2280880004210113,43.3238464947417],[2.222077500060403,43.33770549437786],[2.20982249993988,43.3349419948341],[2.2038205004788693,43.342950494636874],[2.1888980006219088,43.34342449436024],[2.181299000121519,43.325954994985175],[2.171742499948633,43.3236399945112],[2.1922754998088947,43.31551549460391],[2.190170499777845,43.29856049443521],[2.17866700012822,43.303712994436275],[2.1630105000351416,43.297126494255124],[2.174129499667162,43.26361049425944],[2.135589000236897,43.26694049437429],[2.1311055001038217,43.2573724945207],[2.144915499866668,43.25253649482392],[2.1413160003964853,43.24101149464368],[2.185703999927437,43.238378494980395],[2.1903555002897157,43.2265969949604]]]}},{"type":"Feature","properties":{"id":"clairette-du-languedoc","name":"Clairette du Languedoc","region":"Languedoc-Roussillon","grapes":["Clairette"],"original_region":"Languedoc-Roussillon","key_appellations":[],"desc":"Clairette du Languedoc is an appellation in the Languedoc-Roussillon region. Main grapes: Clairette."},"geometry":{"type":"MultiPolygon","coordinates":[[[[3.4105450004198636,43.50366049495825],[3.440602499460579,43.501807994968225],[3.457594499735318,43.526693994365026],[3.478100500246419,43.531665994903356],[3.4850120003946383,43.553469994654556],[3.47034349974624,43.569776994847274],[3.4801470003139396,43.574132495166076],[3.477699999461049,43.582256994513614],[3.45635149967934,43.589291494982305],[3.4389114996106094,43.58417799501331],[3.4245445001759394,43.58750599498029],[3.4282400001599953,43.59173649497964],[3.391648500471011,43.608659995167805],[3.3566200004824633,43.59795599474282],[3.3331060003422315,43.60707449499073],[3.3249115006371452,43.59568449441756],[3.311912000036779,43.59087199433522],[3.305950499826334,43.58278249463133],[3.3137349999552925,43.57744449453384],[3.310111000370014,43.560641994617036],[3.341105500274607,43.555423994804876],[3.3604660002614093,43.53148049433079],[3.4105450004198636,43.50366049495825]]],[[[3.409714000508515,43.70661349507725],[3.3806454996855866,43.733209494746454],[3.363400500268154,43.73241049442671],[3.3715979994942233,43.712143495158706],[3.3472525004338234,43.70759149440679],[3.3514395000480004,43.70326249444191],[3.342083500634587,43.69908199460658],[3.34183299988263,43.691209494407744],[3.3842679999479044,43.677952994535495],[3.3920840005485218,43.66388149456608],[3.3940069996285054,43.67083849494515],[3.4086704997740638,43.6688604951364],[3.4159569999115367,43.674369994909846],[3.436580999628381,43.666206994816086],[3.431467500375688,43.66103649487376],[3.4502509999538233,43.64272299501144],[3.472208000407166,43.63884549458843],[3.4870014999977643,43.61710149469927],[3.5065960004365646,43.62571449515506],[3.536994000145663,43.654920494776064],[3.5332275005492932,43.66540749442449],[3.4944849995407536,43.681559495194804],[3.4913539998550154,43.6767739943928],[3.4868240004877316,43.679977994943044],[3.490074499685332,43.67165549512759],[3.4740045000386397,43.64828299493817],[3.4353700004356185,43.67027299510115],[3.4291999996678224,43.675909494396755],[3.4294119999657555,43.68765599487969],[3.412127999616445,43.688718994356634],[3.409714000508515,43.70661349507725]]]]}},{"type":"Feature","properties":{"id":"collioure","name":"Collioure","region":"Languedoc-Roussillon","grapes":["Carignanlanc","Carignan","Cinsaut","Counoise","Grenachelanc","Grenache Gris","Grenache","Macabeu"],"original_region":"Languedoc-Roussillon","key_appellations":[],"desc":"Collioure is an appellation in the Languedoc-Roussillon region. Main grapes: Carignanlanc, Carignan, Cinsaut, Counoise, Grenachelanc, Grenache Gris, Grenache, Macabeu."},"geometry":{"type":"Polygon","coordinates":[[[3.158767999936284,42.45874899418586],[3.1623210005427502,42.4647554945906],[3.155558999911994,42.477179994174],[3.130211999528604,42.4819514940861],[3.127483999835675,42.48736899434009],[3.13631949994202,42.49828349385884],[3.122851000241422,42.50545099427913],[3.141839500241373,42.515796494295785],[3.117178999626458,42.52321749472841],[3.115482500492632,42.51895549392632],[3.106265999841877,42.5260364943976],[3.0856179999528615,42.52424349398438],[3.0884594997477692,42.528048994716784],[3.076556999668594,42.53433749436896],[3.0585615005432953,42.531264494351795],[3.0498330003874004,42.51345449401779],[3.0567315002368076,42.49428249419673],[3.0692464995787074,42.483089994590784],[3.04019849970944,42.47353349438769],[3.0470829998389357,42.456821493866954],[3.0698924994978496,42.43580249384485],[3.0986359996119552,42.42510599422087],[3.120817500485302,42.438247494729154],[3.1447925001207397,42.43303699414464],[3.1531034994872065,42.43575649455986],[3.1561455002792282,42.43418899468878],[3.163663000398083,42.43612299394847],[3.1725444996439283,42.43475349404894],[3.1748040001412754,42.43537499446791],[3.176762500101948,42.44110899399647],[3.166544000494171,42.44028199398108],[3.169137499985413,42.44786649425428],[3.159775500337874,42.45198849470586],[3.167553499614941,42.45661499415613],[3.158767999936284,42.45874899418586]]]}},{"type":"Feature","properties":{"id":"corbieres","name":"Corbières","region":"Languedoc-Roussillon","grapes":["Bourboulenc","Carignanlanc","Carignan","Cinsaut","Clairette","Grenachelanc","Grenache Gris","Grenache"],"original_region":"Languedoc-Roussillon","key_appellations":[],"desc":"Corbières is an appellation in the Languedoc-Roussillon region. Main grapes: Bourboulenc, Carignanlanc, Carignan, Cinsaut, Clairette, Grenachelanc, Grenache Gris, Grenache."},"geometry":{"type":"Polygon","coordinates":[[[2.604302500009249,42.835872494655625],[2.6651284994100473,42.83663999468664],[2.695251000441184,42.83030749447524],[2.73736399982058,42.83560999465389],[2.754344999767822,42.851703994560715],[2.7619024998478015,42.87332099464409],[2.7890565003007977,42.89598949408587],[2.865273999967105,42.918339494903655],[2.8826125003358913,42.89975749425601],[2.976227500450817,42.870283994219676],[3.0434065003881714,42.83817249467843],[3.060596000332124,42.91755649405794],[3.040284999452037,42.92979249417523],[3.039199499415603,42.94204299438251],[3.0551670003583,42.99712149442704],[3.0693990003126648,43.01242299454738],[3.0625199998608434,43.01579499407246],[3.107049500180295,43.08899049418649],[3.1840405003507426,43.16965349435728],[3.174285999834533,43.17744449423555],[3.150714999761438,43.18104049496645],[3.1483585003495445,43.197663494532904],[3.1299739999969427,43.20752199502035],[3.1139615005701637,43.17465149478009],[3.0768889994917767,43.173631994648076],[3.070401499953639,43.180828494370424],[3.0525414998880156,43.184227994748746],[3.06763500007228,43.21179899449673],[3.02910850031114,43.237844494213945],[3.0079210000685674,43.23162499480801],[2.9971790004032375,43.23461199451262],[2.9870439994605293,43.22517599450783],[2.9772765002012167,43.22635799448447],[2.9653364996656597,43.213303994822724],[2.9446834994785385,43.21060699431095],[2.9213179997996424,43.21892199454434],[2.9185884994753164,43.208347994890644],[2.892460000490373,43.22545449502958],[2.88704299948757,43.21922849465225],[2.865782500526672,43.215866994255045],[2.862495499716667,43.20580099489996],[2.8566055000889334,43.207761494836866],[2.8485404996412504,43.20010049492099],[2.842315499639453,43.205888494652136],[2.8615940003075044,43.23618449437339],[2.8516885002421035,43.244463494783204],[2.838268500509702,43.23758949493593],[2.8226894993456417,43.24386999497617],[2.775328499424048,43.233847494945344],[2.759567499454005,43.2412424946898],[2.7352100002361883,43.225539495080035],[2.727256500204603,43.2341134949601],[2.6982465004207454,43.24073799487687],[2.686120999754684,43.2192219947166],[2.66648400023214,43.218555994634116],[2.6612310000214556,43.20196699457911],[2.651657500362264,43.196496994672756],[2.6333564998835466,43.20077999421809],[2.634991500023237,43.19618499454676],[2.6138129995087036,43.20515399470974],[2.593965999476975,43.19736849481068],[2.5730050004744385,43.20078599440598],[2.5643705004633266,43.194505994469914],[2.5203435005126886,43.20129349452801],[2.516589500259636,43.188962994826326],[2.4991384996571924,43.185657994579586],[2.4523690001563616,43.20322949427237],[2.446445499405593,43.195446494591884],[2.427618499594307,43.194115994721614],[2.4166580000526987,43.18070999450363],[2.4210164998868655,43.17188449454555],[2.4068494996362184,43.16105049444432],[2.4105249993748985,43.14633049471269],[2.470617999689985,43.13907699467444],[2.4960760003871685,43.12144149436849],[2.4811820004173906,43.10954049490721],[2.4149330004854894,43.0842649946145],[2.4499390005129147,43.0531864944342],[2.4716419995679644,43.0462259940739],[2.4664019997719646,43.03079849411161],[2.4899610001335364,43.03526849420849],[2.4800609998874363,43.0480654947084],[2.4921434996304024,43.049665994666526],[2.4988909994127724,43.04470549439395],[2.4911210001321185,43.03400949488003],[2.5100184995200494,43.034518994808295],[2.502824999550766,43.00253199406155],[2.5582305006411032,42.979624494170764],[2.548956000370944,42.95609899483316],[2.5226065000109363,42.93467849463862],[2.5215344998346523,42.92437749492403],[2.5422705000661585,42.919076994921724],[2.5694484995154796,42.933644494465256],[2.586946000018174,42.92875449483405],[2.5934405005630854,42.913073994662554],[2.5497454993538584,42.901241494799685],[2.528936000193501,42.90415449481956],[2.5253795002673938,42.881300994566594],[2.5330339997434494,42.86491399420983],[2.5165750001656555,42.84241049424525],[2.551511500148326,42.84668849403995],[2.604302500009249,42.835872494655625]],[[2.553395500210522,43.034853494609],[2.565172500294924,43.049544994639504],[2.583824999549116,43.048604994225244],[2.6000144999211434,43.031641494210525],[2.598388500137129,43.026740494536405],[2.5868230004466986,43.030774494257415],[2.566792999811434,43.02244649455583],[2.553395500210522,43.034853494609]]]}},{"type":"Feature","properties":{"id":"corbieres-boutenac","name":"Corbières-Boutenac","region":"Languedoc-Roussillon","grapes":["Carignan","Grenache","Mourvèdre","Syrah"],"original_region":"Languedoc-Roussillon","key_appellations":[],"desc":"Corbières-Boutenac is an appellation in the Languedoc-Roussillon region. Main grapes: Carignan, Grenache, Mourvèdre, Syrah."},"geometry":{"type":"Polygon","coordinates":[[[2.8916699999117683,43.09381499490223],[2.8663870001894196,43.09596299469421],[2.854651500184949,43.116046494240436],[2.8581825001708605,43.12691799415826],[2.837615500066622,43.12863299485546],[2.831472500328997,43.13463899432174],[2.841286500075921,43.157106494382504],[2.835619999859705,43.16316099436694],[2.8425400005743,43.17402749469466],[2.8625774999791074,43.17973599440494],[2.857313999598526,43.18282499480692],[2.8629275001969297,43.191216494997114],[2.841325500359728,43.19797799480435],[2.8145934996828053,43.18512549421383],[2.7872435006229153,43.189151494199095],[2.806837499649861,43.217343994782325],[2.7967310002610133,43.222418994469805],[2.8069940002408713,43.23646399467922],[2.7707210004338076,43.233866494786334],[2.759567499454005,43.2412424946898],[2.7352100002361883,43.225539495080035],[2.7289439999452623,43.227403994266176],[2.7226190003631947,43.20046249472116],[2.738527000498971,43.18866149441446],[2.7369035006289386,43.165135994245894],[2.666126499934717,43.15379399490055],[2.6776179994647773,43.11928549493103],[2.670297500392295,43.10688299422217],[2.6858615000059842,43.099233494263586],[2.6752584998582,43.09341849454469],[2.681403999822441,43.08372299489218],[2.6711209995131298,43.066919994385],[2.6833055002075072,43.061571994833166],[2.7194600003211487,43.061278994703414],[2.7191470001283844,43.07144949450755],[2.724124000385056,43.07170149437165],[2.8326770002879074,43.06645849413667],[2.8377039996884172,43.05122599466514],[2.858906500071884,43.05378399441037],[2.8699369994054074,43.07285699485665],[2.889275500303811,43.07929049463844],[2.8916699999117683,43.09381499490223]]]}},{"type":"Feature","properties":{"id":"cotes-du-roussillon","name":"Côtes du Roussillon","region":"Languedoc-Roussillon","grapes":["Carignan","Cinsaut","Grenachelanc","Grenache Gris","Grenache","Lledoner Pelut","Macabeu","Marsanne"],"original_region":"Languedoc-Roussillon","key_appellations":[],"desc":"Côtes du Roussillon is an appellation in the Languedoc-Roussillon region. Main grapes: Carignan, Cinsaut, Grenachelanc, Grenache Gris, Grenache, Lledoner Pelut, Macabeu, Marsanne."},"geometry":{"type":"Polygon","coordinates":[[[2.476736999750974,42.61910099424935],[2.468115999955428,42.602553994135626],[2.4609215002015388,42.60332549460549],[2.4645974998731672,42.583207494016435],[2.4593915005067304,42.568810494715486],[2.469928499580336,42.54423049421276],[2.465169499939816,42.53406299409339],[2.4721414994931434,42.52483349396492],[2.501917500541478,42.53293549480419],[2.505976999710274,42.55124649424912],[2.4946999998320005,42.56665399459506],[2.495790500314202,42.58820299471287],[2.503846500535793,42.59602099400581],[2.509783499661221,42.58170699437212],[2.5324280003069983,42.58059049410974],[2.5266855004842967,42.59328899425418],[2.539305000049492,42.597989494164715],[2.5345015001467437,42.618830494696056],[2.5746459999677063,42.61808449451046],[2.577612499707826,42.62698599400589],[2.6252134996048944,42.63046949470102],[2.634797000034541,42.60691599411331],[2.611798000018534,42.60184099420464],[2.624719500390957,42.5895679945837],[2.6323199995816116,42.58590099438739],[2.653604500199154,42.59385949433691],[2.6674305001031025,42.57171849414097],[2.702266500498111,42.57264649463678],[2.695711500165784,42.55569799436482],[2.687083500352713,42.55694799430019],[2.6821715005613096,42.54994199428656],[2.683798499994748,42.537563494546625],[2.6488169997713262,42.525917994044654],[2.6655194998022944,42.51061299385574],[2.657390999675288,42.502493993849356],[2.665506999605488,42.461023994257104],[2.6501325002349474,42.42741099417939],[2.6709410005475105,42.423253494461676],[2.673950499669041,42.40464399453531],[2.6931184998646716,42.40640999449902],[2.733429000456815,42.42483899440063],[2.7552340000200997,42.42597599461983],[2.7700019997285548,42.41189949459405],[2.7991954995579253,42.41849499449731],[2.8037990005371847,42.43305949466303],[2.8271870001749546,42.43928549454182],[2.8357584994892857,42.45642099451142],[2.846341999457561,42.45895599445534],[2.841406000388247,42.46437549396712],[2.8478574994674917,42.47275699459137],[2.8615580001780274,42.47875349398447],[2.862205999888898,42.494379994741934],[2.842298999948609,42.50590649391413],[2.8661054996511823,42.50961549443269],[2.8469635001875933,42.53274949434759],[2.8832724997231343,42.55165949394606],[2.880537000266016,42.5448759941249],[2.894660500371792,42.525946494010874],[2.894225000135849,42.49192749440859],[2.929823500377074,42.475501494646515],[2.946974999568408,42.48213599395046],[2.9671175000866006,42.46546549473663],[2.9886560005887537,42.474178494180094],[3.0131014998345464,42.466384993968404],[3.0692464995787074,42.483089994590784],[3.0567315002368076,42.49428249419673],[3.0496625005811877,42.51439849416324],[3.0585615005432953,42.531264494351795],[3.075989499737623,42.53371249417219],[3.0578350005642467,42.53639599437604],[3.049240499827456,42.55139599399135],[3.035283000485836,42.64526699444796],[3.0409725004274994,42.70181249422015],[3.0244580001454517,42.70387249470714],[3.0384969995950217,42.702983994689134],[3.0409510003152844,42.72353299415832],[3.031067000264394,42.719008493995],[3.0289380000202426,42.70903499443338],[3.0116210005730566,42.71534299450312],[3.001364499363101,42.70978549463634],[2.969432000116406,42.71356549409136],[2.951782000387904,42.72373249420057],[2.928056499608706,42.7137459940223],[2.924802999674061,42.724433494470404],[2.934651000480402,42.73909849445456],[2.95693699948,42.74012399425373],[2.958643999571532,42.73253149446436],[2.974340500515397,42.73922749416179],[2.9721450004722185,42.75171599462651],[2.9812299999073826,42.762061994216886],[2.9734970000350054,42.769437994182056],[2.9743775002356383,42.77739949424635],[2.99729999992141,42.80107049435306],[3.012575000175165,42.85236749408904],[2.976227500450817,42.870283994219676],[2.917114000275849,42.88486199431513],[2.906995500338057,42.895677994901625],[2.8826125003358913,42.89975749425601],[2.865273999967105,42.918339494903655],[2.7890565003007977,42.89598949408587],[2.7619024998478015,42.87332099464409],[2.754344999767822,42.851703994560715],[2.73736399982058,42.83560999465389],[2.680462499472683,42.83066999461012],[2.6651284994100473,42.83663999468664],[2.604302500009249,42.835872494655625],[2.551511500148326,42.84668849403995],[2.5165750001656555,42.84241049424525],[2.5016735002165182,42.85145599451945],[2.452473499479439,42.83693349470156],[2.3821614998351635,42.84846499461933],[2.3271099995163893,42.83744349441793],[2.327649000151287,42.829073994049445],[2.319075999792497,42.823973494512835],[2.332128499726997,42.82043249396988],[2.3333715002247803,42.80192499401169],[2.4182310005438032,42.79479649456162],[2.4289524999134438,42.7733669942848],[2.406139999727214,42.749404994805865],[2.405623000350564,42.72465349432674],[2.3930529993995657,42.72433749479336],[2.3925000005900094,42.719119494402655],[2.362470000198855,42.70405249445579],[2.3771004994837686,42.693926994215055],[2.3764254995184997,42.68771299421405],[2.4151509997220213,42.68036399400091],[2.4180414994528663,42.693679494144575],[2.443997500105704,42.713952994559435],[2.4592155002616978,42.72311499403989],[2.471403999770894,42.716310994279084],[2.467905999505907,42.703894994233806],[2.488670500149292,42.69126799394754],[2.4599454999006207,42.67193199447039],[2.4758380001240634,42.65015599480029],[2.4874075004801997,42.645595994494386],[2.4672570003270873,42.631577494370305],[2.476736999750974,42.61910099424935]],[[2.507432499512364,42.78803649441081],[2.5100294997362496,42.77984149405455],[2.5015230001346884,42.77202349402805],[2.4443069993751867,42.78321499460812],[2.4481090004597053,42.79459049431699],[2.4831299997553793,42.797565994548485],[2.4862344997594676,42.79095099415676],[2.507432499512364,42.78803649441081]],[[2.9772575003363126,42.62864949444545],[2.9618735001134393,42.63380049396515],[2.942872499506066,42.62694649455653],[2.934037500075885,42.633389994468665],[2.929706499481286,42.65374299421246],[2.968017999748558,42.64212399442587],[2.97607050045847,42.648997494772075],[3.002892499749874,42.652551494112174],[3.0056554996777054,42.644729494676746],[2.9772575003363126,42.62864949444545]]]}},{"type":"Feature","properties":{"id":"cotes-du-roussillon-villages","name":"Côtes du Roussillon Villages","region":"Languedoc-Roussillon","grapes":["Carignan","Grenache","Lledoner Pelut","Mourvèdre","Syrah"],"original_region":"Languedoc-Roussillon","key_appellations":[],"desc":"Côtes du Roussillon Villages is an appellation in the Languedoc-Roussillon region. Main grapes: Carignan, Grenache, Lledoner Pelut, Mourvèdre, Syrah."},"geometry":{"type":"Polygon","coordinates":[[[2.6850655005685238,42.674491994128694],[2.6911169998436537,42.66493449440652],[2.704551999573765,42.668983994691786],[2.7120275003027,42.6937579947651],[2.7536409995195985,42.68370849412011],[2.8264419996218892,42.6907454947504],[2.8505530002227797,42.66994399396406],[2.8442244995676433,42.66425349459229],[2.864797500132897,42.65326949430107],[2.887249499632628,42.64926799389286],[2.887974500380149,42.657866494701075],[2.896170999712949,42.658021994150204],[2.9063499995439974,42.64997849393062],[2.929706499481286,42.65374299421246],[2.9251940000520276,42.65724599412494],[2.9311484999018584,42.66841199460316],[2.9177879999083625,42.680681494261215],[2.9187604998424805,42.69282699403464],[2.930800999619923,42.69510399442716],[2.9615224999454672,42.6864334944745],[2.9759610005379042,42.68990449414121],[2.972861000262359,42.69703549417302],[2.98260499990684,42.7126394947245],[2.9573810005290144,42.716965494397364],[2.9580499996622494,42.72263699475925],[2.951782000387904,42.72373249420057],[2.928056499608706,42.7137459940223],[2.9245595003535256,42.73050599438859],[2.910982500256844,42.72855899403594],[2.8951184994486914,42.73588199427926],[2.8971140000125994,42.74690049413782],[2.8906115004605417,42.7488089944273],[2.8956429998523485,42.772558994817615],[2.9100350005166336,42.76950949482745],[2.9103440005312624,42.789760994733236],[2.935116500385439,42.78666149446764],[2.9493880000359627,42.81367849487551],[3.012575000175165,42.85236749408904],[2.976227500450817,42.870283994219676],[2.917114000275849,42.88486199431513],[2.906995500338057,42.895677994901625],[2.8826125003358913,42.89975749425601],[2.865273999967105,42.918339494903655],[2.7890565003007977,42.89598949408587],[2.7619024998478015,42.87332099464409],[2.754344999767822,42.851703994560715],[2.73736399982058,42.83560999465389],[2.680462499472683,42.83066999461012],[2.6651284994100473,42.83663999468664],[2.604302500009249,42.835872494655625],[2.551511500148326,42.84668849403995],[2.5165750001656555,42.84241049424525],[2.5016735002165182,42.85145599451945],[2.4621920001806856,42.838549494309994],[2.4689704996858084,42.830304494523155],[2.4606995004360557,42.8253204945845],[2.463480000444949,42.8080809942767],[2.4367129998555184,42.812564994384545],[2.436072500643953,42.79437749415462],[2.4831299997553793,42.797565994548485],[2.4862344997594676,42.79095099415676],[2.5112140001037915,42.78838999469807],[2.501015499871248,42.765413994842746],[2.509219499704681,42.7491544941036],[2.546418999789097,42.7501169944065],[2.541581999823163,42.73438599476873],[2.5221954998292904,42.72164149468658],[2.5478709998205926,42.72226799410095],[2.553553999460746,42.70648649401676],[2.532842500039667,42.690195994346645],[2.567976999825956,42.67484499462462],[2.5994505003837896,42.70487499476698],[2.636188999474822,42.70510149427577],[2.653819499589012,42.71594499409555],[2.6701849996113625,42.70698549468178],[2.676153499449534,42.69586449455132],[2.6772920004540195,42.681756993994064],[2.6693405004851187,42.67879349437599],[2.6740594998689007,42.669646994284655],[2.6850655005685238,42.674491994128694]]]}},{"type":"Feature","properties":{"id":"faugeres","name":"Faugères","region":"Languedoc-Roussillon","grapes":["Carignan","Cinsaut","Clairette","Grenachelanc","Grenache","Lledoner Pelut","Marsanne","Mourvèdre"],"original_region":"Languedoc-Roussillon","key_appellations":[],"desc":"Faugères is an appellation in the Languedoc-Roussillon region. Main grapes: Carignan, Cinsaut, Clairette, Grenachelanc, Grenache, Lledoner Pelut, Marsanne, Mourvèdre."},"geometry":{"type":"Polygon","coordinates":[[[3.1812995003780973,43.48479749469823],[3.1946009995098867,43.502613494833405],[3.2229889994077956,43.50351699504305],[3.2218160003149547,43.516270994754265],[3.2291540003785935,43.514818494523695],[3.231111999924472,43.525515495076974],[3.2484299995216657,43.53406199485332],[3.239282000262146,43.550874494728305],[3.2505280003948047,43.554024994536135],[3.249757499622093,43.559823995035146],[3.2642874997250773,43.571021994839064],[3.2360254995210336,43.58511049498903],[3.2260315000104023,43.57533349511855],[3.2154089998233704,43.57676849450589],[3.205908499487153,43.591833994791166],[3.180656000027698,43.59682899440281],[3.146561999668778,43.585870994404374],[3.143443500223488,43.57513599455196],[3.135088000491083,43.57082949469381],[3.0872539995848585,43.55720399471482],[3.08090800049901,43.543514494556625],[3.1084049998002627,43.51268199440809],[3.1416040002599894,43.50078299494336],[3.160758999538069,43.47874549450556],[3.1812995003780973,43.48479749469823]]]}},{"type":"Feature","properties":{"id":"fitou","name":"Fitou","region":"Languedoc-Roussillon","grapes":["Carignan","Grenache","Mourvèdre","Syrah"],"original_region":"Languedoc-Roussillon","key_appellations":[],"desc":"Fitou is an appellation in the Languedoc-Roussillon region. Main grapes: Carignan, Grenache, Mourvèdre, Syrah."},"geometry":{"type":"MultiPolygon","coordinates":[[[[2.985806999797498,42.86638499436892],[3.0434065003881714,42.83817249467843],[3.060596000332124,42.91755649405794],[3.039146999778334,42.933497994620474],[3.0491254995825363,42.98092749430962],[3.0325625005237256,42.986194494681826],[3.022006499783794,42.98173999472652],[2.9877969997110223,42.99538649453224],[2.963425500441987,42.977960994918284],[2.913773999622424,42.918681994071456],[2.906995500338057,42.895677994901625],[2.917114000275849,42.88486199431513],[2.985806999797498,42.86638499436892]]],[[[2.690683499770892,42.86370899486903],[2.6651284994100473,42.83663999468664],[2.695251000441184,42.83030749447524],[2.73736399982058,42.83560999465389],[2.754344999767822,42.851703994560715],[2.7619024998478015,42.87332099464409],[2.7890565003007977,42.89598949408587],[2.8101259999285175,42.898421994607446],[2.79335349975788,42.91433149484131],[2.761082499864062,42.9231864947357],[2.7567265004683383,42.93090149407493],[2.7743505005662907,42.928899494846114],[2.8031089995194876,42.964646994543166],[2.7977940005869835,42.983848494208075],[2.77809250002614,43.004449494382655],[2.7569764998563655,43.00241349428713],[2.7276825001832874,42.98550149475128],[2.7158499994338774,42.985498494724325],[2.726755999600377,42.966065494113046],[2.7272750005575954,42.95045099442899],[2.7133685000053296,42.931232494189366],[2.6875404998352974,42.94373449449047],[2.6638934995068433,42.9329219944707],[2.679505500099021,42.91028249442279],[2.6630815000866552,42.895116994773474],[2.6854900005212916,42.885327994358235],[2.680980499592579,42.87895599471224],[2.690683499770892,42.86370899486903]]]]}},{"type":"Feature","properties":{"id":"grand-roussillon","name":"Grand Roussillon","region":"Languedoc-Roussillon","grapes":["Grenachelanc","Grenache Gris","Grenache","Macabeu","Muscat D'Alexandrie","Muscat À Petits Grainslancs","Tourbat"],"original_region":"Languedoc-Roussillon","key_appellations":[],"desc":"Grand Roussillon is an appellation in the Languedoc-Roussillon region. Main grapes: Grenachelanc, Grenache Gris, Grenache, Macabeu, Muscat D'Alexandrie, Muscat À Petits Grainslancs, Tourbat."},"geometry":{"type":"Polygon","coordinates":[[[2.705765999798141,42.44600599405763],[2.7239309994034926,42.42282849457045],[2.7552340000200997,42.42597599461983],[2.7770549997706357,42.41184649441389],[2.7991954995579253,42.41849499449731],[2.8037990005371847,42.43305949466303],[2.8271870001749546,42.43928549454182],[2.8357584994892857,42.45642099451142],[2.846341999457561,42.45895599445534],[2.841406000388247,42.46437549396712],[2.8478574994674917,42.47275699459137],[2.8615580001780274,42.47875349398447],[2.8621629993843154,42.48961249450844],[2.8786414994789817,42.4965514938225],[2.911767500417796,42.488152994220606],[2.9328484996821302,42.47461299430293],[2.946974999568408,42.48213599395046],[2.9671175000866006,42.46546549473663],[2.9886560005887537,42.474178494180094],[3.0131014998345464,42.466384993968404],[3.04019849970944,42.47353349438769],[3.0470829998389357,42.456821493866954],[3.085973500409135,42.42578149390049],[3.1027524998244327,42.42649449412444],[3.120817500485302,42.438247494729154],[3.1447925001207397,42.43303699414464],[3.1774599995575072,42.43898349401472],[3.166544000494171,42.44028199398108],[3.169137499985413,42.44786649425428],[3.159775500337874,42.45198849470586],[3.167553499614941,42.45661499415613],[3.1571425000660307,42.45961449397806],[3.1623210005427502,42.4647554945906],[3.155558999911994,42.477179994174],[3.130211999528604,42.4819514940861],[3.127483999835675,42.48736899434009],[3.13631949994202,42.49828349385884],[3.122851000241422,42.50545099427913],[3.141839500241373,42.515796494295785],[3.117178999626458,42.52321749472841],[3.115482500492632,42.51895549392632],[3.106265999841877,42.5260364943976],[3.0856179999528615,42.52424349398438],[3.0830914998900316,42.531687994475405],[3.0578350005642467,42.53639599437604],[3.049240499827456,42.55139599399135],[3.042906500367449,42.60003399479539],[3.0233300002819044,42.59628549447776],[3.0111739994401536,42.603430994286335],[3.009895999750878,42.61486999462098],[2.9901339995577323,42.61223699459807],[2.984621499576522,42.616230493987466],[2.988467000079442,42.63380799450535],[2.942872499506066,42.62694649455653],[2.931433499784667,42.64038299415526],[2.929706499481286,42.65374299421246],[2.968017999748558,42.64212399442587],[3.0003299995403823,42.65344699440032],[3.006114500002127,42.642292994160634],[3.035695499892891,42.64076299400214],[3.0409725004274994,42.70181249422015],[3.0244580001454517,42.70387249470714],[3.0384969995950217,42.702983994689134],[3.0409510003152844,42.72353299415832],[3.031067000264394,42.719008493995],[3.0289380000202426,42.70903499443338],[3.0116210005730566,42.71534299450312],[3.001364499363101,42.70978549463634],[2.969432000116406,42.71356549409136],[2.951782000387904,42.72373249420057],[2.928056499608706,42.7137459940223],[2.9245595003535256,42.73050599438859],[2.934651000480402,42.73909849445456],[2.95693699948,42.74012399425373],[2.958643999571532,42.73253149446436],[2.974340500515397,42.73922749416179],[2.9721450004722185,42.75171599462651],[2.9812299999073826,42.762061994216886],[2.9734970000350054,42.769437994182056],[2.9743775002356383,42.77739949424635],[2.99729999992141,42.80107049435306],[3.012575000175165,42.85236749408904],[3.0434065003881714,42.83817249467843],[3.060596000332124,42.91755649405794],[3.039146999778334,42.933497994620474],[3.0491254995825363,42.98092749430962],[3.0325625005237256,42.986194494681826],[3.022006499783794,42.98173999472652],[2.9877969997110223,42.99538649453224],[2.939647000147479,42.95323949453874],[2.9306394998180187,42.93407649423631],[2.913773999622424,42.918681994071456],[2.906995500338057,42.895677994901625],[2.8826125003358913,42.89975749425601],[2.865273999967105,42.918339494903655],[2.8347290003716945,42.91226099449992],[2.8101259999285175,42.898421994607446],[2.79335349975788,42.91433149484131],[2.761082499864062,42.9231864947357],[2.7567265004683383,42.93090149407493],[2.7743505005662907,42.928899494846114],[2.8031089995194876,42.964646994543166],[2.7977940005869835,42.983848494208075],[2.77809250002614,43.004449494382655],[2.7569764998563655,43.00241349428713],[2.7276825001832874,42.98550149475128],[2.7158499994338774,42.985498494724325],[2.726755999600377,42.966065494113046],[2.7272750005575954,42.95045099442899],[2.7133685000053296,42.931232494189366],[2.6875404998352974,42.94373449449047],[2.6638934995068433,42.9329219944707],[2.679505500099021,42.91028249442279],[2.6630815000866552,42.895116994773474],[2.6854900005212916,42.885327994358235],[2.680980499592579,42.87895599471224],[2.690683499770892,42.86370899486903],[2.6651284994100473,42.83663999468664],[2.604302500009249,42.835872494655625],[2.551511500148326,42.84668849403995],[2.5165750001656555,42.84241049424525],[2.5016735002165182,42.85145599451945],[2.4621920001806856,42.838549494309994],[2.4689704996858084,42.830304494523155],[2.4606995004360557,42.8253204945845],[2.463480000444949,42.8080809942767],[2.4367129998555184,42.812564994384545],[2.436072500643953,42.79437749415462],[2.4831299997553793,42.797565994548485],[2.4862344997594676,42.79095099415676],[2.5463525004316114,42.78697999445337],[2.5603074996282955,42.779038994822756],[2.5727800000311483,42.781940494566534],[2.581886999595629,42.76724449400136],[2.575792999526805,42.75560049411475],[2.5685879998914727,42.75507749437568],[2.5852265000134236,42.74698399472639],[2.5918895000789726,42.73536449443488],[2.573588500570521,42.72293299408038],[2.5994505003837896,42.70487499476698],[2.561574000458465,42.674220994662925],[2.568895500545936,42.661067494847295],[2.6002640003184414,42.66166899450984],[2.6057439998872827,42.65568199424445],[2.633628499966165,42.66370799468693],[2.6261889997509096,42.65549449408137],[2.6381420002115927,42.65662899472896],[2.64772799969,42.63590249389831],[2.626021000093718,42.63402349403677],[2.634797000034541,42.60691599411331],[2.613458500481735,42.60340849411316],[2.6159774994872933,42.59638799425053],[2.6323199995816116,42.58590099438739],[2.653604500199154,42.59385949433691],[2.6674305001031025,42.57171849414097],[2.6997149994018614,42.574540494275986],[2.6976835004084783,42.558349494356825],[2.723726999936669,42.558850494380685],[2.7230185002126435,42.54161249463174],[2.7416169997363293,42.52899099432336],[2.738886000366384,42.5218989942515],[2.731783499387935,42.523586494341984],[2.7340894998128897,42.51277649388506],[2.728327999583869,42.50595599473013],[2.67429649973389,42.50280049421606],[2.6614445002980203,42.509098993957444],[2.657390999675288,42.502493993849356],[2.660405500166652,42.49663899407259],[2.6988884999317877,42.48644099473418],[2.6904295002113745,42.483856994277545],[2.687304499701514,42.46847799400529],[2.6685735000990105,42.46722799472534],[2.672360000456992,42.45929699421024],[2.685053000192008,42.45889649438427],[2.705765999798141,42.44600599405763]]]}},{"type":"Feature","properties":{"id":"la-clape","name":"La Clape","region":"Languedoc-Roussillon","grapes":["Bourboulenc","Carignan","Cinsaut","Clairette","Grenachelanc","Grenache","Macabeu","Marsanne"],"original_region":"Languedoc-Roussillon","key_appellations":[],"desc":"La Clape is an appellation in the Languedoc-Roussillon region. Main grapes: Bourboulenc, Carignan, Cinsaut, Clairette, Grenachelanc, Grenache, Macabeu, Marsanne."},"geometry":{"type":"Polygon","coordinates":[[[3.129168500109577,43.11345599490929],[3.1692820001305075,43.158309994442995],[3.2405159995589026,43.21286749498675],[3.2258689998202144,43.22009649438067],[3.200781499525664,43.24944299451227],[3.157582499668798,43.24247549464914],[3.143799000313679,43.247342494992346],[3.147503499727006,43.252858994240555],[3.141621500151309,43.25950699500958],[3.1200964994094615,43.261553494918346],[3.1109384996932907,43.253469494198285],[3.0974490005912796,43.25792399478787],[3.101255999365671,43.24741049498308],[3.089552000540305,43.24731299502833],[3.0775015001450274,43.238348494198064],[3.0752864995926537,43.218963994989124],[3.06763500007228,43.21179899449673],[3.02910850031114,43.237844494213945],[3.0079210000685674,43.23162499480801],[2.9971790004032375,43.23461199451262],[2.9870439994605293,43.22517599450783],[2.9772765002012167,43.22635799448447],[2.9653364996656597,43.213303994822724],[2.9446834994785385,43.21060699431095],[2.9213179997996424,43.21892199454434],[2.9203259996862414,43.20596199442102],[2.9508379997175656,43.19914299422431],[2.944464499909201,43.188684994918816],[2.954896999834758,43.18142849481029],[2.9488004999012736,43.16224449451037],[2.907961999601914,43.162692994815906],[2.901780500033702,43.15731149481164],[2.9092455004954894,43.152686994753935],[2.9061895001435762,43.14775249423316],[2.8823744995946585,43.13628999420227],[2.8908264993826607,43.10200849457616],[2.882677500407968,43.09705849453267],[2.890645499694424,43.095669994783],[2.899118999576325,43.11475449491577],[2.9358360003077424,43.11357649500595],[2.9298939999606817,43.11773499431931],[2.933149000110688,43.12275999488675],[2.9528329996822578,43.135357994150496],[2.9651055001477284,43.13348999432713],[2.9748030000090613,43.14405199443981],[2.9971685004895368,43.143836494423404],[3.0201734997407454,43.06417099471696],[3.061353499855052,43.04971649416042],[3.075682499629266,43.06044349436907],[3.084446500411892,43.05618749413336],[3.122084500426225,43.107434494199545],[3.1324410001304157,43.11060149450652],[3.129168500109577,43.11345599490929]]]}},{"type":"Feature","properties":{"id":"limoux","name":"Limoux","region":"Languedoc-Roussillon","grapes":["Cabernet Franc","Cabernet Sauvignon","Chardonnay","Chenin","Cot","Grenache","Mauzac","Merlot"],"original_region":"Languedoc-Roussillon","key_appellations":[],"desc":"Limoux is an appellation in the Languedoc-Roussillon region. Main grapes: Cabernet Franc, Cabernet Sauvignon, Chardonnay, Chenin, Cot, Grenache, Mauzac, Merlot."},"geometry":{"type":"Polygon","coordinates":[[[2.1797090004193596,42.89782149465234],[2.196211000125713,42.90976399490583],[2.214702500617407,42.90808049437169],[2.225588500094973,42.91524249426942],[2.2384554998312924,42.90918349464359],[2.2453015004312684,42.91454299468859],[2.2424620002802147,42.93254199427465],[2.2681190002684155,42.93444749447314],[2.3007144998326163,42.90971749480372],[2.3089719994901663,42.916869994692576],[2.3027219994948402,42.9249249944021],[2.306703499702186,42.93123249441227],[2.2981280002247453,42.9387834944535],[2.311660500426446,42.94221049445854],[2.333596499513342,42.9340214947263],[2.3569840001472913,42.93771199417677],[2.3566249997532465,42.963905994354995],[2.379123000621513,42.96992699442088],[2.3745274999662103,42.97681799409837],[2.362026500284975,42.982714494206306],[2.3293600002976294,42.977587494198225],[2.3158199996742685,42.96930349483453],[2.2933214996888953,42.97294349481783],[2.285537499420729,42.97694649470615],[2.289691000276613,42.98536599438873],[2.2763270003632217,42.986930494728824],[2.276992499568049,42.99400049492298],[2.2911609995976856,42.997780494115624],[2.2980790000953175,43.011240494937525],[2.3099129995148084,43.01750549420774],[2.3349380003625506,43.005040494270915],[2.3537620001098576,43.00632249463738],[2.3503249999139664,43.01210099411971],[2.319841000259853,43.01991099435626],[2.3203229998057053,43.042886494647966],[2.386162000273588,43.03499849480851],[2.393341999455513,43.03909099451563],[2.3963580002423943,43.05453199426198],[2.3662424996424893,43.0709664940936],[2.3657564997977554,43.07938399419153],[2.3784024996301665,43.09449999491494],[2.3857835003761894,43.0960249942499],[2.4099539998250066,43.082157494456645],[2.451071000547361,43.09980249449455],[2.4397925004614693,43.11358599439988],[2.424001499427183,43.116439494630626],[2.3919829999668556,43.1046639944095],[2.3827210003534285,43.114569494522584],[2.3671235000320956,43.117727494544816],[2.363375999714788,43.12691099434992],[2.340094500166738,43.11061649497053],[2.315592500010314,43.11103849440003],[2.303287499495834,43.1221379944574],[2.3024849996353076,43.13280149496188],[2.266464499742373,43.135802494614175],[2.269003500444663,43.12558899436932],[2.2608934998995647,43.11828849431079],[2.228587499846231,43.11952749445539],[2.2196960003798814,43.10790149455665],[2.2265475002203434,43.09026399496585],[2.2156350000388523,43.079543494989224],[2.211074999903339,43.07840749496475],[2.2038280006574964,43.09262749423922],[2.1922720004233436,43.09549649454647],[2.19314249970003,43.090637494190155],[2.163311000112186,43.08523899421335],[2.1396679999408987,43.09064199479647],[2.1381384995270674,43.08407199438204],[2.1560379993831624,43.07483199464262],[2.1306719994279035,43.07798449456827],[2.1245655002955903,43.06870149502005],[2.092089499518409,43.069529494222245],[2.086013000076248,43.08346749457941],[2.0758305006213464,43.08267999447683],[2.073291500195545,43.07232449437792],[2.0805030005433824,43.065550494517886],[2.064399999591002,43.0429604948358],[2.1173114997249463,43.03641699491059],[2.1104194995429997,43.02174099490326],[2.093411499361794,43.01499349483534],[2.0998794998146186,43.00811799461919],[2.0891040001818615,43.00314349419321],[2.0916430001664152,42.984697494825525],[2.114611499764054,42.98748849408682],[2.1327684997954797,43.00160999464873],[2.1464559996027206,43.00069249451257],[2.155071999908832,42.98922649431605],[2.148308499688613,42.97693449472077],[2.136218500376888,42.98109949481822],[2.0804134997200885,42.97301999476821],[2.084326000295134,42.959564494935705],[2.0786820006042523,42.947270994526086],[2.0880714997660594,42.9419844943684],[2.120822999739578,42.949610994869154],[2.1343724997118247,42.9458999946969],[2.1336739994608096,42.936089994680955],[2.1165029998710847,42.924799994733185],[2.114812500024753,42.91642499457997],[2.129429500337877,42.923119494343005],[2.1797090004193596,42.89782149465234]]]}},{"type":"Feature","properties":{"id":"malepere","name":"Malepère","region":"Languedoc-Roussillon","grapes":["Cabernet Franc","Cabernet Sauvignon","Cinsaut","Cot","Grenache","Lledoner Pelut","Merlot"],"original_region":"Languedoc-Roussillon","key_appellations":[],"desc":"Malepère is an appellation in the Languedoc-Roussillon region. Main grapes: Cabernet Franc, Cabernet Sauvignon, Cinsaut, Cot, Grenache, Lledoner Pelut, Merlot."},"geometry":{"type":"Polygon","coordinates":[[[2.092089499518409,43.069529494222245],[2.1245655002955903,43.06870149502005],[2.1306719994279035,43.07798449456827],[2.1560379993831624,43.07483199464262],[2.1381384995270674,43.08407199438204],[2.145793999581282,43.09281799457266],[2.163311000112186,43.08523899421335],[2.19314249970003,43.090637494190155],[2.1922720004233436,43.09549649454647],[2.2038280006574964,43.09262749423922],[2.211074999903339,43.07840749496475],[2.219873999437428,43.08085949444205],[2.2265475002203434,43.09026399496585],[2.2201809996287216,43.1099774948936],[2.237242500008736,43.12160199490546],[2.2608934998995647,43.11828849431079],[2.269003500444663,43.12558899436932],[2.266464499742373,43.135802494614175],[2.3024849996353076,43.13280149496188],[2.303287499495834,43.1221379944574],[2.3091879999653333,43.1209714947106],[2.316188499526957,43.12718149429769],[2.3151980001720105,43.15193349457287],[2.3368924993789633,43.157334494642846],[2.3061944996592065,43.173079494606384],[2.3086050001728795,43.182082994813335],[2.320354499720699,43.181681994957565],[2.3237299995815923,43.188519494865886],[2.3450070004712527,43.171062994335244],[2.3509144999158043,43.186722994815554],[2.3843780005746376,43.19157399458975],[2.40951349983824,43.1719819943244],[2.4176280005159616,43.172021494715075],[2.4222465005149494,43.17413849457124],[2.4189390003423252,43.18745599479024],[2.4365489993930978,43.19585999492946],[2.412617999701823,43.19894399500253],[2.41355200042844,43.208799494617786],[2.3896869997414183,43.21038649480382],[2.4136434998584124,43.23152249480444],[2.3849729997983475,43.24305799454086],[2.3382430002923646,43.22952749499609],[2.318174999464663,43.23640849480242],[2.3153524994658414,43.227089994300606],[2.275940999839369,43.24404799469139],[2.2637669998108123,43.23895499426889],[2.2401679998472637,43.2480204950053],[2.2220799995690217,43.245485995020864],[2.212570000546557,43.227019994746136],[2.1983445002282727,43.230830494902925],[2.1903555002897157,43.2265969949604],[2.185703999927437,43.238378494980395],[2.1349124995076134,43.241178994789564],[2.134135000204797,43.23528299426592],[2.128397499463123,43.23805799417384],[2.11400950052811,43.22867349485755],[2.1016224999493955,43.23719349446833],[2.0851235004379505,43.23864849489998],[2.070375999561789,43.23065099502724],[2.0576985000431223,43.2046974948995],[2.048247500309545,43.20093449476162],[1.9879345005340352,43.214448494953174],[1.9936174994488791,43.2213044948643],[1.9901525000627465,43.24042899477405],[1.9718220002692277,43.24450399497185],[1.9722039995380767,43.25192749497424],[1.9654134994123134,43.24524599458186],[1.9439204997334025,43.24634699470399],[1.9434085004465942,43.2385539943644],[1.9496454996518346,43.235871994840956],[1.9466584999050343,43.221557494842095],[1.9679155003629762,43.21749049464497],[1.9720374994287897,43.20863549489573],[1.9623415002552176,43.20365199448994],[1.962163500170768,43.1933004944778],[1.9844409995412693,43.18117399483482],[1.9809754996748916,43.173876494967764],[1.9996359994001105,43.16965049453721],[1.9924860005391378,43.16229699481515],[1.999810999852581,43.160657994321085],[1.992710500562916,43.15356449453111],[1.9969899998699914,43.147908494734835],[1.9879784996917342,43.144771494257334],[1.9934180000133639,43.13786199413827],[1.9847854996361016,43.1398729948807],[1.9811470005050043,43.124407495013116],[2.03367299940311,43.11412049457442],[2.027839499725957,43.10213699495776],[2.05301199942003,43.08942249445493],[2.0508969998878506,43.09558049454923],[2.0605445004368463,43.09596449441274],[2.064735000024006,43.10514849481979],[2.0650185002615133,43.09602149469063],[2.092050999860049,43.07848699433429],[2.092089499518409,43.069529494222245]]]}},{"type":"Feature","properties":{"id":"maury","name":"Maury","region":"Languedoc-Roussillon","grapes":["Carignan","Grenachelanc","Grenache Gris","Grenache","Lledoner Pelut","Macabeu","Mourvèdre","Muscat D'Alexandrie"],"original_region":"Languedoc-Roussillon","key_appellations":[],"desc":"Maury is an appellation in the Languedoc-Roussillon region. Main grapes: Carignan, Grenachelanc, Grenache Gris, Grenache, Lledoner Pelut, Macabeu, Mourvèdre, Muscat D'Alexandrie."},"geometry":{"type":"Polygon","coordinates":[[[2.6097044994432568,42.78545449470846],[2.640897499818214,42.792842994501434],[2.681726999509492,42.78471649428036],[2.7011295000469286,42.790911994629646],[2.711526499743328,42.78065599480009],[2.728660000150745,42.78662949445504],[2.7416564993813064,42.782799994738184],[2.7777030000500016,42.80093449433529],[2.7958139994249454,42.81911449468741],[2.7711935001363317,42.83066349465845],[2.754344999767822,42.851703994560715],[2.73736399982058,42.83560999465389],[2.695251000441184,42.83030749447524],[2.6651284994100473,42.83663999468664],[2.604302500009249,42.835872494655625],[2.551511500148326,42.84668849403995],[2.5165750001656555,42.84241049424525],[2.5016735002165182,42.85145599451945],[2.4621920001806856,42.838549494309994],[2.4689704996858084,42.830304494523155],[2.4606995004360557,42.8253204945845],[2.463480000444949,42.8080809942767],[2.4367129998555184,42.812564994384545],[2.436072500643953,42.79437749415462],[2.531687500235383,42.80631799469942],[2.5559240006257333,42.79970599424065],[2.593819500054924,42.79997999429136],[2.593937500122257,42.785223994499994],[2.577689999685571,42.78687799465079],[2.5727800000311483,42.781940494566534],[2.581886999595629,42.76724449400136],[2.575792999526805,42.75560049411475],[2.5685879998914727,42.75507749437568],[2.578025999915949,42.74667199408008],[2.5908824995978903,42.7557994942814],[2.613796000263646,42.75884999487195],[2.6070095004933145,42.7722309946374],[2.613592499979106,42.78269599418284],[2.6097044994432568,42.78545449470846]]]}},{"type":"Feature","properties":{"id":"minervois","name":"Minervois","region":"Languedoc-Roussillon","grapes":["Bourboulenc","Carignan","Cinsaut","Clairette","Grenachelanc","Grenache Gris","Grenache","Lledoner Pelut"],"original_region":"Languedoc-Roussillon","key_appellations":[],"desc":"Minervois is an appellation in the Languedoc-Roussillon region. Main grapes: Bourboulenc, Carignan, Cinsaut, Clairette, Grenachelanc, Grenache Gris, Grenache, Lledoner Pelut."},"geometry":{"type":"Polygon","coordinates":[[[2.514211999465009,43.18824899417972],[2.5203435005126886,43.20129349452801],[2.5643705004633266,43.194505994469914],[2.5730050004744385,43.20078599440598],[2.593965999476975,43.19736849481068],[2.6138129995087036,43.20515399470974],[2.634991500023237,43.19618499454676],[2.6333564998835466,43.20077999421809],[2.656403000596097,43.19734549427514],[2.66648400023214,43.218555994634116],[2.686120999754684,43.2192219947166],[2.6982465004207454,43.24073799487687],[2.727256500204603,43.2341134949601],[2.7352100002361883,43.225539495080035],[2.759567499454005,43.2412424946898],[2.775328499424048,43.233847494945344],[2.8226894993456417,43.24386999497617],[2.838268500509702,43.23758949493593],[2.8516885002421035,43.244463494783204],[2.870792500204246,43.23431049424506],[2.8847464996728758,43.24381549472488],[2.8975159993791717,43.23362349490689],[2.912461999472346,43.23277999446247],[2.907490500284808,43.253015494557324],[2.9137219997551336,43.26158149492577],[2.8992704999213843,43.268620995044756],[2.908832000289207,43.27245299454234],[2.90330799994061,43.28648199495173],[2.9177610005596906,43.297429994763014],[2.924128500553371,43.2918364950033],[2.92696299982965,43.30579949501215],[2.946075499481971,43.31195699437594],[2.9212515001998947,43.326085494385275],[2.9295244999986356,43.333418495043176],[2.92289100031404,43.34317749508617],[2.889494999667149,43.35176449453911],[2.8901680003859287,43.36534849462631],[2.8695145003681652,43.37350399431452],[2.8681959994780453,43.38494199446118],[2.8781329998683804,43.3912904949193],[2.867124499569537,43.4108734947843],[2.8560300001257373,43.405256494775756],[2.8089359995187384,43.413155994569344],[2.776666499339246,43.438820995041105],[2.7588035001380966,43.41353499487926],[2.7779475001049247,43.39739049503961],[2.765569999668583,43.3935669947725],[2.759488999583094,43.37941849500223],[2.7477814999882773,43.38238499484478],[2.736740000527564,43.37315199464399],[2.719159500207932,43.373035494529475],[2.7079544994482756,43.37747799451505],[2.704122499814959,43.38703549504985],[2.695089500318792,43.38287799476369],[2.684524500205214,43.38993049481212],[2.676328499989616,43.381357494269885],[2.675142000417027,43.391218994315],[2.6296719997947533,43.37685099437133],[2.631856999847545,43.399262994681166],[2.6200309996403393,43.4054259942571],[2.6259259993825697,43.41084449484041],[2.599859000351311,43.4332789950608],[2.580727500461236,43.423150994466596],[2.565782499766182,43.42295799511162],[2.594714999980527,43.40919999461569],[2.5872319995375244,43.399554495042096],[2.5688475004480367,43.40021599448215],[2.5552204999313086,43.38831899495691],[2.551363499445886,43.37842399448064],[2.5568110001021576,43.36599399427995],[2.539922500454347,43.34562499458852],[2.5336685004599864,43.34506499514813],[2.530416499725761,43.3529969950796],[2.5221565004564543,43.350471994528654],[2.51498000014114,43.36534299473659],[2.5180869997544404,43.370244494231216],[2.496963499883683,43.38059149437015],[2.515329000056209,43.39847499427285],[2.5118200000123085,43.40355799427758],[2.48006499998455,43.39172499507461],[2.468482000475614,43.38120049448977],[2.4687269998090544,43.39664599423533],[2.4561949996782744,43.39710899447009],[2.4390035004308075,43.37597299458712],[2.445455999514829,43.361561994702605],[2.431091500124536,43.35643599500108],[2.4335284998313402,43.3509519951015],[2.4175569995381583,43.35078499506641],[2.3810950000813818,43.332896994471206],[2.3936575004145526,43.314074494302815],[2.381695500470629,43.312552994749005],[2.3471215004699686,43.34473949437007],[2.3316449999541997,43.34924249486954],[2.336089999554892,43.33407399493491],[2.3316470001873535,43.32664299512023],[2.3457015005281714,43.31760249496394],[2.350327000339822,43.30589399466344],[2.3713995002581005,43.29936599444612],[2.389327500455348,43.3026469946768],[2.4022614997921634,43.29448999422707],[2.395060000296123,43.30125149489999],[2.409827000141733,43.30295249476195],[2.4215485000471952,43.29308449436893],[2.4246769995611106,43.28723199418428],[2.4189449999595642,43.278188494912676],[2.4270565001562803,43.26688749426103],[2.3974865005350625,43.25714099496248],[2.3990079996483065,43.24233199447173],[2.4272600004594396,43.23970649494247],[2.430947500316732,43.23245249481709],[2.4121184997687863,43.21904899476403],[2.4190450005486075,43.21923599443051],[2.421735000494411,43.21050049430504],[2.41355200042844,43.208799494617786],[2.412617999701823,43.19894399500253],[2.4428215004598317,43.19486549493303],[2.4523690001563616,43.20322949427237],[2.4991384996571924,43.185657994579586],[2.514211999465009,43.18824899417972]]]}},{"type":"Feature","properties":{"id":"minervois-la-liviniere","name":"Minervois-la-Livinière","region":"Languedoc-Roussillon","grapes":["Carignan","Cinsaut","Grenache","Lledoner Pelut","Mourvèdre","Piquepouloir","Rivairenc","Syrah"],"original_region":"Languedoc-Roussillon","key_appellations":[],"desc":"Minervois-la-Livinière is an appellation in the Languedoc-Roussillon region. Main grapes: Carignan, Cinsaut, Grenache, Lledoner Pelut, Mourvèdre, Piquepouloir, Rivairenc, Syrah."},"geometry":{"type":"Polygon","coordinates":[[[2.6822530005028566,43.25433099505108],[2.7117310004351602,43.25986649492695],[2.708919499543162,43.273650994497764],[2.691005500212963,43.276226994245064],[2.6592485003613913,43.29296849456571],[2.677753000247443,43.305968494592875],[2.6753889995650217,43.31394599425846],[2.6876159994207085,43.31715049439687],[2.6877740005426647,43.32299999508277],[2.696714499942081,43.318287494637325],[2.698723000548754,43.3085594944732],[2.7148179997392154,43.30117149457366],[2.7263659999540453,43.305901994453954],[2.743976000124887,43.30278199479375],[2.775188999775686,43.31549149451158],[2.77473100027766,43.32804699433049],[2.7648634996208945,43.33695499492298],[2.74297550052735,43.33689649513068],[2.7249889996431067,43.34960599466769],[2.7109034994502004,43.3461874948252],[2.693716000329595,43.35816999505203],[2.683393500217031,43.35582249475061],[2.6640780000941513,43.36555249424196],[2.676328499989616,43.381357494269885],[2.675142000417027,43.391218994315],[2.6369624994541887,43.38322599430912],[2.6155365001960633,43.3655984943893],[2.5691434998011595,43.382035494412726],[2.5734785000503853,43.39948699432076],[2.5596260000489965,43.39326149507824],[2.551363499445886,43.37842399448064],[2.5568110001021576,43.36599399427995],[2.539922500454347,43.34562499458852],[2.551334500453034,43.334364994439795],[2.5854185001369268,43.33343849485687],[2.5997059999709333,43.313833494365106],[2.6011724998705064,43.2982574944683],[2.618072499749678,43.287413994569626],[2.6174945000692897,43.283194494787594],[2.604322500086542,43.285058994235605],[2.6190845005379115,43.268190994793216],[2.6124955000876633,43.255654994547115],[2.6613060003132833,43.26321949468609],[2.6822530005028566,43.25433099505108]]]}},{"type":"Feature","properties":{"id":"muscat-de-frontignan-frontignan-vin-de-frontignan","name":"Muscat de Frontignan / Frontignan / Vin de Frontignan","region":"Languedoc-Roussillon","grapes":["Muscat À Petits Grainslancs"],"original_region":"Languedoc-Roussillon","key_appellations":[],"desc":"Muscat de Frontignan / Frontignan / Vin de Frontignan is an appellation in the Languedoc-Roussillon region. Main grapes: Muscat À Petits Grainslancs."},"geometry":{"type":"Polygon","coordinates":[[[3.672381500006763,43.4300194946248],[3.7222335003175977,43.42239049434578],[3.7249800004725424,43.41574749471483],[3.74287150021195,43.41925949497445],[3.7970430000400315,43.441212994921365],[3.832716499736832,43.477073995060934],[3.8604105003703904,43.49243599475115],[3.845263000562212,43.50640499518428],[3.8183709996432813,43.50966399481638],[3.8068404995675444,43.49807599488842],[3.7836989995062376,43.50773649469849],[3.753498499375671,43.493529995015486],[3.75431999966455,43.48683599505249],[3.7258390000731048,43.469669995113705],[3.7064475005217763,43.4389624947895],[3.672381500006763,43.4300194946248]]]}},{"type":"Feature","properties":{"id":"muscat-de-lunel","name":"Muscat de Lunel","region":"Languedoc-Roussillon","grapes":["Muscat À Petits Grainslancs"],"original_region":"Languedoc-Roussillon","key_appellations":[],"desc":"Muscat de Lunel is an appellation in the Languedoc-Roussillon region. Main grapes: Muscat À Petits Grainslancs."},"geometry":{"type":"Polygon","coordinates":[[[4.158551999693422,43.68694199435085],[4.166692500253276,43.6993199947482],[4.1636284994959025,43.706573494376606],[4.153882499609976,43.71500899509322],[4.132415499482419,43.708785495221555],[4.124899000459892,43.71295549494487],[4.127240000306745,43.73065599525845],[4.094016000453638,43.72359399456499],[4.0973400004638805,43.73769099526897],[4.056007999828388,43.73846149525898],[4.055981499855142,43.71825149438502],[4.050085500135903,43.71590749494246],[4.065653499594317,43.689740994784394],[4.053329499578704,43.68862449481035],[4.068868999828778,43.674432494715624],[4.076140000526467,43.67526899459454],[4.077952000336673,43.662769495246955],[4.089150999418908,43.657644494588816],[4.110112499636626,43.672308994631805],[4.122394999761211,43.6662184950186],[4.135602500308575,43.641652994679625],[4.160288499931774,43.66260149476407],[4.158551999693422,43.68694199435085]]]}},{"type":"Feature","properties":{"id":"muscat-de-mireval","name":"Muscat de Mireval","region":"Languedoc-Roussillon","grapes":["Muscat À Petits Grainslancs"],"original_region":"Languedoc-Roussillon","key_appellations":[],"desc":"Muscat de Mireval is an appellation in the Languedoc-Roussillon region. Main grapes: Muscat À Petits Grainslancs."},"geometry":{"type":"Polygon","coordinates":[[[3.822770999656231,43.464869494732795],[3.8604105003703904,43.49243599475115],[3.845263000562212,43.50640499518428],[3.8322910002895236,43.50710299509541],[3.83423749992511,43.517790494437286],[3.810207000229067,43.531926994605065],[3.792699500097708,43.53193099502544],[3.771069999527787,43.51730749428922],[3.781266499484165,43.50677149446661],[3.753498499375671,43.493529995015486],[3.7488415001396427,43.483546494622885],[3.7902840002047005,43.457779495112824],[3.822770999656231,43.464869494732795]]]}},{"type":"Feature","properties":{"id":"muscat-de-rivesaltes","name":"Muscat de Rivesaltes","region":"Languedoc-Roussillon","grapes":["Muscat D'Alexandrie","Muscat À Petits Grainslancs"],"original_region":"Languedoc-Roussillon","key_appellations":[],"desc":"Muscat de Rivesaltes is an appellation in the Languedoc-Roussillon region. Main grapes: Muscat D'Alexandrie, Muscat À Petits Grainslancs."},"geometry":{"type":"Polygon","coordinates":[[[2.705765999798141,42.44600599405763],[2.7239309994034926,42.42282849457045],[2.7552340000200997,42.42597599461983],[2.7770549997706357,42.41184649441389],[2.7991954995579253,42.41849499449731],[2.8037990005371847,42.43305949466303],[2.8271870001749546,42.43928549454182],[2.8357584994892857,42.45642099451142],[2.846341999457561,42.45895599445534],[2.841406000388247,42.46437549396712],[2.8478574994674917,42.47275699459137],[2.8615580001780274,42.47875349398447],[2.8621629993843154,42.48961249450844],[2.8786414994789817,42.4965514938225],[2.911767500417796,42.488152994220606],[2.9328484996821302,42.47461299430293],[2.946974999568408,42.48213599395046],[2.9671175000866006,42.46546549473663],[2.9886560005887537,42.474178494180094],[3.0131014998345464,42.466384993968404],[3.04019849970944,42.47353349438769],[3.0470829998389357,42.456821493866954],[3.085973500409135,42.42578149390049],[3.1027524998244327,42.42649449412444],[3.120817500485302,42.438247494729154],[3.1447925001207397,42.43303699414464],[3.1774599995575072,42.43898349401472],[3.166544000494171,42.44028199398108],[3.169137499985413,42.44786649425428],[3.159775500337874,42.45198849470586],[3.167553499614941,42.45661499415613],[3.1571425000660307,42.45961449397806],[3.1623210005427502,42.4647554945906],[3.155558999911994,42.477179994174],[3.130211999528604,42.4819514940861],[3.127483999835675,42.48736899434009],[3.13631949994202,42.49828349385884],[3.122851000241422,42.50545099427913],[3.141839500241373,42.515796494295785],[3.117178999626458,42.52321749472841],[3.115482500492632,42.51895549392632],[3.106265999841877,42.5260364943976],[3.0856179999528615,42.52424349398438],[3.0830914998900316,42.531687994475405],[3.0578350005642467,42.53639599437604],[3.049240499827456,42.55139599399135],[3.042906500367449,42.60003399479539],[3.0233300002819044,42.59628549447776],[3.0111739994401536,42.603430994286335],[3.009895999750878,42.61486999462098],[2.9901339995577323,42.61223699459807],[2.984621499576522,42.616230493987466],[2.988467000079442,42.63380799450535],[2.942872499506066,42.62694649455653],[2.931433499784667,42.64038299415526],[2.929706499481286,42.65374299421246],[2.968017999748558,42.64212399442587],[3.0003299995403823,42.65344699440032],[3.006114500002127,42.642292994160634],[3.035695499892891,42.64076299400214],[3.0409725004274994,42.70181249422015],[3.0244580001454517,42.70387249470714],[3.0384969995950217,42.702983994689134],[3.0409510003152844,42.72353299415832],[3.031067000264394,42.719008493995],[3.0289380000202426,42.70903499443338],[3.0116210005730566,42.71534299450312],[3.001364499363101,42.70978549463634],[2.969432000116406,42.71356549409136],[2.951782000387904,42.72373249420057],[2.928056499608706,42.7137459940223],[2.9245595003535256,42.73050599438859],[2.934651000480402,42.73909849445456],[2.95693699948,42.74012399425373],[2.958643999571532,42.73253149446436],[2.974340500515397,42.73922749416179],[2.9721450004722185,42.75171599462651],[2.9812299999073826,42.762061994216886],[2.9734970000350054,42.769437994182056],[2.9743775002356383,42.77739949424635],[2.99729999992141,42.80107049435306],[3.012575000175165,42.85236749408904],[3.0434065003881714,42.83817249467843],[3.060596000332124,42.91755649405794],[3.039146999778334,42.933497994620474],[3.0491254995825363,42.98092749430962],[3.0325625005237256,42.986194494681826],[3.022006499783794,42.98173999472652],[2.9877969997110223,42.99538649453224],[2.939647000147479,42.95323949453874],[2.9306394998180187,42.93407649423631],[2.913773999622424,42.918681994071456],[2.906995500338057,42.895677994901625],[2.8826125003358913,42.89975749425601],[2.865273999967105,42.918339494903655],[2.8347290003716945,42.91226099449992],[2.8101259999285175,42.898421994607446],[2.79335349975788,42.91433149484131],[2.761082499864062,42.9231864947357],[2.7567265004683383,42.93090149407493],[2.7743505005662907,42.928899494846114],[2.8031089995194876,42.964646994543166],[2.7977940005869835,42.983848494208075],[2.77809250002614,43.004449494382655],[2.7569764998563655,43.00241349428713],[2.7276825001832874,42.98550149475128],[2.7158499994338774,42.985498494724325],[2.726755999600377,42.966065494113046],[2.7272750005575954,42.95045099442899],[2.7133685000053296,42.931232494189366],[2.6875404998352974,42.94373449449047],[2.6638934995068433,42.9329219944707],[2.679505500099021,42.91028249442279],[2.6630815000866552,42.895116994773474],[2.6854900005212916,42.885327994358235],[2.680980499592579,42.87895599471224],[2.690683499770892,42.86370899486903],[2.6651284994100473,42.83663999468664],[2.604302500009249,42.835872494655625],[2.551511500148326,42.84668849403995],[2.5165750001656555,42.84241049424525],[2.5016735002165182,42.85145599451945],[2.4621920001806856,42.838549494309994],[2.4689704996858084,42.830304494523155],[2.4606995004360557,42.8253204945845],[2.463480000444949,42.8080809942767],[2.4367129998555184,42.812564994384545],[2.436072500643953,42.79437749415462],[2.4831299997553793,42.797565994548485],[2.4862344997594676,42.79095099415676],[2.5463525004316114,42.78697999445337],[2.5603074996282955,42.779038994822756],[2.5727800000311483,42.781940494566534],[2.581886999595629,42.76724449400136],[2.575792999526805,42.75560049411475],[2.5685879998914727,42.75507749437568],[2.5852265000134236,42.74698399472639],[2.5918895000789726,42.73536449443488],[2.573588500570521,42.72293299408038],[2.5994505003837896,42.70487499476698],[2.561574000458465,42.674220994662925],[2.568895500545936,42.661067494847295],[2.6002640003184414,42.66166899450984],[2.6057439998872827,42.65568199424445],[2.633628499966165,42.66370799468693],[2.6261889997509096,42.65549449408137],[2.6381420002115927,42.65662899472896],[2.64772799969,42.63590249389831],[2.626021000093718,42.63402349403677],[2.634797000034541,42.60691599411331],[2.613458500481735,42.60340849411316],[2.6159774994872933,42.59638799425053],[2.6323199995816116,42.58590099438739],[2.653604500199154,42.59385949433691],[2.6674305001031025,42.57171849414097],[2.6997149994018614,42.574540494275986],[2.6976835004084783,42.558349494356825],[2.723726999936669,42.558850494380685],[2.7230185002126435,42.54161249463174],[2.7416169997363293,42.52899099432336],[2.738886000366384,42.5218989942515],[2.731783499387935,42.523586494341984],[2.7340894998128897,42.51277649388506],[2.728327999583869,42.50595599473013],[2.67429649973389,42.50280049421606],[2.6614445002980203,42.509098993957444],[2.657390999675288,42.502493993849356],[2.660405500166652,42.49663899407259],[2.6988884999317877,42.48644099473418],[2.6904295002113745,42.483856994277545],[2.687304499701514,42.46847799400529],[2.6685735000990105,42.46722799472534],[2.672360000456992,42.45929699421024],[2.685053000192008,42.45889649438427],[2.705765999798141,42.44600599405763]]]}},{"type":"Feature","properties":{"id":"muscat-de-saint-jean-de-minervois","name":"Muscat de Saint-Jean-de-Minervois","region":"Languedoc-Roussillon","grapes":["Muscat À Petits Grainslancs"],"original_region":"Languedoc-Roussillon","key_appellations":[],"desc":"Muscat de Saint-Jean-de-Minervois is an appellation in the Languedoc-Roussillon region. Main grapes: Muscat À Petits Grainslancs."},"geometry":{"type":"Polygon","coordinates":[[[2.814760499721567,43.37838849476789],[2.8529030006573106,43.37150899433126],[2.8781329998683804,43.3912904949193],[2.8741200003972587,43.40489849510786],[2.867124499569537,43.4108734947843],[2.8560300001257373,43.405256494775756],[2.8089359995187384,43.413155994569344],[2.7952859997203747,43.420367994433306],[2.7899994995578976,43.43164249500089],[2.7735449997665693,43.43696049442419],[2.7708545002269616,43.424109494727155],[2.7588035001380966,43.41353499487926],[2.7879160002707484,43.38803499486588],[2.808778999480961,43.386511494524505],[2.814760499721567,43.37838849476789]]]}},{"type":"Feature","properties":{"id":"picpoul-de-pinet","name":"Picpoul de Pinet","region":"Languedoc-Roussillon","grapes":["Piquepoullanc"],"original_region":"Languedoc-Roussillon","key_appellations":[],"desc":"Picpoul de Pinet is an appellation in the Languedoc-Roussillon region. Main grapes: Piquepoullanc."},"geometry":{"type":"Polygon","coordinates":[[[3.5492994994245213,43.405840494608746],[3.593958499467729,43.3894564941993],[3.642998000211935,43.414936494640024],[3.6092354999533756,43.434800494412826],[3.594374500598707,43.459044494614076],[3.558355000169629,43.48086749465066],[3.553287499884082,43.49275349442865],[3.5289470000222836,43.490633494637244],[3.4850215003180254,43.51036799486208],[3.4662904998130766,43.512294994425645],[3.462473999427518,43.486493994450555],[3.469422500277008,43.484532995080066],[3.445650999506773,43.4751109947489],[3.4744635005733024,43.47674249486182],[3.4938650004401963,43.45408399516877],[3.4688290002242677,43.447051994825024],[3.447157999557321,43.457432994625655],[3.425548000377899,43.43437499441716],[3.4297184998458494,43.42281049481271],[3.420014999965834,43.405257494692144],[3.4305119998978095,43.406615995050885],[3.4386709996654043,43.39594599494173],[3.4423525002703266,43.388071494829035],[3.4377770005763573,43.3776299942833],[3.4504089995257194,43.36017049465317],[3.4474250006105907,43.34841299439347],[3.4563650000301607,43.341400994393496],[3.4813905003741983,43.35406099441257],[3.496466999632407,43.35353399448788],[3.5013640004927935,43.37011149457493],[3.530056000600993,43.38803599430623],[3.527304000505559,43.39558849465482],[3.5465555001856526,43.40000349449852],[3.5492994994245213,43.405840494608746]]]}},{"type":"Feature","properties":{"id":"rivesaltes","name":"Rivesaltes","region":"Languedoc-Roussillon","grapes":["Grenachelanc","Grenache Gris","Grenache","Macabeu","Muscat D'Alexandrie","Muscat À Petits Grainslancs","Tourbat"],"original_region":"Languedoc-Roussillon","key_appellations":[],"desc":"Rivesaltes is an appellation in the Languedoc-Roussillon region. Main grapes: Grenachelanc, Grenache Gris, Grenache, Macabeu, Muscat D'Alexandrie, Muscat À Petits Grainslancs, Tourbat."},"geometry":{"type":"Polygon","coordinates":[[[2.705765999798141,42.44600599405763],[2.7239309994034926,42.42282849457045],[2.7552340000200997,42.42597599461983],[2.7770549997706357,42.41184649441389],[2.7991954995579253,42.41849499449731],[2.8037990005371847,42.43305949466303],[2.8271870001749546,42.43928549454182],[2.8357584994892857,42.45642099451142],[2.846341999457561,42.45895599445534],[2.841406000388247,42.46437549396712],[2.8478574994674917,42.47275699459137],[2.8615580001780274,42.47875349398447],[2.8621629993843154,42.48961249450844],[2.8786414994789817,42.4965514938225],[2.911767500417796,42.488152994220606],[2.9328484996821302,42.47461299430293],[2.946974999568408,42.48213599395046],[2.9671175000866006,42.46546549473663],[2.9886560005887537,42.474178494180094],[3.0131014998345464,42.466384993968404],[3.0692464995787074,42.483089994590784],[3.0567315002368076,42.49428249419673],[3.0496625005811877,42.51439849416324],[3.0585615005432953,42.531264494351795],[3.075989499737623,42.53371249417219],[3.0578350005642467,42.53639599437604],[3.05171449979477,42.544222994509134],[3.042906500367449,42.60003399479539],[3.0233300002819044,42.59628549447776],[3.0111739994401536,42.603430994286335],[3.009895999750878,42.61486999462098],[2.9901339995577323,42.61223699459807],[2.984621499576522,42.616230493987466],[2.988467000079442,42.63380799450535],[2.942872499506066,42.62694649455653],[2.934037500075885,42.633389994468665],[2.929706499481286,42.65374299421246],[2.968017999748558,42.64212399442587],[3.0003299995403823,42.65344699440032],[3.006114500002127,42.642292994160634],[3.035695499892891,42.64076299400214],[3.0409725004274994,42.70181249422015],[3.0244580001454517,42.70387249470714],[3.0384969995950217,42.702983994689134],[3.0409510003152844,42.72353299415832],[3.031067000264394,42.719008493995],[3.0289380000202426,42.70903499443338],[3.0116210005730566,42.71534299450312],[3.001364499363101,42.70978549463634],[2.969432000116406,42.71356549409136],[2.951782000387904,42.72373249420057],[2.928056499608706,42.7137459940223],[2.924802999674061,42.724433494470404],[2.934651000480402,42.73909849445456],[2.95693699948,42.74012399425373],[2.958643999571532,42.73253149446436],[2.974340500515397,42.73922749416179],[2.9721450004722185,42.75171599462651],[2.9812299999073826,42.762061994216886],[2.9734970000350054,42.769437994182056],[2.9743775002356383,42.77739949424635],[2.99729999992141,42.80107049435306],[3.012575000175165,42.85236749408904],[3.0434065003881714,42.83817249467843],[3.060596000332124,42.91755649405794],[3.039146999778334,42.933497994620474],[3.0491254995825363,42.98092749430962],[3.0325625005237256,42.986194494681826],[3.022006499783794,42.98173999472652],[2.9877969997110223,42.99538649453224],[2.939647000147479,42.95323949453874],[2.9306394998180187,42.93407649423631],[2.913773999622424,42.918681994071456],[2.906995500338057,42.895677994901625],[2.8826125003358913,42.89975749425601],[2.865273999967105,42.918339494903655],[2.8347290003716945,42.91226099449992],[2.8101259999285175,42.898421994607446],[2.79335349975788,42.91433149484131],[2.761082499864062,42.9231864947357],[2.7567265004683383,42.93090149407493],[2.7743505005662907,42.928899494846114],[2.8031089995194876,42.964646994543166],[2.7977940005869835,42.983848494208075],[2.77809250002614,43.004449494382655],[2.7569764998563655,43.00241349428713],[2.7276825001832874,42.98550149475128],[2.7158499994338774,42.985498494724325],[2.726755999600377,42.966065494113046],[2.7272750005575954,42.95045099442899],[2.7133685000053296,42.931232494189366],[2.6875404998352974,42.94373449449047],[2.6638934995068433,42.9329219944707],[2.679505500099021,42.91028249442279],[2.6630815000866552,42.895116994773474],[2.6854900005212916,42.885327994358235],[2.680980499592579,42.87895599471224],[2.690683499770892,42.86370899486903],[2.6651284994100473,42.83663999468664],[2.604302500009249,42.835872494655625],[2.551511500148326,42.84668849403995],[2.5165750001656555,42.84241049424525],[2.5016735002165182,42.85145599451945],[2.4621920001806856,42.838549494309994],[2.4689704996858084,42.830304494523155],[2.4606995004360557,42.8253204945845],[2.463480000444949,42.8080809942767],[2.4367129998555184,42.812564994384545],[2.436072500643953,42.79437749415462],[2.4831299997553793,42.797565994548485],[2.4862344997594676,42.79095099415676],[2.5463525004316114,42.78697999445337],[2.5603074996282955,42.779038994822756],[2.5727800000311483,42.781940494566534],[2.581886999595629,42.76724449400136],[2.575792999526805,42.75560049411475],[2.5685879998914727,42.75507749437568],[2.5852265000134236,42.74698399472639],[2.5918895000789726,42.73536449443488],[2.573588500570521,42.72293299408038],[2.5994505003837896,42.70487499476698],[2.561574000458465,42.674220994662925],[2.568895500545936,42.661067494847295],[2.6002640003184414,42.66166899450984],[2.6057439998872827,42.65568199424445],[2.633628499966165,42.66370799468693],[2.6261889997509096,42.65549449408137],[2.6381420002115927,42.65662899472896],[2.64772799969,42.63590249389831],[2.626021000093718,42.63402349403677],[2.634797000034541,42.60691599411331],[2.613458500481735,42.60340849411316],[2.6159774994872933,42.59638799425053],[2.6323199995816116,42.58590099438739],[2.653604500199154,42.59385949433691],[2.6674305001031025,42.57171849414097],[2.6997149994018614,42.574540494275986],[2.6976835004084783,42.558349494356825],[2.723726999936669,42.558850494380685],[2.7230185002126435,42.54161249463174],[2.7416169997363293,42.52899099432336],[2.738886000366384,42.5218989942515],[2.731783499387935,42.523586494341984],[2.7340894998128897,42.51277649388506],[2.728327999583869,42.50595599473013],[2.67429649973389,42.50280049421606],[2.6614445002980203,42.509098993957444],[2.657390999675288,42.502493993849356],[2.660405500166652,42.49663899407259],[2.6988884999317877,42.48644099473418],[2.6904295002113745,42.483856994277545],[2.687304499701514,42.46847799400529],[2.6685735000990105,42.46722799472534],[2.672360000456992,42.45929699421024],[2.685053000192008,42.45889649438427],[2.705765999798141,42.44600599405763]]]}},{"type":"Feature","properties":{"id":"saint-chinian","name":"Saint-Chinian","region":"Languedoc-Roussillon","grapes":["Carignanlanc","Carignan","Cinsaut","Clairette","Grenachelanc","Grenache","Lledoner Pelut","Marsanne"],"original_region":"Languedoc-Roussillon","key_appellations":[],"desc":"Saint-Chinian is an appellation in the Languedoc-Roussillon region. Main grapes: Carignanlanc, Carignan, Cinsaut, Clairette, Grenachelanc, Grenache, Lledoner Pelut, Marsanne."},"geometry":{"type":"Polygon","coordinates":[[[2.92289100031404,43.34317749508617],[2.9295244999986356,43.333418495043176],[2.9212515001998947,43.326085494385275],[2.946075499481971,43.31195699437594],[2.9575379999371867,43.31247549424733],[2.9907175001781985,43.31921699498105],[3.003744999388925,43.33241849506374],[3.025436999487601,43.341187494905476],[3.031743999589732,43.35416899502459],[3.082365499845378,43.3575869949869],[3.087074499993167,43.36443749495012],[3.092920500599312,43.36313899473597],[3.094458999970494,43.353763494361],[3.101635499730437,43.35533949490447],[3.108179999901881,43.36488149498278],[3.0853815004262555,43.36782849507463],[3.058504499413379,43.40022899475298],[3.0312674994627087,43.40758599461022],[3.054218500321733,43.4176934946876],[3.09818450056253,43.42386099461723],[3.1073555003280617,43.431279994847294],[3.135146500312892,43.42626399451688],[3.1401824993621643,43.415153994857576],[3.177206000399874,43.443828494964286],[3.173970999714854,43.4512324951194],[3.1648319999605907,43.45134749444294],[3.1654970005762735,43.46233699473684],[3.1529915004398417,43.46709399463269],[3.1562430000097303,43.48313899486939],[3.1491589999531335,43.494444494768416],[3.1186374995333876,43.50510399494462],[3.0912315000099153,43.52887399479043],[3.08090800049901,43.543514494556625],[3.0872539995848585,43.55720399471482],[3.05666549957339,43.550338995099764],[3.054599000419148,43.563806994691205],[3.0076869994945357,43.55289149446904],[2.9942629994439978,43.559040494425574],[2.973685500480295,43.556817494840544],[2.952189499479917,43.536401994577645],[2.939494499990984,43.534957494465665],[2.930951500606047,43.515286494701215],[2.919453999420513,43.509272994935664],[2.8817975005132226,43.509774994462774],[2.8786654995700682,43.498538494696945],[2.8623659993960433,43.49971549493533],[2.859473999805095,43.49519549501961],[2.860031499868325,43.48854649474802],[2.877319499857347,43.48018399460068],[2.874834500208354,43.471775494975454],[2.8807730002745533,43.465574494325665],[2.867462000050922,43.448634495123585],[2.867105999640201,43.43548799445794],[2.8540919994912244,43.42407549474522],[2.8741200003972587,43.40489849510786],[2.8781329998683804,43.3912904949193],[2.8681959994780453,43.38494199446118],[2.8695145003681652,43.37350399431452],[2.8901680003859287,43.36534849462631],[2.889494999667149,43.35176449453911],[2.92289100031404,43.34317749508617]]]}},{"type":"Feature","properties":{"id":"terrasses-du-larzac","name":"Terrasses du Larzac","region":"Languedoc-Roussillon","grapes":["Carignan","Cinsaut","Counoise","Grenache","Lledoner Pelut","Morrastel","Mourvèdre","Syrah"],"original_region":"Languedoc-Roussillon","key_appellations":[],"desc":"Terrasses du Larzac is an appellation in the Languedoc-Roussillon region. Main grapes: Carignan, Cinsaut, Counoise, Grenache, Lledoner Pelut, Morrastel, Mourvèdre, Syrah."},"geometry":{"type":"MultiPolygon","coordinates":[[[[3.472208000407166,43.63884549458843],[3.4870014999977643,43.61710149469927],[3.5378790005080902,43.640399494779864],[3.553451000338475,43.63530199516986],[3.5496194996120813,43.62679649448255],[3.553898499452467,43.62080649442966],[3.598285999918729,43.613161494574285],[3.6196975003835785,43.62615999500848],[3.6186099996117327,43.647728995215274],[3.629102999506383,43.6628689944916],[3.6240944997569002,43.695559995093895],[3.6347900000258773,43.696790494940835],[3.63527700033555,43.69039299446055],[3.6783730002575625,43.67332749505059],[3.682027499573226,43.68124649490677],[3.705819000015921,43.68569599487412],[3.7037125002278515,43.690846995140625],[3.7308715001807706,43.69042849478286],[3.732449499647574,43.67591649460189],[3.744043999994168,43.672934995232254],[3.747915500312716,43.66370599475396],[3.7585405000960463,43.66474549486026],[3.7595814995668917,43.6851204945488],[3.77465200000004,43.68488549447474],[3.78349249982523,43.694000995019344],[3.784346999502574,43.72914949464877],[3.7908065004502394,43.734466994474765],[3.7856354994208608,43.73885049481418],[3.7402249999185773,43.72164749468295],[3.7191249995324576,43.737929995242006],[3.712803499725736,43.730305495111416],[3.7184610002976393,43.72280799451884],[3.7030884994606987,43.72326299515749],[3.704007499421842,43.70678149520797],[3.6947195005053377,43.7075634948279],[3.6917974994989184,43.71551999508387],[3.6636669999862645,43.71999449454856],[3.660698000279856,43.72610749474287],[3.670080500139166,43.73504649524755],[3.6761779996354966,43.732857994947565],[3.6723739995681335,43.743522495027904],[3.6777665000402964,43.745532494853805],[3.666869500223947,43.75525049443623],[3.6873385004761405,43.76707999485894],[3.6745359995841076,43.77329799515739],[3.6791540001150955,43.78025099468731],[3.6663129996540587,43.788835994602294],[3.6644089994620668,43.80672349493903],[3.673574000156363,43.81638399483112],[3.682075999713628,43.81574899523228],[3.6803300002500046,43.823780494688286],[3.686510499683048,43.827848494419854],[3.6987234997241725,43.82338099510014],[3.7011125004590144,43.83005499489617],[3.7063164999415754,43.82422299526082],[3.7151045003597365,43.83267749487682],[3.7233274995879424,43.8250654949109],[3.719578499899225,43.835326995042166],[3.7660115004732755,43.87854899521313],[3.7252715003453365,43.87932849480903],[3.722995500305977,43.89150399524996],[3.7106800005672316,43.89567949447616],[3.7181974999611085,43.89669949527441],[3.721271499892226,43.91106349498692],[3.7020759994941708,43.912960995162024],[3.666062999580023,43.895154495285205],[3.6699209999728852,43.88052999531346],[3.6008644994609056,43.84944899524672],[3.58130649970976,43.84812799464365],[3.577991500094477,43.83894099516587],[3.5621169994647826,43.83159699516373],[3.574200499610067,43.8235389948736],[3.567140999441361,43.81294699507188],[3.5479345006149954,43.8036149945883],[3.5389779997678983,43.79092149455121],[3.5432874996377364,43.785838994676794],[3.5717755002002285,43.793749995080574],[3.590329000323282,43.776088994687],[3.5823014994329085,43.759040494805475],[3.5933454995386627,43.74973349502397],[3.560790500070153,43.74275199473654],[3.550595499366465,43.726927995128584],[3.5527450000206073,43.713175994680235],[3.537387500342662,43.71487549458554],[3.4886460000458444,43.748818495188026],[3.4711979996129845,43.76879799470311],[3.468114499957443,43.76279799511011],[3.442441999868349,43.77738449458442],[3.4372984993522993,43.769174995105274],[3.408109499585108,43.76577149503984],[3.4115384996517775,43.76289699465992],[3.368196499646648,43.74201249501031],[3.3718859997784776,43.7362154948654],[3.363400500268154,43.73241049442671],[3.3715979994942233,43.712143495158706],[3.3472525004338234,43.70759149440679],[3.3514395000480004,43.70326249444191],[3.342083500634587,43.69908199460658],[3.34183299988263,43.691209494407744],[3.3842679999479044,43.677952994535495],[3.3920840005485218,43.66388149456608],[3.3940069996285054,43.67083849494515],[3.4086704997740638,43.6688604951364],[3.4159569999115367,43.674369994909846],[3.436580999628381,43.666206994816086],[3.431467500375688,43.66103649487376],[3.4502509999538233,43.64272299501144],[3.472208000407166,43.63884549458843]]],[[[3.2721184997979598,43.629349995070655],[3.274697999809419,43.61808299459708],[3.282109999671346,43.616700494461064],[3.293837499712548,43.630366994740584],[3.298857500131091,43.626403994758654],[3.3234425002243357,43.64059999513069],[3.3340100005578828,43.63551449446903],[3.339706000652686,43.63965149440377],[3.3293380004941384,43.649304994843966],[3.3215140001741013,43.67119999500446],[3.2895294994268482,43.671132994746365],[3.28706350046239,43.676242495065715],[3.2755929999210163,43.67237899497261],[3.2478124998222944,43.68844499512062],[3.2547669997909314,43.681096494681064],[3.251214500297704,43.663435995004825],[3.2699494997442566,43.65586049462938],[3.264389000355072,43.633714995053],[3.2721184997979598,43.629349995070655]]],[[[3.313922500019122,43.76356049475784],[3.340543000406319,43.758731494661276],[3.3666094995749516,43.76533749473305],[3.3647875004023344,43.775036995282676],[3.3766010004578444,43.78946999495787],[3.3756139998505557,43.80068049451274],[3.366513999813278,43.80629149483859],[3.3687005003849118,43.82127149528203],[3.3773845001150704,43.82425349450456],[3.3698500005703718,43.8517734949653],[3.342571000024079,43.84202299528467],[3.32680349962531,43.826928495265825],[3.306503499757003,43.83059149493594],[3.2973405004498355,43.8174394945924],[3.291986500115108,43.81594249523779],[3.2858149995667176,43.82986549503848],[3.2454214999734554,43.812960494726006],[3.242556999555123,43.79265649518207],[3.2664490002982207,43.77020699514514],[3.305476999443729,43.75269499449066],[3.313922500019122,43.76356049475784]]],[[[3.8235390000694376,43.92944199452257],[3.827000499898463,43.936191994480446],[3.8203070002020993,43.94240749501412],[3.7955139996405753,43.942274995229944],[3.786841999705482,43.954537995150474],[3.7873310000433027,43.966868494856115],[3.758368000397157,43.96763649529092],[3.7521335005778456,43.97275299486492],[3.7436390001274935,43.96660549505925],[3.7321689996857477,43.97201299480472],[3.717271500260371,43.960981494630026],[3.723361999658119,43.93664449493387],[3.742275000245048,43.938128994539056],[3.746410499977158,43.925783994828485],[3.7748050003677287,43.92840599495433],[3.7837824999839484,43.92090549466871],[3.789372499648832,43.907919994429335],[3.7779890004121794,43.88766999446799],[3.7995410005638792,43.89081649527206],[3.807495499708878,43.897920994477545],[3.829020500153989,43.92451199517251],[3.8235390000694376,43.92944199452257]]]]}},{"type":"Feature","properties":{"id":"anjou-villages","name":"Anjou Villages","region":"Loire","grapes":["Cabernet Franc","Cabernet Sauvignon"],"original_region":"Loire","key_appellations":[],"desc":"Anjou Villages is an appellation in the Loire region. Main grapes: Cabernet Franc, Cabernet Sauvignon."},"geometry":{"type":"Polygon","coordinates":[[[-0.636692500326044,47.15155899624432],[-0.6083984996989068,47.14697449647521],[-0.607179499642088,47.136787995749195],[-0.5873179994093384,47.12698699595958],[-0.6073134997532152,47.11760999569416],[-0.5988255001548554,47.09986699603235],[-0.6041600001677692,47.08897299592605],[-0.592516499975554,47.07729699610997],[-0.5640649999009816,47.10434999607661],[-0.5229599999775378,47.10861949628843],[-0.5246024999366435,47.114699495819664],[-0.5097605004801629,47.12078399591048],[-0.4847160001476444,47.110936995750215],[-0.5100760001812376,47.09566099564002],[-0.5066549993858542,47.08210699614517],[-0.515131499437005,47.07793649613921],[-0.45955800022766574,47.08240699610201],[-0.46429999984180614,47.07434999610164],[-0.48553800056093643,47.06520899555695],[-0.4803855003368171,47.05363249566513],[-0.4609590000846909,47.06882499582735],[-0.42685100007824583,47.07298049636349],[-0.4086575004079348,47.06630499614954],[-0.4007819996468164,47.07076849650091],[-0.39727250023502836,47.06522599560008],[-0.40390000050824176,47.06214249610762],[-0.4037160002072476,47.053370495772555],[-0.3986495001712117,47.04957549622355],[-0.41240900057782826,47.035384496375826],[-0.37970000058508885,47.03035699610114],[-0.38335649967349794,47.02846999580661],[-0.37195799988783906,47.01780199648851],[-0.38518850038468433,47.011367996429314],[-0.40149749955022135,47.01633699592568],[-0.40941949940580025,47.006515496197125],[-0.3893345000985448,46.99322099642564],[-0.36952349937613066,46.994275495723365],[-0.37217149968143987,46.98939699583983],[-0.3566989994653097,46.97463849566803],[-0.3284294998990146,46.99730699642987],[-0.3130984997219923,46.99991199591311],[-0.3063419996770652,47.017710495968366],[-0.2955725000143903,47.01683249612488],[-0.2857434996122768,47.027138496231494],[-0.258519499900884,47.009934495821774],[-0.2545239999087348,47.02123099595922],[-0.2350675001909774,47.03134449557637],[-0.24038099998134752,47.0446819964699],[-0.22917950038911852,47.04313249626959],[-0.23443349937052893,47.04697549601284],[-0.22130899999948322,47.05757399605788],[-0.2251434995440436,47.06617499613207],[-0.20958649988561878,47.077005996484296],[-0.22034800027763005,47.0802779961875],[-0.218917000222915,47.094485496337384],[-0.21433049950202052,47.08950249644702],[-0.2080314999045951,47.095626995815415],[-0.24100700058715485,47.10573949595271],[-0.26223350041770405,47.099005996431934],[-0.2628769995392555,47.10547199650627],[-0.31263899944912693,47.09205049572668],[-0.3118534998320784,47.10417549578945],[-0.32256000054467726,47.1087439963443],[-0.32391600044837404,47.116138496194225],[-0.3036414998761259,47.12349099590732],[-0.2944255003917649,47.13454899604923],[-0.28354299980605807,47.125075496057924],[-0.24664249982321884,47.13518049627138],[-0.26496699948354085,47.149934996156915],[-0.261467500037991,47.168915495769326],[-0.23333049981859044,47.161535996308714],[-0.22421949972506902,47.18212499607856],[-0.20090850066420007,47.173549996195575],[-0.20124099981089655,47.187538996246026],[-0.21005549965379308,47.19103499655008],[-0.20973150012425187,47.202292496306924],[-0.21669450027752205,47.20290349639007],[-0.20746050049948173,47.21840849605254],[-0.19939400016887704,47.219620996003165],[-0.20461600005208352,47.22526649603159],[-0.19401149941349397,47.2315294962927],[-0.191992999902519,47.240529496523884],[-0.19813149981344522,47.26132099592427],[-0.2232604994155972,47.265454995909565],[-0.2381240000022903,47.24756499607175],[-0.24080099971828745,47.223563496321546],[-0.27735700047094886,47.222740496481165],[-0.2845050004504351,47.21627749596645],[-0.32989950040481336,47.208666496408696],[-0.3566420005450512,47.21511049615692],[-0.3368899998192302,47.237531996470295],[-0.32421000046186754,47.243000996459685],[-0.3163534996331977,47.26181399602874],[-0.3042225004390659,47.266502496357774],[-0.3050204995528395,47.27863499587457],[-0.27511550004904006,47.2932209959958],[-0.2643390003362469,47.31236499580363],[-0.2742964999273849,47.31299549573398],[-0.2893329993955694,47.302573996028094],[-0.29597900033679625,47.309893995853535],[-0.3186075003324526,47.309870496302544],[-0.34362200052994607,47.29804149609161],[-0.35292749960655445,47.303225996421354],[-0.3747365002928992,47.29962199565076],[-0.35858350032140773,47.31925099565638],[-0.36416299934509616,47.32749049581716],[-0.3597029994507062,47.33749599643992],[-0.32954600008027446,47.3421104959596],[-0.3322860002613635,47.35320799601363],[-0.3254114995769551,47.36407699593283],[-0.29256350031332035,47.36955349603985],[-0.28965050034434225,47.37497549645174],[-0.29841650053327584,47.38211149643122],[-0.2939080000402171,47.40070449598783],[-0.3040610003624916,47.4051129958657],[-0.39047850012518104,47.417689496301826],[-0.4441905001728741,47.41499349650074],[-0.432591499785948,47.38595249600231],[-0.4510245003956923,47.38235999647325],[-0.45005150035690666,47.359925996168776],[-0.4643679998952221,47.36137949578621],[-0.465908500411568,47.36674249582053],[-0.47490649966511134,47.363307996305565],[-0.47474400000961786,47.35842749653701],[-0.46486200054842575,47.356915995989205],[-0.4683390004580488,47.352507496525796],[-0.482528500209845,47.35157749567986],[-0.4825985004973561,47.365436996289596],[-0.49150749928331133,47.367289495837156],[-0.5017879996572587,47.36132199653054],[-0.5043014996035956,47.33884749623584],[-0.5428175005904878,47.33604899586096],[-0.568376500308778,47.32271699649379],[-0.6017480003903013,47.3337549965092],[-0.5985800001120237,47.341171995854275],[-0.6064515006175226,47.3458324961831],[-0.5943884997202215,47.35649149621963],[-0.6057585001814398,47.35368249635845],[-0.6281099996522368,47.370934996485865],[-0.642961500005743,47.377078995807985],[-0.6789225001460898,47.3700384960491],[-0.650331500194559,47.377339996050296],[-0.6279609999835656,47.39386199589398],[-0.5871020001349803,47.45184699616313],[-0.594559999970942,47.45973399607893],[-0.6307954999967101,47.44665899572022],[-0.650389999974925,47.4541669957513],[-0.660968499875612,47.4381409958859],[-0.7011584996049609,47.42516649592306],[-0.7039335001434172,47.41915249645881],[-0.7314105007342143,47.42301799646699],[-0.743372499558344,47.43377299584174],[-0.7585255003064181,47.431973996270244],[-0.7592979997958097,47.44002449653859],[-0.7774034994456495,47.43151249593664],[-0.8240129997113324,47.43673149655233],[-0.8264190005369013,47.447862996153134],[-0.8651925003309793,47.4507689965665],[-0.8913909995345779,47.461355996345226],[-0.9042475003849865,47.46008149657599],[-0.9079169994670795,47.44948999577861],[-0.9091835001901643,47.46048299610476],[-0.9248964993880795,47.46326149594788],[-0.9179984997052096,47.43853899618372],[-0.922776999335914,47.426611496065874],[-0.943178999876258,47.418607996235906],[-0.9606814998692457,47.42279199621322],[-0.9458099998783549,47.38702299632121],[-0.9543004995833035,47.38173999617052],[-0.9762370000965799,47.371029496172525],[-0.9923170004333175,47.37281849617812],[-1.0152215006372052,47.365043996223775],[-1.0787355004646277,47.37079349621531],[-1.1018614997093361,47.36664199609214],[-1.0874299997398647,47.36067749616348],[-1.0950325005155312,47.357282496515566],[-1.090187499516916,47.350290496253805],[-1.0727864999324583,47.34508299629683],[-1.0850235000258102,47.33998099607753],[-1.0811695003132729,47.328088495827686],[-1.0885890000933511,47.32503199575983],[-1.0855280004264938,47.31659449596136],[-1.0763349993969402,47.31562599627368],[-1.0809704995006908,47.31256199656497],[-1.0733649993654328,47.30229799604637],[-1.055336500360655,47.30395349596145],[-1.0400805000765234,47.32123799644574],[-1.0395984998379046,47.31256349632539],[-1.030708999689989,47.308050996004916],[-1.0309675000794172,47.295348495842234],[-1.0073585005489634,47.28712099574404],[-0.9982575000261671,47.29607249654116],[-0.9440965002909549,47.313874495658894],[-0.9345870004219412,47.31423449585189],[-0.9323800002329043,47.30844499646622],[-0.9212044993339328,47.32055449590649],[-0.8860625001223498,47.292190496458524],[-0.8666890004116617,47.295700496174554],[-0.8535160004795637,47.291158495963195],[-0.8529504998969465,47.27726449608118],[-0.8616440005107954,47.274412496035936],[-0.8641939996810701,47.2661939959941],[-0.8581609996144912,47.25596299617896],[-0.8088605004660707,47.25187049632391],[-0.8086459995134988,47.24372899574553],[-0.7988449996999496,47.24003449637768],[-0.8116554999550913,47.23644449611064],[-0.8041089999374944,47.22161549578397],[-0.8315900003342442,47.21212699580081],[-0.8120909993806813,47.20960349588932],[-0.8139380004407368,47.196633995818786],[-0.8070219993302546,47.19470749588884],[-0.8146094998287641,47.19346449620543],[-0.8064264999800806,47.17667249635372],[-0.816342500527018,47.16568749630978],[-0.8098945004747201,47.162667996090484],[-0.8283440003524549,47.15991199635065],[-0.8250670002091665,47.15694049648544],[-0.8024935004181943,47.15688249575937],[-0.7842939995749982,47.14238749576604],[-0.762523499370636,47.143559995756476],[-0.765200500064994,47.13281949620816],[-0.7548670002041451,47.12634499575743],[-0.7159220000533593,47.132741496228974],[-0.6785054999504542,47.130081495695435],[-0.636692500326044,47.15155899624432]],[[-0.5474719997995312,47.207704495970084],[-0.48000549967223255,47.20833699594944],[-0.4825679998860156,47.200578495719355],[-0.4694700000485398,47.196351496380956],[-0.474031000363536,47.19016449647863],[-0.4604194993865283,47.1849144957529],[-0.4615110004763563,47.172127996417615],[-0.49166649946416613,47.14722299632583],[-0.5011460000739921,47.14615699645009],[-0.5139194999307806,47.156823496182824],[-0.5287264995843093,47.150086996549426],[-0.523221999567794,47.1592934962208],[-0.5324514997067952,47.15789399572966],[-0.52744250069225,47.17651749630258],[-0.5598475005586866,47.180072495595354],[-0.567828500443515,47.190899995684354],[-0.5474719997995312,47.207704495970084]]]}},{"type":"Feature","properties":{"id":"anjou-villages-brissac","name":"Anjou Villages Brissac","region":"Loire","grapes":["Cabernet Franc","Cabernet Sauvignon"],"original_region":"Loire","key_appellations":[],"desc":"Anjou Villages Brissac is an appellation in the Loire region. Main grapes: Cabernet Franc, Cabernet Sauvignon."},"geometry":{"type":"Polygon","coordinates":[[[-0.38846499977998544,47.27579499568431],[-0.37988000020207935,47.276042496516915],[-0.37464150031634746,47.2854509957965],[-0.3610425004007419,47.28861299617942],[-0.3624605003328969,47.29643299651448],[-0.3502439995369239,47.300812996540905],[-0.3747365002928992,47.29962199565076],[-0.35858350032140773,47.31925099565638],[-0.36416299934509616,47.32749049581716],[-0.3597029994507062,47.33749599643992],[-0.32954600008027446,47.3421104959596],[-0.3322860002613635,47.35320799601363],[-0.3254114995769551,47.36407699593283],[-0.29418050014813096,47.36740199633539],[-0.28965050034434225,47.37497549645174],[-0.2983549993945229,47.38085299588938],[-0.2939080000402171,47.40070449598783],[-0.35198949997980494,47.41196699584042],[-0.3403030000588181,47.404775496238145],[-0.34553900046258407,47.395564495881544],[-0.3554549997273206,47.39731649632517],[-0.3669655001728928,47.38025949588654],[-0.371084999568582,47.368732496619344],[-0.36256950039902863,47.3457549961117],[-0.3770560001973761,47.33893499635876],[-0.3886265005798847,47.34411499621477],[-0.38231950050511226,47.34479649652727],[-0.3828585003019307,47.3579704956913],[-0.3715824999058114,47.3641749959471],[-0.3731574995754027,47.37300449654115],[-0.40339249979542724,47.37469299599892],[-0.3984855001180284,47.39022899600073],[-0.41793500040441584,47.388282995875485],[-0.42677100005460966,47.39896249643126],[-0.4248870005202392,47.41250899594849],[-0.43137050049347697,47.41421649600873],[-0.505105500265504,47.418667495710565],[-0.4987944993482823,47.41094699580905],[-0.5124954996154483,47.40862899625541],[-0.5123380000198946,47.402602996591526],[-0.5374495000481065,47.40486249646884],[-0.5453920000549478,47.41812199577587],[-0.5784949994325641,47.40748199600979],[-0.5880590001994858,47.411425996395955],[-0.588808500294943,47.404520996579336],[-0.5999389995071506,47.40441899647447],[-0.6018885005276509,47.414541496394165],[-0.6154820004596718,47.40856949611423],[-0.642961500005743,47.377078995807985],[-0.6057585001814398,47.35368249635845],[-0.5943884997202215,47.35649149621963],[-0.6064515006175226,47.3458324961831],[-0.5985800001120237,47.341171995854275],[-0.6017480003903013,47.3337549965092],[-0.568376500308778,47.32271699649379],[-0.5460720004903875,47.3350224956644],[-0.5260034995031346,47.33610599635916],[-0.5280164996445914,47.33043099603377],[-0.49926849988461847,47.31390249578135],[-0.4443174997163369,47.32360949634808],[-0.4426150000787181,47.304882996203055],[-0.4241710004587889,47.297494996444854],[-0.4267530002247777,47.2834804961387],[-0.40160749972228377,47.27287349597342],[-0.4052479992813867,47.26522649581161],[-0.39628699963975683,47.26323349649097],[-0.38846499977998544,47.27579499568431]]]}},{"type":"Feature","properties":{"id":"anjou-coteaux-de-la-loire","name":"Anjou-Coteaux de la Loire","region":"Loire","grapes":["Chenin"],"original_region":"Loire","key_appellations":[],"desc":"Anjou-Coteaux de la Loire is an appellation in the Loire region. Main grapes: Chenin."},"geometry":{"type":"MultiPolygon","coordinates":[[[[-0.8764989996988092,47.29268149574652],[-0.8543909999520743,47.30913999581296],[-0.7994104998998142,47.281251996060035],[-0.7744610002061565,47.287868496392484],[-0.7641579993898878,47.31780899632004],[-0.7400709994693047,47.325969996610695],[-0.7442215002431156,47.33940799653544],[-0.7340594996716631,47.34462999649321],[-0.709140499727756,47.343127995989995],[-0.7098245002650768,47.35278799607413],[-0.7207280002204902,47.35236499632091],[-0.6681884995314514,47.37440199642835],[-0.6741469997932286,47.381357995829546],[-0.6711045003704534,47.38616299622572],[-0.6893385001826613,47.389827996086254],[-0.6934839997827434,47.405653496111405],[-0.7029415005699765,47.40756599609427],[-0.6971325001865363,47.413839496093225],[-0.7087410002568774,47.42321149574781],[-0.7314105007342143,47.42301799646699],[-0.743372499558344,47.43377299584174],[-0.7585255003064181,47.431973996270244],[-0.7592979997958097,47.44002449653859],[-0.7719225004382294,47.431930496192386],[-0.7973595006639813,47.431333996489585],[-0.8240129997113324,47.43673149655233],[-0.8264190005369013,47.447862996153134],[-0.8651925003309793,47.4507689965665],[-0.8913909995345779,47.461355996345226],[-0.9042475003849865,47.46008149657599],[-0.9079169994670795,47.44948999577861],[-0.9091835001901643,47.46048299610476],[-0.9248964993880795,47.46326149594788],[-0.9179984997052096,47.43853899618372],[-0.922776999335914,47.426611496065874],[-0.943178999876258,47.418607996235906],[-0.9606814998692457,47.42279199621322],[-0.9458099998783549,47.38702299632121],[-0.9543004995833035,47.38173999617052],[-0.9762370000965799,47.371029496172525],[-0.9923170004333175,47.37281849617812],[-1.0152215006372052,47.365043996223775],[-1.0787355004646277,47.37079349621531],[-1.1018614997093361,47.36664199609214],[-1.0874299997398647,47.36067749616348],[-1.0950325005155312,47.357282496515566],[-1.090187499516916,47.350290496253805],[-1.0727864999324583,47.34508299629683],[-1.0850235000258102,47.33998099607753],[-1.0811695003132729,47.328088495827686],[-1.0885890000933511,47.32503199575983],[-1.0855280004264938,47.31659449596136],[-1.0763349993969402,47.31562599627368],[-1.0809704995006908,47.31256199656497],[-1.0733649993654328,47.30229799604637],[-1.055336500360655,47.30395349596145],[-1.0400805000765234,47.32123799644574],[-1.0395984998379046,47.31256349632539],[-1.030708999689989,47.308050996004916],[-1.0309675000794172,47.295348495842234],[-1.0073585005489634,47.28712099574404],[-0.9982575000261671,47.29607249654116],[-0.9440965002909549,47.313874495658894],[-0.9345870004219412,47.31423449585189],[-0.9323800002329043,47.30844499646622],[-0.9212044993339328,47.32055449590649],[-0.8860625001223498,47.292190496458524],[-0.8764989996988092,47.29268149574652]]],[[[-0.650389999974925,47.4541669957513],[-0.6598305000812786,47.435604995739794],[-0.6488025000801136,47.42702299638549],[-0.6563784993348551,47.42255199590617],[-0.6492814994311946,47.40833249658921],[-0.6250925003247753,47.398007996469055],[-0.5871020001349803,47.45184699616313],[-0.594559999970942,47.45973399607893],[-0.6307954999967101,47.44665899572022],[-0.650389999974925,47.4541669957513]]]]}},{"type":"Feature","properties":{"id":"bonnezeaux","name":"Bonnezeaux","region":"Loire","grapes":["Chenin"],"original_region":"Loire","key_appellations":[],"desc":"Bonnezeaux is an appellation in the Loire region. Main grapes: Chenin."},"geometry":{"type":"Polygon","coordinates":[[[-0.5251875001474484,47.33446099655026],[-0.5428175005904878,47.33604899586096],[-0.5671104999126816,47.32378399611836],[-0.5802665003591767,47.29802299570554],[-0.5939475005242109,47.296550995895664],[-0.6112034996252297,47.27954849591947],[-0.6014334995026864,47.27507149660202],[-0.615459999925037,47.264406496099625],[-0.609740000033381,47.26140149629618],[-0.6162704997541668,47.25632899613196],[-0.5671055005272309,47.23480199624487],[-0.5243419996055244,47.23339549596834],[-0.5451375003812015,47.217079996354116],[-0.5489244998124035,47.211358496213485],[-0.5440775005003792,47.20720349638041],[-0.4955549996448936,47.21011599654925],[-0.47822350062679064,47.22345849589713],[-0.49779450007348636,47.23495099627702],[-0.47503600062075513,47.2457699964737],[-0.4809039992949599,47.25804799577056],[-0.4722780004760647,47.258708996285],[-0.46279299956862996,47.275771496582266],[-0.495665499947973,47.285861496376306],[-0.49856350017459145,47.29312649590901],[-0.49244850058846096,47.292556496394205],[-0.4730969998105564,47.3158014964859],[-0.49926849988461847,47.31390249578135],[-0.5172249999922093,47.32174149646556],[-0.5280164996445914,47.33043099603377],[-0.5251875001474484,47.33446099655026]]]}},{"type":"Feature","properties":{"id":"bourgueil","name":"Bourgueil","region":"Loire","grapes":["Cabernet Franc","Cabernet Sauvignon"],"original_region":"Loire","key_appellations":[],"desc":"Bourgueil is an appellation in the Loire region. Main grapes: Cabernet Franc, Cabernet Sauvignon."},"geometry":{"type":"Polygon","coordinates":[[[0.27292000035753666,47.26197499596797],[0.2941059994832468,47.264466495941065],[0.34354199983764283,47.29471049653044],[0.3682674998288288,47.302108995755276],[0.32393499998987363,47.344761496053586],[0.30385300053355746,47.32803299630763],[0.2915805001741264,47.33056099636451],[0.2901264997112616,47.34434749611655],[0.28424599942943096,47.344063496387655],[0.28097699937438686,47.33095749645728],[0.2567574999475158,47.32242549592412],[0.25000699997634246,47.3343164960398],[0.21660449951229846,47.333798995712435],[0.17673599973810275,47.359022496551304],[0.15359749999603833,47.36359249602096],[0.1404015006760711,47.36180249589711],[0.14729949956275598,47.34537499603346],[0.13801450033803708,47.33615549656509],[0.11745700020925584,47.332342496523],[0.11361349970846267,47.31813999596125],[0.07860200061803893,47.28393949609287],[0.08975350038836734,47.282897496401745],[0.088647500101914,47.27539249567194],[0.08010999969145975,47.271685496352326],[0.0768579995408531,47.25164299639909],[0.06803450026055632,47.244675996123085],[0.07384900041361248,47.23686999608635],[0.07245299963516383,47.21987899619714],[0.0793204999078345,47.21677399631685],[0.0745194998866806,47.21444199591443],[0.13193349932342016,47.23493499638554],[0.19127550003761312,47.23232999600452],[0.24794249982681169,47.24492299593359],[0.27292000035753666,47.26197499596797]]]}},{"type":"Feature","properties":{"id":"cabernet-d-anjou","name":"Cabernet d'Anjou","region":"Loire","grapes":["Cabernet Franc","Cabernet Sauvignon"],"original_region":"Loire","key_appellations":[],"desc":"Cabernet d'Anjou is an appellation in the Loire region. Main grapes: Cabernet Franc, Cabernet Sauvignon."},"geometry":{"type":"MultiPolygon","coordinates":[[[[-0.6427394999028044,47.15113249605599],[-0.6083984996989068,47.14697449647521],[-0.607179499642088,47.136787995749195],[-0.5873179994093384,47.12698699595958],[-0.6073134997532152,47.11760999569416],[-0.5988255001548554,47.09986699603235],[-0.6041600001677692,47.08897299592605],[-0.594008499776403,47.07806949612993],[-0.5640649999009816,47.10434999607661],[-0.5229599999775378,47.10861949628843],[-0.5246024999366435,47.114699495819664],[-0.5097605004801629,47.12078399591048],[-0.4951084997274621,47.11677899608791],[-0.4850760001724385,47.10905949603153],[-0.5100760001812376,47.09566099564002],[-0.5066549993858542,47.08210699614517],[-0.515131499437005,47.07793649613921],[-0.45955800022766574,47.08240699610201],[-0.46429999984180614,47.07434999610164],[-0.48553800056093643,47.06520899555695],[-0.4803855003368171,47.05363249566513],[-0.4609590000846909,47.06882499582735],[-0.42685100007824583,47.07298049636349],[-0.4086575004079348,47.06630499614954],[-0.4007819996468164,47.07076849650091],[-0.39727250023502836,47.06522599560008],[-0.40390000050824176,47.06214249610762],[-0.4037160002072476,47.053370495772555],[-0.3986495001712117,47.04957549622355],[-0.41240900057782826,47.035384496375826],[-0.37970000058508885,47.03035699610114],[-0.38335649967349794,47.02846999580661],[-0.37195799988783906,47.01780199648851],[-0.38518850038468433,47.011367996429314],[-0.40149749955022135,47.01633699592568],[-0.40941949940580025,47.006515496197125],[-0.3893345000985448,46.99322099642564],[-0.36952349937613066,46.994275495723365],[-0.37217149968143987,46.98939699583983],[-0.3566989994653097,46.97463849566803],[-0.34606499964708326,46.980288495932164],[-0.3308654996739757,46.9761419962388],[-0.33114800003433,46.96726899573965],[-0.3239469997915308,46.97054199636441],[-0.3189754995156193,46.96440049564822],[-0.32777100062704634,46.95217949624049],[-0.30943000063995724,46.94945349636855],[-0.3101120001246878,46.9432719958133],[-0.2877554996995648,46.93221899575305],[-0.2752000003759488,46.93480049584701],[-0.25716700006441257,46.92463349590498],[-0.2271394993813722,46.95622799602205],[-0.23565600015919608,46.962517996251066],[-0.2539069998260816,46.95517649641362],[-0.24523649983216284,46.978594496380076],[-0.22182799935022296,46.98136949588302],[-0.2177515006322876,46.96755349618596],[-0.20431499953759,46.97257699570653],[-0.1985325003877819,46.96289399556508],[-0.20850399961631727,46.955517495762635],[-0.1997380002168021,46.94522549638507],[-0.17437500023662242,46.935431995666455],[-0.16207850041966568,46.92107449631518],[-0.1596355005673783,46.90663599614381],[-0.11684450057024577,46.90506199557985],[-0.10551400049845952,46.89186999633999],[-0.08659350045821249,46.894477496353915],[-0.06873149988726415,46.888507996047736],[-0.07181199984656614,46.87516749591234],[-0.1002634995792623,46.844007996449946],[-0.06356799987074542,46.852163495561925],[-0.055576000568158375,46.85241999554461],[-0.056299500113518565,46.846554995645654],[-0.009121500126101583,46.90792449596267],[-0.022563000283571513,46.9389699960032],[-0.030735500331079114,46.94177499625515],[-0.04625300042160582,46.9665169960241],[-0.09370600018788798,46.966286496135375],[-0.099845499632261,46.97268199609375],[-0.11026599978875085,46.97192049621104],[-0.12511449977530462,46.96165699648076],[-0.12559449954637378,46.95489599602873],[-0.14025799951600068,46.966461495830195],[-0.14412100019548454,46.95472249630733],[-0.14958000043058328,46.95766449613121],[-0.17436950020445321,46.98462199566912],[-0.15667249982990136,46.99724849577507],[-0.163568499785814,47.01681099584696],[-0.14910799934859267,47.02855549607829],[-0.11844899948199572,47.007163495661295],[-0.09237649950382125,47.0052874958692],[-0.08647599976726536,46.98529599632822],[-0.0553254996546429,46.9946344960491],[-0.03842850023808061,46.99030549599009],[-0.033119500533482435,46.98024499555651],[-0.031212500593668882,46.984738996380955],[-0.00627599954834756,46.98592599640193],[0.008227000062434752,46.99877599611281],[0.007178999970954514,47.01081499630689],[0.02343500047884661,47.012223995869554],[0.023931999764021272,47.01902899595895],[-0.00220649956560804,47.028444995735654],[0.02854150030192921,47.02200149581323],[0.03878450038229037,47.03332199587966],[0.04868750021350538,47.02951499567036],[0.04549850059799627,47.03791149600021],[0.036030500475522864,47.03614699641171],[0.02372400002228046,47.04525999638609],[0.05117199940744367,47.07321349598597],[0.045305500582655076,47.09186199582466],[0.021666000361109834,47.10218899621635],[0.005174500193873373,47.087410495759286],[-0.019169000307290962,47.09564449568183],[-0.03531499944373822,47.08671699574393],[-0.026535000382546917,47.10579849623656],[-0.03941399997934298,47.10787349613346],[-0.040984500342051575,47.11355599569856],[-0.03347749977297383,47.12122599634748],[-0.01646599956315148,47.11815549629434],[-0.01282849963430663,47.12389899601233],[0.00855600042894917,47.11578349597534],[0.023491000603643997,47.117975495767595],[0.04287950066478668,47.142572995921405],[0.036637499816575894,47.16035799592007],[0.049204500034318414,47.168886995634885],[0.05383000050171152,47.16373349573563],[0.06659649996167898,47.189795995953986],[0.05380049981782015,47.19885749601382],[0.06818600013287245,47.21578299603698],[0.0793204999078345,47.21677399631685],[0.07245299963516383,47.21987899619714],[0.07384900041361248,47.23686999608635],[0.06792149942694255,47.24732799583932],[0.07482950011457812,47.248048496417745],[0.07465600051118472,47.26154449651231],[0.090004500562444,47.28164249659447],[0.07860200061803893,47.28393949609287],[0.11361349970846267,47.31813999596125],[0.11745700020925584,47.332342496523],[0.09058499945515826,47.343387495980174],[0.0541999995272865,47.33354099570839],[0.01629349975287173,47.34835449625812],[-0.0370185005187045,47.29210499595187],[-0.07787599943444465,47.31222749656569],[-0.11603700008470112,47.32089149629202],[-0.15277900034834346,47.34357799606144],[-0.17661449976654153,47.322497495970694],[-0.20784750038707653,47.33769899607267],[-0.1914154998103324,47.34998399626412],[-0.2010054999620579,47.36088949572383],[-0.1907489996022062,47.376458996319336],[-0.19784449990924896,47.383592995863516],[-0.19645899950896845,47.397663496175255],[-0.22114799954739234,47.414985496346354],[-0.23569050006698827,47.39211799640238],[-0.2666415005390452,47.37860049641196],[-0.2768639996074493,47.39119499662906],[-0.3040610003624916,47.4051129958657],[-0.39047850012518104,47.417689496301826],[-0.4248870005202392,47.41250899594849],[-0.505105500265504,47.418667495710565],[-0.4987944993482823,47.41094699580905],[-0.5124954996154483,47.40862899625541],[-0.5123380000198946,47.402602996591526],[-0.5374495000481065,47.40486249646884],[-0.5453920000549478,47.41812199577587],[-0.5248374999953014,47.42129799629933],[-0.5447859996718297,47.42394599592071],[-0.552139500584093,47.44108699634352],[-0.5091785002452279,47.45025199574035],[-0.5176079994575982,47.453275496597115],[-0.5145184993737594,47.462000996240675],[-0.5200594994810076,47.46758049594782],[-0.5085470001391467,47.48937599643024],[-0.5336134994378986,47.499873995939666],[-0.5236870003700653,47.51290049616336],[-0.5309040003377955,47.526043496463004],[-0.541411000476918,47.51759249628308],[-0.5638859996168689,47.51919249666737],[-0.5815884995977455,47.4809894964469],[-0.6096395002303402,47.48883099594963],[-0.608509000329771,47.47558299612162],[-0.6018045002607215,47.47318749634058],[-0.6133889997218739,47.47140799582492],[-0.6056440004269092,47.465238496228686],[-0.6165604996243478,47.462053996111734],[-0.6135534993694605,47.45493149582192],[-0.618957000270348,47.45092299643716],[-0.6307954999967101,47.44665899572022],[-0.650389999974925,47.4541669957513],[-0.660968499875612,47.4381409958859],[-0.7011584996049609,47.42516649592306],[-0.7029430002748969,47.41922299607884],[-0.7314105007342143,47.42301799646699],[-0.743372499558344,47.43377299584174],[-0.7585255003064181,47.431973996270244],[-0.7592979997958097,47.44002449653859],[-0.7774034994456495,47.43151249593664],[-0.8240129997113324,47.43673149655233],[-0.8264190005369013,47.447862996153134],[-0.8651925003309793,47.4507689965665],[-0.8913909995345779,47.461355996345226],[-0.9042475003849865,47.46008149657599],[-0.9079169994670795,47.44948999577861],[-0.9091835001901643,47.46048299610476],[-0.9248964993880795,47.46326149594788],[-0.9179984997052096,47.43853899618372],[-0.922776999335914,47.426611496065874],[-0.943178999876258,47.418607996235906],[-0.9606814998692457,47.42279199621322],[-0.9458099998783549,47.38702299632121],[-0.9762370000965799,47.371029496172525],[-0.9923170004333175,47.37281849617812],[-1.0152215006372052,47.365043996223775],[-1.0787355004646277,47.37079349621531],[-1.1665144993929164,47.36632149592208],[-1.187658500563007,47.352351996390695],[-1.2998795001695578,47.337619995672114],[-1.3541989999565367,47.30415399612259],[-1.3372550005255017,47.300326496017],[-1.295956000306291,47.30622599606792],[-1.2750455001885277,47.29067199614289],[-1.2778089994718693,47.27086449624226],[-1.2538945002850719,47.24770299593731],[-1.2283680004666464,47.239714495878765],[-1.1980369998332552,47.25293999649432],[-1.181110999759218,47.24089549641747],[-1.170353499416375,47.25531549591986],[-1.1464969994775513,47.262655996326785],[-1.1501754995202729,47.268353496258676],[-1.133979499437777,47.286849996339605],[-1.1382764998520472,47.2979759958163],[-1.1268930001586026,47.30205499587192],[-1.1208310004762758,47.31578799638008],[-1.1024870006169585,47.31259899631145],[-1.0779949994291884,47.31778249651684],[-1.0809704995006908,47.31256199656497],[-1.0733649993654328,47.30229799604637],[-1.055336500360655,47.30395349596145],[-1.0400805000765234,47.32123799644574],[-1.0395984998379046,47.31256349632539],[-1.030708999689989,47.308050996004916],[-1.0309675000794172,47.295348495842234],[-1.0073585005489634,47.28712099574404],[-0.9982575000261671,47.29607249654116],[-0.9440965002909549,47.313874495658894],[-0.9345870004219412,47.31423449585189],[-0.9323800002329043,47.30844499646622],[-0.9212044993339328,47.32055449590649],[-0.8860625001223498,47.292190496458524],[-0.8666890004116617,47.295700496174554],[-0.8523280000661301,47.29011099571829],[-0.8529504998969465,47.27726449608118],[-0.8616440005107954,47.274412496035936],[-0.8641939996810701,47.2661939959941],[-0.8581609996144912,47.25596299617896],[-0.8088605004660707,47.25187049632391],[-0.8086459995134988,47.24372899574553],[-0.7988449996999496,47.24003449637768],[-0.8116554999550913,47.23644449611064],[-0.8041089999374944,47.22161549578397],[-0.8315900003342442,47.21212699580081],[-0.8120909993806813,47.20960349588932],[-0.8139380004407368,47.196633995818786],[-0.8070219993302546,47.19470749588884],[-0.8146094998287641,47.19346449620543],[-0.8064264999800806,47.17667249635372],[-0.816342500527018,47.16568749630978],[-0.8098945004747201,47.162667996090484],[-0.8283440003524549,47.15991199635065],[-0.8250670002091665,47.15694049648544],[-0.8024935004181943,47.15688249575937],[-0.7842939995749982,47.14238749576604],[-0.762523499370636,47.143559995756476],[-0.765200500064994,47.13281949620816],[-0.7548670002041451,47.12634499575743],[-0.7159220000533593,47.132741496228974],[-0.6785054999504542,47.130081495695435],[-0.6427394999028044,47.15113249605599]],[[-0.22433749936918942,47.27572749592285],[-0.2191094998526565,47.28254899645611],[-0.19178899987364081,47.28936049571344],[-0.17709150064010154,47.283426496257064],[-0.15845700008874905,47.286575495890965],[-0.15435050003303968,47.26654849630544],[-0.16202499992097058,47.25112749584245],[-0.16965499998942554,47.25316699567988],[-0.1807445001177172,47.24302549619357],[-0.19266250011704839,47.24213449620245],[-0.19813149981344522,47.26132099592427],[-0.22035050015794136,47.26425049591451],[-0.22433749936918942,47.27572749592285]],[[-0.642961500005743,47.377078995807985],[-0.6650884999144113,47.36876549653498],[-0.6789225001460898,47.3700384960491],[-0.650331500194559,47.377339996050296],[-0.6279609999835656,47.39386199589398],[-0.642961500005743,47.377078995807985]],[[-0.596779500319538,47.40413649604324],[-0.6018885005276509,47.414541496394165],[-0.56605800026274,47.41161999592462],[-0.5784949994325641,47.40748199600979],[-0.5880590001994858,47.411425996395955],[-0.5875110004103271,47.405048496068396],[-0.596779500319538,47.40413649604324]],[[0.004064999416576633,47.26301949642497],[-0.00786699970986694,47.24581549648563],[-0.03847999974737994,47.25074549653579],[-0.04861800024052133,47.258567495841724],[-0.03559600056767733,47.279399995959594],[-0.025624499522949803,47.28270899615021],[0.002271999609270467,47.269282995768776],[0.004064999416576633,47.26301949642497]]],[[[-0.4488344993984292,47.533352995912644],[-0.43477000015063444,47.53377999577007],[-0.4361925002997752,47.51586599648725],[-0.42429950050040727,47.515128496094235],[-0.4265485002333406,47.50515599644472],[-0.4212469994716559,47.50363599614352],[-0.4106660004211625,47.516922495853734],[-0.41733449934191014,47.519164995955904],[-0.4186310005316452,47.52880899631488],[-0.40267250052167325,47.53760199638741],[-0.3982054995659284,47.54378249655921],[-0.4015350000993111,47.55810449600351],[-0.38829199984455204,47.56953049588191],[-0.4239879999627369,47.610312496445545],[-0.46198349947621464,47.58827999585544],[-0.467906499724342,47.57371049600734],[-0.493961999886139,47.56974749605198],[-0.5005730004387514,47.559055996385325],[-0.4939360005705329,47.54301699609275],[-0.4830959995772454,47.5353604964236],[-0.46538750024182757,47.53727499586129],[-0.46531250008119607,47.54779449628184],[-0.46011650005703797,47.549507995756436],[-0.4488344993984292,47.533352995912644]]],[[[-0.2255480004018722,47.50655099629864],[-0.23986650039712037,47.52522199635082],[-0.22323649956914854,47.53720049590546],[-0.19843050006179155,47.52838499584749],[-0.1890390000904998,47.53209999629369],[-0.20773850054962828,47.54797999584167],[-0.19928249953101643,47.57273349593471],[-0.20687449989592854,47.582735996003144],[-0.21791549950038508,47.591043496145325],[-0.23884250002500973,47.58779149601537],[-0.2425990000982309,47.59940749608277],[-0.23523350044354327,47.609424996498404],[-0.25061950003117345,47.61245799648749],[-0.2704105004658719,47.6049059959922],[-0.26689000036598937,47.57515199661581],[-0.2831079994212005,47.57231249630597],[-0.2991159997907693,47.555885496543766],[-0.32139200058005923,47.55335199637186],[-0.32336050042384057,47.53823249586773],[-0.31546499994580307,47.53715349634081],[-0.30226349987218964,47.509464996127356],[-0.2747244998658033,47.508558996410464],[-0.27428099985391,47.49682399663055],[-0.2982670005641261,47.48908099645606],[-0.30119949935919244,47.474568996279075],[-0.31566750035153607,47.474069495780654],[-0.3291369993250996,47.459890496017],[-0.33246850037801956,47.43897749658107],[-0.3167209999833557,47.43974499617349],[-0.277991999745515,47.422309996167954],[-0.24279149976305392,47.46769449581756],[-0.2448804996807316,47.48069799624969],[-0.23178749958881847,47.48170799628683],[-0.25231150013370485,47.49290649620219],[-0.23893799962088758,47.50467899578149],[-0.2255480004018722,47.50655099629864]]],[[[-0.3410170006354213,47.632908996296024],[-0.3173234994869411,47.62233749593085],[-0.28777300041613985,47.61967899596369],[-0.28172449982734643,47.62521499642099],[-0.28264649963114824,47.63716349615861],[-0.2661149997887729,47.651663496467606],[-0.24578100040494863,47.65531149575776],[-0.26275550008430854,47.661952496348704],[-0.2784639999009782,47.65093649609783],[-0.29391650000286645,47.66309699648219],[-0.2940559997245995,47.67128349652564],[-0.3091784993680593,47.67395549600355],[-0.3125665006789659,47.68310199660178],[-0.32647250065552574,47.681389996552014],[-0.31910350030756834,47.665943996293166],[-0.32720450060102224,47.665444496133894],[-0.32868750024631604,47.64322649630549],[-0.3410170006354213,47.632908996296024]]]]}},{"type":"Feature","properties":{"id":"cabernet-de-saumur","name":"Cabernet de Saumur","region":"Loire","grapes":["Cabernet Franc","Cabernet Sauvignon"],"original_region":"Loire","key_appellations":[],"desc":"Cabernet de Saumur is an appellation in the Loire region. Main grapes: Cabernet Franc, Cabernet Sauvignon."},"geometry":{"type":"Polygon","coordinates":[[[-0.13214199984010191,47.05178349584583],[-0.14604049941757904,47.02767649568972],[-0.13908799946303327,47.01675599586153],[-0.11844899948199572,47.007163495661295],[-0.09237649950382125,47.0052874958692],[-0.08647599976726536,46.98529599632822],[-0.0553254996546429,46.9946344960491],[-0.03842850023808061,46.99030549599009],[-0.033119500533482435,46.98024499555651],[-0.031212500593668882,46.984738996380955],[-0.00627599954834756,46.98592599640193],[0.008227000062434752,46.99877599611281],[0.007178999970954514,47.01081499630689],[0.02343500047884661,47.012223995869554],[0.023931999764021272,47.01902899595895],[-0.00220649956560804,47.028444995735654],[0.02854150030192921,47.02200149581323],[0.03878450038229037,47.03332199587966],[0.04868750021350538,47.02951499567036],[0.04549850059799627,47.03791149600021],[0.036030500475522864,47.03614699641171],[0.02372400002228046,47.04525999638609],[0.05117199940744367,47.07321349598597],[0.045305500582655076,47.09186199582466],[0.021666000361109834,47.10218899621635],[0.005174500193873373,47.087410495759286],[-0.019169000307290962,47.09564449568183],[-0.03531499944373822,47.08671699574393],[-0.026535000382546917,47.10579849623656],[-0.03941399997934298,47.10787349613346],[-0.040984500342051575,47.11355599569856],[-0.03347749977297383,47.12122599634748],[-0.01646599956315148,47.11815549629434],[-0.01282849963430663,47.12389899601233],[0.00855600042894917,47.11578349597534],[0.023491000603643997,47.117975495767595],[0.04287950066478668,47.142572995921405],[0.036637499816575894,47.16035799592007],[0.049204500034318414,47.168886995634885],[0.05383000050171152,47.16373349573563],[0.06305300002225515,47.17528199650859],[0.06659649996167898,47.189795995953986],[0.05380049981782015,47.19885749601382],[0.06818600013287245,47.21578299603698],[0.0793204999078345,47.21677399631685],[0.07680099963547345,47.220144995650124],[0.0594229996256408,47.21876699578394],[0.003458000088320562,47.24208299623318],[-0.044827000044208275,47.25312899572862],[-0.0483385000238032,47.259698495724656],[-0.03559600056767733,47.279399995959594],[-0.025624499522949803,47.28270899615021],[-0.05450250050839717,47.301508995756755],[-0.09587600027926754,47.31666549581625],[-0.11140350030493616,47.3075174960144],[-0.119095499347319,47.29349399603711],[-0.13608200063221787,47.29754149643105],[-0.15845700008874905,47.286575495890965],[-0.15435050003303968,47.26654849630544],[-0.16202499992097058,47.25112749584245],[-0.16965499998942554,47.25316699567988],[-0.1807445001177172,47.24302549619357],[-0.19266250011704839,47.24213449620245],[-0.19813149981344522,47.26132099592427],[-0.2232604994155972,47.265454995909565],[-0.2381240000022903,47.24756499607175],[-0.24080099971828745,47.223563496321546],[-0.27735700047094886,47.222740496481165],[-0.2845050004504351,47.21627749596645],[-0.32989950040481336,47.208666496408696],[-0.3566420005450512,47.21511049615692],[-0.3453480001771756,47.22698549637916],[-0.3783105003401737,47.23341499642148],[-0.37021349973007806,47.25097699579749],[-0.3564140001943237,47.26048099588623],[-0.365900999971879,47.27029499570622],[-0.38846499977998544,47.27579499568431],[-0.39326999989309386,47.26888549597548],[-0.3876755006192718,47.25641649604927],[-0.4054899998462893,47.24415799576428],[-0.3933290006781051,47.222123496386],[-0.4012615003307282,47.219640496133806],[-0.4185915004149455,47.195688496362216],[-0.4137009994841283,47.18018849576656],[-0.3896700003112065,47.17587949582216],[-0.4100330004453572,47.158852496024046],[-0.3520954999669023,47.152208996422885],[-0.3501459998594375,47.13699699632937],[-0.3335474995083919,47.13346749607468],[-0.3414339996457214,47.12896449582657],[-0.3390744997732051,47.125283995785594],[-0.3193750004103798,47.120293996057725],[-0.3036414998761259,47.12349099590732],[-0.2944255003917649,47.13454899604923],[-0.28354299980605807,47.125075496057924],[-0.2708345006009313,47.129504995865865],[-0.25228450047820167,47.10998649606006],[-0.2628769995392555,47.10547199650627],[-0.26223350041770405,47.099005996431934],[-0.24100700058715485,47.10573949595271],[-0.2062684997225124,47.09319099592394],[-0.18706999957883338,47.10112949602129],[-0.1852374997381215,47.108414996464894],[-0.11553499935839896,47.099075495755024],[-0.0980500003831307,47.09134649594848],[-0.10211599987785752,47.06479999646848],[-0.13214199984010191,47.05178349584583]]]}},{"type":"Feature","properties":{"id":"cheverny","name":"Cheverny","region":"Loire","grapes":["Chardonnay","Chenin","Cot","Gamay","Orbois","Pinotoir","Sauvignon","Sauvignon Gris"],"original_region":"Loire","key_appellations":[],"desc":"Cheverny is an appellation in the Loire region. Main grapes: Chardonnay, Chenin, Cot, Gamay, Orbois, Pinotoir, Sauvignon, Sauvignon Gris."},"geometry":{"type":"Polygon","coordinates":[[[1.5156085002770832,47.4458584958047],[1.484173999454527,47.45048899584862],[1.5010210000478752,47.46289049618505],[1.5289000001398128,47.50073399579232],[1.527431500352049,47.51435149588001],[1.5207845001319025,47.51929749643694],[1.5459455003915874,47.53728249626167],[1.5649554997304165,47.536195496454994],[1.563441500179227,47.54446099597869],[1.5553004999569755,47.54247249604759],[1.5548980000793016,47.547237496299736],[1.5388469994468092,47.541190996101115],[1.531799000557316,47.546044995936555],[1.5344879995563698,47.5527654961037],[1.528360499655463,47.558164496266045],[1.5359300004081482,47.558486996488135],[1.530240500248384,47.583138996614],[1.5998765004708992,47.58994299614815],[1.5969769997215872,47.62630849597498],[1.576182499926732,47.62437499613865],[1.5693934998599024,47.629142496343086],[1.5782325007167404,47.63918449592209],[1.5760339998867647,47.653292496032655],[1.6088180005538064,47.67009749612556],[1.6149604998157228,47.68344799650388],[1.6114280005338395,47.69340949667162],[1.6306564998882855,47.70508549591745],[1.7022639993263404,47.71174899643585],[1.7125415001133808,47.69345599605889],[1.7280580004860824,47.699564496164115],[1.7128709996376847,47.72205949649511],[1.7135385005539097,47.73335049646052],[1.67233249940714,47.73955449640435],[1.6266314999364444,47.76097449616293],[1.614715999475445,47.7374319960544],[1.574690999371761,47.723711496165194],[1.5755744997327217,47.699296496254384],[1.5418805003903675,47.68935699655218],[1.541072499972904,47.68112149664555],[1.502648500172837,47.668259995929674],[1.4976359993744113,47.66107299647276],[1.432436500628605,47.650869995915066],[1.3538469993550395,47.59243899614902],[1.3534550002933021,47.58132649653944],[1.368731499682804,47.57798099627854],[1.3636795001674584,47.576160996650785],[1.3785340005989493,47.561792496178185],[1.3868439997358448,47.561545495829364],[1.3908729999600018,47.5500644962692],[1.3447965004066218,47.54653149664502],[1.3469695000355923,47.53328199577061],[1.3338439999808682,47.51792199663983],[1.3287190000659186,47.52269749577071],[1.3023650006665113,47.51157349616443],[1.2995360002782834,47.521214996147734],[1.2786624999034724,47.535107996359905],[1.263410500476443,47.52732149591885],[1.2545075001700157,47.52103199655761],[1.2450080002386978,47.49858849604935],[1.23509449937673,47.49369949602224],[1.2353800006390887,47.47951699629003],[1.2595180005416187,47.48338749636463],[1.2743100003735521,47.493164996645405],[1.2777314997716849,47.48171049622923],[1.2719044994082174,47.47117699606803],[1.2183035002357334,47.44912749590327],[1.2297219994260429,47.43250499628236],[1.2273144993273202,47.427173496542885],[1.2362879996771883,47.42914849619584],[1.2844000000920641,47.40944499656813],[1.272372500188251,47.39125349642434],[1.2713839996633167,47.37775049604789],[1.2829364998523318,47.36616099607198],[1.3119669996624215,47.36786149602591],[1.3286325001695154,47.38986799578499],[1.3419450002429316,47.38989399608669],[1.3829935003944396,47.413088996024314],[1.3955689994998788,47.41013349642677],[1.409274000672978,47.39553549605641],[1.4238020002471428,47.39425649581353],[1.4550535004518965,47.41105099660808],[1.4896500000871575,47.410499995918],[1.4947779999327178,47.42560399611499],[1.5156085002770832,47.4458584958047]]]}},{"type":"Feature","properties":{"id":"chinon","name":"Chinon","region":"Loire","grapes":["Cabernet Franc","Cabernet Sauvignon","Chenin"],"original_region":"Loire","key_appellations":[],"desc":"Chinon is an appellation in the Loire region. Main grapes: Cabernet Franc, Cabernet Sauvignon, Chenin."},"geometry":{"type":"Polygon","coordinates":[[[0.3044494996516932,47.11225649647362],[0.31831250036424147,47.120418495952734],[0.33616300007659494,47.11722099581133],[0.34260799998559865,47.108739495770195],[0.36339850052549255,47.11688099612474],[0.3558724998255473,47.102893495786745],[0.3634649998530173,47.09893049575237],[0.3615370004465347,47.08148449653798],[0.3805429994427147,47.07146049625414],[0.4023204998363636,47.0866764960083],[0.41487600041950634,47.07820299571331],[0.42563200011365354,47.08873149649692],[0.4495880006846319,47.08377199580498],[0.4495835002583005,47.09326549608585],[0.45820050000033524,47.09930049595558],[0.4515769994409879,47.107785996416155],[0.45588050049524964,47.11284999655355],[0.44436700026420506,47.11977099602519],[0.4873090006030189,47.115024495720334],[0.5064499996198004,47.141245495781114],[0.4738669998823026,47.145312496240116],[0.48852999964735583,47.16565949609825],[0.4951595004385082,47.2031079960582],[0.47138299957969965,47.21671849646706],[0.4750955006052673,47.227665996184506],[0.4038769997639869,47.20260399610716],[0.36509249995722587,47.20347649613813],[0.3676494997386655,47.218322995915344],[0.35996600005041557,47.22075549574468],[0.36865250001761257,47.23237799621327],[0.3561390006043214,47.24763649613668],[0.33244300059344584,47.24678199575235],[0.32418499976947324,47.236199495678505],[0.3085509999447174,47.2373659962552],[0.28941599939629514,47.228119496192384],[0.27894049988444686,47.24120549651915],[0.2835339999760661,47.25406599606563],[0.2740919998036208,47.25556199563865],[0.27292000035753666,47.26197499596797],[0.26251149952509284,47.25940399596296],[0.2647490003752093,47.25282949640035],[0.2573894996827368,47.248332996063716],[0.19509749952190186,47.23287049618832],[0.13193349932342016,47.23493499638554],[0.09167699964997694,47.21818499608138],[0.06818600013287245,47.21578299603698],[0.052964499730598844,47.196770496082095],[0.06659649996167898,47.189795995953986],[0.053583499958337784,47.16055999624449],[0.06560600041093592,47.14306799610231],[0.07839549946020978,47.146334995728424],[0.08197700000643172,47.13645999641338],[0.07637100049444087,47.1239309960386],[0.08134549983730234,47.11853849617631],[0.10471950063472496,47.12079399608252],[0.11098299972856476,47.13027499569532],[0.12351899975134871,47.128491996302515],[0.12716650005982436,47.11996699570645],[0.14068849967880753,47.124590496471214],[0.13343449966675788,47.11500299648336],[0.13907549949482914,47.10602099574014],[0.1619204996869663,47.10011049591692],[0.18150699987683128,47.116137995841754],[0.2358805001731129,47.10278999605676],[0.24041400004592875,47.09639299582474],[0.235326000470279,47.091711496381514],[0.25284599943238933,47.08334599568656],[0.30336700003140615,47.07822099635348],[0.3044494996516932,47.11225649647362]]]}},{"type":"Feature","properties":{"id":"chateaumeillant","name":"Châteaumeillant","region":"Loire","grapes":["Gamay","Pinot Gris","Pinotoir"],"original_region":"Loire","key_appellations":[],"desc":"Châteaumeillant is an appellation in the Loire region. Main grapes: Gamay, Pinot Gris, Pinotoir."},"geometry":{"type":"MultiPolygon","coordinates":[[[[2.137847999534193,46.51650949569099],[2.1946959994740176,46.506248495843586],[2.1973980005593043,46.519746996290635],[2.218879499611855,46.53065749543628],[2.233160500016435,46.52716299601947],[2.249883999328061,46.54364099618794],[2.2879679997941915,46.53205799565498],[2.310178500647576,46.56458899588855],[2.321786000361392,46.571742995619644],[2.322954500032989,46.59486499609653],[2.304350999676358,46.603993495597734],[2.301482999671573,46.597514995512974],[2.28086900032138,46.59048899583586],[2.273611999747031,46.60173049596959],[2.2705660005051045,46.58481549573694],[2.259407500112454,46.58557349590789],[2.2627544994256445,46.571810495626345],[2.2541445001112126,46.57153399612319],[2.2256165002485475,46.58239649615683],[2.184447000035747,46.58320299554778],[2.1795640000791985,46.602269995789904],[2.16343200054622,46.58551199637361],[2.1464825000083776,46.59978949565097],[2.138397500524612,46.59784149561658],[2.115414499755921,46.58475449576019],[2.111596499518456,46.56130999615067],[2.092761499538162,46.55866149542858],[2.0903869996786613,46.53584949568541],[2.071502999560465,46.51835299551904],[2.080876499555947,46.5067689957866],[2.1027464997002148,46.49633449561732],[2.10467850019751,46.486441496095445],[2.1151060001599706,46.48470799561543],[2.1262445005278434,46.50220399558027],[2.1350290004720636,46.503593995970455],[2.131629499980246,46.50678199586292],[2.137847999534193,46.51650949569099]]],[[[2.431355499364419,46.60031499621027],[2.4235770004326844,46.59267399634234],[2.4293780006902703,46.58857599560831],[2.4079864997997307,46.58099799552223],[2.410947999675076,46.56740199581883],[2.4018655004647718,46.55296699602708],[2.3814479993395947,46.54438549596319],[2.3828719998333767,46.53259849564333],[2.3757670006236244,46.53188199561868],[2.3840985006359223,46.518292995951164],[2.4300534998435372,46.526541996141674],[2.4498544994320266,46.520676995374096],[2.4923970000471303,46.53920499562191],[2.487448999853834,46.54168549594937],[2.490512999390913,46.57766149627143],[2.4379284995430703,46.59077299624467],[2.431355499364419,46.60031499621027]]]]}},{"type":"Feature","properties":{"id":"coteaux-d-ancenis","name":"Coteaux d'Ancenis","region":"Loire","grapes":["Cabernet Franc","Gamay","Pinot Gris"],"original_region":"Loire","key_appellations":[],"desc":"Coteaux d'Ancenis is an appellation in the Loire region. Main grapes: Cabernet Franc, Gamay, Pinot Gris."},"geometry":{"type":"Polygon","coordinates":[[[-1.2762890005402094,47.2689309961832],[-1.2538945002850719,47.24770299593731],[-1.2312679995252205,47.239579996430926],[-1.2073785004411457,47.25319349620838],[-1.1942700000399211,47.25197449613105],[-1.181110999759218,47.24089549641747],[-1.170353499416375,47.25531549591986],[-1.1464969994775513,47.262655996326785],[-1.1501754995202729,47.268353496258676],[-1.133979499437777,47.286849996339605],[-1.1382764998520472,47.2979759958163],[-1.1268930001586026,47.30205499587192],[-1.1208310004762758,47.31578799638008],[-1.1024870006169585,47.31259899631145],[-1.0779949994291884,47.31778249651684],[-1.0809704995006908,47.31256199656497],[-1.0733649993654328,47.30229799604637],[-1.055336500360655,47.30395349596145],[-1.0400805000765234,47.32123799644574],[-1.0395984998379046,47.31256349632539],[-1.030708999689989,47.308050996004916],[-1.0309675000794172,47.295348495842234],[-1.0073585005489634,47.28712099574404],[-0.9982575000261671,47.29607249654116],[-0.9440965002909549,47.313874495658894],[-0.9345870004219412,47.31423449585189],[-0.9323800002329043,47.30844499646622],[-0.9212044993339328,47.32055449590649],[-0.8860625001223498,47.292190496458524],[-0.8677995002812672,47.295444496347365],[-0.8543909999520743,47.30913999581296],[-0.7994104998998142,47.281251996060035],[-0.7744610002061565,47.287868496392484],[-0.7684890002207067,47.309185496159586],[-0.7774795003737194,47.32037649577599],[-0.8015515004263173,47.32449649598732],[-0.8083785000198715,47.33475399594889],[-0.8202504999210806,47.32947849612004],[-0.8240874999125346,47.3383769964573],[-0.8149565003338405,47.34524299631345],[-0.8114964996151786,47.37081499616389],[-0.8565014996933831,47.39874949651885],[-0.8903320003269668,47.40564349629357],[-0.916728999607305,47.402070995788236],[-0.9428960006677379,47.382738496205796],[-0.9391684997382655,47.38788649577243],[-0.9508540001976543,47.38926499575883],[-0.9489130001591091,47.4040399962859],[-0.9610574995174014,47.41814449579135],[-0.9467164998887821,47.427600495733465],[-0.9530379993343312,47.4354334958983],[-0.9528130004443902,47.45223049599121],[-0.9682315001651661,47.46862699604666],[-0.9589869996991144,47.48122399597264],[-0.9654854997115958,47.4917974962647],[-1.0061625004685404,47.48806599598535],[-1.0444600001697835,47.50550099620387],[-1.0726375000962387,47.50148049577945],[-1.0783569999264204,47.4798384962921],[-1.0916179997469682,47.48021849584877],[-1.1166365003951144,47.44957699602812],[-1.1106154996271513,47.44165299638073],[-1.1140145005083164,47.435744995701796],[-1.1585920004181791,47.41027649636729],[-1.1692284993966853,47.416020495899716],[-1.165181500710103,47.423763996434964],[-1.1722285004445223,47.43408549633117],[-1.1656990005110743,47.44477249596517],[-1.181141000198479,47.458530496379154],[-1.2178350000554996,47.46905199571572],[-1.2207545006844494,47.46128249627401],[-1.2453950005343752,47.45575149570202],[-1.2386085002138363,47.448351995898605],[-1.292961000209951,47.438511995852465],[-1.2897019994040446,47.43159049591153],[-1.299804000002506,47.41528999591033],[-1.3647859999907994,47.423540496233315],[-1.3543274995391867,47.44017349664877],[-1.3642794998803034,47.439620996535645],[-1.3648684999852925,47.44783449612072],[-1.3770929996061252,47.44687449583166],[-1.3900929997698803,47.42966199631938],[-1.4280965004665418,47.429423495832026],[-1.4297534997496542,47.412483996181095],[-1.4192519994871111,47.40935849647247],[-1.4158245004361554,47.4011849964239],[-1.4293814995057295,47.37904049651304],[-1.3880139998015202,47.361918995989996],[-1.403461499692995,47.344039996407645],[-1.4340230001192464,47.34246099576904],[-1.451056500073482,47.32762899646958],[-1.4787384996053736,47.32085999599851],[-1.5274449994336554,47.32495349587052],[-1.531856499343319,47.310071496014864],[-1.5324300005302922,47.29501649608654],[-1.509541000432873,47.29548099617095],[-1.5096479994091687,47.27489749629636],[-1.4995215001656426,47.2720829962636],[-1.5056269993232942,47.25797349598529],[-1.4626184994379792,47.27789649576929],[-1.4591525002990766,47.26355599645323],[-1.4437720003187842,47.2535629961017],[-1.4023530005269886,47.28168999603536],[-1.3886609999645358,47.27148199613153],[-1.350383500006766,47.26420149576612],[-1.345905500530454,47.25970599566593],[-1.350260000535519,47.25569449621195],[-1.3368144996822535,47.255403496065995],[-1.3382645004616058,47.25148499597261],[-1.3116060001165497,47.264938496324795],[-1.294209000558023,47.25909299560623],[-1.2762890005402094,47.2689309961832]]]}},{"type":"Feature","properties":{"id":"coteaux-de-saumur","name":"Coteaux de Saumur","region":"Loire","grapes":["Chenin"],"original_region":"Loire","key_appellations":[],"desc":"Coteaux de Saumur is an appellation in the Loire region. Main grapes: Chenin."},"geometry":{"type":"Polygon","coordinates":[[[-0.05662049964764543,46.99415799627701],[-0.03842850023808061,46.99030549599009],[-0.033119500533482435,46.98024499555651],[-0.031212500593668882,46.984738996380955],[-0.00627599954834756,46.98592599640193],[0.008227000062434752,46.99877599611281],[0.007178999970954514,47.01081499630689],[0.02451550061122529,47.016159995645424],[-0.00220649956560804,47.028444995735654],[0.02854150030192921,47.02200149581323],[0.03878450038229037,47.03332199587966],[0.04868750021350538,47.02951499567036],[0.04549850059799627,47.03791149600021],[0.036030500475522864,47.03614699641171],[0.02372400002228046,47.04525999638609],[0.05117199940744367,47.07321349598597],[0.045305500582655076,47.09186199582466],[0.021666000361109834,47.10218899621635],[0.005174500193873373,47.087410495759286],[-0.019169000307290962,47.09564449568183],[-0.03531499944373822,47.08671699574393],[-0.026535000382546917,47.10579849623656],[-0.03941399997934298,47.10787349613346],[-0.040984500342051575,47.11355599569856],[-0.03347749977297383,47.12122599634748],[-0.01646599956315148,47.11815549629434],[-0.01282849963430663,47.12389899601233],[0.00855600042894917,47.11578349597534],[0.023491000603643997,47.117975495767595],[0.04287950066478668,47.142572995921405],[0.036637499816575894,47.16035799592007],[0.049204500034318414,47.168886995634885],[0.05383000050171152,47.16373349573563],[0.06305300002225515,47.17528199650859],[0.06659649996167898,47.189795995953986],[0.05380049981782015,47.19885749601382],[0.06818600013287245,47.21578299603698],[0.0793204999078345,47.21677399631685],[0.07680099963547345,47.220144995650124],[0.0594229996256408,47.21876699578394],[0.003458000088320562,47.24208299623318],[-0.044827000044208275,47.25312899572862],[-0.0483385000238032,47.259698495724656],[-0.03559600056767733,47.279399995959594],[-0.025624499522949803,47.28270899615021],[-0.05450250050839717,47.301508995756755],[-0.09587600027926754,47.31666549581625],[-0.11140350030493616,47.3075174960144],[-0.119095499347319,47.29349399603711],[-0.13608200063221787,47.29754149643105],[-0.15845700008874905,47.286575495890965],[-0.15636100010587412,47.26857499615254],[-0.14465250034499846,47.268422995844595],[-0.12388499971365596,47.24956249568129],[-0.14094899945243425,47.22557149598664],[-0.1503014997276551,47.22357049628531],[-0.16755999935038224,47.22535649578736],[-0.1807445001177172,47.24302549619357],[-0.1945720005375459,47.243280996340246],[-0.19813149981344522,47.26132099592427],[-0.22136399999896758,47.26570349631937],[-0.2381240000022903,47.24756499607175],[-0.24080099971828745,47.223563496321546],[-0.24784300056589884,47.22714049631666],[-0.25066649948964087,47.2213174958146],[-0.2693575003768988,47.22395649597992],[-0.2845050004504351,47.21627749596645],[-0.34323000048699326,47.20975199643112],[-0.3419729992910278,47.21500199581817],[-0.3566420005450512,47.21511049615692],[-0.3453480001771756,47.22698549637916],[-0.3783105003401737,47.23341499642148],[-0.37021349973007806,47.25097699579749],[-0.3564140001943237,47.26048099588623],[-0.3588360001900394,47.265239495910315],[-0.38846499977998544,47.27579499568431],[-0.39326999989309386,47.26888549597548],[-0.3876755006192718,47.25641649604927],[-0.4054899998462893,47.24415799576428],[-0.3933290006781051,47.222123496386],[-0.4012615003307282,47.219640496133806],[-0.4185915004149455,47.195688496362216],[-0.4137009994841283,47.18018849576656],[-0.3896700003112065,47.17587949582216],[-0.4100330004453572,47.158852496024046],[-0.3520954999669023,47.152208996422885],[-0.3501459998594375,47.13699699632937],[-0.3335474995083919,47.13346749607468],[-0.3414339996457214,47.12896449582657],[-0.3390744997732051,47.125283995785594],[-0.3193750004103798,47.120293996057725],[-0.3036414998761259,47.12349099590732],[-0.2944255003917649,47.13454899604923],[-0.28354299980605807,47.125075496057924],[-0.2708345006009313,47.129504995865865],[-0.25228450047820167,47.10998649606006],[-0.2628769995392555,47.10547199650627],[-0.26223350041770405,47.099005996431934],[-0.24100700058715485,47.10573949595271],[-0.2062684997225124,47.09319099592394],[-0.18706999957883338,47.10112949602129],[-0.18343249978252701,47.12190999632717],[-0.16619600023461875,47.12129699559809],[-0.1709629994678641,47.12735799623309],[-0.1645394997962832,47.13100849629597],[-0.17561799944671663,47.14791349612743],[-0.16639749948053786,47.15387399588411],[-0.17102649947055787,47.16115349650297],[-0.1527450004092693,47.1667259959905],[-0.13023249952001295,47.156454995844655],[-0.11031099937550119,47.16515949613678],[-0.12133549994937486,47.176805496504294],[-0.10146800004701666,47.18690249629684],[-0.11441199972124588,47.192792996502575],[-0.1108174995119857,47.20659449630403],[-0.09271749977029424,47.221017995883074],[-0.09059850016334942,47.21507699586839],[-0.08018199937580404,47.215475996156705],[-0.08555000018066374,47.20712799572213],[-0.08075750005169083,47.17262349562755],[-0.08947050049493399,47.16685999561163],[-0.08086549990560085,47.148680996334555],[-0.08811399971083861,47.12958299617484],[-0.0800704995982962,47.12520699624691],[-0.06359749999062585,47.13428249621438],[-0.06334899937518397,47.117980495737115],[-0.09504699975159255,47.0948759964593],[-0.10516850019041002,47.07112499600842],[-0.10211599987785752,47.06479999646848],[-0.13214199984010191,47.05178349584583],[-0.14603300034702035,47.026101995984114],[-0.11844899948199572,47.007163495661295],[-0.09237649950382125,47.0052874958692],[-0.08647599976726536,46.98529599632822],[-0.05662049964764543,46.99415799627701]],[[-0.19725900037434663,47.159184496335136],[-0.23443399983082872,47.163896496365616],[-0.22421949972506902,47.18212499607856],[-0.2005555002313064,47.173062995605605],[-0.20365799981381555,47.1661089962549],[-0.19725900037434663,47.159184496335136]]]}},{"type":"Feature","properties":{"id":"coteaux-de-l-aubance","name":"Coteaux de l'Aubance","region":"Loire","grapes":["Chenin"],"original_region":"Loire","key_appellations":[],"desc":"Coteaux de l'Aubance is an appellation in the Loire region. Main grapes: Chenin."},"geometry":{"type":"Polygon","coordinates":[[[-0.38846499977998544,47.27579499568431],[-0.37988000020207935,47.276042496516915],[-0.37464150031634746,47.2854509957965],[-0.3610425004007419,47.28861299617942],[-0.3624605003328969,47.29643299651448],[-0.3502439995369239,47.300812996540905],[-0.3747365002928992,47.29962199565076],[-0.35858350032140773,47.31925099565638],[-0.36416299934509616,47.32749049581716],[-0.3597029994507062,47.33749599643992],[-0.32954600008027446,47.3421104959596],[-0.3322860002613635,47.35320799601363],[-0.3254114995769551,47.36407699593283],[-0.29418050014813096,47.36740199633539],[-0.28965050034434225,47.37497549645174],[-0.2983549993945229,47.38085299588938],[-0.2939080000402171,47.40070449598783],[-0.35198949997980494,47.41196699584042],[-0.3403030000588181,47.404775496238145],[-0.34553900046258407,47.395564495881544],[-0.3554549997273206,47.39731649632517],[-0.3669655001728928,47.38025949588654],[-0.371084999568582,47.368732496619344],[-0.36256950039902863,47.3457549961117],[-0.3770560001973761,47.33893499635876],[-0.3886265005798847,47.34411499621477],[-0.38231950050511226,47.34479649652727],[-0.3828585003019307,47.3579704956913],[-0.3715824999058114,47.3641749959471],[-0.3731574995754027,47.37300449654115],[-0.40339249979542724,47.37469299599892],[-0.3984855001180284,47.39022899600073],[-0.41793500040441584,47.388282995875485],[-0.42677100005460966,47.39896249643126],[-0.4248870005202392,47.41250899594849],[-0.43137050049347697,47.41421649600873],[-0.505105500265504,47.418667495710565],[-0.4987944993482823,47.41094699580905],[-0.5124954996154483,47.40862899625541],[-0.5123380000198946,47.402602996591526],[-0.5374495000481065,47.40486249646884],[-0.5453920000549478,47.41812199577587],[-0.5784949994325641,47.40748199600979],[-0.5880590001994858,47.411425996395955],[-0.588808500294943,47.404520996579336],[-0.5999389995071506,47.40441899647447],[-0.6018885005276509,47.414541496394165],[-0.6154820004596718,47.40856949611423],[-0.642961500005743,47.377078995807985],[-0.6057585001814398,47.35368249635845],[-0.5943884997202215,47.35649149621963],[-0.6064515006175226,47.3458324961831],[-0.5985800001120237,47.341171995854275],[-0.6017480003903013,47.3337549965092],[-0.568376500308778,47.32271699649379],[-0.5460720004903875,47.3350224956644],[-0.5260034995031346,47.33610599635916],[-0.5280164996445914,47.33043099603377],[-0.49926849988461847,47.31390249578135],[-0.4443174997163369,47.32360949634808],[-0.4426150000787181,47.304882996203055],[-0.4241710004587889,47.297494996444854],[-0.4267530002247777,47.2834804961387],[-0.40160749972228377,47.27287349597342],[-0.4052479992813867,47.26522649581161],[-0.39628699963975683,47.26323349649097],[-0.38846499977998544,47.27579499568431]]]}},{"type":"Feature","properties":{"id":"coteaux-du-giennois","name":"Coteaux du Giennois","region":"Loire","grapes":["Gamay","Pinotoir","Sauvignon"],"original_region":"Loire","key_appellations":[],"desc":"Coteaux du Giennois is an appellation in the Loire region. Main grapes: Gamay, Pinotoir, Sauvignon."},"geometry":{"type":"Polygon","coordinates":[[[2.839222500522443,47.51122849641396],[2.8746304997140864,47.520424995736875],[2.8895700005243374,47.50776149578233],[2.8985259994782,47.48160649602903],[2.914060499344118,47.470896996502404],[2.931950000640233,47.439457996299105],[2.8821530005569374,47.34120499612161],[2.9271459998518337,47.34084849646562],[2.9397939998038054,47.3476649961544],[2.9349040006847957,47.35416749581448],[2.9397290001279295,47.359404996434385],[2.969935000360702,47.36688949658127],[2.9678330005060594,47.3794044959787],[2.988330000464045,47.3823489965348],[2.9938050003476357,47.369858996266586],[3.015668500491512,47.371127496200316],[3.022660499910036,47.379406496416955],[3.061740000353011,47.375300996114376],[3.0410514999833818,47.41815699658617],[3.104771499598136,47.425442995921614],[3.1167025001957365,47.42095599602895],[3.1202990004853985,47.42673299576084],[3.1109050004240992,47.427920996095175],[3.1113540000716067,47.43601399637381],[3.1197020005985343,47.44023049641495],[3.124564999978836,47.459672496251585],[3.0939904994127456,47.47363899618448],[3.0847049999773652,47.47369899642691],[3.0781895006668516,47.46312649591322],[3.057053499913051,47.46955699656449],[3.0324380000106728,47.45886799624169],[3.011002000120897,47.48382099654006],[2.9860215005543176,47.48108499624029],[2.9881269995791038,47.4904734960513],[2.9693000004668257,47.497548495994494],[2.9670040002279388,47.50538749595742],[2.9512130005667574,47.494497995796316],[2.9409349998276646,47.49518199583912],[2.9121475004940516,47.52096399581736],[2.9100810001850315,47.53860349631025],[2.917428499561945,47.54248049642232],[2.9194029995740256,47.552949995936906],[2.9093764995567195,47.55961049642431],[2.9221755001959155,47.5875199965163],[2.9117015001752824,47.59643199660162],[2.9153575003941032,47.614543495891226],[2.908669499384108,47.61543749592698],[2.9081579996370635,47.607194496540295],[2.8946760002840604,47.59588599650761],[2.8779769993884763,47.59484099657109],[2.882601000521027,47.59189599582174],[2.8781809997392727,47.58876799653688],[2.867059000535618,47.586705496427406],[2.842146499316524,47.59545149645206],[2.83756949953613,47.603611996018],[2.8204710002374758,47.60998049614923],[2.8147515001722097,47.62461999619515],[2.7953704996844997,47.6220444958852],[2.792177499734576,47.63748199627214],[2.770968500119671,47.6476819963682],[2.7662694996607464,47.66739749578337],[2.756074500172882,47.66621999580283],[2.7429705002880795,47.67985249612325],[2.7478640001412047,47.706497996181504],[2.7153255005387527,47.7120949963269],[2.693315499993496,47.73874249604063],[2.7036839999424753,47.75341449660483],[2.672589999612081,47.7608829960222],[2.6636460004828706,47.7489474959304],[2.6360875000571573,47.7688974964991],[2.6216560003500247,47.72751749636506],[2.5920175004176067,47.70411249671274],[2.5897100000305406,47.695348495848584],[2.6275489998695147,47.68388199594412],[2.6239294994921174,47.67948399593699],[2.635220499648627,47.67446349599053],[2.6386490006063976,47.68003099596301],[2.6504254994187764,47.67137199650249],[2.7028870002966654,47.65754049587946],[2.7337695005562432,47.631648996120404],[2.7441315003252216,47.60796299635489],[2.803125499404825,47.58095399611157],[2.7317575006539125,47.538899496066264],[2.738520000442854,47.52848699638182],[2.76711199947667,47.525101496512654],[2.7963570002074514,47.505514996605164],[2.7932370000922857,47.49770249608123],[2.8064809995548106,47.49445549642293],[2.825352500381415,47.49721099640584],[2.839222500522443,47.51122849641396]]]}},{"type":"Feature","properties":{"id":"coteaux-du-layon","name":"Coteaux du Layon","region":"Loire","grapes":["Chenin"],"original_region":"Loire","key_appellations":[],"desc":"Coteaux du Layon is an appellation in the Loire region. Main grapes: Chenin."},"geometry":{"type":"Polygon","coordinates":[[[-0.6427394999028044,47.15113249605599],[-0.6083984996989068,47.14697449647521],[-0.607179499642088,47.136787995749195],[-0.5873179994093384,47.12698699595958],[-0.6073134997532152,47.11760999569416],[-0.5988255001548554,47.09986699603235],[-0.6041600001677692,47.08897299592605],[-0.592516499975554,47.07729699610997],[-0.5640649999009816,47.10434999607661],[-0.5229599999775378,47.10861949628843],[-0.5246024999366435,47.114699495819664],[-0.5097605004801629,47.12078399591048],[-0.4847160001476444,47.110936995750215],[-0.5100760001812376,47.09566099564002],[-0.5066549993858542,47.08210699614517],[-0.515131499437005,47.07793649613921],[-0.45955800022766574,47.08240699610201],[-0.46429999984180614,47.07434999610164],[-0.48553800056093643,47.06520899555695],[-0.4803855003368171,47.05363249566513],[-0.4609590000846909,47.06882499582735],[-0.42685100007824583,47.07298049636349],[-0.4086575004079348,47.06630499614954],[-0.4007819996468164,47.07076849650091],[-0.3959140003871643,47.091587496413325],[-0.38705750047601556,47.09238249592188],[-0.38581200018600814,47.087326996251385],[-0.35372850030231445,47.09537249570097],[-0.3408850000913028,47.09202299608478],[-0.34146499960565135,47.08733299614096],[-0.31425100018132085,47.0913379955908],[-0.3118534998320784,47.10417549578945],[-0.32256000054467726,47.1087439963443],[-0.32139050012692605,47.12105799641183],[-0.3036414998761259,47.12349099590732],[-0.2944255003917649,47.13454899604923],[-0.28354299980605807,47.125075496057924],[-0.24664249982321884,47.13518049627138],[-0.26496699948354085,47.149934996156915],[-0.261467500037991,47.168915495769326],[-0.23333049981859044,47.161535996308714],[-0.22421949972506902,47.18212499607856],[-0.20090850066420007,47.173549996195575],[-0.20124099981089655,47.187538996246026],[-0.21005549965379308,47.19103499655008],[-0.20973150012425187,47.202292496306924],[-0.21669450027752205,47.20290349639007],[-0.20746050049948173,47.21840849605254],[-0.19939400016887704,47.219620996003165],[-0.20461600005208352,47.22526649603159],[-0.19401149941349397,47.2315294962927],[-0.191992999902519,47.240529496523884],[-0.19813149981344522,47.26132099592427],[-0.2232604994155972,47.265454995909565],[-0.2381240000022903,47.24756499607175],[-0.24080099971828745,47.223563496321546],[-0.24784300056589884,47.22714049631666],[-0.25066649948964087,47.2213174958146],[-0.2693575003768988,47.22395649597992],[-0.2845050004504351,47.21627749596645],[-0.34323000048699326,47.20975199643112],[-0.3419729992910278,47.21500199581817],[-0.3566420005450512,47.21511049615692],[-0.3453480001771756,47.22698549637916],[-0.3783105003401737,47.23341499642148],[-0.37021349973007806,47.25097699579749],[-0.3564140001943237,47.26048099588623],[-0.3588360001900394,47.265239495910315],[-0.3831695001942057,47.276999996196835],[-0.39628699963975683,47.26323349649097],[-0.4052479992813867,47.26522649581161],[-0.40160749972228377,47.27287349597342],[-0.4281429994083151,47.28475299595157],[-0.4241710004587889,47.297494996444854],[-0.4426150000787181,47.304882996203055],[-0.4443174997163369,47.32360949634808],[-0.49926849988461847,47.31390249578135],[-0.5280164996445914,47.33043099603377],[-0.5260034995031346,47.33610599635916],[-0.5364134995386757,47.336388496273166],[-0.5700290003016928,47.32267499634469],[-0.6017480003903013,47.3337549965092],[-0.5985800001120237,47.341171995854275],[-0.6064515006175226,47.3458324961831],[-0.5943884997202215,47.35649149621963],[-0.6057585001814398,47.35368249635845],[-0.642961500005743,47.377078995807985],[-0.7201400005497238,47.36157099605947],[-0.8340159998653905,47.3885199964294],[-0.8390169994465788,47.38411149595539],[-0.8144955002294607,47.37334349646738],[-0.809155000424242,47.36480199639897],[-0.8149565003338405,47.34524299631345],[-0.8240874999125346,47.3383769964573],[-0.8202504999210806,47.32947849612004],[-0.8083785000198715,47.33475399594889],[-0.8015515004263173,47.32449649598732],[-0.7774795003737194,47.32037649577599],[-0.7684890002207067,47.309185496159586],[-0.7744610002061565,47.287868496392484],[-0.7981525005462303,47.281240996228696],[-0.8332079996270081,47.296803996556804],[-0.8414860004018582,47.30692999581385],[-0.8543909999520743,47.30913999581296],[-0.8687165004486995,47.296408995659256],[-0.8523280000661301,47.29011099571829],[-0.8529504998969465,47.27726449608118],[-0.8616440005107954,47.274412496035936],[-0.8641939996810701,47.2661939959941],[-0.8581609996144912,47.25596299617896],[-0.8088605004660707,47.25187049632391],[-0.8086459995134988,47.24372899574553],[-0.7988449996999496,47.24003449637768],[-0.8116554999550913,47.23644449611064],[-0.8041089999374944,47.22161549578397],[-0.8315900003342442,47.21212699580081],[-0.8120909993806813,47.20960349588932],[-0.8139380004407368,47.196633995818786],[-0.8070219993302546,47.19470749588884],[-0.8146094998287641,47.19346449620543],[-0.8064264999800806,47.17667249635372],[-0.816342500527018,47.16568749630978],[-0.8098945004747201,47.162667996090484],[-0.8283440003524549,47.15991199635065],[-0.8187799994206391,47.15441149611514],[-0.8024935004181943,47.15688249575937],[-0.7842939995749982,47.14238749576604],[-0.762523499370636,47.143559995756476],[-0.765200500064994,47.13281949620816],[-0.7548670002041451,47.12634499575743],[-0.7159220000533593,47.132741496228974],[-0.6785054999504542,47.130081495695435],[-0.6427394999028044,47.15113249605599]],[[-0.5481685004966146,47.20957749627876],[-0.48000549967223255,47.20833699594944],[-0.4825679998860156,47.200578495719355],[-0.4694700000485398,47.196351496380956],[-0.474031000363536,47.19016449647863],[-0.4604194993865283,47.1849144957529],[-0.46584150073081365,47.164888996406795],[-0.49166649946416613,47.14722299632583],[-0.5011460000739921,47.14615699645009],[-0.5139194999307806,47.156823496182824],[-0.5287264995843093,47.150086996549426],[-0.523221999567794,47.1592934962208],[-0.5324514997067952,47.15789399572966],[-0.52744250069225,47.17651749630258],[-0.5598475005586866,47.180072495595354],[-0.567828500443515,47.190899995684354],[-0.5481685004966146,47.20957749627876]]]}},{"type":"Feature","properties":{"id":"coteaux-du-loir","name":"Coteaux du Loir","region":"Loire","grapes":["Cabernet Franc","Chenin","Cot","Gamay","Grolleau","Pineau D'Aunis"],"original_region":"Loire","key_appellations":[],"desc":"Coteaux du Loir is an appellation in the Loire region. Main grapes: Cabernet Franc, Chenin, Cot, Gamay, Grolleau, Pineau D'Aunis."},"geometry":{"type":"Polygon","coordinates":[[[0.4338049998978307,47.56431949650541],[0.45045800054481333,47.54830599593167],[0.5026035001522781,47.55251549610823],[0.5057740005311665,47.56273299602327],[0.5171484996113153,47.57024449657852],[0.5137105004486406,47.57743249629435],[0.5263054995676981,47.57848449621224],[0.525406000067469,47.58931199594892],[0.5337100003142812,47.59146549614404],[0.5181259996558246,47.61551399654622],[0.5224879997392083,47.628042495981255],[0.5429115000558122,47.634117495968354],[0.5368760005603795,47.643290996153056],[0.5629780002591237,47.65696199648354],[0.5660030006064025,47.664070496507605],[0.5229629998770807,47.65310549601383],[0.5161169997356849,47.656642496553935],[0.4984195006966699,47.64475849608931],[0.4791655003254158,47.64332799665054],[0.47607649950866787,47.64801149640257],[0.46187149974538105,47.64341599625397],[0.45749800031387167,47.649951996265564],[0.4253825004250977,47.65446649625395],[0.4179745003303252,47.671528995981724],[0.44974300043509735,47.68459899627148],[0.4701964995187378,47.68074549616024],[0.48142400049459183,47.68920149633961],[0.528495000267509,47.684185496601046],[0.5422590005492016,47.67508699634777],[0.5791300006794479,47.667822996062256],[0.6148040000291937,47.68275099604331],[0.6188539994648786,47.69347199651791],[0.6043865002375063,47.68561049649514],[0.5957090003738051,47.68817949607215],[0.5929700006156495,47.70359099596148],[0.5805044993916437,47.71282549596132],[0.609022999860892,47.7253074958631],[0.6247310001253277,47.750818496615494],[0.6462679997708164,47.753066996326396],[0.6769679994732966,47.769520496272996],[0.6918920006514304,47.763705495881396],[0.7035749994681005,47.76778299582357],[0.6894564999035476,47.779818495841184],[0.6983740005350214,47.78925449637071],[0.7128184999986166,47.79049099656573],[0.7031484995584689,47.794583996020314],[0.6900955002645243,47.82795349598726],[0.6516189997417358,47.82394049641527],[0.6548919995120422,47.81760149596673],[0.645695999879653,47.812834996399715],[0.6521725000715246,47.80865649638486],[0.6460905006271865,47.806723496106144],[0.6385445005210895,47.82968799674411],[0.6294864998022484,47.828881496482126],[0.6171824997384319,47.83958549615425],[0.5990395005325352,47.82447349658693],[0.602435999663008,47.80234949630591],[0.5829795004131675,47.79720049590138],[0.5827030007059988,47.78541199595367],[0.5445854998442532,47.78370749586336],[0.5097370002637716,47.77435049598245],[0.49386650014871214,47.779812996272575],[0.48076050023982037,47.748162995953464],[0.4712235005176793,47.74247799648234],[0.4506550005067927,47.745160996197164],[0.437665500354995,47.739146996430904],[0.43583399988035487,47.751171995802316],[0.42336949982935584,47.76387749585192],[0.41561099947938446,47.753404496469464],[0.4225844994649028,47.741284496597295],[0.4149539994154783,47.734725996650546],[0.4268724999150046,47.72408149666645],[0.4312639996320574,47.72671999606674],[0.40555150018928976,47.69592449617153],[0.40741150063753107,47.69031949596256],[0.3861640002719773,47.69443649601598],[0.3607830005031888,47.68537099594682],[0.37707150020237207,47.671710496645694],[0.3735239996608455,47.66347399659476],[0.3797094995053567,47.657183996507236],[0.3807844994552055,47.64826599605561],[0.36825150051254657,47.637618496047985],[0.33814799961591935,47.63190199622007],[0.3290735002696466,47.63426399595764],[0.31541500054460087,47.65391199608707],[0.26258149954069826,47.647987496502154],[0.2527440000926588,47.656088996509666],[0.23170449969198395,47.65607049630845],[0.2339230001822919,47.645448995821184],[0.2564295005346771,47.64189449622846],[0.249085999881694,47.63735449584166],[0.2583339997359258,47.62684949576684],[0.2577395005841413,47.61524099641612],[0.27562499945709557,47.59837349631833],[0.32210150013051814,47.59523049618137],[0.33911100058402194,47.57973349612603],[0.37848499999848334,47.56852799618494],[0.4057600001862625,47.578881496366506],[0.4338049998978307,47.56431949650541]]]}},{"type":"Feature","properties":{"id":"coteaux-du-vendomois","name":"Coteaux du Vendômois","region":"Loire","grapes":["Cabernet Franc","Chardonnay","Chenin","Gamay","Pineau D'Aunis","Pinotoir"],"original_region":"Loire","key_appellations":[],"desc":"Coteaux du Vendômois is an appellation in the Loire region. Main grapes: Cabernet Franc, Chardonnay, Chenin, Gamay, Pineau D'Aunis, Pinotoir."},"geometry":{"type":"Polygon","coordinates":[[[0.8021014999614895,47.811894996507945],[0.7810534994248489,47.821510996414546],[0.7844485005509548,47.80365549656079],[0.7569189994481083,47.79330099635562],[0.7486530002207059,47.79296349600382],[0.7321884999264446,47.80767049664746],[0.7117220003295528,47.787102996688354],[0.7010179994470204,47.79005649581653],[0.6912140005698592,47.78339699626253],[0.7020109995743109,47.76654649609817],[0.6918920006514304,47.763705495881396],[0.6769679994732966,47.769520496272996],[0.6462679997708164,47.753066996326396],[0.6247310001253277,47.750818496615494],[0.609022999860892,47.7253074958631],[0.5940954996667571,47.723105996515336],[0.5803195000577139,47.71237349663556],[0.5929700006156495,47.70359099596148],[0.5957090003738051,47.68817949607215],[0.6043865002375063,47.68561049649514],[0.6267294994553073,47.70748649653042],[0.639987000168863,47.70970449591431],[0.6433594997309726,47.700083496227684],[0.6541274996449213,47.698799496549064],[0.6434279997078123,47.68542049608471],[0.6542584994713628,47.68418299585814],[0.6722189998854905,47.69555149606532],[0.6938839998685986,47.72311749597219],[0.7164274997505146,47.71951999612194],[0.7427749995379397,47.728789995925375],[0.7429219998152388,47.71723249581091],[0.7547794995753582,47.70853299582369],[0.7731309996423255,47.72119499585121],[0.7897049995698644,47.72200099597404],[0.8172150004541775,47.69006849670766],[0.8117790002182951,47.68221599671357],[0.8341745006308564,47.67692999626934],[0.844291000043798,47.68187299625781],[0.8460240005274202,47.69844699587121],[0.8713360005671084,47.72759999606116],[0.8855695002716327,47.7311964960015],[0.9020875002535556,47.71943699652284],[0.9086405005842396,47.72608449650698],[0.9072075003565246,47.73722099587329],[0.9185755001305398,47.74343149663129],[0.9186520003776819,47.73556199615751],[0.9333954993306635,47.73020799639826],[0.9468585005507575,47.70994999665675],[0.9567219993597228,47.71505999623607],[0.9627390001820623,47.73487599668962],[0.9857865002811245,47.725204996129776],[1.011014499376363,47.742631496175186],[1.012793999723213,47.732756996034],[1.0258995003657057,47.73389449658937],[1.0634869995427991,47.74550999628629],[1.0738614998809093,47.75790149627666],[1.0685764996842246,47.774360996007154],[1.0853380003708828,47.7718324962828],[1.1003884994303244,47.75868049654797],[1.1098205003393211,47.77186749653489],[1.101805499644783,47.77798949635928],[1.1010154993132448,47.78324349654726],[1.1079859995734336,47.78480099657169],[1.0993650003690194,47.7939289965895],[1.0818120003298983,47.79396699651527],[1.09490549987208,47.810477495841454],[1.0858615002701366,47.82315299659668],[1.0899209998433241,47.83506949650349],[1.082539500452176,47.83930799633778],[1.0842744999386211,47.845037496081304],[1.035355500466787,47.848415495975026],[1.0259875006993948,47.873315496053614],[0.9920124997968358,47.887185496647575],[0.992802500158847,47.89555999643786],[0.9782639994136685,47.896605996262394],[0.9711390001172225,47.87990549660213],[0.9459114994278729,47.87063549588973],[0.9110340000468596,47.872643996009494],[0.9217239998505242,47.84781299635365],[0.9331524996731357,47.83760749623729],[0.9232770003551436,47.824714995970126],[0.8930465004509086,47.850834996615404],[0.8780335005698061,47.850063496565014],[0.824844000115764,47.81650549638379],[0.8021014999614895,47.811894996507945]],[[0.8037519994246226,47.77332699651001],[0.7880505005659669,47.75580249646056],[0.7769869993039119,47.76235649649272],[0.7874574998136028,47.773831496507],[0.8037519994246226,47.77332699651001]]]}},{"type":"Feature","properties":{"id":"cour-cheverny","name":"Cour-Cheverny","region":"Loire","grapes":["Romorantin"],"original_region":"Loire","key_appellations":[],"desc":"Cour-Cheverny is an appellation in the Loire region. Main grapes: Romorantin."},"geometry":{"type":"Polygon","coordinates":[[[1.4821355005103212,47.449439496145196],[1.5289000001398128,47.50073399579232],[1.527431500352049,47.51435149588001],[1.5207845001319025,47.51929749643694],[1.5459455003915874,47.53728249626167],[1.5649554997304165,47.536195496454994],[1.563441500179227,47.54446099597869],[1.5553004999569755,47.54247249604759],[1.553634999444636,47.547273996465194],[1.5388469994468092,47.541190996101115],[1.5285820005838822,47.556681996140696],[1.5359300004081482,47.558486996488135],[1.530240500248384,47.583138996614],[1.508268000590738,47.581229496327204],[1.4747520002419474,47.60266449655966],[1.4835255003277288,47.611184496106596],[1.4668835005966,47.62881949590725],[1.4625949998082333,47.63733749621496],[1.4720230004028323,47.63956799605745],[1.4608214997820628,47.653065996078915],[1.432436500628605,47.650869995915066],[1.3538469993550395,47.59243899614902],[1.3534550002933021,47.58132649653944],[1.368731499682804,47.57798099627854],[1.3636795001674584,47.576160996650785],[1.3785340005989493,47.561792496178185],[1.3868439997358448,47.561545495829364],[1.3908729999600018,47.5500644962692],[1.3447965004066218,47.54653149664502],[1.3469695000355923,47.53328199577061],[1.3546615003972884,47.53397699628081],[1.3399074997934988,47.51325199635222],[1.3533669997111115,47.51057799590348],[1.3364900004721494,47.50076349589549],[1.3360064998768686,47.49473249637454],[1.350973000228218,47.485684996620115],[1.3458169993902045,47.47749949598277],[1.3563924996040213,47.46517599578879],[1.3895219998849595,47.4745819965836],[1.3915885003606212,47.46276999589648],[1.409022000333817,47.47096149653008],[1.4104960000437852,47.45869449599096],[1.4247025006297047,47.46564399586533],[1.432612500347836,47.448973996186744],[1.4821355005103212,47.449439496145196]]]}},{"type":"Feature","properties":{"id":"cote-roannaise","name":"Côte Roannaise","region":"Loire","grapes":["Gamay"],"original_region":"Loire","key_appellations":[],"desc":"Côte Roannaise is an appellation in the Loire region. Main grapes: Gamay."},"geometry":{"type":"Polygon","coordinates":[[[3.896602000491172,46.025920496054255],[3.9001865004538003,46.01799699567854],[3.8957695000597905,46.01481849565774],[3.9092090000766584,46.00383399593149],[3.893735500579378,45.990955996135646],[3.9258260002704954,45.984613995533394],[3.9329339999709947,45.971599995227606],[3.9256450005549453,45.9649994955909],[3.9399649995668082,45.95827249557959],[3.9233810000287708,45.95144299557081],[3.946043000591862,45.934608995704615],[3.9544190005906708,45.91685199566248],[3.9882654996511357,45.91910549567145],[4.0309719998415225,45.91172249539511],[4.044782499756133,45.92258149575608],[4.022369000525516,45.9338084955179],[4.031542499759728,45.942669495538674],[4.020998499381455,45.962669495743654],[4.031787499669524,45.9652079959806],[4.036556999819042,45.97125549535107],[4.030124499933456,45.976121495432224],[4.0472639993601165,45.98558149602679],[4.04242350065753,46.00216799545046],[4.058844500243106,46.01721749601246],[4.045779000222785,46.0228149955807],[4.024007000346728,46.018462995989],[4.017980499758623,46.00518999553472],[3.9991159998926684,45.99422049567053],[3.960088999836881,46.014811495723386],[3.969319999416283,46.02115749600153],[3.9684169994329825,46.049381995281436],[3.9561314997824573,46.0491084956076],[3.9541205004259248,46.06447649614671],[3.945739499937247,46.07368899536938],[3.952850000283882,46.08677049606191],[3.9332919995254936,46.09244799537671],[3.936404999826185,46.11706049553136],[3.91632550039451,46.120762495812166],[3.9198555004920315,46.14658449570052],[3.9462114998564917,46.16663949545457],[3.888467499517668,46.15597299551135],[3.8972655002501413,46.16026149552345],[3.8952265002737914,46.17729699575135],[3.909335999528871,46.18816999589775],[3.9128874996477787,46.19900899613347],[3.9094509996151348,46.207920495763105],[3.890130999927602,46.2144869953523],[3.879219499530574,46.20451199558825],[3.8241529999218784,46.19080699546584],[3.8078789999207165,46.17828649550612],[3.83079150024011,46.1563894953917],[3.851412500120142,46.157555495610225],[3.8623370002651973,46.15227949567999],[3.862005999988203,46.14274499567372],[3.8709210003550867,46.142129495420114],[3.8656604993804073,46.1276224959755],[3.852156999617478,46.11903099603615],[3.8445965005062828,46.09123649615418],[3.8598884998079894,46.08302299579405],[3.868398999954538,46.068285495773814],[3.8674935006814315,46.05902849536029],[3.8536954996496537,46.0555704952682],[3.8658814994891886,46.04532849581771],[3.8696194997247955,46.021880995554575],[3.886412500351157,46.0287609955673],[3.896602000491172,46.025920496054255]]]}},{"type":"Feature","properties":{"id":"cotes-d-auvergne","name":"Côtes d'Auvergne","region":"Loire","grapes":["Chardonnay","Gamay","Pinotoir"],"original_region":"Loire","key_appellations":[],"desc":"Côtes d'Auvergne is an appellation in the Loire region. Main grapes: Chardonnay, Gamay, Pinotoir."},"geometry":{"type":"MultiPolygon","coordinates":[[[[3.0799999994363065,45.62789599540094],[3.110103499441159,45.62107949541564],[3.1186379998123623,45.626238495230666],[3.1242294995563737,45.622690995086394],[3.129315500591934,45.606324995851146],[3.1486755003677143,45.597953995621744],[3.145013500493021,45.575397995220655],[3.1607409994580116,45.564757495480805],[3.166682499869463,45.57231549512543],[3.163472499496998,45.58466549593018],[3.1933935004227,45.599157495174],[3.198684499484236,45.57437399510839],[3.189659499877241,45.57190449583593],[3.2004315000315873,45.5635779958462],[3.2491255002129993,45.56506199598637],[3.251092499749675,45.57170299565499],[3.2397664995688666,45.57629399581289],[3.24715000055368,45.589009995423496],[3.227635000056516,45.59465499539057],[3.2183664996100085,45.604084995454166],[3.1940775002732558,45.59999999554068],[3.180698500291632,45.613551995442],[3.1855895000521994,45.623792995688596],[3.203013999789033,45.63452499510171],[3.219678999927919,45.62998649556067],[3.2281850003738923,45.63657749597849],[3.238895000296796,45.624884995358215],[3.3039555001745358,45.627671495771644],[3.297519500122973,45.666774495433714],[3.2803234997797595,45.6854999956003],[3.2481525003848994,45.68459699567196],[3.244121000155802,45.70091449542838],[3.2587765001543634,45.705788495297774],[3.277824500601393,45.700816495215925],[3.284399499516799,45.72469399539483],[3.2982165003033432,45.711273995872595],[3.3392870004280177,45.705457995265114],[3.3634100001518332,45.71819599597492],[3.3454265004683497,45.73918799524222],[3.3050834997633234,45.75771749554318],[3.296153000095577,45.75414999560901],[3.2965700004832903,45.76332449533167],[3.3132400002819264,45.76821849562097],[3.3037410002591474,45.780042495295184],[3.30961899952918,45.78520999585725],[3.30213050015951,45.79454249551892],[3.244391500511858,45.78751049530959],[3.247417500327687,45.77997299597299],[3.2429320003947137,45.776950995704354],[3.205179499987681,45.788315495591874],[3.181319499387133,45.78804749574453],[3.162586999348544,45.77810899571624],[3.1583440005159926,45.78673299595899],[3.1623704994114843,45.80658749538147],[3.1392924997215363,45.808871496019634],[3.121242500513824,45.81835349538658],[3.1377615000056016,45.84810799578678],[3.1552300001248303,45.849691495902036],[3.156495500156675,45.86979149563816],[3.16995300047585,45.86969199564656],[3.171874499852719,45.87746049544365],[3.184125500260539,45.878403495455494],[3.1770890004372583,45.902569995523855],[3.14969600005586,45.91082299559647],[3.14020350004662,45.92272249590819],[3.115560499780844,45.9168224954123],[3.1149249994384838,45.92195599520412],[3.0910039995841605,45.921533495776],[3.0888345004273146,45.92780099578805],[3.1076190005980275,45.93415199547336],[3.101984500590191,45.94620149597408],[3.107315499414512,45.953902995632546],[3.1260935006268333,45.95453799531578],[3.1377034994584703,45.967816995354916],[3.135309000159664,45.976201495281316],[3.127143500069172,45.97819299530594],[3.0916819997984826,45.970787995660615],[3.0834739999862744,45.964995495819025],[3.091020000285802,45.95549749584032],[3.045090999480825,45.94504449548079],[3.051329999625507,45.93888649553989],[3.0481250001502196,45.935352995517825],[3.031141000425685,45.93320949535659],[3.034969999955618,45.92504349601181],[3.0494129999081157,45.92526749606278],[3.050658000007836,45.91689249587602],[3.036402500530276,45.915991995857404],[3.0328895003051723,45.90328349578964],[3.0905009996583113,45.903586995328375],[3.097054499796373,45.897559995615424],[3.0988835005767035,45.88544599530946],[3.089825499483233,45.882627995963404],[3.0968444995625037,45.88249149533741],[3.098666499773812,45.86524899519448],[3.0677819996630173,45.86221449545762],[3.0655065000150192,45.87023749564222],[3.076786000121753,45.882493495879004],[3.0722600000755866,45.8888179955854],[3.044062000285811,45.89520599562274],[3.038759999471485,45.888716495921],[3.0304450005806514,45.89344649610375],[3.006627999461254,45.889812495750355],[2.9813665004096785,45.878127995394316],[2.9796105003223206,45.871119995418304],[2.979772499518548,45.85753449558654],[2.9864149996544382,45.85295199567628],[2.978818500231773,45.842019496004916],[3.001252000072341,45.83415149525569],[3.0388445000648168,45.83486749539858],[3.0449974998443534,45.819766995231575],[3.06975899976596,45.82216499530591],[3.077910499926385,45.805715495483604],[3.053202500404444,45.78601299573304],[3.0708245000670855,45.78149099590288],[3.0761169995824527,45.76864849524431],[3.070285500530278,45.76511949564747],[3.077360499522645,45.75594049547277],[3.065674999475198,45.75192399534424],[3.0890525005210923,45.73687949525111],[3.0733315004819213,45.719033995355225],[3.027268499906063,45.71257949595355],[3.045435500311951,45.707202995291226],[3.0385174998995583,45.698429495709],[3.051561999402056,45.69447799591264],[3.0504975003028925,45.68661299538095],[3.0997695002628864,45.68048549598023],[3.1000140004645536,45.6471494952574],[3.0761995004021334,45.63615349575813],[3.0799999994363065,45.62789599540094]],[[3.2064259998594564,45.72478499529866],[3.2124394993777496,45.71520199558185],[3.202183999414025,45.712356995696915],[3.196253499941668,45.70268549548588],[3.1774615001619324,45.71493199560237],[3.1843544994578905,45.730442495691015],[3.19961800030865,45.72069949562353],[3.2064259998594564,45.72478499529866]],[[3.208949000191637,45.725979995340055],[3.2211719995031474,45.73515149597912],[3.2571609995979505,45.73207299560363],[3.257166999893893,45.72096199596515],[3.2279860003794565,45.71953249548786],[3.208949000191637,45.725979995340055]]],[[[3.1299504997849397,45.44973099532565],[3.142673000459829,45.441272495260286],[3.1509850004884425,45.44593599522477],[3.1970129999542136,45.4387524951006],[3.219263499847321,45.45171499512446],[3.2240959996236596,45.46611649516036],[3.208210500627491,45.48441499557799],[3.1898329996312538,45.466337995469615],[3.1674255002558125,45.4726699957351],[3.140678000338933,45.466747495543885],[3.1388525006388,45.47310349547334],[3.112380000303324,45.47751899523372],[3.1139895002302898,45.4645524954816],[3.0998214999293907,45.45709299541818],[3.1175494998962296,45.458724495358176],[3.1128350006132686,45.45061549570807],[3.1299504997849397,45.44973099532565]]]]}},{"type":"Feature","properties":{"id":"cotes-du-forez","name":"Côtes du Forez","region":"Loire","grapes":["Gamay"],"original_region":"Loire","key_appellations":[],"desc":"Côtes du Forez is an appellation in the Loire region. Main grapes: Gamay."},"geometry":{"type":"Polygon","coordinates":[[[4.038354500083108,45.57397449525208],[4.0170714995437224,45.54849999537216],[4.039774500387364,45.55145649540543],[4.039767500207177,45.54709249537437],[4.070380000537015,45.53906349594383],[4.084954999436113,45.51606999581102],[4.105116500573851,45.53410999597914],[4.105563500283842,45.55210049598807],[4.115981500154824,45.561383995580535],[4.096012499886974,45.577986995617415],[4.104779499976421,45.57762349586055],[4.114975000060921,45.59977949599236],[4.107294500580787,45.596121995422095],[4.07859900052183,45.604805495664976],[4.078904499927044,45.61042499573006],[4.068518000615084,45.60833649559334],[4.0699345002109695,45.62694199558608],[4.076459000582496,45.62841549563997],[4.07905050059445,45.64349299581864],[4.0909849994341245,45.645601495576756],[4.091098500395409,45.65320399601548],[4.046714000260498,45.65775999578525],[4.039617000370729,45.6751899960155],[4.047978500388183,45.686086995584006],[4.0662435003584605,45.68918099547793],[4.0611085001433,45.69330999597521],[4.064910000310001,45.70193499600927],[4.043500000600139,45.713510995238735],[4.0338194995480725,45.71199349546035],[4.032807999500658,45.71880299524179],[4.040783999854362,45.72952549578828],[4.063361499422664,45.72630099530072],[4.070754499743322,45.73257599552783],[4.070885499851186,45.75102149571309],[4.081126500461343,45.751672995758156],[4.083384499952863,45.76410149550572],[4.070950000017598,45.76325949545741],[4.065661500362154,45.77499449544939],[4.069083999831313,45.78565099527346],[4.081632500199486,45.78995599522521],[4.073081999607587,45.79413799542273],[4.074147000337484,45.813604495338744],[4.054894500207133,45.81111049530712],[4.047633000241865,45.82795899521162],[4.037898999762914,45.82950149555954],[4.038568999488069,45.8449249955737],[4.045449500510006,45.848779996108],[4.0257499994964485,45.86140649592294],[4.0067989995893685,45.837571995612116],[3.979207499822568,45.842657995641105],[3.964606000445372,45.83873099567762],[4.006984999604761,45.8224969958214],[4.006463999381425,45.805361995406244],[3.9874190002394903,45.80100849538372],[3.987766000129415,45.795424495311146],[3.970086499642461,45.78924899571695],[3.9617144999944953,45.777941995669856],[3.9313440006209874,45.78170599520806],[3.9442349998436863,45.773918995768256],[3.9403719994211763,45.76713499589707],[3.9672809994273854,45.75531949538064],[3.9691675001898457,45.74309849555491],[3.9802125001865094,45.73209399583996],[3.96983849943477,45.718072995672834],[3.9727454995094575,45.70997599517246],[3.958237000315345,45.70145849591213],[4.00472749945724,45.66541149538003],[3.9886195004279523,45.65251249537529],[4.014364000406857,45.64682049534665],[4.004426000422463,45.63846499587054],[4.033107999835558,45.624266495543615],[4.028652000169231,45.60858649580912],[4.044243999987634,45.60699999565369],[4.044324499539527,45.5992149954],[4.025918499870396,45.58631099511265],[4.030517000014526,45.573283995726385],[4.038354500083108,45.57397449525208]]]}},{"type":"Feature","properties":{"id":"fiefs-vendeens","name":"Fiefs Vendéens","region":"Loire","grapes":["Cabernet Franc","Cabernet Sauvignon","Chardonnay","Chenin","Gamay","Grolleau Gris","Négrette","Pinotoir"],"original_region":"Loire","key_appellations":[],"desc":"Fiefs Vendéens is an appellation in the Loire region. Main grapes: Cabernet Franc, Cabernet Sauvignon, Chardonnay, Chenin, Gamay, Grolleau Gris, Négrette, Pinotoir."},"geometry":{"type":"MultiPolygon","coordinates":[[[[-1.7267140000709378,46.54141849576438],[-1.744690499437314,46.54780299587803],[-1.7383205004728437,46.54992249613195],[-1.7420190003553473,46.55569149626087],[-1.7376000002779814,46.560308995735234],[-1.7465945003721508,46.56354499609772],[-1.7352555001755752,46.58732999604251],[-1.72239999937244,46.59711299554817],[-1.7019804998806811,46.59932499586225],[-1.693376999408112,46.60665699595324],[-1.6956780005439027,46.614761995382814],[-1.7603434997935474,46.63219699631619],[-1.822291999696595,46.625673995531066],[-1.8201500003320876,46.64120349628167],[-1.8381915000183031,46.64360749569231],[-1.8300324993801436,46.65147449601563],[-1.8343154994548614,46.657804495733984],[-1.880998000550754,46.65739399588667],[-1.9012799996216623,46.66321949631165],[-1.918487999390104,46.67649849609756],[-1.9226044994170228,46.67158699571195],[-1.8982614998828191,46.63972549575314],[-1.85623099990497,46.60884299564287],[-1.8126895002197132,46.49367349557685],[-1.7935144994475063,46.48941649552269],[-1.7968454997562842,46.49717899606234],[-1.7960379999672127,46.501983495966925],[-1.7894144995497117,46.50446049576724],[-1.7960960000868416,46.497611995544496],[-1.7868585000693618,46.49794749546085],[-1.7949354996181608,46.496077495492806],[-1.7937030004661485,46.49274349552165],[-1.777811500294381,46.493049995584514],[-1.7555449995669856,46.47457349570065],[-1.7143164999237517,46.459006995549196],[-1.7048485005044782,46.466207496113974],[-1.701528500123612,46.48028899565461],[-1.67934999942619,46.483687496225244],[-1.674724500343224,46.504030996020795],[-1.6859445006043825,46.514579496157104],[-1.7015545000603423,46.5130349958022],[-1.6991325004915334,46.51906749552758],[-1.7141140001750546,46.521327996240245],[-1.7267140000709378,46.54141849576438]]],[[[-1.2934484998638338,46.48211699619482],[-1.2911659997911944,46.50646249563728],[-1.279324500163637,46.51571149562111],[-1.2609114994934298,46.50265049604812],[-1.248324999837169,46.506604495517195],[-1.247999000122564,46.514495995622546],[-1.21567200033924,46.51091599555412],[-1.2119885000498136,46.5174259962653],[-1.209837500046814,46.50947749602147],[-1.1986779996144183,46.505366996317726],[-1.1878225004263334,46.52096899581883],[-1.176489500135106,46.523255495570154],[-1.1792744998296574,46.53600299595515],[-1.2039069993679907,46.53650049580774],[-1.2004070006772705,46.552865496232634],[-1.2073055006190985,46.559473995738436],[-1.2150415006491078,46.55739549600305],[-1.2106840002304857,46.56727099587836],[-1.1968054995709103,46.57170999623593],[-1.2019055004210526,46.58879849576308],[-1.2273589997662602,46.59559049576386],[-1.235662499475908,46.60544249565905],[-1.2452694998825762,46.598984495774815],[-1.257366499949871,46.60070649626117],[-1.268072999983008,46.58586799559757],[-1.2786460005414408,46.585262996161454],[-1.2901339996725232,46.59732699619808],[-1.2867814997596936,46.61195299630557],[-1.3159234993048257,46.61906949566239],[-1.3395524996615094,46.64392949624203],[-1.3860129999708717,46.62067049553863],[-1.3780334998121526,46.611632995564165],[-1.3841615004051724,46.60514849586401],[-1.3765324994165058,46.60156999615568],[-1.395926500079746,46.59287449619946],[-1.3783615006708063,46.57872299596799],[-1.3757234996771723,46.56786499623362],[-1.3934550006705453,46.55488299594107],[-1.3833784995263345,46.51473499580673],[-1.3312554998058774,46.49360399568621],[-1.3082819996235626,46.493306995646485],[-1.2934484998638338,46.48211699619482]]],[[[-0.8178460004647591,46.36497899599745],[-0.8642870005682926,46.384334495757145],[-0.862531000220933,46.398259496167874],[-0.8686664998215778,46.400787995997085],[-0.8391099998637804,46.41282849628035],[-0.8428675005594306,46.421412495611065],[-0.835643000143758,46.4325999958655],[-0.8534660002203194,46.441150496190005],[-0.8392564996074854,46.446500995503094],[-0.8362070004823492,46.47679549555878],[-0.8220240002835486,46.4850239959201],[-0.8073274997817003,46.47548199558359],[-0.803808999611855,46.48336849628871],[-0.7940210005054676,46.4832214960619],[-0.8017379994431183,46.49152899567914],[-0.7932024994487124,46.503540495614146],[-0.780586499728024,46.50003399585163],[-0.7829329996807407,46.510234495777105],[-0.7948329995351153,46.51530999623574],[-0.7962825001872482,46.53138799593937],[-0.818573500081265,46.51537499541374],[-0.8158484998407605,46.51112799577023],[-0.8301525005508557,46.49141649598637],[-0.8832270005639952,46.48182649617521],[-0.8935135004232173,46.47023849620047],[-0.8885694998211391,46.4663624961923],[-0.899518499682149,46.4618149955248],[-0.9355675005620333,46.41697949587949],[-0.951420999981742,46.40895699611135],[-0.9382900000308682,46.4006019958915],[-0.9264280001866944,46.4035549961067],[-0.907749499683312,46.38612549589221],[-0.8854939996370409,46.38275249624823],[-0.8888995002372423,46.37545299538257],[-0.8788819996155645,46.3479579956813],[-0.8893614994157681,46.33172199559092],[-0.8832364995873432,46.323791995890375],[-0.8630275000015105,46.327110995966265],[-0.8630135006048477,46.31914149567403],[-0.8494819993950105,46.317766995811915],[-0.8447310000045786,46.325419495612415],[-0.8486555005647677,46.332512496053184],[-0.8345790000799235,46.3419114960012],[-0.8262544994746198,46.336756995456234],[-0.8177705005897998,46.348045995505764],[-0.8178460004647591,46.36497899599745]]],[[[-1.018987999718826,46.629860495625834],[-1.014043999861384,46.62221399602734],[-0.9865375002199294,46.63080899625675],[-0.9670720002595953,46.66203599621246],[-0.98434050033124,46.6759419959075],[-0.9722094998232195,46.68827099617567],[-0.9618319998609596,46.68870649549239],[-0.9952689999027989,46.702548495647996],[-1.0069009993314892,46.69275249582905],[-1.030664500109115,46.7149724959171],[-1.0359170005548008,46.704731495902884],[-1.0491950004813426,46.710867495606024],[-1.0450154998571513,46.71729449605884],[-1.0681209995037273,46.705802495558686],[-1.0815100005722966,46.710535496002535],[-1.115910000432821,46.68955299558031],[-1.1180960005790028,46.68075099593395],[-1.1115689993668305,46.67072749582466],[-1.125818999751464,46.66547799626275],[-1.116138500300887,46.662394495774265],[-1.1282970001205088,46.656171995911286],[-1.1112439995804175,46.65641799571155],[-1.113085499515613,46.63709099628485],[-1.0923329997108813,46.64176949577206],[-1.0869855006337816,46.62959249596549],[-1.080109999800543,46.632499996004476],[-1.0781704994396195,46.62765099604339],[-1.058477000225741,46.64399799594783],[-1.018987999718826,46.629860495625834]]]]}},{"type":"Feature","properties":{"id":"gros-plant-du-pays-nantais","name":"Gros Plant du Pays nantais","region":"Loire","grapes":["Colombard","Follelanche","Montils"],"original_region":"Loire","key_appellations":[],"desc":"Gros Plant du Pays nantais is an appellation in the Loire region. Main grapes: Colombard, Follelanche, Montils."},"geometry":{"type":"Polygon","coordinates":[[[-1.6280004996993387,46.83298699610133],[-1.6352549998129293,46.807647496425595],[-1.631110499372307,46.80391749605404],[-1.624342500261988,46.815366995619584],[-1.6097415005629856,46.82114149573058],[-1.5990420000458851,46.81029549570879],[-1.5774034999748885,46.814955995686645],[-1.5771234994721872,46.82374899614277],[-1.5655494999161272,46.834276995866794],[-1.577264500167513,46.84277499631816],[-1.545231499493392,46.851046496417496],[-1.5411379994518826,46.85618499606123],[-1.5485094996798747,46.860077995798264],[-1.5462804996345691,46.874701496383565],[-1.5269650004361528,46.872787496233244],[-1.4874975001686022,46.89036949632068],[-1.489697500323228,46.898222496216135],[-1.4809494993559789,46.90364899579746],[-1.4717369998809413,46.93318249577289],[-1.4624625004709917,46.926600496141575],[-1.448281999889286,46.92778949611656],[-1.413089499847854,46.945383495964315],[-1.3767099995726844,46.95467249608781],[-1.3764360003105296,46.94594499599452],[-1.3560955006022266,46.941783496203264],[-1.3527404999932033,46.934100495569766],[-1.3304880006562698,46.93265349632245],[-1.3011214996009177,46.91057799611621],[-1.3021314994576738,46.9031614958821],[-1.2951689993669464,46.902211495961524],[-1.2906759996466122,46.914511496086675],[-1.2653030002814423,46.91143999633339],[-1.2310430004485158,46.92295799602876],[-1.2313495006983135,46.9345204961892],[-1.2208035004183337,46.941048495882804],[-1.2284690003615817,46.944606496362375],[-1.2159270002365257,46.955801996203846],[-1.2105145006338318,46.95250249587404],[-1.2061134998289154,46.96056349561832],[-1.2535724999867126,46.99565099621269],[-1.2894249999094987,46.99542449566007],[-1.277320000628836,47.00233549589772],[-1.2774575003671018,47.01025699611863],[-1.2921989994556338,47.02284999625561],[-1.296470999504776,47.043157996451804],[-1.304925499639094,47.040593996405946],[-1.287283000475889,47.058307496128336],[-1.2680795002982777,47.06179349572137],[-1.2636100005965647,47.049190495743275],[-1.2456569999143505,47.04079099597972],[-1.218420500043068,47.04325749626979],[-1.2093545000463435,47.04961699626566],[-1.21685800004334,47.0534819959391],[-1.1856074999243236,47.07623699564077],[-1.1619005002889884,47.07957199563904],[-1.150120499687777,47.069709496149265],[-1.114706499386601,47.06213249609076],[-1.1214785004997483,47.055760496019595],[-1.1170480001776235,47.040134996290135],[-1.1485670000020753,47.02954899596159],[-1.143726500080428,47.024967995783804],[-1.0741249995451303,47.008279995790225],[-1.0667230001839607,47.013001996293525],[-1.0547229996020984,47.00435249644111],[-1.0161110003956317,47.003640995552296],[-1.0007615002079402,47.02565349578322],[-0.9956719995490259,47.024269996016535],[-1.0008325003566956,47.027856995764544],[-1.0087875004511517,47.027670996037614],[-1.0032040005498004,47.03422649614316],[-1.0170644997522815,47.0358039956648],[-1.0224144995497804,47.044471995646],[-1.0412254999940578,47.04720749612145],[-1.0441729994572493,47.052162496104074],[-1.031962500038124,47.055987996423184],[-1.0430360005405876,47.059219495939],[-1.0462664992667376,47.068669495672914],[-0.996953500354047,47.08312099640567],[-0.998275500713836,47.09060199634436],[-0.9695369994315949,47.10133599634489],[-0.9654175005779916,47.11581549615075],[-0.9462630006138094,47.11964949619228],[-0.9522209994417364,47.1200199958335],[-0.9443395002134022,47.131740495969936],[-0.9576140001001747,47.13711999631357],[-0.9569055003860707,47.14473649579069],[-0.984047499913863,47.14616299621347],[-0.9957695005392747,47.15320799643336],[-1.0077745004696217,47.15204899576602],[-1.0038095003997856,47.14667199570158],[-1.0129835004271797,47.143524495986846],[-1.0147224996098323,47.148109996112204],[-1.0434445005756192,47.146279995657885],[-1.075072499312975,47.13103099578576],[-1.0789145002834444,47.137489995632684],[-1.0738004995784503,47.14732149653619],[-1.083164999550866,47.15033049605529],[-1.082400999821575,47.155935995851095],[-1.0896609995569002,47.157962996235106],[-1.1108195001551333,47.146263995983816],[-1.124890499380997,47.15056899628369],[-1.1260335000859412,47.160079495935555],[-1.1362215002529141,47.16756249604925],[-1.1695569992692545,47.17051449577043],[-1.1616369998974603,47.17764449642646],[-1.162775499731287,47.18598399614928],[-1.1458765003887663,47.1911784958723],[-1.1337250000038874,47.21464149565321],[-1.1223950003976266,47.22029499574397],[-1.1153594999299534,47.21469799567432],[-1.0939944995341204,47.21434449606322],[-1.0945515004826254,47.20550399581906],[-1.0783990003270694,47.20188699586607],[-1.071694499782902,47.17750349597763],[-1.0649089995176706,47.185042496268004],[-1.0325590004966154,47.18621799644541],[-1.0292680000360146,47.193742996356306],[-1.0392214994786637,47.19867399612619],[-1.0279424998441116,47.20103049654795],[-1.0231555005992274,47.208957996127566],[-1.042196500033144,47.20709599570421],[-1.036355500253757,47.21924199593882],[-1.022978500322441,47.21877749649463],[-1.03316199959594,47.225188496582625],[-1.019939000603751,47.22404349587187],[-1.02592000032287,47.228776495618156],[-1.020691499933632,47.230774496165715],[-1.0236570004178258,47.2390614959813],[-0.9744445007236091,47.23638849644499],[-0.9639315004942655,47.23205249583004],[-0.9660559997861854,47.226859496393324],[-0.929704000018372,47.227849996062886],[-0.9371285005281575,47.232546495786],[-0.9276984996689412,47.23830549612886],[-0.9325754994155067,47.243479995742554],[-0.9232994996375261,47.247478996523775],[-0.946873000200367,47.25455299581241],[-0.9421450004835834,47.257253995773695],[-0.9473035004669521,47.26372449586964],[-0.9402540005116825,47.26739099578101],[-0.9203010000989954,47.26881149624009],[-0.9234930001668056,47.27452899650936],[-0.9195665001510337,47.26977749616071],[-0.8866240006134005,47.27187249593244],[-0.8868124995643497,47.26511499659968],[-0.8828644994313339,47.27094199611205],[-0.8766015005350452,47.26575999603661],[-0.8632479992817164,47.26806599586031],[-0.8529504998969465,47.27726449608118],[-0.8523280000661301,47.29011099571829],[-0.8687165004486995,47.296408995659256],[-0.8543909999520743,47.30913999581296],[-0.7981525005462303,47.281240996228696],[-0.7744610002061565,47.287868496392484],[-0.7684890002207067,47.309185496159586],[-0.7774795003737194,47.32037649577599],[-0.8015515004263173,47.32449649598732],[-0.8083785000198715,47.33475399594889],[-0.8202504999210806,47.32947849612004],[-0.8240874999125346,47.3383769964573],[-0.8149565003338405,47.34524299631345],[-0.8114964996151786,47.37081499616389],[-0.8565014996933831,47.39874949651885],[-0.8903320003269668,47.40564349629357],[-0.916728999607305,47.402070995788236],[-0.9383205005755793,47.38484899630088],[-0.9458099998783549,47.38702299632121],[-0.9762370000965799,47.371029496172525],[-1.0416289998420865,47.365036496371886],[-1.0639854996707108,47.37019299628379],[-1.068983499487248,47.38827849608359],[-1.0675824999223202,47.401644996121],[-1.0499554999827572,47.42483949602564],[-1.1058554996781038,47.43783349588473],[-1.1585920004181791,47.41027649636729],[-1.1670339997681483,47.41498699605894],[-1.1993360000923174,47.410356495760006],[-1.196377000249955,47.40665699611168],[-1.2055825003538068,47.40497149630828],[-1.2050710003216025,47.39945549611056],[-1.2317304998572511,47.392063496230236],[-1.2253390002065372,47.386855995996356],[-1.2259690004866413,47.37049299616338],[-1.2929549997240484,47.37120149632831],[-1.3280044995861502,47.355597496451814],[-1.3432634998652317,47.367811496607416],[-1.3562069997901645,47.35906799652632],[-1.3769075004140892,47.37276799655453],[-1.403461499692995,47.344039996407645],[-1.4340230001192464,47.34246099576904],[-1.451056500073482,47.32762899646958],[-1.4844400004993448,47.32027099587102],[-1.4988809999482176,47.325870996556574],[-1.5274449994336554,47.32495349587052],[-1.5324300005302922,47.29501649608654],[-1.509541000432873,47.29548099617095],[-1.5096479994091687,47.27489749629636],[-1.4995215001656426,47.2720829962636],[-1.5056269993232942,47.25797349598529],[-1.4626184994379792,47.27789649576929],[-1.4591525002990766,47.26355599645323],[-1.4437720003187842,47.2535629961017],[-1.480948000301148,47.22634549638651],[-1.4852105003124327,47.21721299564511],[-1.4741904996847062,47.18682149609755],[-1.512937000539022,47.189180496308296],[-1.5236160004251054,47.17328649600438],[-1.5192279996460107,47.16645399614799],[-1.547859500606195,47.148783996297375],[-1.558002999713783,47.155736996430086],[-1.5723260006382227,47.15115299627816],[-1.5937514998101803,47.157043996091296],[-1.608554000003775,47.150052496468824],[-1.6430274998105063,47.15021749565329],[-1.6683695001423053,47.17240999585822],[-1.674976000158339,47.16865449634202],[-1.7237889999214238,47.183563496150164],[-1.758442499693747,47.184047996168516],[-1.7731550002347873,47.17001249563737],[-1.8027075000774917,47.17039499648175],[-1.808611499330889,47.156219995746],[-1.8027369994509246,47.15026049596776],[-1.806368000244772,47.14598599565063],[-1.8005489999190225,47.146735496245604],[-1.8154584999943848,47.13210049565742],[-1.8337695005104961,47.1307624961699],[-1.8480444995308596,47.137766495687686],[-1.8445605001801324,47.143883496148646],[-1.855600500333339,47.156724996013104],[-1.864490999474993,47.157256995702774],[-1.8641270002552592,47.16396399585936],[-1.8960524996061658,47.1747494959227],[-1.922168000355135,47.1650484958585],[-1.9387310004327747,47.174794996113654],[-1.9362284995032368,47.19470249651892],[-1.9227790001752,47.206782996158395],[-1.9643700004984737,47.20144649586343],[-1.9936460002516827,47.20522199639323],[-1.997171499751874,47.197341496288715],[-1.9895039996933641,47.19569249620032],[-1.9944164994726388,47.19023749575584],[-1.976869500315756,47.18652599575213],[-1.977378499638903,47.17727249568384],[-1.9721180000530327,47.1759379963984],[-1.9794844999907204,47.17142749629657],[-1.9719180002077583,47.1611244964223],[-1.9726319995796548,47.13469999579615],[-1.986387499697116,47.12355249595892],[-1.9696714996065228,47.11512549598426],[-1.9562210003403295,47.116078995917846],[-1.9482970005241051,47.10529249607227],[-1.9362115005754714,47.106092495683676],[-1.9358189995212511,47.07206149616461],[-1.9558454999928354,47.06690049621877],[-1.9896524994784321,47.07405649587997],[-2.040361999374643,47.10356749606265],[-2.053554000066385,47.094540996015546],[-2.048845000326621,47.08667999569943],[-2.004579999638009,47.06133049650118],[-1.9836199996317365,47.02945999575816],[-1.9679384999198712,47.02698549612234],[-1.9405630003977394,46.99345649595808],[-1.9162504996594139,46.992147995826166],[-1.9117764999408884,47.001597995669734],[-1.8947390000719553,46.99763249605312],[-1.886162000276197,47.00326399596167],[-1.8420420002956932,47.006635496378905],[-1.8186234998176831,47.04014299624297],[-1.8191190003163353,47.04962499582772],[-1.7937065001209194,47.06396799634855],[-1.772729500188779,47.04827999569297],[-1.7768975002730942,47.03817549596915],[-1.7689264994419107,47.02269649590926],[-1.7331109999657635,47.036275995696776],[-1.7090145000719328,47.03177649645371],[-1.7165560000363072,47.02608749567149],[-1.7074004996549794,47.0156014962868],[-1.6933574999217709,47.005735996208706],[-1.6778115002094967,47.00474849635347],[-1.6898900005200022,46.98495849571887],[-1.6909235000609681,46.968886995708154],[-1.6790430004928474,46.96398949590958],[-1.6876594994828522,46.95341749577726],[-1.686642000031145,46.945075996113964],[-1.6673545001762458,46.94484999619361],[-1.656530500471458,46.92662549613383],[-1.6347994993549828,46.92436299601607],[-1.6398985001903952,46.914186995677966],[-1.6312135002118717,46.9051649958229],[-1.6417679998351355,46.88790899582113],[-1.64048099975805,46.878494995990806],[-1.6096015006661166,46.87123049611488],[-1.6227900005128877,46.861227495684076],[-1.624151999459293,46.84937949613047],[-1.6346460004454588,46.838566495751074],[-1.6280004996993387,46.83298699610133]]]}},{"type":"Feature","properties":{"id":"haut-poitou","name":"Haut-Poitou","region":"Loire","grapes":["Cabernet Franc","Gamay Deouze","Gamay De Chaudenay","Gamay","Merlot","Pinotoir","Sauvignon","Sauvignon Gris"],"original_region":"Loire","key_appellations":[],"desc":"Haut-Poitou is an appellation in the Loire region. Main grapes: Cabernet Franc, Gamay Deouze, Gamay De Chaudenay, Gamay, Merlot, Pinotoir, Sauvignon, Sauvignon Gris."},"geometry":{"type":"Polygon","coordinates":[[[0.19862999997381586,46.6566594963218],[0.21316099936583424,46.65112649607361],[0.21525800047373578,46.642479996129644],[0.20638850013871082,46.63722949562527],[0.23418700048844796,46.633020496288964],[0.23545649992204273,46.62723899578338],[0.2489829996108569,46.62370749585044],[0.24990749972210577,46.63024899544944],[0.24225600007473005,46.632133995801546],[0.2756185005242255,46.642911996340814],[0.2748015004249137,46.64892699567246],[0.2849714997333359,46.654735495569334],[0.29357850060270096,46.6431449957789],[0.30964350053482853,46.65729149632933],[0.33378750034629434,46.6512379958189],[0.33915200068737233,46.6616819955345],[0.32414849995405076,46.67145199582788],[0.35431299997207627,46.67958449587301],[0.3587204996558825,46.67705199615323],[0.35258049967118055,46.673345495487695],[0.3605434998766887,46.67010799601049],[0.3860230003293329,46.67050149627673],[0.3878545002625266,46.66319849578718],[0.3793119997579479,46.651802995573625],[0.38590850027525125,46.64467149607096],[0.39978449994573423,46.6403179955992],[0.40343049956751426,46.64982949604765],[0.4239000000438239,46.64931949628345],[0.44302249966334756,46.640639496263034],[0.5062934994573741,46.65517099561211],[0.49213050040983203,46.68148999624303],[0.5109124993826303,46.70033099583952],[0.4869849998315283,46.71533399623425],[0.4994750002396947,46.72318499567095],[0.48580400056088935,46.728813996096356],[0.4764354995422937,46.74814549619285],[0.45534350045808775,46.75603349554903],[0.4614209996306949,46.76013849575102],[0.45765749981519976,46.76669099590856],[0.4369955001515511,46.769543995855166],[0.4132879993839172,46.76221849572728],[0.4092514994027267,46.75423099624533],[0.3954099998014538,46.753186495716996],[0.3832024997908192,46.76670349576468],[0.395583000261957,46.782978495634495],[0.3889495005940335,46.78529549607556],[0.37099799959426444,46.758393995569385],[0.35362250009663343,46.75548449607357],[0.33171399942915997,46.77247149604257],[0.3423844998370513,46.77967749571654],[0.33422800030245237,46.78412449583708],[0.3480045005311507,46.79601999580325],[0.3297469995429719,46.8112699962102],[0.3373120005725831,46.82112199621501],[0.33471849972571055,46.83097549558562],[0.32573749967732474,46.82915349600148],[0.31999000023937746,46.81105299640375],[0.29566199962157513,46.81138699633809],[0.2791604998065519,46.82648099551047],[0.2537149994295676,46.81310549557075],[0.2367700001042024,46.82913049614599],[0.24396149997802288,46.83304199578589],[0.2354410001582251,46.85313549612274],[0.22244950029868865,46.86329049558403],[0.21202100044869948,46.8549084959138],[0.19744500008289245,46.85855199638934],[0.1749054993030883,46.843142996361316],[0.14031749983847863,46.83253949638402],[0.13948649966225496,46.81911349617386],[0.11884400017614719,46.820560496405946],[0.1194024997920994,46.80378599571308],[0.10183299961352538,46.7991694957952],[0.12310700036751696,46.78755849565662],[0.11381949954942251,46.781807996216266],[0.09202150050520354,46.78987699580879],[0.0975919994967773,46.76713499614],[0.04928749953276302,46.7741894959502],[0.038295500461734536,46.78773999635583],[0.0015120003818834401,46.78838999575196],[-0.007061499583260567,46.80176099609117],[-0.026276999393094674,46.78858399600569],[-0.017415499977709428,46.78071149556616],[-0.02313200026041984,46.76911749555248],[-0.012664999832352582,46.75434749569276],[-0.019497500102925645,46.75186699617085],[-0.017827499978837542,46.746590996372554],[0.0023500002944747533,46.72054299595626],[-0.002027500272483044,46.715862495712166],[0.0038294993302857385,46.70599149614986],[4.750019680493474e-05,46.69812899569115],[-0.021195499923569144,46.69328149599192],[-0.006569000591775443,46.683277496240805],[-0.031658500007395514,46.66934849611799],[-0.015280999795958004,46.670091995513914],[-0.0021405006353365594,46.68066799588704],[0.003520000179558199,46.67555249587193],[0.05370900049552081,46.67275249596654],[0.08340650061755027,46.69588899591181],[0.10589250018437511,46.6867004960703],[0.11299599947247135,46.69262949580423],[0.1296269993119991,46.68009949626645],[0.15056750018377746,46.67953249594548],[0.16891749993189617,46.692590995957666],[0.19175199964070652,46.67829049553559],[0.18896999987609134,46.66914199620441],[0.19862999997381586,46.6566594963218]]]}},{"type":"Feature","properties":{"id":"jasnieres","name":"Jasnières","region":"Loire","grapes":["Chenin"],"original_region":"Loire","key_appellations":[],"desc":"Jasnières is an appellation in the Loire region. Main grapes: Chenin."},"geometry":{"type":"Polygon","coordinates":[[[0.5419560003263618,47.78249799662776],[0.5362509996114769,47.76972499632117],[0.5448869994132493,47.749122495800755],[0.5402994999172189,47.73492699606296],[0.5673875002601712,47.73293499616509],[0.5758419998527229,47.74538749622426],[0.5898235003865059,47.74755549629719],[0.6017400000182258,47.72987699654622],[0.6164990000176823,47.7352684965802],[0.6275624997672372,47.75193949661836],[0.6462679997708164,47.753066996326396],[0.6769679994732966,47.769520496272996],[0.6918920006514304,47.763705495881396],[0.7020109995743109,47.76654649609817],[0.6912140005698592,47.78339699626253],[0.7010179994470204,47.79005649581653],[0.7130114998787063,47.78855999607224],[0.7031484995584689,47.794583996020314],[0.6900955002645243,47.82795349598726],[0.6516189997417358,47.82394049641527],[0.6548919995120422,47.81760149596673],[0.645695999879653,47.812834996399715],[0.6521725000715246,47.80865649638486],[0.6460905006271865,47.806723496106144],[0.6385445005210895,47.82968799674411],[0.6294864998022484,47.828881496482126],[0.6171824997384319,47.83958549615425],[0.5990395005325352,47.82447349658693],[0.602435999663008,47.80234949630591],[0.5829795004131675,47.79720049590138],[0.5827030007059988,47.78541199595367],[0.5419560003263618,47.78249799662776]]]}},{"type":"Feature","properties":{"id":"menetou-salon","name":"Menetou-Salon","region":"Loire","grapes":["Pinotoir","Sauvignon"],"original_region":"Loire","key_appellations":[],"desc":"Menetou-Salon is an appellation in the Loire region. Main grapes: Pinotoir, Sauvignon."},"geometry":{"type":"Polygon","coordinates":[[[2.465885000399417,47.15067999572478],[2.463718999611237,47.15495549589385],[2.4906635005934428,47.16909049608794],[2.5149625001234743,47.15754149652192],[2.5349079997433295,47.166009496279],[2.5414170004203864,47.17800799645667],[2.5311929999831735,47.19651199600316],[2.5554305005948454,47.21715849645534],[2.566790500512587,47.20319299653034],[2.587351999432667,47.21093149624525],[2.5956365000946247,47.20416599596496],[2.623294499984229,47.217233995860994],[2.642004500320612,47.21057449589267],[2.6459869997139003,47.20287249623184],[2.654923999815574,47.20752599603802],[2.637117999525697,47.233751495830646],[2.682851999720212,47.24968099603006],[2.692280500373448,47.247088496267715],[2.6995789995161927,47.26145849581348],[2.6772675002815176,47.26467449648194],[2.674474499546157,47.27228399652365],[2.6009835003271737,47.29775299616586],[2.592655999506627,47.28463899621772],[2.556767000365664,47.285386996214484],[2.548339000588246,47.276767996147896],[2.523577999377485,47.28337649620446],[2.5173939995233954,47.27209799640395],[2.49831949959803,47.28026699601701],[2.4949335000136923,47.29709249575591],[2.4822310004175225,47.29378149630062],[2.476403500602064,47.29036999616588],[2.4778094993108337,47.2719274963507],[2.4652229995277546,47.25939399593419],[2.4378789996424977,47.26360399612756],[2.442457500251351,47.23976149617907],[2.425393500090607,47.224842996476944],[2.4244994999498357,47.20316399574836],[2.441194500605995,47.20207099597915],[2.4494090002867615,47.18533149576043],[2.4361460003505706,47.18421899617158],[2.4225969995897234,47.16911699599652],[2.43906499989146,47.15794849567754],[2.433767999803438,47.14666349631087],[2.446481500072248,47.141029496200474],[2.465885000399417,47.15067999572478]]]}},{"type":"Feature","properties":{"id":"montlouis-sur-loire","name":"Montlouis-sur-Loire","region":"Loire","grapes":["Chenin"],"original_region":"Loire","key_appellations":[],"desc":"Montlouis-sur-Loire is an appellation in the Loire region. Main grapes: Chenin."},"geometry":{"type":"Polygon","coordinates":[[[0.9310575005777493,47.33803749630726],[0.9541290005024275,47.37475249580909],[0.940296000067638,47.37449649608787],[0.949184999946084,47.39174199659268],[0.9342930003382401,47.4042069958271],[0.8341709996703024,47.392419496379084],[0.789513999605016,47.40282999635615],[0.7886960002136981,47.37327749651948],[0.8850380005023127,47.356136996154305],[0.8794294998631917,47.34819499639158],[0.9310575005777493,47.33803749630726]]]}},{"type":"Feature","properties":{"id":"muscadet-coteaux-de-la-loire","name":"Muscadet Coteaux de la Loire","region":"Loire","grapes":["Melon"],"original_region":"Loire","key_appellations":[],"desc":"Muscadet Coteaux de la Loire is an appellation in the Loire region. Main grapes: Melon."},"geometry":{"type":"Polygon","coordinates":[[[-1.4007959998397723,47.22646499584603],[-1.3972919998749456,47.21225949590111],[-1.3664629994570223,47.1955124964134],[-1.3345960003899398,47.20382699625581],[-1.3111384995809994,47.21735899583901],[-1.3142229995775534,47.22284499652787],[-1.2887504995723742,47.233194995789745],[-1.2115315002448113,47.208130995765885],[-1.180759500155501,47.20740799615159],[-1.1744799996776922,47.21439799597918],[-1.1884605005832098,47.22000449611968],[-1.181110999759218,47.24089549641747],[-1.170353499416375,47.25531549591986],[-1.1464969994775513,47.262655996326785],[-1.1501754995202729,47.268353496258676],[-1.133979499437777,47.286849996339605],[-1.1382764998520472,47.2979759958163],[-1.1268930001586026,47.30205499587192],[-1.1267440002153064,47.31200899608474],[-1.1176174998045716,47.31624499625413],[-1.1024870006169585,47.31259899631145],[-1.0779949994291884,47.31778249651684],[-1.0809704995006908,47.31256199656497],[-1.0733649993654328,47.30229799604637],[-1.055336500360655,47.30395349596145],[-1.0400805000765234,47.32123799644574],[-1.0395984998379046,47.31256349632539],[-1.030708999689989,47.308050996004916],[-1.0309675000794172,47.295348495842234],[-1.0073585005489634,47.28712099574404],[-0.9982575000261671,47.29607249654116],[-0.9440965002909549,47.313874495658894],[-0.9345870004219412,47.31423449585189],[-0.9323800002329043,47.30844499646622],[-0.9212044993339328,47.32055449590649],[-0.8860625001223498,47.292190496458524],[-0.8677995002812672,47.295444496347365],[-0.8543909999520743,47.30913999581296],[-0.7994104998998142,47.281251996060035],[-0.7744610002061565,47.287868496392484],[-0.7684890002207067,47.309185496159586],[-0.7774795003737194,47.32037649577599],[-0.8015515004263173,47.32449649598732],[-0.8083785000198715,47.33475399594889],[-0.8202504999210806,47.32947849612004],[-0.8240874999125346,47.3383769964573],[-0.8149565003338405,47.34524299631345],[-0.8114964996151786,47.37081499616389],[-0.8390169994465788,47.38411149595539],[-0.8340159998653905,47.3885199964294],[-0.8384119996934213,47.39110049604318],[-0.8676249997557236,47.40181849610284],[-0.916728999607305,47.402070995788236],[-0.9383205005755793,47.38484899630088],[-0.9458099998783549,47.38702299632121],[-0.9762370000965799,47.371029496172525],[-1.0416289998420865,47.365036496371886],[-1.0639854996707108,47.37019299628379],[-1.068983499487248,47.38827849608359],[-1.0675824999223202,47.401644996121],[-1.0499554999827572,47.42483949602564],[-1.0875165001325535,47.43495349641882],[-1.1172595003033952,47.43564799649124],[-1.1585920004181791,47.41027649636729],[-1.1670339997681483,47.41498699605894],[-1.197538499930465,47.41112249626943],[-1.2050710003216025,47.39945549611056],[-1.2317304998572511,47.392063496230236],[-1.299496000151331,47.41759599594882],[-1.3647859999907994,47.423540496233315],[-1.3543274995391867,47.44017349664877],[-1.3642794998803034,47.439620996535645],[-1.3648684999852925,47.44783449612072],[-1.3770929996061252,47.44687449583166],[-1.3900929997698803,47.42966199631938],[-1.4280965004665418,47.429423495832026],[-1.4297534997496542,47.412483996181095],[-1.4192519994871111,47.40935849647247],[-1.4158245004361554,47.4011849964239],[-1.4293814995057295,47.37904049651304],[-1.3880139998015202,47.361918995989996],[-1.403461499692995,47.344039996407645],[-1.4340230001192464,47.34246099576904],[-1.451056500073482,47.32762899646958],[-1.4787384996053736,47.32085999599851],[-1.5274449994336554,47.32495349587052],[-1.531856499343319,47.310071496014864],[-1.5324300005302922,47.29501649608654],[-1.509541000432873,47.29548099617095],[-1.5096479994091687,47.27489749629636],[-1.4995215001656426,47.2720829962636],[-1.5056269993232942,47.25797349598529],[-1.4626184994379792,47.27789649576929],[-1.4591525002990766,47.26355599645323],[-1.4437720003187842,47.2535629961017],[-1.4023530005269886,47.28168999603536],[-1.3886609999645358,47.27148199613153],[-1.3476880000448597,47.26253099581427],[-1.3492645004089707,47.25469049629465],[-1.4007959998397723,47.22646499584603]]]}},{"type":"Feature","properties":{"id":"muscadet-cotes-de-grandlieu","name":"Muscadet Côtes de Grandlieu","region":"Loire","grapes":["Melon"],"original_region":"Loire","key_appellations":[],"desc":"Muscadet Côtes de Grandlieu is an appellation in the Loire region. Main grapes: Melon."},"geometry":{"type":"Polygon","coordinates":[[[-1.5269650004361528,46.872787496233244],[-1.4849595002557456,46.89257099640684],[-1.489697500323228,46.898222496216135],[-1.4809494993559789,46.90364899579746],[-1.4717369998809413,46.93318249577289],[-1.4569649998047136,46.9260169959722],[-1.413089499847854,46.945383495964315],[-1.371943499865252,46.95230499576489],[-1.3640364996103551,46.957828495899776],[-1.3685564994286266,46.96614899603974],[-1.3577559997656066,46.97361199640048],[-1.361606499589203,46.98398249628892],[-1.3781304997227253,46.9914174959918],[-1.3630235001077498,47.00523449574392],[-1.3851980001344248,47.006048996160075],[-1.44176549957928,47.05216199620882],[-1.428750499555954,47.07515049565145],[-1.441218500359381,47.09306999565343],[-1.4807050002759752,47.11513849636267],[-1.4795585003985956,47.122201496099365],[-1.4936559996909198,47.13204599638896],[-1.4884724999008714,47.13523549599349],[-1.4897994995856632,47.145503496381636],[-1.5173735000139739,47.166380495884155],[-1.547859500606195,47.148783996297375],[-1.558002999713783,47.155736996430086],[-1.5723260006382227,47.15115299627816],[-1.5937514998101803,47.157043996091296],[-1.608554000003775,47.150052496468824],[-1.6430274998105063,47.15021749565329],[-1.6683695001423053,47.17240999585822],[-1.674976000158339,47.16865449634202],[-1.7388359997661034,47.185103996049],[-1.7634155001946887,47.18342149651658],[-1.7731550002347873,47.17001249563737],[-1.8027075000774917,47.17039499648175],[-1.808611499330889,47.156219995746],[-1.8027369994509246,47.15026049596776],[-1.806368000244772,47.14598599565063],[-1.8005489999190225,47.146735496245604],[-1.8130174993275476,47.137233495763866],[-1.8272655002394298,47.104827995632796],[-1.8503965003378393,47.08930399608946],[-1.877291999709546,47.05052799616275],[-1.8722325002628484,47.04566849645266],[-1.8453750002956932,47.05196499584721],[-1.8174679995751977,47.044778996070605],[-1.8191190003163353,47.04962499582772],[-1.7937065001209194,47.06396799634855],[-1.772729500188779,47.04827999569297],[-1.7768975002730942,47.03817549596915],[-1.7689264994419107,47.02269649590926],[-1.7331109999657635,47.036275995696776],[-1.7090145000719328,47.03177649645371],[-1.7165560000363072,47.02608749567149],[-1.7074004996549794,47.0156014962868],[-1.6933574999217709,47.005735996208706],[-1.6778115002094967,47.00474849635347],[-1.6898900005200022,46.98495849571887],[-1.6909235000609681,46.968886995708154],[-1.6790430004928474,46.96398949590958],[-1.6876594994828522,46.95341749577726],[-1.686642000031145,46.945075996113964],[-1.6673545001762458,46.94484999619361],[-1.656530500471458,46.92662549613383],[-1.6347994993549828,46.92436299601607],[-1.6398985001903952,46.914186995677966],[-1.6312135002118717,46.9051649958229],[-1.6417679998351355,46.88790899582113],[-1.64048099975805,46.878494995990806],[-1.6096015006661166,46.87123049611488],[-1.6045259995968228,46.87545899566799],[-1.5485094996798747,46.860077995798264],[-1.5462804996345691,46.874701496383565],[-1.5269650004361528,46.872787496233244]]]}},{"type":"Feature","properties":{"id":"muscadet-sevre-et-maine","name":"Muscadet Sèvre et Maine","region":"Loire","grapes":["Melon"],"original_region":"Loire","key_appellations":[],"desc":"Muscadet Sèvre et Maine is an appellation in the Loire region. Main grapes: Melon."},"geometry":{"type":"Polygon","coordinates":[[[-1.3667454995935069,47.00669149581816],[-1.3697980006121473,46.99560449584261],[-1.3781304997227253,46.9914174959918],[-1.361606499589203,46.98398249628892],[-1.3578814998110964,46.97162699609784],[-1.3685564994286266,46.96614899603974],[-1.3640364996103551,46.957828495899776],[-1.3764360003105296,46.94594499599452],[-1.3560955006022266,46.941783496203264],[-1.3527404999932033,46.934100495569766],[-1.3352880002271026,46.93556149615128],[-1.3011214996009177,46.91057799611621],[-1.3021314994576738,46.9031614958821],[-1.2951689993669464,46.902211495961524],[-1.2906759996466122,46.914511496086675],[-1.2467884995258924,46.91562199629575],[-1.2310430004485158,46.92295799602876],[-1.2313495006983135,46.9345204961892],[-1.2208035004183337,46.941048495882804],[-1.2284690003615817,46.944606496362375],[-1.2159270002365257,46.955801996203846],[-1.2105145006338318,46.95250249587404],[-1.2061134998289154,46.96056349561832],[-1.2535724999867126,46.99565099621269],[-1.2894249999094987,46.99542449566007],[-1.2764705000426055,47.007315496355986],[-1.298731000481881,47.034711495678174],[-1.295402000050197,47.04197599608984],[-1.304925499639094,47.040593996405946],[-1.297819000591579,47.05140099597966],[-1.2717065001952739,47.062805496391576],[-1.2643295004131612,47.05893949635973],[-1.2636100005965647,47.049190495743275],[-1.2492280000665048,47.041985995616756],[-1.218420500043068,47.04325749626979],[-1.2093545000463435,47.04961699626566],[-1.21685800004334,47.0534819959391],[-1.1856074999243236,47.07623699564077],[-1.1619005002889884,47.07957199563904],[-1.150120499687777,47.069709496149265],[-1.114706499386601,47.06213249609076],[-1.1214785004997483,47.055760496019595],[-1.1170480001776235,47.040134996290135],[-1.1485670000020753,47.02954899596159],[-1.143726500080428,47.024967995783804],[-1.0741249995451303,47.008279995790225],[-1.0667230001839607,47.013001996293525],[-1.0547229996020984,47.00435249644111],[-1.0161110003956317,47.003640995552296],[-1.0007615002079402,47.02565349578322],[-0.9956719995490259,47.024269996016535],[-1.0008325003566956,47.027856995764544],[-1.0087875004511517,47.027670996037614],[-1.0032040005498004,47.03422649614316],[-1.0170644997522815,47.0358039956648],[-1.0224144995497804,47.044471995646],[-1.0412254999940578,47.04720749612145],[-1.0441729994572493,47.052162496104074],[-1.031962500038124,47.055987996423184],[-1.0430360005405876,47.059219495939],[-1.0462664992667376,47.068669495672914],[-0.996953500354047,47.08312099640567],[-0.998275500713836,47.09060199634436],[-0.9695369994315949,47.10133599634489],[-0.9654175005779916,47.11581549615075],[-0.9462630006138094,47.11964949619228],[-0.9522209994417364,47.1200199958335],[-0.9443395002134022,47.131740495969936],[-0.9576140001001747,47.13711999631357],[-0.9569055003860707,47.14473649579069],[-0.984047499913863,47.14616299621347],[-0.9957695005392747,47.15320799643336],[-1.0077745004696217,47.15204899576602],[-1.0038095003997856,47.14667199570158],[-1.0129835004271797,47.143524495986846],[-1.0147224996098323,47.148109996112204],[-1.0434445005756192,47.146279995657885],[-1.075072499312975,47.13103099578576],[-1.0789145002834444,47.137489995632684],[-1.0738004995784503,47.14732149653619],[-1.083164999550866,47.15033049605529],[-1.082400999821575,47.155935995851095],[-1.0896609995569002,47.157962996235106],[-1.1108195001551333,47.146263995983816],[-1.124890499380997,47.15056899628369],[-1.1260335000859412,47.160079495935555],[-1.1362215002529141,47.16756249604925],[-1.1695569992692545,47.17051449577043],[-1.1616369998974603,47.17764449642646],[-1.1618869994915,47.18754149605761],[-1.178453000336653,47.193385996220236],[-1.173611999560557,47.199161996119415],[-1.180759500155501,47.20740799615159],[-1.2115315002448113,47.208130995765885],[-1.274043999630054,47.23077399618833],[-1.2688660002866694,47.242237496198484],[-1.2526684993970845,47.2511179963038],[-1.2727269996666806,47.26417949651797],[-1.2795284999122527,47.27477349594065],[-1.2750455001885277,47.29067199614289],[-1.295956000306291,47.30622599606792],[-1.3658769999818234,47.30071749620979],[-1.480948000301148,47.22634549638651],[-1.4851624996277097,47.21262349633087],[-1.4741904996847062,47.18682149609755],[-1.516860999764858,47.185977495826805],[-1.5236160004251054,47.17328649600438],[-1.5192279996460107,47.16645399614799],[-1.5504240005858623,47.14500449635006],[-1.527564499415361,47.10937449578882],[-1.5515515002476983,47.10141699572519],[-1.5561490004698157,47.09297499604166],[-1.5412234999590548,47.07807699574647],[-1.5416874996763332,47.069909995669704],[-1.5212024994729128,47.06735699650832],[-1.5165450001496104,47.07408799588958],[-1.5093799999310302,47.06977949643035],[-1.495825999969254,47.041499996330664],[-1.4741264997912704,47.03650249598944],[-1.453688500402937,47.04091649582283],[-1.44176549957928,47.05216199620882],[-1.3851980001344248,47.006048996160075],[-1.3667454995935069,47.00669149581816]]]}},{"type":"Feature","properties":{"id":"orleans","name":"Orléans","region":"Loire","grapes":["Chardonnay","Meunier","Pinot Gris","Pinotoir"],"original_region":"Loire","key_appellations":[],"desc":"Orléans is an appellation in the Loire region. Main grapes: Chardonnay, Meunier, Pinot Gris, Pinotoir."},"geometry":{"type":"Polygon","coordinates":[[[1.6142700001009838,47.79186849630519],[1.607240500280186,47.78004349641075],[1.6202605005557817,47.77926999586358],[1.613656999442019,47.77428249596072],[1.6273739994343432,47.76603749617602],[1.6266314999364444,47.76097449616293],[1.6557000004559321,47.74719349618546],[1.6650170001665245,47.75907449599307],[1.6626549995872664,47.78513399668646],[1.6835265005245965,47.794121496371034],[1.693147000256099,47.809734996664176],[1.7269764995996935,47.81998899651577],[1.7541074998706456,47.80245549627942],[1.769601999685779,47.78296999657057],[1.79237999947006,47.7869004958802],[1.8004015002307252,47.7789779960908],[1.8459615001560006,47.78713999640002],[1.8493315000816632,47.819574996639],[1.8614474996855517,47.82645049649175],[1.8608574994463152,47.832644496678704],[1.9156254994079323,47.837055996434046],[1.928762500133395,47.813719495896216],[1.9406409997110035,47.81429999665242],[1.9476759997155844,47.82007899630853],[1.9466350004288868,47.843548995953334],[1.9329374995054844,47.85272049650108],[1.9368634997651695,47.863751495985426],[1.9125129996268628,47.88176449630243],[1.9113799995072025,47.891540996373365],[1.9445304994945949,47.90213399612971],[1.9905874995514032,47.90484199628267],[1.9962155006572984,47.90324049591922],[1.991864500144154,47.89346949624164],[1.9983110003555882,47.88908199660499],[2.058603499456695,47.88185499649309],[2.0580780001826,47.876559496222555],[2.076085999770819,47.87088999673072],[2.109075500377051,47.87657949646523],[2.0966539995280224,47.894663496216616],[2.0837260005237717,47.89437899616939],[2.0706625005252866,47.90595499598747],[2.064137499449697,47.92028449661754],[2.068387499581973,47.926135996006316],[2.0501424998026323,47.93490549597923],[2.0354929993723894,47.9223684963137],[2.006849000151281,47.9180404967008],[1.9922219998644985,47.93337649647878],[2.0094874994537513,47.941228996585686],[2.004246500327723,47.94276949675625],[1.9637900004818327,47.93052549601905],[1.956964500374666,47.921240495994034],[1.9437710002627777,47.92335549634814],[1.9436434994723892,47.93158349653178],[1.9369385002401527,47.93335999618522],[1.917846000665005,47.91935399635073],[1.8978974997198585,47.92112399616207],[1.894319000095335,47.93298099676841],[1.8852725001343653,47.92678699616973],[1.8856019999309503,47.911678996363136],[1.8758030004772568,47.89906249623756],[1.8863114999704782,47.89603949622453],[1.8874874997476343,47.8865954959961],[1.8783874994455962,47.88468249602116],[1.8852969994930653,47.87977899597318],[1.8672320004553753,47.87149649663003],[1.7840209999473395,47.86494899659507],[1.7787224995432136,47.87358099647427],[1.7486304995400688,47.874962496307624],[1.7438274998128809,47.8851469965796],[1.7039925005806424,47.85741649650871],[1.6493359996545798,47.86780999607263],[1.6729750004381272,47.85328649624116],[1.6765120002610898,47.84044849670648],[1.640566499667213,47.82323899614649],[1.6477290005660226,47.81158899662152],[1.6434635006045382,47.80598799617571],[1.655371499880842,47.79872749611322],[1.6405605002324515,47.79315399631207],[1.6218635000495292,47.806527995841854],[1.6087494993493379,47.79507149656466],[1.6142700001009838,47.79186849630519]]]}},{"type":"Feature","properties":{"id":"orleans-clery","name":"Orléans-Cléry","region":"Loire","grapes":["Cabernet Franc"],"original_region":"Loire","key_appellations":[],"desc":"Orléans-Cléry is an appellation in the Loire region. Main grapes: Cabernet Franc."},"geometry":{"type":"Polygon","coordinates":[[[1.8614474996855517,47.82645049649175],[1.8608574994463152,47.832644496678704],[1.9224685003054898,47.839182996040044],[1.9327615004282037,47.85716699594663],[1.9148660001551363,47.86174249661338],[1.907752499652555,47.8772729959546],[1.8852969994930653,47.87977899597318],[1.8672320004553753,47.87149649663003],[1.77886650032945,47.86457599603004],[1.7188035001121333,47.83882049662913],[1.7269355004859503,47.83208649661111],[1.7225810000344868,47.82171999673873],[1.7541074998706456,47.80245549627942],[1.7633059997595661,47.78701649619149],[1.7803475000082922,47.7825719959833],[1.79237999947006,47.7869004958802],[1.8004015002307252,47.7789779960908],[1.8459615001560006,47.78713999640002],[1.8493315000816632,47.819574996639],[1.8614474996855517,47.82645049649175]]]}},{"type":"Feature","properties":{"id":"pouilly-fume-blanc-fume-de-pouilly","name":"Pouilly-Fumé / Blanc Fumé de Pouilly","region":"Loire","grapes":["Chasselas","Sauvignon"],"original_region":"Loire","key_appellations":[],"desc":"Pouilly-Fumé / Blanc Fumé de Pouilly is an appellation in the Loire region. Main grapes: Chasselas, Sauvignon."},"geometry":{"type":"Polygon","coordinates":[[[2.9788750002269513,47.2295649958924],[2.997734500249966,47.20085199582447],[3.0383729998423874,47.20969799602203],[3.0398719995312846,47.218234495968225],[3.0109145000103417,47.23068749615308],[3.012800999937153,47.24412449567445],[3.020328499441525,47.243900996387254],[3.0163889998302795,47.261330496361474],[3.0370769995446247,47.26201699620924],[3.0422954997279805,47.24682699653773],[3.0585449999297945,47.251764495669946],[3.0665454996432855,47.247485495801804],[3.0846855000398077,47.25982899589567],[3.0872035000987768,47.26975299579338],[3.0771359995800975,47.27287699587614],[3.082646000398605,47.279362995780026],[3.0763885004751597,47.28570049592064],[3.080124999404246,47.293007995999695],[3.0442339999071417,47.30852649578972],[3.020080500179694,47.29171499570868],[2.9971084996818345,47.32652699654744],[3.0039730005082683,47.33593299581833],[2.9952309998287077,47.34061549586751],[3.043154500014859,47.36192249610158],[3.042479500247431,47.375914496259085],[3.022660499910036,47.379406496416955],[3.015668500491512,47.371127496200316],[2.9938050003476357,47.369858996266586],[2.988330000464045,47.3823489965348],[2.9678330005060594,47.3794044959787],[2.969935000360702,47.36688949658127],[2.9397290001279295,47.359404996434385],[2.9349040006847957,47.35416749581448],[2.9397939998038054,47.3476649961544],[2.919585999957425,47.339358496249034],[2.8821530005569374,47.34120499612161],[2.896429500345398,47.364839496568095],[2.890549499368121,47.36599299616731],[2.869643999496962,47.34085849585384],[2.87656500015609,47.32186849592767],[2.9092850001680097,47.310533496014024],[2.9400895005082504,47.28595349593753],[2.9774095005328083,47.267131496563216],[2.983325000583937,47.25909149656819],[2.9788750002269513,47.2295649958924]]]}},{"type":"Feature","properties":{"id":"pouilly-sur-loire","name":"Pouilly-sur-Loire","region":"Loire","grapes":["Chasselas","Sauvignon"],"original_region":"Loire","key_appellations":[],"desc":"Pouilly-sur-Loire is an appellation in the Loire region. Main grapes: Chasselas, Sauvignon."},"geometry":{"type":"Polygon","coordinates":[[[2.9788750002269513,47.2295649958924],[2.997734500249966,47.20085199582447],[3.0383729998423874,47.20969799602203],[3.0398719995312846,47.218234495968225],[3.0109145000103417,47.23068749615308],[3.012800999937153,47.24412449567445],[3.020328499441525,47.243900996387254],[3.0163889998302795,47.261330496361474],[3.0370769995446247,47.26201699620924],[3.0422954997279805,47.24682699653773],[3.0585449999297945,47.251764495669946],[3.0665454996432855,47.247485495801804],[3.0846855000398077,47.25982899589567],[3.0872035000987768,47.26975299579338],[3.0771359995800975,47.27287699587614],[3.082646000398605,47.279362995780026],[3.0763885004751597,47.28570049592064],[3.080124999404246,47.293007995999695],[3.0442339999071417,47.30852649578972],[3.020080500179694,47.29171499570868],[2.9971084996818345,47.32652699654744],[3.0039730005082683,47.33593299581833],[2.9952309998287077,47.34061549586751],[3.043154500014859,47.36192249610158],[3.042479500247431,47.375914496259085],[3.022660499910036,47.379406496416955],[3.015668500491512,47.371127496200316],[2.9938050003476357,47.369858996266586],[2.988330000464045,47.3823489965348],[2.9678330005060594,47.3794044959787],[2.969935000360702,47.36688949658127],[2.9397290001279295,47.359404996434385],[2.9349040006847957,47.35416749581448],[2.9397939998038054,47.3476649961544],[2.919585999957425,47.339358496249034],[2.8821530005569374,47.34120499612161],[2.896429500345398,47.364839496568095],[2.890549499368121,47.36599299616731],[2.869643999496962,47.34085849585384],[2.87656500015609,47.32186849592767],[2.9092850001680097,47.310533496014024],[2.9400895005082504,47.28595349593753],[2.9774095005328083,47.267131496563216],[2.983325000583937,47.25909149656819],[2.9788750002269513,47.2295649958924]]]}},{"type":"Feature","properties":{"id":"quarts-de-chaume","name":"Quarts de Chaume","region":"Loire","grapes":["Chenin"],"original_region":"Loire","key_appellations":[],"desc":"Quarts de Chaume is an appellation in the Loire region. Main grapes: Chenin."},"geometry":{"type":"Polygon","coordinates":[[[-0.642961500005743,47.377078995807985],[-0.705443000315436,47.363075496532396],[-0.7207280002204902,47.35236499632091],[-0.7098245002650768,47.35278799607413],[-0.7103190000288816,47.34521249587965],[-0.6752210000028006,47.34973649607887],[-0.6745474998653854,47.33912799592862],[-0.646120000022473,47.33518399632454],[-0.6585394997655373,47.324060995927425],[-0.6467900001674314,47.31518299649458],[-0.639065500201597,47.31790299644422],[-0.6306254995262652,47.33396299595835],[-0.6024919999619726,47.33283649613965],[-0.5985800001120237,47.341171995854275],[-0.6064515006175226,47.3458324961831],[-0.5943884997202215,47.35649149621963],[-0.6057585001814398,47.35368249635845],[-0.642961500005743,47.377078995807985]]]}},{"type":"Feature","properties":{"id":"quincy","name":"Quincy","region":"Loire","grapes":["Sauvignon","Sauvignon Gris"],"original_region":"Loire","key_appellations":[],"desc":"Quincy is an appellation in the Loire region. Main grapes: Sauvignon, Sauvignon Gris."},"geometry":{"type":"Polygon","coordinates":[[[2.1722109993536867,47.11091799599414],[2.19914099959298,47.1171154958147],[2.177949000295051,47.15311599628128],[2.153669499870732,47.15780299601194],[2.1549635003279977,47.16518149576096],[2.1255425003881783,47.18348299631596],[2.1168459994168565,47.1968699958916],[2.094542500454722,47.19694699598442],[2.098926500447685,47.19017749629548],[2.0728719997756593,47.17796149599608],[2.0812219997455603,47.166929996172804],[2.0702839999202127,47.151567496145866],[2.0838669994255463,47.15146349610564],[2.095146999843492,47.135520496239714],[2.1222745003283134,47.142815995862385],[2.117094500432584,47.11982099575587],[2.1254225002374385,47.11340449648494],[2.131336000241413,47.11786899572671],[2.1364710006005345,47.10146049630788],[2.14043050040285,47.09957749643668],[2.145452499834788,47.11339499649908],[2.1620184998873007,47.124935995836196],[2.1699624999605387,47.124873495664005],[2.1722109993536867,47.11091799599414]]]}},{"type":"Feature","properties":{"id":"reuilly","name":"Reuilly","region":"Loire","grapes":["Pinot Gris","Pinotoir","Sauvignon"],"original_region":"Loire","key_appellations":[],"desc":"Reuilly is an appellation in the Loire region. Main grapes: Pinot Gris, Pinotoir, Sauvignon."},"geometry":{"type":"MultiPolygon","coordinates":[[[[2.0782789994699633,47.10687649630506],[2.0832244999920912,47.133919996079854],[2.095146999843492,47.135520496239714],[2.095252500241638,47.141591996316656],[2.0880024997965254,47.14112749633917],[2.0838669994255463,47.15146349610564],[2.073859500081917,47.14851699582446],[2.0688789996122456,47.155747495918554],[2.039354000628969,47.152750995878314],[2.0369310001063683,47.13799199588506],[1.9966589997228923,47.12699449559991],[2.0003764993899504,47.11211649639631],[1.9880845002140919,47.087475996158275],[1.9507320003445745,47.07084849589208],[1.9472324997932937,47.06310049594518],[1.9799069996121224,47.059337996218645],[1.96420699943144,47.035988996443564],[1.9927395000670614,47.039315996335425],[1.9979669996218719,47.024218496150574],[2.031949000607466,47.028542495955676],[2.0382385003050874,47.03323649579564],[2.0343690006640864,47.0428524958587],[2.05347499989413,47.03822349599446],[2.088839500643466,47.04536699600836],[2.1146594999126314,47.03934799598596],[2.1264900003047935,47.04256349609924],[2.1325330000316156,47.062994995857856],[2.1058655000421385,47.05828449604586],[2.1064184997782687,47.07396599618284],[2.079716499536041,47.08191599581584],[2.086918499830816,47.09079299646167],[2.0782789994699633,47.10687649630506]]],[[[2.1505074998878198,47.11875599589447],[2.131631500189916,47.09232049609148],[2.1578769995829323,47.082379495810244],[2.1543359997529645,47.077785995944694],[2.1596320000339295,47.06911249648958],[2.1729515001850266,47.067974995947125],[2.1954799999058023,47.081307496437766],[2.1754780002030616,47.09760799631013],[2.1806390006906837,47.1125039958315],[2.1704949997222753,47.11167999624322],[2.1699624999605387,47.124873495664005],[2.1505074998878198,47.11875599589447]]]]}},{"type":"Feature","properties":{"id":"rose-d-anjou","name":"Rosé d'Anjou","region":"Loire","grapes":["Cabernet Franc","Cabernet Sauvignon","Cot","Gamay","Grolleau Gris","Grolleau","Pineau D'Aunis"],"original_region":"Loire","key_appellations":[],"desc":"Rosé d'Anjou is an appellation in the Loire region. Main grapes: Cabernet Franc, Cabernet Sauvignon, Cot, Gamay, Grolleau Gris, Grolleau, Pineau D'Aunis."},"geometry":{"type":"MultiPolygon","coordinates":[[[[-0.6427394999028044,47.15113249605599],[-0.6083984996989068,47.14697449647521],[-0.607179499642088,47.136787995749195],[-0.5873179994093384,47.12698699595958],[-0.6073134997532152,47.11760999569416],[-0.5988255001548554,47.09986699603235],[-0.6041600001677692,47.08897299592605],[-0.594008499776403,47.07806949612993],[-0.5640649999009816,47.10434999607661],[-0.5229599999775378,47.10861949628843],[-0.5246024999366435,47.114699495819664],[-0.5097605004801629,47.12078399591048],[-0.4951084997274621,47.11677899608791],[-0.4850760001724385,47.10905949603153],[-0.5100760001812376,47.09566099564002],[-0.5066549993858542,47.08210699614517],[-0.515131499437005,47.07793649613921],[-0.45955800022766574,47.08240699610201],[-0.46429999984180614,47.07434999610164],[-0.48553800056093643,47.06520899555695],[-0.4803855003368171,47.05363249566513],[-0.4609590000846909,47.06882499582735],[-0.42685100007824583,47.07298049636349],[-0.4086575004079348,47.06630499614954],[-0.4007819996468164,47.07076849650091],[-0.39727250023502836,47.06522599560008],[-0.40390000050824176,47.06214249610762],[-0.4037160002072476,47.053370495772555],[-0.3986495001712117,47.04957549622355],[-0.41240900057782826,47.035384496375826],[-0.37970000058508885,47.03035699610114],[-0.38335649967349794,47.02846999580661],[-0.37195799988783906,47.01780199648851],[-0.38518850038468433,47.011367996429314],[-0.40149749955022135,47.01633699592568],[-0.40941949940580025,47.006515496197125],[-0.3893345000985448,46.99322099642564],[-0.36952349937613066,46.994275495723365],[-0.37217149968143987,46.98939699583983],[-0.3566989994653097,46.97463849566803],[-0.34606499964708326,46.980288495932164],[-0.3308654996739757,46.9761419962388],[-0.33114800003433,46.96726899573965],[-0.3239469997915308,46.97054199636441],[-0.3189754995156193,46.96440049564822],[-0.32777100062704634,46.95217949624049],[-0.30943000063995724,46.94945349636855],[-0.3101120001246878,46.9432719958133],[-0.2877554996995648,46.93221899575305],[-0.2752000003759488,46.93480049584701],[-0.25716700006441257,46.92463349590498],[-0.2271394993813722,46.95622799602205],[-0.23565600015919608,46.962517996251066],[-0.2539069998260816,46.95517649641362],[-0.24523649983216284,46.978594496380076],[-0.22182799935022296,46.98136949588302],[-0.2177515006322876,46.96755349618596],[-0.20431499953759,46.97257699570653],[-0.1985325003877819,46.96289399556508],[-0.20850399961631727,46.955517495762635],[-0.1997380002168021,46.94522549638507],[-0.17437500023662242,46.935431995666455],[-0.16207850041966568,46.92107449631518],[-0.1596355005673783,46.90663599614381],[-0.11684450057024577,46.90506199557985],[-0.10551400049845952,46.89186999633999],[-0.08659350045821249,46.894477496353915],[-0.06873149988726415,46.888507996047736],[-0.07181199984656614,46.87516749591234],[-0.1002634995792623,46.844007996449946],[-0.06356799987074542,46.852163495561925],[-0.055576000568158375,46.85241999554461],[-0.056299500113518565,46.846554995645654],[-0.009121500126101583,46.90792449596267],[-0.022563000283571513,46.9389699960032],[-0.030735500331079114,46.94177499625515],[-0.04625300042160582,46.9665169960241],[-0.09370600018788798,46.966286496135375],[-0.099845499632261,46.97268199609375],[-0.11026599978875085,46.97192049621104],[-0.12511449977530462,46.96165699648076],[-0.12559449954637378,46.95489599602873],[-0.14025799951600068,46.966461495830195],[-0.14412100019548454,46.95472249630733],[-0.14958000043058328,46.95766449613121],[-0.17436950020445321,46.98462199566912],[-0.15667249982990136,46.99724849577507],[-0.163568499785814,47.01681099584696],[-0.14910799934859267,47.02855549607829],[-0.11844899948199572,47.007163495661295],[-0.09237649950382125,47.0052874958692],[-0.08647599976726536,46.98529599632822],[-0.0553254996546429,46.9946344960491],[-0.03842850023808061,46.99030549599009],[-0.033119500533482435,46.98024499555651],[-0.031212500593668882,46.984738996380955],[-0.00627599954834756,46.98592599640193],[0.008227000062434752,46.99877599611281],[0.007178999970954514,47.01081499630689],[0.02343500047884661,47.012223995869554],[0.023931999764021272,47.01902899595895],[-0.00220649956560804,47.028444995735654],[0.02854150030192921,47.02200149581323],[0.03878450038229037,47.03332199587966],[0.04868750021350538,47.02951499567036],[0.04549850059799627,47.03791149600021],[0.036030500475522864,47.03614699641171],[0.02372400002228046,47.04525999638609],[0.05117199940744367,47.07321349598597],[0.045305500582655076,47.09186199582466],[0.021666000361109834,47.10218899621635],[0.005174500193873373,47.087410495759286],[-0.019169000307290962,47.09564449568183],[-0.03531499944373822,47.08671699574393],[-0.026535000382546917,47.10579849623656],[-0.03941399997934298,47.10787349613346],[-0.040984500342051575,47.11355599569856],[-0.03347749977297383,47.12122599634748],[-0.01646599956315148,47.11815549629434],[-0.01282849963430663,47.12389899601233],[0.00855600042894917,47.11578349597534],[0.023491000603643997,47.117975495767595],[0.04287950066478668,47.142572995921405],[0.036637499816575894,47.16035799592007],[0.049204500034318414,47.168886995634885],[0.05383000050171152,47.16373349573563],[0.06659649996167898,47.189795995953986],[0.05380049981782015,47.19885749601382],[0.06818600013287245,47.21578299603698],[0.0793204999078345,47.21677399631685],[0.07245299963516383,47.21987899619714],[0.07384900041361248,47.23686999608635],[0.06792149942694255,47.24732799583932],[0.07482950011457812,47.248048496417745],[0.07465600051118472,47.26154449651231],[0.090004500562444,47.28164249659447],[0.07860200061803893,47.28393949609287],[0.11361349970846267,47.31813999596125],[0.11745700020925584,47.332342496523],[0.09058499945515826,47.343387495980174],[0.0541999995272865,47.33354099570839],[0.01629349975287173,47.34835449625812],[-0.0370185005187045,47.29210499595187],[-0.07787599943444465,47.31222749656569],[-0.11603700008470112,47.32089149629202],[-0.15277900034834346,47.34357799606144],[-0.17661449976654153,47.322497495970694],[-0.20784750038707653,47.33769899607267],[-0.1914154998103324,47.34998399626412],[-0.2010054999620579,47.36088949572383],[-0.1907489996022062,47.376458996319336],[-0.19784449990924896,47.383592995863516],[-0.19645899950896845,47.397663496175255],[-0.22114799954739234,47.414985496346354],[-0.23569050006698827,47.39211799640238],[-0.2666415005390452,47.37860049641196],[-0.2768639996074493,47.39119499662906],[-0.3040610003624916,47.4051129958657],[-0.39047850012518104,47.417689496301826],[-0.4248870005202392,47.41250899594849],[-0.505105500265504,47.418667495710565],[-0.4987944993482823,47.41094699580905],[-0.5124954996154483,47.40862899625541],[-0.5123380000198946,47.402602996591526],[-0.5374495000481065,47.40486249646884],[-0.5453920000549478,47.41812199577587],[-0.5248374999953014,47.42129799629933],[-0.5447859996718297,47.42394599592071],[-0.552139500584093,47.44108699634352],[-0.5091785002452279,47.45025199574035],[-0.5176079994575982,47.453275496597115],[-0.5145184993737594,47.462000996240675],[-0.5200594994810076,47.46758049594782],[-0.5085470001391467,47.48937599643024],[-0.5336134994378986,47.499873995939666],[-0.5236870003700653,47.51290049616336],[-0.5309040003377955,47.526043496463004],[-0.541411000476918,47.51759249628308],[-0.5638859996168689,47.51919249666737],[-0.5815884995977455,47.4809894964469],[-0.6096395002303402,47.48883099594963],[-0.608509000329771,47.47558299612162],[-0.6018045002607215,47.47318749634058],[-0.6133889997218739,47.47140799582492],[-0.6056440004269092,47.465238496228686],[-0.6165604996243478,47.462053996111734],[-0.6135534993694605,47.45493149582192],[-0.618957000270348,47.45092299643716],[-0.6307954999967101,47.44665899572022],[-0.650389999974925,47.4541669957513],[-0.660968499875612,47.4381409958859],[-0.7011584996049609,47.42516649592306],[-0.7029430002748969,47.41922299607884],[-0.7314105007342143,47.42301799646699],[-0.743372499558344,47.43377299584174],[-0.7585255003064181,47.431973996270244],[-0.7592979997958097,47.44002449653859],[-0.7774034994456495,47.43151249593664],[-0.8240129997113324,47.43673149655233],[-0.8264190005369013,47.447862996153134],[-0.8651925003309793,47.4507689965665],[-0.8913909995345779,47.461355996345226],[-0.9042475003849865,47.46008149657599],[-0.9079169994670795,47.44948999577861],[-0.9091835001901643,47.46048299610476],[-0.9248964993880795,47.46326149594788],[-0.9179984997052096,47.43853899618372],[-0.922776999335914,47.426611496065874],[-0.943178999876258,47.418607996235906],[-0.9606814998692457,47.42279199621322],[-0.9458099998783549,47.38702299632121],[-0.9762370000965799,47.371029496172525],[-0.9923170004333175,47.37281849617812],[-1.0152215006372052,47.365043996223775],[-1.0787355004646277,47.37079349621531],[-1.1665144993929164,47.36632149592208],[-1.187658500563007,47.352351996390695],[-1.2998795001695578,47.337619995672114],[-1.3541989999565367,47.30415399612259],[-1.3372550005255017,47.300326496017],[-1.295956000306291,47.30622599606792],[-1.2750455001885277,47.29067199614289],[-1.2778089994718693,47.27086449624226],[-1.2538945002850719,47.24770299593731],[-1.2283680004666464,47.239714495878765],[-1.1980369998332552,47.25293999649432],[-1.181110999759218,47.24089549641747],[-1.170353499416375,47.25531549591986],[-1.1464969994775513,47.262655996326785],[-1.1501754995202729,47.268353496258676],[-1.133979499437777,47.286849996339605],[-1.1382764998520472,47.2979759958163],[-1.1268930001586026,47.30205499587192],[-1.1208310004762758,47.31578799638008],[-1.1024870006169585,47.31259899631145],[-1.0779949994291884,47.31778249651684],[-1.0809704995006908,47.31256199656497],[-1.0733649993654328,47.30229799604637],[-1.055336500360655,47.30395349596145],[-1.0400805000765234,47.32123799644574],[-1.0395984998379046,47.31256349632539],[-1.030708999689989,47.308050996004916],[-1.0309675000794172,47.295348495842234],[-1.0073585005489634,47.28712099574404],[-0.9982575000261671,47.29607249654116],[-0.9440965002909549,47.313874495658894],[-0.9345870004219412,47.31423449585189],[-0.9323800002329043,47.30844499646622],[-0.9212044993339328,47.32055449590649],[-0.8860625001223498,47.292190496458524],[-0.8666890004116617,47.295700496174554],[-0.8523280000661301,47.29011099571829],[-0.8529504998969465,47.27726449608118],[-0.8616440005107954,47.274412496035936],[-0.8641939996810701,47.2661939959941],[-0.8581609996144912,47.25596299617896],[-0.8088605004660707,47.25187049632391],[-0.8086459995134988,47.24372899574553],[-0.7988449996999496,47.24003449637768],[-0.8116554999550913,47.23644449611064],[-0.8041089999374944,47.22161549578397],[-0.8315900003342442,47.21212699580081],[-0.8120909993806813,47.20960349588932],[-0.8139380004407368,47.196633995818786],[-0.8070219993302546,47.19470749588884],[-0.8146094998287641,47.19346449620543],[-0.8064264999800806,47.17667249635372],[-0.816342500527018,47.16568749630978],[-0.8098945004747201,47.162667996090484],[-0.8283440003524549,47.15991199635065],[-0.8250670002091665,47.15694049648544],[-0.8024935004181943,47.15688249575937],[-0.7842939995749982,47.14238749576604],[-0.762523499370636,47.143559995756476],[-0.765200500064994,47.13281949620816],[-0.7548670002041451,47.12634499575743],[-0.7159220000533593,47.132741496228974],[-0.6785054999504542,47.130081495695435],[-0.6427394999028044,47.15113249605599]],[[-0.22433749936918942,47.27572749592285],[-0.2191094998526565,47.28254899645611],[-0.19178899987364081,47.28936049571344],[-0.17709150064010154,47.283426496257064],[-0.15845700008874905,47.286575495890965],[-0.15435050003303968,47.26654849630544],[-0.16202499992097058,47.25112749584245],[-0.16965499998942554,47.25316699567988],[-0.1807445001177172,47.24302549619357],[-0.19266250011704839,47.24213449620245],[-0.19813149981344522,47.26132099592427],[-0.22035050015794136,47.26425049591451],[-0.22433749936918942,47.27572749592285]],[[-0.642961500005743,47.377078995807985],[-0.6650884999144113,47.36876549653498],[-0.6789225001460898,47.3700384960491],[-0.650331500194559,47.377339996050296],[-0.6279609999835656,47.39386199589398],[-0.642961500005743,47.377078995807985]],[[-0.596779500319538,47.40413649604324],[-0.6018885005276509,47.414541496394165],[-0.56605800026274,47.41161999592462],[-0.5784949994325641,47.40748199600979],[-0.5880590001994858,47.411425996395955],[-0.5875110004103271,47.405048496068396],[-0.596779500319538,47.40413649604324]],[[0.004064999416576633,47.26301949642497],[-0.00786699970986694,47.24581549648563],[-0.03847999974737994,47.25074549653579],[-0.04861800024052133,47.258567495841724],[-0.03559600056767733,47.279399995959594],[-0.025624499522949803,47.28270899615021],[0.002271999609270467,47.269282995768776],[0.004064999416576633,47.26301949642497]]],[[[-0.4488344993984292,47.533352995912644],[-0.43477000015063444,47.53377999577007],[-0.4361925002997752,47.51586599648725],[-0.42429950050040727,47.515128496094235],[-0.4265485002333406,47.50515599644472],[-0.4212469994716559,47.50363599614352],[-0.4106660004211625,47.516922495853734],[-0.41733449934191014,47.519164995955904],[-0.4186310005316452,47.52880899631488],[-0.40267250052167325,47.53760199638741],[-0.3982054995659284,47.54378249655921],[-0.4015350000993111,47.55810449600351],[-0.38829199984455204,47.56953049588191],[-0.4239879999627369,47.610312496445545],[-0.46198349947621464,47.58827999585544],[-0.467906499724342,47.57371049600734],[-0.493961999886139,47.56974749605198],[-0.5005730004387514,47.559055996385325],[-0.4939360005705329,47.54301699609275],[-0.4830959995772454,47.5353604964236],[-0.46538750024182757,47.53727499586129],[-0.46531250008119607,47.54779449628184],[-0.46011650005703797,47.549507995756436],[-0.4488344993984292,47.533352995912644]]],[[[-0.2255480004018722,47.50655099629864],[-0.23986650039712037,47.52522199635082],[-0.22323649956914854,47.53720049590546],[-0.19843050006179155,47.52838499584749],[-0.1890390000904998,47.53209999629369],[-0.20773850054962828,47.54797999584167],[-0.19928249953101643,47.57273349593471],[-0.20687449989592854,47.582735996003144],[-0.21791549950038508,47.591043496145325],[-0.23884250002500973,47.58779149601537],[-0.2425990000982309,47.59940749608277],[-0.23523350044354327,47.609424996498404],[-0.25061950003117345,47.61245799648749],[-0.2704105004658719,47.6049059959922],[-0.26689000036598937,47.57515199661581],[-0.2831079994212005,47.57231249630597],[-0.2991159997907693,47.555885496543766],[-0.32139200058005923,47.55335199637186],[-0.32336050042384057,47.53823249586773],[-0.31546499994580307,47.53715349634081],[-0.30226349987218964,47.509464996127356],[-0.2747244998658033,47.508558996410464],[-0.27428099985391,47.49682399663055],[-0.2982670005641261,47.48908099645606],[-0.30119949935919244,47.474568996279075],[-0.31566750035153607,47.474069495780654],[-0.3291369993250996,47.459890496017],[-0.33246850037801956,47.43897749658107],[-0.3167209999833557,47.43974499617349],[-0.277991999745515,47.422309996167954],[-0.24279149976305392,47.46769449581756],[-0.2448804996807316,47.48069799624969],[-0.23178749958881847,47.48170799628683],[-0.25231150013370485,47.49290649620219],[-0.23893799962088758,47.50467899578149],[-0.2255480004018722,47.50655099629864]]],[[[-0.3410170006354213,47.632908996296024],[-0.3173234994869411,47.62233749593085],[-0.28777300041613985,47.61967899596369],[-0.28172449982734643,47.62521499642099],[-0.28264649963114824,47.63716349615861],[-0.2661149997887729,47.651663496467606],[-0.24578100040494863,47.65531149575776],[-0.26275550008430854,47.661952496348704],[-0.2784639999009782,47.65093649609783],[-0.29391650000286645,47.66309699648219],[-0.2940559997245995,47.67128349652564],[-0.3091784993680593,47.67395549600355],[-0.3125665006789659,47.68310199660178],[-0.32647250065552574,47.681389996552014],[-0.31910350030756834,47.665943996293166],[-0.32720450060102224,47.665444496133894],[-0.32868750024631604,47.64322649630549],[-0.3410170006354213,47.632908996296024]]]]}},{"type":"Feature","properties":{"id":"rose-de-loire","name":"Rosé de Loire","region":"Loire","grapes":["Cabernet Franc","Cabernet Sauvignon","Gamay","Grolleau Gris","Grolleau","Pineau D'Aunis","Pinotoir"],"original_region":"Loire","key_appellations":[],"desc":"Rosé de Loire is an appellation in the Loire region. Main grapes: Cabernet Franc, Cabernet Sauvignon, Gamay, Grolleau Gris, Grolleau, Pineau D'Aunis, Pinotoir."},"geometry":{"type":"MultiPolygon","coordinates":[[[[-0.14412100019548454,46.95472249630733],[-0.17436950020445321,46.98462199566912],[-0.15685149985186636,46.99683999582754],[-0.163568499785814,47.01681099584696],[-0.14910799934859267,47.02855549607829],[-0.11844899948199572,47.007163495661295],[-0.09237649950382125,47.0052874958692],[-0.08647599976726536,46.98529599632822],[-0.0553254996546429,46.9946344960491],[-0.03842850023808061,46.99030549599009],[-0.033119500533482435,46.98024499555651],[-0.031212500593668882,46.984738996380955],[-0.00627599954834756,46.98592599640193],[0.008227000062434752,46.99877599611281],[0.007178999970954514,47.01081499630689],[0.02343500047884661,47.012223995869554],[0.023931999764021272,47.01902899595895],[-0.00220649956560804,47.028444995735654],[0.02854150030192921,47.02200149581323],[0.03878450038229037,47.03332199587966],[0.04868750021350538,47.02951499567036],[0.04549850059799627,47.03791149600021],[0.036030500475522864,47.03614699641171],[0.02372400002228046,47.04525999638609],[0.05117199940744367,47.07321349598597],[0.045305500582655076,47.09186199582466],[0.021666000361109834,47.10218899621635],[0.005174500193873373,47.087410495759286],[-0.019169000307290962,47.09564449568183],[-0.03531499944373822,47.08671699574393],[-0.026535000382546917,47.10579849623656],[-0.03941399997934298,47.10787349613346],[-0.040984500342051575,47.11355599569856],[-0.03347749977297383,47.12122599634748],[-0.01646599956315148,47.11815549629434],[-0.01282849963430663,47.12389899601233],[0.00855600042894917,47.11578349597534],[0.023491000603643997,47.117975495767595],[0.04287950066478668,47.142572995921405],[0.036637499816575894,47.16035799592007],[0.049204500034318414,47.168886995634885],[0.06560600041093592,47.14306799610231],[0.07839549946020978,47.146334995728424],[0.08197700000643172,47.13645999641338],[0.07637100049444087,47.1239309960386],[0.08134549983730234,47.11853849617631],[0.10471950063472496,47.12079399608252],[0.11098299972856476,47.13027499569532],[0.12351899975134871,47.128491996302515],[0.12716650005982436,47.11996699570645],[0.14068849967880753,47.124590496471214],[0.13471649969846725,47.107872496149334],[0.1619204996869663,47.10011049591692],[0.1835240005518181,47.11385099656392],[0.18571850029478687,47.10150299640598],[0.20095299945836215,47.091257996396045],[0.1743995005517628,47.07168299596314],[0.17970950015180737,47.05918349576842],[0.19223500010155126,47.06540299615386],[0.21381500035405338,47.05423899592884],[0.23324749964974692,47.06404549624352],[0.23295600070762043,47.07317449573431],[0.24469249981212918,47.08634699612897],[0.2858944994905577,47.08385049570846],[0.3052935006144988,47.07429499574112],[0.34696099960116045,47.080242495772175],[0.3514019998223393,47.0759109956803],[0.3476550001532372,47.07040199601849],[0.35697000002483736,47.06601749636062],[0.3751015003236639,47.0743824956324],[0.3805429994427147,47.07146049625414],[0.4023204998363636,47.0866764960083],[0.41487600041950634,47.07820299571331],[0.42563200011365354,47.08873149649692],[0.4495880006846319,47.08377199580498],[0.4495835002583005,47.09326549608585],[0.45820050000033524,47.09930049595558],[0.4515769994409879,47.107785996416155],[0.45588050049524964,47.11284999655355],[0.44436700026420506,47.11977099602519],[0.4873090006030189,47.115024495720334],[0.5064499996198004,47.141245495781114],[0.4738669998823026,47.145312496240116],[0.48852999964735583,47.16565949609825],[0.4887560001873328,47.183974995735355],[0.4969454999429692,47.199177495926804],[0.5059150002480105,47.19941049621208],[0.5091484998155309,47.205724996160505],[0.5193455002650966,47.20047799643745],[0.5459399999930296,47.202693996375125],[0.5564209997431024,47.21306799650934],[0.5636484993978217,47.21214499577759],[0.559456000486939,47.18927049607933],[0.6120674995065476,47.18480549607897],[0.6146199995770262,47.20805799596816],[0.6373829997703817,47.20641699646734],[0.6404755001060066,47.2213089962554],[0.6485894999559518,47.22579149642762],[0.6440069994898451,47.24538449561259],[0.6043270000523344,47.27930199594487],[0.6136799998716422,47.28650549614663],[0.6089444994149938,47.289853496453404],[0.6151380002131084,47.304882496083316],[0.6642194995380298,47.29958699639429],[0.6916064997181175,47.313749996375684],[0.7512015006954872,47.318755495941645],[0.7497909994352957,47.311713995717184],[0.7556405000199278,47.30850949646239],[0.7511375005645896,47.28860899635725],[0.7740280005879508,47.28356749595113],[0.7654834993388457,47.2638824964243],[0.8053994999292992,47.25002349614353],[0.8042890006496406,47.256486995872834],[0.8186554999602129,47.26018549587475],[0.8183779993796091,47.27691649633125],[0.8303050001627281,47.27590349601071],[0.8243410000697754,47.29512399608703],[0.8273235000304153,47.30892899577168],[0.8345344994047813,47.311226496153786],[0.8464945003877491,47.30926799599221],[0.8459399993665577,47.30071299637959],[0.8775064998765147,47.29742749577099],[0.910570000519861,47.28002649608347],[0.9269430000169934,47.28333149601996],[0.9365625001512884,47.294649995924],[0.9632215000571741,47.28898749614176],[0.9740995003669595,47.29797799639357],[0.9903694995210403,47.29441149628837],[0.9960830005183315,47.28361549623974],[1.008805999473664,47.28236849605034],[1.0122160000620133,47.26481849654461],[1.0238209998600722,47.24970149587292],[1.0657324995964983,47.2290739963194],[1.071781999470043,47.2189734956884],[1.0666839995680224,47.216803496092204],[1.074414500193693,47.21373899636617],[1.0651109993777599,47.19685849603788],[1.061876500308045,47.202400496139894],[1.0520545005197555,47.20188699635809],[1.0607600000326693,47.191096996537524],[1.0547969996829671,47.19211099573153],[1.045975499608225,47.18022599567548],[1.0514050004914677,47.17943149574094],[1.0359099994374523,47.1681919960558],[1.095024499893528,47.13348549647273],[1.1196965002651351,47.14144099636316],[1.1303375006162466,47.13440099576421],[1.1257125003715056,47.128998496002524],[1.1453969992756323,47.12713449644394],[1.1905224998689572,47.13438549614737],[1.188246499541489,47.13908649578686],[1.1994585003796274,47.148193996346755],[1.1684044994065217,47.18742449592189],[1.1868899997521312,47.19620249630906],[1.1910719995863719,47.210503496430405],[1.1831759999149671,47.21847699584101],[1.1437334996912751,47.21969549612806],[1.1320190000515644,47.21215149573587],[1.114410500015379,47.22001799598553],[1.089340500083966,47.21383499651312],[1.0730644997739207,47.226185495673285],[1.1185360002553812,47.25636349607952],[1.152781499852877,47.264366496271045],[1.151919000610077,47.27052049595312],[1.1620589995176722,47.272198496018675],[1.1741274997045865,47.28860449572219],[1.194081499899702,47.28295649633852],[1.22332999948707,47.29417199573725],[1.2413734994731165,47.28800249603753],[1.2433159997271455,47.27385199577665],[1.2658865002058703,47.25566549628143],[1.2764334996241449,47.25684299581186],[1.2945859996041338,47.23735149563236],[1.3266589998512393,47.18622149582228],[1.3384940000824608,47.19554649584149],[1.3714154998153798,47.19969499614732],[1.40142000014933,47.21244749640478],[1.421202499812968,47.22915999573414],[1.458070500364028,47.239926496353796],[1.4815959996375556,47.23915949604428],[1.4935964996781628,47.23200549587301],[1.5030574998814168,47.23513249618424],[1.5310449999557638,47.21846349567371],[1.5347609997511593,47.226046495874925],[1.525351499503325,47.24131899621029],[1.5310509997582211,47.248780995661996],[1.5186635004620703,47.255351495859706],[1.511185500524611,47.27337999656658],[1.528750499895257,47.28303949611717],[1.5260295003300957,47.29246599571517],[1.494534499768354,47.32302299613737],[1.5191180002571216,47.32910099612339],[1.5269259994771582,47.33803649581711],[1.5309305001708398,47.3577199959848],[1.525718000492149,47.37405599597608],[1.552821000643368,47.37703099617747],[1.5535075002277456,47.38441249650834],[1.565505500294592,47.392768996481436],[1.5559084994421768,47.40138549607845],[1.561586999537803,47.41635549570309],[1.5580794995032037,47.44322849649781],[1.5683245001802655,47.449998496466506],[1.5641284998212002,47.4558629960513],[1.5317215003033477,47.441339996543434],[1.484173999454527,47.45048899584862],[1.5010210000478752,47.46289049618505],[1.5289000001398128,47.50073399579232],[1.527431500352049,47.51435149588001],[1.5207845001319025,47.51929749643694],[1.5459455003915874,47.53728249626167],[1.5649554997304165,47.536195496454994],[1.563441500179227,47.54446099597869],[1.5553004999569755,47.54247249604759],[1.5548980000793016,47.547237496299736],[1.5388469994468092,47.541190996101115],[1.531799000557316,47.546044995936555],[1.5344879995563698,47.5527654961037],[1.528360499655463,47.558164496266045],[1.5359300004081482,47.558486996488135],[1.530240500248384,47.583138996614],[1.508268000590738,47.581229496327204],[1.4740714997320379,47.603558496183794],[1.4912554998280645,47.6144339958352],[1.5075860005765023,47.64625799623083],[1.5402574999070626,47.660023496574134],[1.577943000666299,47.650111995893575],[1.6011050000275275,47.664471996390006],[1.6149604998157228,47.68344799650388],[1.6114280005338395,47.69340949667162],[1.6306564998882855,47.70508549591745],[1.7022639993263404,47.71174899643585],[1.7125415001133808,47.69345599605889],[1.7280580004860824,47.699564496164115],[1.7128709996376847,47.72205949649511],[1.7135385005539097,47.73335049646052],[1.67233249940714,47.73955449640435],[1.6266314999364444,47.76097449616293],[1.614715999475445,47.7374319960544],[1.574690999371761,47.723711496165194],[1.5755744997327217,47.699296496254384],[1.5418805003903675,47.68935699655218],[1.541072499972904,47.68112149664555],[1.502648500172837,47.668259995929674],[1.4976359993744113,47.66107299647276],[1.432436500628605,47.650869995915066],[1.3558864996589113,47.593625995954284],[1.3497950000057448,47.60301899662642],[1.3392534997897567,47.60351999627525],[1.340953500016436,47.620618996251636],[1.3174814998725337,47.61659299617718],[1.2734099999465314,47.591910996255656],[1.2599125004061968,47.59192099592526],[1.2597689998688664,47.58256549625491],[1.2394750000477357,47.59316949626971],[1.2262479998186926,47.592998996432335],[1.2294994992718462,47.602879996604635],[1.2168694998729952,47.59317899594721],[1.1874684998702512,47.606070495875755],[1.1516434995752725,47.605124995767234],[1.148389000161724,47.59600699637197],[1.128835000586784,47.59036299625495],[1.153224999804311,47.56398699586733],[1.1435504995140195,47.55381299648663],[1.1097340000451832,47.55089649643048],[1.0983360004778093,47.53539249585975],[1.0464305003189014,47.53671599620719],[1.0358224994621388,47.527780995861306],[1.0423660003591404,47.50995299609302],[1.0194644994386475,47.50182299602363],[0.9982290002575542,47.49631749653248],[0.9935260001197227,47.50647399597086],[0.9655140006115114,47.51415249619127],[0.9649555005352534,47.52813499640615],[0.951146500258847,47.5304899961135],[0.9307655003172093,47.522642496482426],[0.9152260004045254,47.52515249634991],[0.9102489994162227,47.51664199581812],[0.8714340006955132,47.5238424960374],[0.8672629997523633,47.513758996353744],[0.8360600000144093,47.51605799609463],[0.8331024999609563,47.50086149640527],[0.8246270005117533,47.50012049631188],[0.8211614997767726,47.48892049652552],[0.8190515003104104,47.460508495943735],[0.8046649999496893,47.46949499585964],[0.7659899997499012,47.46497349579975],[0.7621170005269987,47.479315996128534],[0.7363494999674431,47.48004249630304],[0.7338024994877126,47.49692849600812],[0.70948749993359,47.49923749583004],[0.6633519998521177,47.48238549621781],[0.6629100000788086,47.473247995779595],[0.6850075004482449,47.45170199609331],[0.7007175006511416,47.458447996033875],[0.7060730006435189,47.46981399625759],[0.7155680005137587,47.467383995847705],[0.7253949997640327,47.47368399631616],[0.7328504994088125,47.47063749624202],[0.7250870003446369,47.46189349635799],[0.7324044996438255,47.46122999651586],[0.7104049994135744,47.438745496117306],[0.6752990000441986,47.43550349649288],[0.6801599998365055,47.400709496217814],[0.6641080006227942,47.39701449633915],[0.6684604996990544,47.39131899571379],[0.6647760001749162,47.3778149963219],[0.6410204995449696,47.37301499595361],[0.6405675004320497,47.353934495935796],[0.6217300000439301,47.344749496386896],[0.6271689994257182,47.32989399613178],[0.6101619997151574,47.30539249638871],[0.5792495001829603,47.306141496170135],[0.5649989999420127,47.289097495783864],[0.5228209997108457,47.27134699580897],[0.49168399992174544,47.28484599587001],[0.5082070001426574,47.31016699609566],[0.4903275006094533,47.314561996342526],[0.4830854993535632,47.32690749613523],[0.4742000005519731,47.329374495904176],[0.46212100002562984,47.31905649629474],[0.44516149955151496,47.31783499607186],[0.43579249943074977,47.309673495992755],[0.3856329998857065,47.29385499577357],[0.38132000037056824,47.28703299609551],[0.3907234993299599,47.273919496422266],[0.3684884999977361,47.28533049575339],[0.3520965004862002,47.28163099650587],[0.3262840004178148,47.26300699659173],[0.3146449997775218,47.27364649636061],[0.34354199983764283,47.29471049653044],[0.3965010004550174,47.316938496285694],[0.45135999989676534,47.325899995931124],[0.4943624995878233,47.35871549650813],[0.6479415004831062,47.39162049593455],[0.6464949998733247,47.396713996072144],[0.6530574997350767,47.39869849610383],[0.6376989993771724,47.40868649636876],[0.6401004995569167,47.418618495690254],[0.630820000266413,47.42280049640141],[0.6356239998840157,47.42729749624524],[0.631454499565539,47.431167995765584],[0.6066379998630834,47.43877199653488],[0.6040630003584829,47.44660549577916],[0.5826614997574839,47.44808299655692],[0.5930089993289369,47.429750496463896],[0.5723265002536242,47.42970699578158],[0.5646584994600735,47.439036496164576],[0.5705345006497152,47.44978849582026],[0.5579289995120835,47.45791799633432],[0.5356814996630275,47.446911995848254],[0.5247534995219,47.432840996575024],[0.5064865005702499,47.43385849653465],[0.4918719994352151,47.42314399623258],[0.4770649997008398,47.427675996479124],[0.46683099992742505,47.422697496095104],[0.46321850036644024,47.4123369963496],[0.4800000006351047,47.39857049618544],[0.478816500266867,47.386899996327415],[0.4881149999198087,47.37089749581661],[0.394665999874866,47.36743199646282],[0.3941404998384096,47.37642099575358],[0.3800210001815959,47.38036699641743],[0.3728629996163535,47.393112495919446],[0.36464899998788847,47.385864495824364],[0.34453650021668336,47.38340499578783],[0.3135874995895521,47.38790349580513],[0.3021490004933954,47.369304996109115],[0.3034609996797095,47.36095949609135],[0.2846014995770213,47.34685949566428],[0.28097699937438686,47.33095749645728],[0.2660595005804114,47.32313249596652],[0.2567574999475158,47.32242549592412],[0.25000699997634246,47.3343164960398],[0.2139829996200302,47.334830496367154],[0.16420150025198293,47.36441099628582],[0.1404015006760711,47.36180249589711],[0.14729949956275598,47.34537499603346],[0.12696800006659964,47.33279449626498],[0.11391399944034533,47.33159949572058],[0.09058499945515826,47.343387495980174],[0.0541999995272865,47.33354099570839],[0.01629349975287173,47.34835449625812],[-0.0370185005187045,47.29210499595187],[-0.07787599943444465,47.31222749656569],[-0.11603700008470112,47.32089149629202],[-0.15277900034834346,47.34357799606144],[-0.17661449976654153,47.322497495970694],[-0.20784750038707653,47.33769899607267],[-0.1914154998103324,47.34998399626412],[-0.2010054999620579,47.36088949572383],[-0.1907489996022062,47.376458996319336],[-0.19784449990924896,47.383592995863516],[-0.19645899950896845,47.397663496175255],[-0.22114799954739234,47.414985496346354],[-0.23569050006698827,47.39211799640238],[-0.2666415005390452,47.37860049641196],[-0.2768639996074493,47.39119499662906],[-0.3040610003624916,47.4051129958657],[-0.39047850012518104,47.417689496301826],[-0.4248870005202392,47.41250899594849],[-0.505105500265504,47.418667495710565],[-0.4987944993482823,47.41094699580905],[-0.5124954996154483,47.40862899625541],[-0.5123380000198946,47.402602996591526],[-0.5374495000481065,47.40486249646884],[-0.5453920000549478,47.41812199577587],[-0.5248374999953014,47.42129799629933],[-0.5447859996718297,47.42394599592071],[-0.552139500584093,47.44108699634352],[-0.5091785002452279,47.45025199574035],[-0.5176079994575982,47.453275496597115],[-0.5145184993737594,47.462000996240675],[-0.5200594994810076,47.46758049594782],[-0.5085470001391467,47.48937599643024],[-0.5336134994378986,47.499873995939666],[-0.5236870003700653,47.51290049616336],[-0.5309040003377955,47.526043496463004],[-0.541411000476918,47.51759249628308],[-0.5638859996168689,47.51919249666737],[-0.5815884995977455,47.4809894964469],[-0.6096395002303402,47.48883099594963],[-0.608509000329771,47.47558299612162],[-0.6018045002607215,47.47318749634058],[-0.6133889997218739,47.47140799582492],[-0.6056440004269092,47.465238496228686],[-0.6165604996243478,47.462053996111734],[-0.6135534993694605,47.45493149582192],[-0.618957000270348,47.45092299643716],[-0.6307954999967101,47.44665899572022],[-0.650389999974925,47.4541669957513],[-0.660968499875612,47.4381409958859],[-0.7011584996049609,47.42516649592306],[-0.7029430002748969,47.41922299607884],[-0.7314105007342143,47.42301799646699],[-0.743372499558344,47.43377299584174],[-0.7585255003064181,47.431973996270244],[-0.7592979997958097,47.44002449653859],[-0.7774034994456495,47.43151249593664],[-0.8240129997113324,47.43673149655233],[-0.8264190005369013,47.447862996153134],[-0.8651925003309793,47.4507689965665],[-0.8913909995345779,47.461355996345226],[-0.9042475003849865,47.46008149657599],[-0.9079169994670795,47.44948999577861],[-0.9091835001901643,47.46048299610476],[-0.9248964993880795,47.46326149594788],[-0.9179984997052096,47.43853899618372],[-0.922776999335914,47.426611496065874],[-0.943178999876258,47.418607996235906],[-0.9606814998692457,47.42279199621322],[-0.9458099998783549,47.38702299632121],[-0.9762370000965799,47.371029496172525],[-0.9923170004333175,47.37281849617812],[-1.0152215006372052,47.365043996223775],[-1.0787355004646277,47.37079349621531],[-1.1665144993929164,47.36632149592208],[-1.187658500563007,47.352351996390695],[-1.2998795001695578,47.337619995672114],[-1.3541989999565367,47.30415399612259],[-1.3372550005255017,47.300326496017],[-1.295956000306291,47.30622599606792],[-1.2750455001885277,47.29067199614289],[-1.2778089994718693,47.27086449624226],[-1.2538945002850719,47.24770299593731],[-1.2283680004666464,47.239714495878765],[-1.1980369998332552,47.25293999649432],[-1.181110999759218,47.24089549641747],[-1.170353499416375,47.25531549591986],[-1.1464969994775513,47.262655996326785],[-1.1501754995202729,47.268353496258676],[-1.133979499437777,47.286849996339605],[-1.1382764998520472,47.2979759958163],[-1.1268930001586026,47.30205499587192],[-1.1208310004762758,47.31578799638008],[-1.1024870006169585,47.31259899631145],[-1.0779949994291884,47.31778249651684],[-1.0809704995006908,47.31256199656497],[-1.0733649993654328,47.30229799604637],[-1.055336500360655,47.30395349596145],[-1.0400805000765234,47.32123799644574],[-1.0395984998379046,47.31256349632539],[-1.030708999689989,47.308050996004916],[-1.0309675000794172,47.295348495842234],[-1.0073585005489634,47.28712099574404],[-0.9982575000261671,47.29607249654116],[-0.9440965002909549,47.313874495658894],[-0.9345870004219412,47.31423449585189],[-0.9323800002329043,47.30844499646622],[-0.91817350019561,47.319694996322625],[-0.8860625001223498,47.292190496458524],[-0.8666890004116617,47.295700496174554],[-0.8523280000661301,47.29011099571829],[-0.8529504998969465,47.27726449608118],[-0.8616440005107954,47.274412496035936],[-0.8641939996810701,47.2661939959941],[-0.8581609996144912,47.25596299617896],[-0.8088605004660707,47.25187049632391],[-0.8086459995134988,47.24372899574553],[-0.7988449996999496,47.24003449637768],[-0.8116554999550913,47.23644449611064],[-0.8041089999374944,47.22161549578397],[-0.8315900003342442,47.21212699580081],[-0.8120909993806813,47.20960349588932],[-0.8139380004407368,47.196633995818786],[-0.8070219993302546,47.19470749588884],[-0.8146094998287641,47.19346449620543],[-0.8064264999800806,47.17667249635372],[-0.816342500527018,47.16568749630978],[-0.8098945004747201,47.162667996090484],[-0.8283440003524549,47.15991199635065],[-0.8250670002091665,47.15694049648544],[-0.8024935004181943,47.15688249575937],[-0.7842939995749982,47.14238749576604],[-0.762523499370636,47.143559995756476],[-0.765200500064994,47.13281949620816],[-0.7548670002041451,47.12634499575743],[-0.7159220000533593,47.132741496228974],[-0.6785054999504542,47.130081495695435],[-0.6427394999028044,47.15113249605599],[-0.6112245006159632,47.14798249613453],[-0.607179499642088,47.136787995749195],[-0.5873179994093384,47.12698699595958],[-0.6073134997532152,47.11760999569416],[-0.5988255001548554,47.09986699603235],[-0.6041600001677692,47.08897299592605],[-0.592516499975554,47.07729699610997],[-0.5640649999009816,47.10434999607661],[-0.5229599999775378,47.10861949628843],[-0.5246024999366435,47.114699495819664],[-0.5097605004801629,47.12078399591048],[-0.4951084997274621,47.11677899608791],[-0.4850760001724385,47.10905949603153],[-0.5100760001812376,47.09566099564002],[-0.5066549993858542,47.08210699614517],[-0.515131499437005,47.07793649613921],[-0.45955800022766574,47.08240699610201],[-0.46429999984180614,47.07434999610164],[-0.48553800056093643,47.06520899555695],[-0.4803855003368171,47.05363249566513],[-0.4609590000846909,47.06882499582735],[-0.42685100007824583,47.07298049636349],[-0.4086575004079348,47.06630499614954],[-0.4007819996468164,47.07076849650091],[-0.39727250023502836,47.06522599560008],[-0.40390000050824176,47.06214249610762],[-0.4037160002072476,47.053370495772555],[-0.3986495001712117,47.04957549622355],[-0.41240900057782826,47.035384496375826],[-0.37970000058508885,47.03035699610114],[-0.38335649967349794,47.02846999580661],[-0.37195799988783906,47.01780199648851],[-0.38518850038468433,47.011367996429314],[-0.40149749955022135,47.01633699592568],[-0.40941949940580025,47.006515496197125],[-0.3893345000985448,46.99322099642564],[-0.36952349937613066,46.994275495723365],[-0.37217149968143987,46.98939699583983],[-0.3566989994653097,46.97463849566803],[-0.34606499964708326,46.980288495932164],[-0.3308654996739757,46.9761419962388],[-0.33114800003433,46.96726899573965],[-0.3239469997915308,46.97054199636441],[-0.3189754995156193,46.96440049564822],[-0.32777100062704634,46.95217949624049],[-0.30943000063995724,46.94945349636855],[-0.3101120001246878,46.9432719958133],[-0.2877554996995648,46.93221899575305],[-0.2752000003759488,46.93480049584701],[-0.25716700006441257,46.92463349590498],[-0.2271394993813722,46.95622799602205],[-0.23565600015919608,46.962517996251066],[-0.2539069998260816,46.95517649641362],[-0.24523649983216284,46.978594496380076],[-0.22182799935022296,46.98136949588302],[-0.2177515006322876,46.96755349618596],[-0.20431499953759,46.97257699570653],[-0.1985325003877819,46.96289399556508],[-0.20850399961631727,46.955517495762635],[-0.1997380002168021,46.94522549638507],[-0.17437500023662242,46.935431995666455],[-0.16207850041966568,46.92107449631518],[-0.1596355005673783,46.90663599614381],[-0.11684450057024577,46.90506199557985],[-0.10551400049845952,46.89186999633999],[-0.08659350045821249,46.894477496353915],[-0.06873149988726415,46.888507996047736],[-0.07181199984656614,46.87516749591234],[-0.1002634995792623,46.844007996449946],[-0.04905650058858894,46.850351495773175],[-0.053703999668340545,46.85308999643669],[-0.009121500126101583,46.90792449596267],[-0.022563000283571513,46.9389699960032],[-0.030735500331079114,46.94177499625515],[-0.04625300042160582,46.9665169960241],[-0.1156984994080705,46.97139999598253],[-0.12411649973859086,46.955647996032674],[-0.14025799951600068,46.966461495830195],[-0.14412100019548454,46.95472249630733]],[[-0.03559600056767733,47.279399995959594],[0.0038549997925116193,47.2678294958566],[0.005314500072430398,47.26011949649531],[-0.00786699970986694,47.24581549648563],[-0.03847999974737994,47.25074549653579],[-0.04861800024052133,47.258567495841724],[-0.03559600056767733,47.279399995959594]],[[-0.19813149981344522,47.26132099592427],[-0.22570449955483976,47.270114996568466],[-0.2191094998526565,47.28254899645611],[-0.19178899987364081,47.28936049571344],[-0.17709150064010154,47.283426496257064],[-0.15845700008874905,47.286575495890965],[-0.15435050003303968,47.26654849630544],[-0.16202499992097058,47.25112749584245],[-0.16965499998942554,47.25316699567988],[-0.1807445001177172,47.24302549619357],[-0.1945720005375459,47.243280996340246],[-0.19813149981344522,47.26132099592427]],[[-0.642961500005743,47.377078995807985],[-0.6650884999144113,47.36876549653498],[-0.6789225001460898,47.3700384960491],[-0.650331500194559,47.377339996050296],[-0.6279609999835656,47.39386199589398],[-0.642961500005743,47.377078995807985]],[[-0.596779500319538,47.40413649604324],[-0.6018885005276509,47.414541496394165],[-0.56605800026274,47.41161999592462],[-0.5784949994325641,47.40748199600979],[-0.5880590001994858,47.411425996395955],[-0.5875110004103271,47.405048496068396],[-0.596779500319538,47.40413649604324]],[[0.7151284998204649,47.377182496203794],[0.7008854995407713,47.399403496234164],[0.7803180000968656,47.40817249638448],[0.7909510000301304,47.40485099573627],[0.7920889994648559,47.38366349574581],[0.7869839996811021,47.37376549652745],[0.7676704998804523,47.37862699600602],[0.7658005000419171,47.37014449580189],[0.7506240001656022,47.375019996515086],[0.7398080000038479,47.36911299569791],[0.7361669993418348,47.38012899644357],[0.7151284998204649,47.377182496203794]],[[1.3868439997358448,47.561545495829364],[1.3908729999600018,47.5500644962692],[1.3447965004066218,47.54653149664502],[1.3420979998006475,47.562969996130775],[1.326003499777888,47.55671449587939],[1.3496410002487187,47.571894996008886],[1.3534550002933021,47.58132649653944],[1.368731499682804,47.57798099627854],[1.3636795001674584,47.576160996650785],[1.3755750003239329,47.56374649643466],[1.3868439997358448,47.561545495829364]]],[[[-0.44878599995007795,47.53623399576174],[-0.43477000015063444,47.53377999577007],[-0.4361925002997752,47.51586599648725],[-0.42429950050040727,47.515128496094235],[-0.4265485002333406,47.50515599644472],[-0.4212469994716559,47.50363599614352],[-0.4106660004211625,47.516922495853734],[-0.41733449934191014,47.519164995955904],[-0.4186310005316452,47.52880899631488],[-0.40267250052167325,47.53760199638741],[-0.3982054995659284,47.54378249655921],[-0.4015350000993111,47.55810449600351],[-0.38829199984455204,47.56953049588191],[-0.4239879999627369,47.610312496445545],[-0.46198349947621464,47.58827999585544],[-0.467906499724342,47.57371049600734],[-0.493961999886139,47.56974749605198],[-0.5005730004387514,47.559055996385325],[-0.4939360005705329,47.54301699609275],[-0.4830959995772454,47.5353604964236],[-0.46538750024182757,47.53727499586129],[-0.46531250008119607,47.54779449628184],[-0.46011650005703797,47.549507995756436],[-0.44878599995007795,47.53623399576174]]],[[[-0.22724299929917766,47.5155579958191],[-0.23986650039712037,47.52522199635082],[-0.2359940001219031,47.53169799584475],[-0.22323649956914854,47.53720049590546],[-0.19843050006179155,47.52838499584749],[-0.1890390000904998,47.53209999629369],[-0.20773850054962828,47.54797999584167],[-0.19928249953101643,47.57273349593471],[-0.20687449989592854,47.582735996003144],[-0.21791549950038508,47.591043496145325],[-0.23884250002500973,47.58779149601537],[-0.2425990000982309,47.59940749608277],[-0.23523350044354327,47.609424996498404],[-0.25061950003117345,47.61245799648749],[-0.2704105004658719,47.6049059959922],[-0.26689000036598937,47.57515199661581],[-0.2831079994212005,47.57231249630597],[-0.2991159997907693,47.555885496543766],[-0.32139200058005923,47.55335199637186],[-0.32336050042384057,47.53823249586773],[-0.31546499994580307,47.53715349634081],[-0.30226349987218964,47.509464996127356],[-0.2747244998658033,47.508558996410464],[-0.27428099985391,47.49682399663055],[-0.2982670005641261,47.48908099645606],[-0.30119949935919244,47.474568996279075],[-0.31566750035153607,47.474069495780654],[-0.3291369993250996,47.459890496017],[-0.33246850037801956,47.43897749658107],[-0.3167209999833557,47.43974499617349],[-0.277991999745515,47.422309996167954],[-0.24279149976305392,47.46769449581756],[-0.2448804996807316,47.48069799624969],[-0.23178749958881847,47.48170799628683],[-0.25231150013370485,47.49290649620219],[-0.23893799962088758,47.50467899578149],[-0.2255480004018722,47.50655099629864],[-0.22724299929917766,47.5155579958191]]],[[[-0.3410170006354213,47.632908996296024],[-0.3173234994869411,47.62233749593085],[-0.28777300041613985,47.61967899596369],[-0.28172449982734643,47.62521499642099],[-0.28264649963114824,47.63716349615861],[-0.2661149997887729,47.651663496467606],[-0.24578100040494863,47.65531149575776],[-0.26275550008430854,47.661952496348704],[-0.2784639999009782,47.65093649609783],[-0.29391650000286645,47.66309699648219],[-0.2940559997245995,47.67128349652564],[-0.3091784993680593,47.67395549600355],[-0.3125665006789659,47.68310199660178],[-0.32647250065552574,47.681389996552014],[-0.31910350030756834,47.665943996293166],[-0.32965900008657034,47.65994299611489],[-0.32868750024631604,47.64322649630549],[-0.3410170006354213,47.632908996296024]]],[[[0.39422150027611497,46.95007149626488],[0.43884199975206395,46.98159399570393],[0.4365009995868491,46.99014949614417],[0.4223809992875201,46.993334496337646],[0.3892474997779285,46.97855999613864],[0.3663870000113773,46.990632996244194],[0.35044400057486497,46.97987499619927],[0.3723309996224733,46.96292799598767],[0.38213749998706903,46.96255549621766],[0.3867365001366199,46.951699495830184],[0.39422150027611497,46.95007149626488]]],[[[1.0168145006268934,46.85607749598975],[1.0255534994893127,46.879661995805435],[1.0129399999447195,46.87497349559648],[0.9523350002670544,46.87695649603022],[0.9434954998357249,46.85849349562923],[0.9322029996501152,46.851381995783235],[0.9458360002692302,46.838951495571585],[0.9389525005439763,46.821231495607215],[0.9165495005907289,46.81582749580778],[0.9242290002054461,46.80283049616708],[0.943322000136996,46.801759495630044],[0.9466449995404307,46.777054995959084],[0.966010500577364,46.772655495834734],[0.9795895003162346,46.75603599556231],[0.9831175002881024,46.76417599593382],[1.0116875000439873,46.75780749583573],[0.9991974996638385,46.78105599604674],[1.0038735002631969,46.79325799631887],[0.9836299993319788,46.80377299609445],[1.0102230006921744,46.8147464956043],[1.0105190002121842,46.8373789959179],[1.022644000415907,46.8456164961569],[1.0168145006268934,46.85607749598975]]],[[[0.6064664993770797,47.05375449625964],[0.6344974996222817,47.03752649567554],[0.648474000249609,47.04299649623909],[0.6590519996787038,47.06047299619469],[0.6521569999478352,47.0934844960934],[0.6838319993373857,47.108835496316246],[0.6824564998894569,47.11713849590247],[0.7139399993807262,47.130858995878995],[0.7103764996020352,47.139670996338765],[0.6878584995655656,47.13435699612194],[0.6708015005300754,47.1444139962194],[0.6490534998344573,47.14544249602435],[0.5849445001973648,47.12024049606908],[0.5907740005043586,47.11528999577322],[0.5855484998750008,47.10069699609641],[0.5920855005084263,47.08912499653835],[0.58544699973268,47.08263549647308],[0.6141774999615788,47.06988699572939],[0.6064664993770797,47.05375449625964]]],[[[0.5651264998357743,47.327160496500895],[0.5937614996404278,47.352752996293695],[0.5872469997871238,47.36897599584976],[0.521096499697332,47.3532899957276],[0.531435500076105,47.34314999592775],[0.5337994997695071,47.32721049645349],[0.5485029998118199,47.32168549604088],[0.5651264998357743,47.327160496500895]]]]}},{"type":"Feature","properties":{"id":"saint-nicolas-de-bourgueil","name":"Saint-Nicolas-de-Bourgueil","region":"Loire","grapes":["Cabernet Franc","Cabernet Sauvignon"],"original_region":"Loire","key_appellations":[],"desc":"Saint-Nicolas-de-Bourgueil is an appellation in the Loire region. Main grapes: Cabernet Franc, Cabernet Sauvignon."},"geometry":{"type":"Polygon","coordinates":[[[0.1640015002583452,47.255551495704246],[0.16496649998863788,47.26128799614262],[0.1566464994319064,47.26397699647],[0.15633200055292476,47.27818899585872],[0.1648090003184302,47.320148496286485],[0.1519844993341005,47.3312004961764],[0.14729949956275598,47.34537499603346],[0.13801450033803708,47.33615549656509],[0.11745700020925584,47.332342496523],[0.11361349970846267,47.31813999596125],[0.07844899980729579,47.28285649640232],[0.08975350038836734,47.282897496401745],[0.088647500101914,47.27539249567194],[0.15166400012252998,47.25511549645834],[0.1640015002583452,47.255551495704246]]]}},{"type":"Feature","properties":{"id":"saint-pourcain","name":"Saint-Pourçain","region":"Loire","grapes":["Chardonnay","Gamay","Pinotoir","Sacy","Sauvignon"],"original_region":"Loire","key_appellations":[],"desc":"Saint-Pourçain is an appellation in the Loire region. Main grapes: Chardonnay, Gamay, Pinotoir, Sacy, Sauvignon."},"geometry":{"type":"Polygon","coordinates":[[[3.1540010000015046,46.21742249534074],[3.1772760003024163,46.22215599584939],[3.1879844994634348,46.231342495509885],[3.204650999457657,46.22766249596182],[3.215271999488689,46.243191495827745],[3.2292139995381444,46.2432624958038],[3.229267500360537,46.2505049956661],[3.237245499958311,46.2466624958893],[3.2482780004818834,46.25494199618538],[3.240952999991281,46.26300899541875],[3.2443459999229334,46.268110495917554],[3.2804790003645397,46.286890495544846],[3.3003500000264125,46.28033449596351],[3.3063234998935904,46.28419799599695],[3.3077834999671505,46.26780949599237],[3.3173880005214134,46.267996496233785],[3.346659000442223,46.2967574958822],[3.345326000446626,46.31939899585957],[3.358873500332421,46.3320534961018],[3.3378749997424655,46.35918899603464],[3.308424499923516,46.365697995793326],[3.3159525003641783,46.37229149625697],[3.3080319998297782,46.38009799613208],[3.3088369996004823,46.388773496233064],[3.322884999425547,46.39980949575357],[3.3247700004682885,46.43555799584545],[3.333079000566926,46.448667495901674],[3.3262650002963046,46.45691499548245],[3.3317910001241415,46.46721349595463],[3.3248740005867465,46.4891064961305],[3.3297434997541107,46.508350995895526],[3.280525499571522,46.507014495501146],[3.277365999452591,46.52022199601648],[3.2579230003564024,46.51516249596799],[3.2378184999512265,46.52099149576988],[3.1993114993712846,46.48476099594092],[3.2059144999670224,46.46590599588771],[3.222734999546288,46.45133499560861],[3.212618000206033,46.44151649588178],[3.214029499863615,46.42409549539794],[3.205866999645177,46.422223995964075],[3.2145410002379133,46.4114499962429],[3.213192499898061,46.400438995585],[3.195543000454058,46.39459049555881],[3.1958329994351313,46.380012495606685],[3.183761999357793,46.37708899588561],[3.198268999828363,46.37373999535876],[3.213951999669263,46.358729495429095],[3.2007299995912786,46.35271249610233],[3.1957225002390186,46.3318319953932],[3.1685989998756523,46.307785995386354],[3.143334000497828,46.324523495727085],[3.1337985002259643,46.32081249570959],[3.133455499905848,46.310647495358694],[3.1095484993947653,46.30491949587055],[3.111640500138826,46.296807996152786],[3.1194470006050343,46.29801399609409],[3.1393010003309723,46.2843789958967],[3.134967999681873,46.2764464955397],[3.141626500620634,46.26605199577556],[3.1249154996035187,46.25879199608732],[3.1238844995722794,46.25025149604398],[3.132249500295476,46.241285495637236],[3.1216810002107818,46.23227199612692],[3.1540010000015046,46.21742249534074]]]}},{"type":"Feature","properties":{"id":"sancerre","name":"Sancerre","region":"Loire","grapes":["Pinotoir","Sauvignon"],"original_region":"Loire","key_appellations":[],"desc":"Sancerre is an appellation in the Loire region. Main grapes: Pinotoir, Sauvignon."},"geometry":{"type":"Polygon","coordinates":[[[2.637117999525697,47.233751495830646],[2.6471639994103318,47.212315496159704],[2.671638000342853,47.19942799610561],[2.7324880000943295,47.21758599636845],[2.7361154998589434,47.234935496136146],[2.8224579995161805,47.27458999565667],[2.841507000141188,47.27630699577461],[2.8454434998532285,47.25937799631273],[2.85207099943058,47.261507495809994],[2.867865000049594,47.248481996396784],[2.8714424994536567,47.26285849589686],[2.8649010005299447,47.2694099957855],[2.864312500211378,47.28349149602937],[2.9129640004483384,47.308311495776984],[2.87656500015609,47.32186849592767],[2.869643999496962,47.34085849585384],[2.919767000485315,47.41046599657105],[2.865081000100438,47.40793999591836],[2.8529579993251257,47.40129349629434],[2.84039350016253,47.424600996369364],[2.78792750014978,47.40372449619224],[2.7664159998211137,47.37317799596239],[2.7352984994030947,47.38219449608747],[2.7323799994210813,47.37257949595684],[2.70917800042212,47.36393149635635],[2.718548000483763,47.35486049649971],[2.7134249996303206,47.351008996535725],[2.717023500225921,47.33601999649147],[2.7363799999653895,47.323360995998016],[2.7060599997684296,47.31010399634604],[2.73507749997935,47.281760996034855],[2.7139390000812518,47.26473999656728],[2.696988999442565,47.2594874957992],[2.692280500373448,47.247088496267715],[2.682851999720212,47.24968099603006],[2.637117999525697,47.233751495830646]]]}},{"type":"Feature","properties":{"id":"saumur","name":"Saumur","region":"Loire","grapes":["Cabernet Franc","Cabernet Sauvignon","Chardonnay","Chenin","Gamay","Grolleau Gris","Grolleau","Pineau D'Aunis"],"original_region":"Loire","key_appellations":[],"desc":"Saumur is an appellation in the Loire region. Main grapes: Cabernet Franc, Cabernet Sauvignon, Chardonnay, Chenin, Gamay, Grolleau Gris, Grolleau, Pineau D'Aunis."},"geometry":{"type":"Polygon","coordinates":[[[-0.13214199984010191,47.05178349584583],[-0.14604049941757904,47.02767649568972],[-0.13908799946303327,47.01675599586153],[-0.11844899948199572,47.007163495661295],[-0.09237649950382125,47.0052874958692],[-0.08647599976726536,46.98529599632822],[-0.0553254996546429,46.9946344960491],[-0.03842850023808061,46.99030549599009],[-0.033119500533482435,46.98024499555651],[-0.031212500593668882,46.984738996380955],[-0.00627599954834756,46.98592599640193],[0.008227000062434752,46.99877599611281],[0.007178999970954514,47.01081499630689],[0.02343500047884661,47.012223995869554],[0.023931999764021272,47.01902899595895],[-0.00220649956560804,47.028444995735654],[0.02854150030192921,47.02200149581323],[0.03878450038229037,47.03332199587966],[0.04868750021350538,47.02951499567036],[0.04549850059799627,47.03791149600021],[0.036030500475522864,47.03614699641171],[0.02372400002228046,47.04525999638609],[0.05117199940744367,47.07321349598597],[0.045305500582655076,47.09186199582466],[0.021666000361109834,47.10218899621635],[0.005174500193873373,47.087410495759286],[-0.019169000307290962,47.09564449568183],[-0.03531499944373822,47.08671699574393],[-0.026535000382546917,47.10579849623656],[-0.03941399997934298,47.10787349613346],[-0.040984500342051575,47.11355599569856],[-0.03347749977297383,47.12122599634748],[-0.01646599956315148,47.11815549629434],[-0.01282849963430663,47.12389899601233],[0.00855600042894917,47.11578349597534],[0.023491000603643997,47.117975495767595],[0.04287950066478668,47.142572995921405],[0.036637499816575894,47.16035799592007],[0.049204500034318414,47.168886995634885],[0.05383000050171152,47.16373349573563],[0.06305300002225515,47.17528199650859],[0.06659649996167898,47.189795995953986],[0.05380049981782015,47.19885749601382],[0.06818600013287245,47.21578299603698],[0.0793204999078345,47.21677399631685],[0.07680099963547345,47.220144995650124],[0.0594229996256408,47.21876699578394],[0.003458000088320562,47.24208299623318],[-0.044827000044208275,47.25312899572862],[-0.0483385000238032,47.259698495724656],[-0.03559600056767733,47.279399995959594],[-0.025624499522949803,47.28270899615021],[-0.05450250050839717,47.301508995756755],[-0.09587600027926754,47.31666549581625],[-0.11140350030493616,47.3075174960144],[-0.119095499347319,47.29349399603711],[-0.13608200063221787,47.29754149643105],[-0.15845700008874905,47.286575495890965],[-0.15435050003303968,47.26654849630544],[-0.16202499992097058,47.25112749584245],[-0.16965499998942554,47.25316699567988],[-0.1807445001177172,47.24302549619357],[-0.19266250011704839,47.24213449620245],[-0.19813149981344522,47.26132099592427],[-0.2232604994155972,47.265454995909565],[-0.2381240000022903,47.24756499607175],[-0.24080099971828745,47.223563496321546],[-0.27735700047094886,47.222740496481165],[-0.2845050004504351,47.21627749596645],[-0.32989950040481336,47.208666496408696],[-0.3566420005450512,47.21511049615692],[-0.3453480001771756,47.22698549637916],[-0.3783105003401737,47.23341499642148],[-0.37021349973007806,47.25097699579749],[-0.3564140001943237,47.26048099588623],[-0.365900999971879,47.27029499570622],[-0.38846499977998544,47.27579499568431],[-0.39326999989309386,47.26888549597548],[-0.3876755006192718,47.25641649604927],[-0.4054899998462893,47.24415799576428],[-0.3933290006781051,47.222123496386],[-0.4012615003307282,47.219640496133806],[-0.4185915004149455,47.195688496362216],[-0.4137009994841283,47.18018849576656],[-0.3896700003112065,47.17587949582216],[-0.4100330004453572,47.158852496024046],[-0.3520954999669023,47.152208996422885],[-0.3501459998594375,47.13699699632937],[-0.3335474995083919,47.13346749607468],[-0.3414339996457214,47.12896449582657],[-0.3390744997732051,47.125283995785594],[-0.3193750004103798,47.120293996057725],[-0.3036414998761259,47.12349099590732],[-0.2944255003917649,47.13454899604923],[-0.28354299980605807,47.125075496057924],[-0.2708345006009313,47.129504995865865],[-0.25228450047820167,47.10998649606006],[-0.2628769995392555,47.10547199650627],[-0.26223350041770405,47.099005996431934],[-0.24100700058715485,47.10573949595271],[-0.2062684997225124,47.09319099592394],[-0.18706999957883338,47.10112949602129],[-0.1852374997381215,47.108414996464894],[-0.11553499935839896,47.099075495755024],[-0.0980500003831307,47.09134649594848],[-0.10211599987785752,47.06479999646848],[-0.13214199984010191,47.05178349584583]]]}},{"type":"Feature","properties":{"id":"saumur-champigny","name":"Saumur-Champigny","region":"Loire","grapes":["Cabernet Franc","Cabernet Sauvignon","Pineau D'Aunis"],"original_region":"Loire","key_appellations":[],"desc":"Saumur-Champigny is an appellation in the Loire region. Main grapes: Cabernet Franc, Cabernet Sauvignon, Pineau D'Aunis."},"geometry":{"type":"Polygon","coordinates":[[[-0.014741000044227912,47.190099496405644],[-0.010196499489747077,47.199371996466226],[0.00977099940980392,47.19262149640935],[0.04158100034605607,47.20360899652378],[0.05380049981782015,47.19885749601382],[0.06818600013287245,47.21578299603698],[0.0793204999078345,47.21677399631685],[-0.044827000044208275,47.25312899572862],[-0.0483385000238032,47.259698495724656],[-0.03559600056767733,47.279399995959594],[-0.025624499522949803,47.28270899615021],[-0.07787599943444465,47.31222749656569],[-0.0972444998292836,47.316231496380574],[-0.11140350030493616,47.3075174960144],[-0.119095499347319,47.29349399603711],[-0.13608200063221787,47.29754149643105],[-0.15845700008874905,47.286575495890965],[-0.15636100010587412,47.26857499615254],[-0.14607449969800462,47.269157496585855],[-0.12388499971365596,47.24956249568129],[-0.10781250041601144,47.24505799584919],[-0.11213349965175048,47.23533899606755],[-0.08624449939522699,47.22830899637258],[-0.08052799965522257,47.21726899628919],[-0.08555000018066374,47.20712799572213],[-0.08075750005169083,47.17262349562755],[-0.08947050049493399,47.16685999561163],[-0.08086549990560085,47.148680996334555],[-0.08811399971083861,47.12958299617484],[-0.0800704995982962,47.12520699624691],[-0.0711464996365769,47.130569495967016],[-0.07093950031023957,47.13916899584721],[-0.00039600043161494493,47.18607199596181],[-0.014741000044227912,47.190099496405644]]]}},{"type":"Feature","properties":{"id":"savennieres","name":"Savennières","region":"Loire","grapes":["Chenin"],"original_region":"Loire","key_appellations":[],"desc":"Savennières is an appellation in the Loire region. Main grapes: Chenin."},"geometry":{"type":"Polygon","coordinates":[[[-0.7269650000459198,47.36190899610171],[-0.650331500194559,47.377339996050296],[-0.6279609999835656,47.39386199589398],[-0.5871020001349803,47.45184699616313],[-0.5899270000508736,47.45877049596597],[-0.6307954999967101,47.44665899572022],[-0.650389999974925,47.4541669957513],[-0.660968499875612,47.4381409958859],[-0.7011584996049609,47.42516649592306],[-0.6981649999335584,47.40985149610989],[-0.7284910000585453,47.39298349580338],[-0.7360579994355244,47.394313996538905],[-0.7432954995924785,47.37946399662043],[-0.7427150006313569,47.36609499645592],[-0.7269650000459198,47.36190899610171]]]}},{"type":"Feature","properties":{"id":"savennieres-coulee-de-serrant","name":"Savennières Coulée de Serrant","region":"Loire","grapes":["Chenin"],"original_region":"Loire","key_appellations":[],"desc":"Savennières Coulée de Serrant is an appellation in the Loire region. Main grapes: Chenin."},"geometry":{"type":"Polygon","coordinates":[[[-0.7011584996049609,47.42516649592306],[-0.6971325001865363,47.413839496093225],[-0.7029415005699765,47.40756599609427],[-0.6934839997827434,47.405653496111405],[-0.6893385001826613,47.389827996086254],[-0.6711045003704534,47.38616299622572],[-0.6741469997932286,47.381357995829546],[-0.6681884995314514,47.37440199642835],[-0.650331500194559,47.377339996050296],[-0.6250925003247753,47.398007996469055],[-0.6492814994311946,47.40833249658921],[-0.6563784993348551,47.42255199590617],[-0.6488025000801136,47.42702299638549],[-0.660968499875612,47.4381409958859],[-0.7011584996049609,47.42516649592306]]]}},{"type":"Feature","properties":{"id":"savennieres-roche-aux-moines","name":"Savennières Roche aux Moines","region":"Loire","grapes":["Chenin"],"original_region":"Loire","key_appellations":[],"desc":"Savennières Roche aux Moines is an appellation in the Loire region. Main grapes: Chenin."},"geometry":{"type":"Polygon","coordinates":[[[-0.7011584996049609,47.42516649592306],[-0.6971325001865363,47.413839496093225],[-0.7029415005699765,47.40756599609427],[-0.6934839997827434,47.405653496111405],[-0.6893385001826613,47.389827996086254],[-0.6711045003704534,47.38616299622572],[-0.6741469997932286,47.381357995829546],[-0.6681884995314514,47.37440199642835],[-0.650331500194559,47.377339996050296],[-0.6250925003247753,47.398007996469055],[-0.6492814994311946,47.40833249658921],[-0.6563784993348551,47.42255199590617],[-0.6488025000801136,47.42702299638549],[-0.660968499875612,47.4381409958859],[-0.7011584996049609,47.42516649592306]]]}},{"type":"Feature","properties":{"id":"touraine-noble-joue","name":"Touraine Noble Joué","region":"Loire","grapes":["Meunier","Pinot Gris","Pinotoir"],"original_region":"Loire","key_appellations":[],"desc":"Touraine Noble Joué is an appellation in the Loire region. Main grapes: Meunier, Pinot Gris, Pinotoir."},"geometry":{"type":"Polygon","coordinates":[[[0.8003415004725172,47.32724199618765],[0.7915369994215122,47.32743949608269],[0.7828445004678262,47.34419299642449],[0.7964680000618203,47.372130996483925],[0.7838205000778992,47.37664049599276],[0.7676704998804523,47.37862699600602],[0.7623714993716889,47.369647996185755],[0.7506240001656022,47.375019996515086],[0.7398080000038479,47.36911299569791],[0.7373295004675164,47.37668199655751],[0.7151434993971352,47.37400449599998],[0.7036084998321314,47.348948496209275],[0.6896530006465197,47.36359649610181],[0.6652449999672946,47.36284099630398],[0.6527124995874531,47.369104495839615],[0.6604004995423833,47.37513799626478],[0.6496390005142989,47.374806495823236],[0.6410204995449696,47.37301499595361],[0.6405675004320497,47.353934495935796],[0.6217300000439301,47.344749496386896],[0.6271689994257182,47.32989399613178],[0.6101619997151574,47.30539249638871],[0.6642194995380298,47.29958699639429],[0.6916064997181175,47.313749996375684],[0.7512015006954872,47.318755495941645],[0.7497909994352957,47.311713995717184],[0.7556405000199278,47.30850949646239],[0.7511375005645896,47.28860899635725],[0.7740280005879508,47.28356749595113],[0.7654834993388457,47.2638824964243],[0.8053994999292992,47.25002349614353],[0.8042890006496406,47.256486995872834],[0.8186554999602129,47.26018549587475],[0.8183779993796091,47.27691649633125],[0.8303050001627281,47.27590349601071],[0.8243410000697754,47.29512399608703],[0.8280340004195952,47.30952299619369],[0.8218529994944765,47.31762949597959],[0.8037849997432236,47.32022499624377],[0.8003415004725172,47.32724199618765]]]}},{"type":"Feature","properties":{"id":"valencay","name":"Valençay","region":"Loire","grapes":["Cabernet Franc","Chardonnay","Cot","Gamay","Orbois","Pineau D'Aunis","Pinotoir","Sauvignon"],"original_region":"Loire","key_appellations":[],"desc":"Valençay is an appellation in the Loire region. Main grapes: Cabernet Franc, Chardonnay, Cot, Gamay, Orbois, Pineau D'Aunis, Pinotoir, Sauvignon."},"geometry":{"type":"Polygon","coordinates":[[[1.4701980005643398,47.08240199568242],[1.4645679993679261,47.09248099642494],[1.48564300006071,47.121742496178854],[1.5143489993217882,47.110569996394126],[1.5514744996407286,47.112943496482735],[1.5570450005860217,47.13317799634699],[1.5724219994753175,47.13647549584316],[1.6022559996113532,47.11912599604025],[1.6253719996310514,47.11526849625563],[1.6289035001285006,47.107282996236975],[1.6402435003433444,47.10667749576131],[1.6520339998587494,47.096492996213804],[1.6515859998340192,47.11092899642598],[1.674701499868114,47.138547495609934],[1.7213090001220177,47.15562849645955],[1.6950905001797962,47.16996949566676],[1.701782499487572,47.18961749631794],[1.6887810005694035,47.1898599960151],[1.6902059996873644,47.197515496437866],[1.6784060002375716,47.201946496159245],[1.674806000159567,47.21020249622386],[1.6801970005224414,47.22808999625955],[1.6735414995906008,47.23227999586686],[1.7232065005254311,47.23170049570736],[1.7343489999266986,47.24511799574187],[1.7500449993020344,47.24731299639433],[1.7158160001376779,47.276819496134756],[1.70452299959951,47.26497399637749],[1.6666934993530427,47.25715949620712],[1.644667499591472,47.26422599601829],[1.6516914996111998,47.27299399577834],[1.6076444994391543,47.275422995872475],[1.6145804993838118,47.29525799601269],[1.6093640001226734,47.29963249581413],[1.556106000528866,47.29726149623132],[1.511185500524611,47.27337999656658],[1.5186635004620703,47.255351495859706],[1.5310509997582211,47.248780995661996],[1.525351499503325,47.24131899621029],[1.5347609997511593,47.226046495874925],[1.5310449999557638,47.21846349567371],[1.5030574998814168,47.23513249618424],[1.4935964996781628,47.23200549587301],[1.4815959996375556,47.23915949604428],[1.458070500364028,47.239926496353796],[1.421202499812968,47.22915999573414],[1.40142000014933,47.21244749640478],[1.3714154998153798,47.19969499614732],[1.3384940000824608,47.19554649584149],[1.3266589998512393,47.18622149582228],[1.3434530005809187,47.17368249604873],[1.3637464996745225,47.1350809963534],[1.3658839997209962,47.122548496283486],[1.3556629995167042,47.108471995778466],[1.3796000004176696,47.09625899638195],[1.3942895002040514,47.07748649625749],[1.4623784994321338,47.069252996316486],[1.4701980005643398,47.08240199568242]]]}},{"type":"Feature","properties":{"id":"vouvray","name":"Vouvray","region":"Loire","grapes":["Chenin","Orbois"],"original_region":"Loire","key_appellations":[],"desc":"Vouvray is an appellation in the Loire region. Main grapes: Chenin, Orbois."},"geometry":{"type":"Polygon","coordinates":[[[0.6896530006465197,47.36359649610181],[0.7036084998321314,47.348948496209275],[0.7151434993971352,47.37400449599998],[0.7373295004675164,47.37668199655751],[0.7151284998204649,47.377182496203794],[0.7008854995407713,47.399403496234164],[0.7803180000968656,47.40817249638448],[0.8341709996703024,47.392419496379084],[0.9342930003382401,47.4042069958271],[0.9174520003797118,47.43175199605894],[0.9157869998424814,47.452157996301274],[0.9277395000468515,47.461386495879566],[0.9156190007053393,47.47315799590111],[0.9201530000188948,47.482254995965285],[0.8975995003761345,47.48812099596023],[0.902544999505148,47.49548749585611],[0.8948214997891104,47.50132999609761],[0.8717444996662189,47.505314496574606],[0.8679375004813863,47.50854949599344],[0.8744529994043166,47.51304049642115],[0.8443205003608824,47.5174239958923],[0.833537999660947,47.51364199660514],[0.8331024999609563,47.50086149640527],[0.8246270005117533,47.50012049631188],[0.8190515003104104,47.460508495943735],[0.8046649999496893,47.46949499585964],[0.7659899997499012,47.46497349579975],[0.7621170005269987,47.479315996128534],[0.7422034996045342,47.479538495896996],[0.7460740003629382,47.46771649650157],[0.7328504994088125,47.47063749624202],[0.7250870003446369,47.46189349635799],[0.7321505003564215,47.46082149597729],[0.7104049994135744,47.438745496117306],[0.6832234994651407,47.43959549614093],[0.6730200005209217,47.4299374966003],[0.6801599998365055,47.400709496217814],[0.6641080006227942,47.39701449633915],[0.6660439996105963,47.37963299620277],[0.6527124995874531,47.369104495839615],[0.6652449999672946,47.36284099630398],[0.6896530006465197,47.36359649610181]]]}},{"type":"Feature","properties":{"id":"bandol","name":"Bandol","region":"Provence","grapes":["Bourboulenc","Carignan","Cinsaut","Clairette","Grenache","Marsanne","Mourvèdre","Sauvignon"],"original_region":"Provence","key_appellations":[],"desc":"Bandol is an appellation in the Provence region. Main grapes: Bourboulenc, Carignan, Cinsaut, Clairette, Grenache, Marsanne, Mourvèdre, Sauvignon."},"geometry":{"type":"MultiPolygon","coordinates":[[[[5.822860000436373,43.11973149498873],[5.887336500457977,43.11614499437064],[5.88581600045534,43.12992499446068],[5.879928500529327,43.13340199494672],[5.88256749981903,43.13957399428364],[5.885707499990479,43.13452449485179],[5.882192499818157,43.16039799415579],[5.902227000157236,43.1714354943555],[5.900127499635536,43.1827654948251],[5.9220860003227775,43.192746494592875],[5.939586999737386,43.21596949423608],[5.865802000245301,43.21362349463902],[5.848828000008025,43.23830199434697],[5.766549500425594,43.269119494419314],[5.711472499648922,43.253315994625176],[5.7012219996796905,43.247154494885464],[5.702400499917525,43.23916749469778],[5.682412500085532,43.235450994868955],[5.671879500150771,43.17926899477529],[5.685516499807087,43.18007749495104],[5.694605499663446,43.17179049502866],[5.682097999756028,43.16058849472663],[5.694874999963829,43.14358949472582],[5.716529499570935,43.14802649431689],[5.7241089996509285,43.136177994227005],[5.749288500223517,43.1354609948337],[5.751483500237649,43.129805994875426],[5.7545570001753665,43.135257494608496],[5.774275999737531,43.13790049480334],[5.780694499638064,43.1296369941666],[5.766717000093787,43.115336994974925],[5.791064499621447,43.11215349418652],[5.822860000436373,43.11973149498873]]],[[[5.748508999988223,43.128317994413074],[5.745824500055007,43.12858349464973],[5.752997999890099,43.128229494140086],[5.748508999988223,43.128317994413074]]]]}},{"type":"Feature","properties":{"id":"bellet-vin-de-bellet","name":"Bellet / Vin de Bellet","region":"Provence","grapes":["Bourboulenc","Brachet","Chardonnay","Cinsaut","Clairette","Fuellaera","Grenache","Mayorquin"],"original_region":"Provence","key_appellations":[],"desc":"Bellet / Vin de Bellet is an appellation in the Provence region. Main grapes: Bourboulenc, Brachet, Chardonnay, Cinsaut, Clairette, Fuellaera, Grenache, Mayorquin."},"geometry":{"type":"Polygon","coordinates":[[[7.182759999984408,43.741428495046264],[7.187086500635108,43.69467049442167],[7.200479000472863,43.6455389950076],[7.212710500452064,43.64776199486244],[7.225150999910691,43.6594924949537],[7.230513500558838,43.678602994543624],[7.248009500581582,43.69128349458985],[7.284869999663351,43.692827994884034],[7.283217500169866,43.69465999438334],[7.285600000329404,43.697937494743],[7.295256999850386,43.68552599440072],[7.305647499957309,43.68569699524025],[7.3087014997601445,43.69238449497303],[7.300826999886293,43.70619449473454],[7.323426999899787,43.7229319946557],[7.306544000172636,43.72628449518792],[7.302754000294688,43.72113549501551],[7.292476999747802,43.73290799448313],[7.305772499824023,43.735765495112034],[7.3121329999795,43.74551949458816],[7.296241000155356,43.75870349506914],[7.298760000582801,43.739566494679984],[7.285883999993342,43.73390399449348],[7.273363999934719,43.74517349446407],[7.251243500590301,43.74028249439232],[7.248628499698028,43.751578994764344],[7.220706999930264,43.741691494453605],[7.215185499640682,43.75568399459767],[7.199388999697438,43.76084699442542],[7.182759999984408,43.741428495046264]]]}},{"type":"Feature","properties":{"id":"cassis","name":"Cassis","region":"Provence","grapes":["Barbaroux","Bourboulenc","Carignan","Cinsaut","Clairette","Grenache","Marsanne","Mourvèdre"],"original_region":"Provence","key_appellations":[],"desc":"Cassis is an appellation in the Provence region. Main grapes: Barbaroux, Bourboulenc, Carignan, Cinsaut, Clairette, Grenache, Marsanne, Mourvèdre."},"geometry":{"type":"Polygon","coordinates":[[[5.594329499537402,43.23630849480217],[5.588247499787787,43.24007449493815],[5.5769530002826455,43.233269494361004],[5.554788999794486,43.24862749474927],[5.519641500129121,43.244326994926546],[5.524471500511939,43.23516049459878],[5.506707999406399,43.23166849481942],[5.517891499795457,43.215478494220974],[5.511832999820018,43.206890994312886],[5.509375000423852,43.197530494829856],[5.5123909994148335,43.204508494320145],[5.5214050003805815,43.21078799499709],[5.514227000580941,43.203239994855075],[5.534501500428954,43.212845494585714],[5.54990849971977,43.207367994639704],[5.547959999720671,43.19602399485017],[5.555538499412906,43.18836699454274],[5.592465000005769,43.21880149490344],[5.587811500026206,43.22938649441435],[5.594329499537402,43.23630849480217]]]}},{"type":"Feature","properties":{"id":"coteaux-varois-en-provence","name":"Coteaux Varois en Provence","region":"Provence","grapes":["Cabernet Sauvignon","Carignan","Cinsaut","Clairette","Grenachelanc","Grenache","Mourvèdre","Semillon"],"original_region":"Provence","key_appellations":[],"desc":"Coteaux Varois en Provence is an appellation in the Provence region. Main grapes: Cabernet Sauvignon, Carignan, Cinsaut, Clairette, Grenachelanc, Grenache, Mourvèdre, Semillon."},"geometry":{"type":"MultiPolygon","coordinates":[[[[5.993985499873133,43.263449495017404],[6.021306500539425,43.257649995063815],[6.060351500095656,43.286016494954666],[6.087670999475038,43.280101494493486],[6.117679000587766,43.296402994792835],[6.123102000181253,43.30802499467459],[6.137545999647281,43.308126994754474],[6.13380999956847,43.33738299500064],[6.138350500223761,43.3589189946726],[6.17832149942268,43.37175149509467],[6.180471000326085,43.378892495138494],[6.15724000060358,43.38499749484881],[6.169972499454155,43.40163949508523],[6.165547499476101,43.414626994894775],[6.175156499890037,43.4178659948971],[6.141037999598493,43.41595399461266],[6.135702000290143,43.41848099473692],[6.139818500402561,43.422124494882716],[6.110203000102742,43.429741494416064],[6.1084404995971004,43.43786749504451],[6.126186000282031,43.44609599443498],[6.115456000117705,43.46407099474878],[6.0791934995285635,43.46186299509186],[6.067620999975957,43.46996299509529],[6.058232000095583,43.466968995075796],[6.059277999571693,43.4568384950543],[6.048012500375794,43.461761494803774],[6.042633499725797,43.45576599451316],[6.018213999766434,43.46606599455753],[6.01560400062273,43.459668994440634],[5.992716999491105,43.47086549461143],[6.033319500399207,43.477335494821844],[6.0423744995184965,43.4893164947528],[6.0409840005027755,43.50010499516991],[6.0546069998228536,43.5151574947122],[6.100338000536448,43.51797149490443],[6.09035700007606,43.53636899463887],[6.120462500332681,43.55919849467228],[6.095025500123188,43.564503994791956],[6.0655240001131085,43.58624849497255],[6.057148500455356,43.6169319949877],[6.004939000100836,43.629134995089906],[5.963124499440343,43.61556449492936],[5.903460499622464,43.61953749466941],[5.8938349996719825,43.612944994588574],[5.91158400003269,43.6019314944644],[5.908738000278878,43.56256499466415],[5.9157419994494855,43.560514995121515],[5.896987499794804,43.53901199472872],[5.82627199945219,43.548471994427445],[5.7793485002821985,43.533730994525826],[5.781459499548333,43.51992699438439],[5.775481500582435,43.50952899433571],[5.817439500494697,43.459498994914604],[5.801949000628546,43.44169249448751],[5.796797500619192,43.418964494428394],[5.788348999520258,43.42026049465838],[5.786355500355204,43.4139044948594],[5.755292500007152,43.402323495133324],[5.701280000521425,43.40806949433562],[5.682792500447514,43.399159495016406],[5.703465499966215,43.35358849500307],[5.736578000046908,43.34101699455991],[5.80633899986775,43.347417994763035],[5.8665130006253285,43.36014099442798],[5.880321999505327,43.37132749432213],[5.956507499415069,43.372064995076165],[5.962338499559812,43.363406494650526],[5.954917999439687,43.35503799480816],[5.959017999785421,43.3389604949331],[5.933131500531492,43.318032994774754],[5.903936000234851,43.315033994298695],[5.893346499794503,43.324293494933606],[5.8814759995346595,43.32019799450624],[5.853909499569471,43.33037949495325],[5.83131750018285,43.31546899467957],[5.817584499593023,43.339453494515084],[5.779000500493768,43.33063849497227],[5.772812499807263,43.28924649505557],[5.761247499462672,43.2800884948279],[5.760926499452194,43.26734149441197],[5.848828000008025,43.23830199434697],[5.865802000245301,43.21362349463902],[5.939586999737386,43.21596949423608],[5.929259999820332,43.23044449416868],[5.945269500102945,43.238578995005625],[5.970241000493337,43.239895994256045],[5.970689999618264,43.24835399494667],[5.985943000528826,43.25078799507929],[5.993985499873133,43.263449495017404]]],[[[6.289099500149652,43.537527494776995],[6.305133500065752,43.535426994795074],[6.320543000082886,43.547458494637425],[6.325856000270646,43.562057494461044],[6.312848500176922,43.563993995038345],[6.267071000303253,43.594384994546544],[6.245321500385187,43.58703099515945],[6.222922999905489,43.59717849458878],[6.188979499835209,43.592707494337766],[6.192799000260189,43.56071599480488],[6.187202000294706,43.53610449485219],[6.278672500373256,43.531447495171925],[6.289099500149652,43.537527494776995]]]]}},{"type":"Feature","properties":{"id":"coteaux-d-aix-en-provence","name":"Coteaux d'Aix-en-Provence","region":"Provence","grapes":["Bourboulenc","Cabernet Sauvignon","Carignan","Cinsaut","Clairette","Counoise","Grenachelanc","Grenache"],"original_region":"Provence","key_appellations":[],"desc":"Coteaux d'Aix-en-Provence is an appellation in the Provence region. Main grapes: Bourboulenc, Cabernet Sauvignon, Carignan, Cinsaut, Clairette, Counoise, Grenachelanc, Grenache."},"geometry":{"type":"MultiPolygon","coordinates":[[[[5.045433499600598,43.569288494855385],[5.021993999563672,43.55615599504594],[5.023663000054733,43.54982999484256],[5.033045000202621,43.545063994710134],[5.044875500244888,43.520505994640416],[5.058695999975401,43.52787399457485],[5.105088500314882,43.52598449474258],[5.117136499529584,43.52010799461351],[5.113568500594252,43.50466099499887],[5.141510999910209,43.459207995034895],[5.154533499917529,43.45492149463853],[5.163451499803615,43.470775994733884],[5.207927500580898,43.491939994517516],[5.223418500032337,43.47912249493911],[5.240814000259038,43.474560494926365],[5.2589710001807894,43.483873495062234],[5.279455000013103,43.4848179943179],[5.28916550019146,43.476952994898994],[5.286558000054111,43.46770499515927],[5.298750000410573,43.46290799438491],[5.300999999421653,43.44611249490003],[5.329336500448721,43.461323494730074],[5.320041000042746,43.484079494332846],[5.335011499502557,43.48891549514788],[5.387537999852484,43.461902994342346],[5.4041839998743875,43.47076899495506],[5.45233750057602,43.47587299441938],[5.47122299985559,43.49174749496437],[5.463567500001584,43.50205249494469],[5.469584500329348,43.51188649472065],[5.4795040001682915,43.51255349476964],[5.477995999941355,43.52493449469824],[5.504891999992044,43.529052494440776],[5.511498499592771,43.53736249472105],[5.566732999405207,43.53844599516932],[5.580148000085367,43.530846995109435],[5.612202000167578,43.530736494297244],[5.665450000471095,43.538678495075374],[5.706696500253354,43.55623499448889],[5.770422500601813,43.54549449495163],[5.785812500514849,43.53736599468732],[5.814765999856771,43.54332899470361],[5.8276805001921375,43.54824699494238],[5.822692499834022,43.58812699430956],[5.830087499834841,43.58943649461617],[5.830998999694547,43.61566849466438],[5.8089374994682315,43.62463599458942],[5.8079354998168675,43.651777994342225],[5.799208500552542,43.65992999438606],[5.770547500604556,43.66098699471579],[5.720754000014766,43.649136494528065],[5.70293600015622,43.67938099523589],[5.682822499639581,43.6928269943607],[5.6718709997729295,43.69303549512948],[5.642949000234972,43.67254649479134],[5.606943499680095,43.65868599461795],[5.531450499513928,43.65900699521338],[5.439241999687715,43.681107994967604],[5.373475000506431,43.70829699460158],[5.355507499439968,43.70624049471312],[5.34701049945856,43.7127974948851],[5.311195499626019,43.701212494934786],[5.309825500537486,43.69305699474901],[5.288323499859784,43.689433994998765],[5.275214499786915,43.697114994347416],[5.262270000113223,43.730947995189474],[5.264104999397523,43.74422849468261],[5.229298000158109,43.74755649480887],[5.187975999867135,43.73509949452332],[5.12378499949798,43.75874849490655],[5.127913499992458,43.72573449506145],[5.1228034993768174,43.71034249494985],[5.116591499894144,43.708252994398315],[5.097322500246743,43.72460899460346],[5.069746999646341,43.73093999512179],[5.06318000036833,43.721541994738914],[5.045110999930389,43.74601799469797],[5.0301760001411955,43.751860495286],[4.997713999617897,43.7489699951658],[4.981584999957145,43.78001099444444],[4.966813000137904,43.791935494842704],[4.945583500607438,43.786872994619856],[4.90972899953131,43.803017994694486],[4.907721500126721,43.818238494762454],[4.880292499846255,43.821241495088145],[4.868539000588861,43.829835994654275],[4.8441704994602075,43.82274599442346],[4.8164890005959515,43.825712494982234],[4.802901999542019,43.81041599517843],[4.764506000080912,43.79846799450525],[4.7511750004092415,43.81752199495863],[4.713740000052151,43.81719449507835],[4.7117544995575456,43.791034495013626],[4.69749249979874,43.77628449496686],[4.709361499727589,43.765972494443716],[4.706563500379458,43.75892649506722],[4.7333909995035235,43.75415099501273],[4.713957999986285,43.73275899449638],[4.679768999567181,43.72861149487906],[4.651084499543188,43.7121134946176],[4.669154500610231,43.707538494568134],[4.669398500186894,43.69572349509224],[4.684406500047557,43.694957494613696],[4.696306999573327,43.70216199441083],[4.7586284997025,43.695848995191184],[4.8001580005973175,43.67842799472775],[4.841003500425949,43.68146449437252],[4.914781999653063,43.67010249469511],[4.932815000228808,43.67057649484688],[4.922249000525224,43.69801099527015],[4.929749499557245,43.71192999438528],[4.917467499810734,43.73750299503189],[4.981863499778303,43.71787399453303],[4.982713999777947,43.68097899468531],[4.954132499853965,43.63899999489853],[4.988594999911037,43.61804449481328],[5.012231000209775,43.629179495149295],[5.012547999635611,43.642947495015854],[5.08714949990974,43.624548994499655],[5.097489000157557,43.602888994366275],[5.065973499491237,43.5921754943629],[5.043114000034744,43.593467994597184],[5.062628000427427,43.55845199491267],[5.050013500156109,43.561345995183565],[5.045433499600598,43.569288494855385]],[[4.755335999361113,43.791181995224115],[4.767546999910345,43.796226994772226],[4.77285499954187,43.782373494625595],[4.759054500057227,43.78122649464693],[4.755335999361113,43.791181995224115]]],[[[5.06073649960538,43.42308899495887],[5.051884999600563,43.46355999501134],[5.03798499949531,43.47064449446643],[5.006004999651361,43.469664994557284],[5.000591500008742,43.4749999947457],[5.00379800009539,43.48604399511049],[4.99803050025609,43.50090649489822],[5.015851999789061,43.527461494589566],[5.014446999503781,43.55554399500947],[5.002527000247432,43.55025899490589],[5.007241999676892,43.56358349471986],[4.967149999935899,43.60091449487326],[4.980088499503245,43.60303649480404],[4.978379500130697,43.61632999480366],[4.951677000089094,43.612440494715706],[4.9448119997873565,43.62282199510214],[4.91837950056654,43.61510149491329],[4.887528000600937,43.591931494478374],[4.882666999937826,43.57835049468199],[4.889694500551758,43.55266449463261],[4.880175999616093,43.54157649440384],[4.928850499880664,43.510664494643635],[4.958733500158172,43.47795849497057],[4.975901499521873,43.474127994882664],[4.981693999541777,43.43231299440419],[4.973436500145183,43.42834399473021],[4.9738239996248375,43.40214099483593],[4.980724499652312,43.3974759948009],[4.9844680002793895,43.39576349456506],[4.98316199952507,43.40381249439121],[4.988212500066812,43.406345494419675],[5.001067500330815,43.39821599486849],[4.986555999543167,43.392656994749714],[5.003267500404403,43.379646994923675],[5.000733499699791,43.3753859947702],[5.014354000564529,43.36930249513164],[5.00953150050576,43.36500799509696],[5.017259499735515,43.36238749449345],[5.014549999875776,43.36137649472203],[5.01706099944712,43.35947099463363],[5.01515900048951,43.35699149460119],[5.0167730001554105,43.35434449422323],[5.025693000507935,43.35511999433564],[5.018816000600986,43.34218199464319],[5.0414700002727315,43.327273994990925],[5.050861000133569,43.33155149483122],[5.0482175006039505,43.32643899428738],[5.053914999689953,43.32427199436622],[5.069810499576651,43.33195299457801],[5.080607000571547,43.326418494338924],[5.1028184993950685,43.34568599484576],[5.102984500529543,43.362331994764276],[5.134872999964316,43.366374494428186],[5.17003449998558,43.34865299474802],[5.185619000407754,43.33092899495451],[5.229372499548549,43.32873599478973],[5.237152000118878,43.331575494244106],[5.236966999673747,43.348671494927906],[5.22754749999258,43.35528899435731],[5.228166499589605,43.36797299473803],[5.2142759995206776,43.38189799481926],[5.241175499719978,43.38492649499518],[5.252465999529923,43.392955995097644],[5.2713075001597955,43.391167995065814],[5.263905999730472,43.402010494793636],[5.191236500097227,43.39333749473807],[5.171919500476883,43.418639495084534],[5.1372665005903695,43.400185494721555],[5.117525999968245,43.40458999473994],[5.063779499523721,43.40148499454585],[5.057508999665862,43.40889149460014],[5.06073649960538,43.42308899495887]]]]}},{"type":"Feature","properties":{"id":"cotes-de-provence","name":"Côtes de Provence","region":"Provence","grapes":["Barbaroux","Cabernet Sauvignon","Calitor","Carignan","Cinsaut","Clairette","Grenache","Mourvèdre"],"original_region":"Provence","key_appellations":[],"desc":"Côtes de Provence is an appellation in the Provence region. Main grapes: Barbaroux, Cabernet Sauvignon, Calitor, Carignan, Cinsaut, Clairette, Grenache, Mourvèdre."},"geometry":{"type":"MultiPolygon","coordinates":[[[[6.082433000483791,43.087235994198295],[6.124885500614204,43.07891699419982],[6.13305849940403,43.05643049430473],[6.125561500239102,43.04091149443208],[6.094034499957296,43.04048399423208],[6.091038999752633,43.03572349422644],[6.097319000074679,43.02712999495553],[6.113052500059009,43.03525499434215],[6.12420049972179,43.031767494781484],[6.1340589997217325,43.03625749452662],[6.145123499873127,43.026690494324825],[6.155254500143537,43.02657199430623],[6.173001000487571,43.03240499447407],[6.152109499976624,43.03722599474702],[6.154950999527447,43.08010749481586],[6.17051999941777,43.09979899413447],[6.201625499376909,43.1160869949257],[6.239523500497701,43.11328449433723],[6.275005000195437,43.120783994481506],[6.288223499497337,43.11424399446554],[6.289391499470085,43.10676149461794],[6.316732000217454,43.106208494605035],[6.324836999968528,43.09862099422449],[6.321589500292157,43.091437494453224],[6.369167499756333,43.0893784944555],[6.364017000487255,43.09329749437497],[6.369290500595624,43.10234649472039],[6.358799000024879,43.10821849495814],[6.364074500628236,43.11078249431394],[6.359828500199649,43.11994749453044],[6.365116999997605,43.119891994846974],[6.3675675002286845,43.123497494744505],[6.366903499927228,43.12541149415497],[6.365955500411094,43.12152499481881],[6.349097999905775,43.13055949421735],[6.3519535003047825,43.138849494784345],[6.364795999731465,43.144273994985845],[6.360537499713785,43.146263494129514],[6.374342499644739,43.16631499422557],[6.398943499758476,43.16814949445034],[6.416394499804406,43.18405049438715],[6.415960000160285,43.19995899442817],[6.451129500402514,43.20761949445735],[6.454067499662198,43.194830494768624],[6.444181999509284,43.1829804943347],[6.452138999420001,43.17202449469226],[6.478270499596873,43.16881549496282],[6.501285499376115,43.18143049485451],[6.492947499485942,43.15028999466311],[6.524197499827911,43.16598899435479],[6.5346600002238455,43.163340494741604],[6.538285000366426,43.17996949424148],[6.561452000071561,43.189056494830474],[6.6017980005587775,43.18208849467405],[6.6027710003567535,43.17415949476142],[6.621123000139695,43.15778099431955],[6.632780499546622,43.171845994820295],[6.646706500515543,43.167706494715176],[6.639803999448752,43.17369699415938],[6.643105500096558,43.187089494507276],[6.680947000423095,43.199331994860756],[6.664349500157275,43.21182649423741],[6.664493999909969,43.24134499440612],[6.691066000356293,43.25234799433433],[6.69762999968226,43.26647149482515],[6.678047499823406,43.27880999493199],[6.669158999806891,43.27609099420784],[6.664252499658097,43.26460799487066],[6.640171500443916,43.274357994308545],[6.6207554994056315,43.26420049441572],[6.594218000061015,43.26218549475443],[6.581577499562976,43.26777199489865],[6.5896014997751635,43.267039994827165],[6.587918500285418,43.27064249456989],[6.577889000288341,43.268424494450784],[6.575602999447977,43.27364799487125],[6.585089499411329,43.272075494633704],[6.585208000362458,43.279513994796666],[6.624313499533484,43.29601299440098],[6.635453000316705,43.30770799482554],[6.67130450021643,43.31264949428923],[6.665147499457564,43.32496549492365],[6.680930000377039,43.340807494932974],[6.7160579994651375,43.346745994213876],[6.712826999602082,43.352411494477806],[6.719313500096241,43.3573949944395],[6.714092499767495,43.372196994542776],[6.732577499871753,43.39009199496073],[6.728332999664515,43.393010494828395],[6.733312000446724,43.405299994329845],[6.746863000199116,43.4188764947107],[6.763974499844604,43.42442099465711],[6.788756999976669,43.407720494715775],[6.829068999560942,43.41846849437039],[6.856039500347214,43.41112949496616],[6.861058500406088,43.42197249432024],[6.857721000274672,43.43179749466174],[6.867812999938207,43.43274199508798],[6.870815000073839,43.42509999464804],[6.891669000176146,43.428450494443744],[6.898991999485467,43.44190499463099],[6.923968499951657,43.4504949943848],[6.922773000408747,43.46964749463749],[6.933157000057392,43.47842399484851],[6.913812000213575,43.482766494693124],[6.912657499519541,43.493681494456816],[6.8842290003802535,43.50253599509033],[6.896462999883969,43.52737849448358],[6.869405000579131,43.533154994743306],[6.808416499855551,43.512905994655966],[6.785710000398649,43.518173995015644],[6.7721255001431215,43.52723099518002],[6.777794500503317,43.540167494667685],[6.772296999752065,43.548720494381676],[6.744530500065354,43.557922495021],[6.731886999423957,43.55205649505162],[6.714980999514196,43.576596494784724],[6.699244500260868,43.57774649504112],[6.695598000440777,43.58564399495412],[6.6796715000717946,43.59161349485802],[6.663588999387942,43.56978299494127],[6.641744000052156,43.56606499441819],[6.636842500153097,43.584820994458475],[6.650643499834242,43.58456749459148],[6.659779500312326,43.592555494823536],[6.666720499709026,43.60454699443113],[6.66211000001942,43.609412494533665],[6.665309499509732,43.64507399488343],[6.680192999642477,43.65428049495108],[6.643066499608448,43.6763604950621],[6.635896999741581,43.684026494976706],[6.637927000314848,43.69388549474606],[6.587261499564818,43.700215994385154],[6.5714079995042685,43.70793149487526],[6.562979999552249,43.7082429947801],[6.564572000110389,43.686054994980104],[6.557179000245479,43.68772899493879],[6.548559499840569,43.67732649457235],[6.543555999700279,43.682966994622504],[6.525558000173248,43.67686949489932],[6.526889500269009,43.66226299519388],[6.576692499438204,43.652887494525224],[6.571069000291153,43.642713994764314],[6.586804000213493,43.63718899517351],[6.592773999846755,43.618213494612256],[6.599436500391117,43.61931899467908],[6.605466000492054,43.606514994488556],[6.626332000299236,43.60000099508747],[6.626783499802499,43.592502494925874],[6.615761000561462,43.58836699433508],[6.614384500127359,43.580401994775315],[6.596484499790759,43.58841799494099],[6.561383000452249,43.58730299474429],[6.542304499382513,43.606174494917596],[6.528074999881784,43.60922899460172],[6.516682499478234,43.60252399456287],[6.513997500404144,43.589693494813126],[6.487314999408291,43.596535994417906],[6.463868999739926,43.59202499465218],[6.43944600006997,43.57750199435806],[6.441888000360224,43.5725494946126],[6.4004055000081115,43.55859399468691],[6.391554999638865,43.57058149455017],[6.355340000045432,43.585027994605234],[6.338397999445219,43.56426599457626],[6.325856000270646,43.562057494461044],[6.320543000082886,43.547458494637425],[6.305133500065752,43.535426994795074],[6.289099500149652,43.537527494776995],[6.278672500373256,43.531447495171925],[6.187202000294706,43.53610449485219],[6.143494000126186,43.55594149437209],[6.120462500332681,43.55919849467228],[6.09035700007606,43.53636899463887],[6.100338000536448,43.51797149490443],[6.0546069998228536,43.5151574947122],[6.0409840005027755,43.50010499516991],[6.0423744995184965,43.4893164947528],[6.033319500399207,43.477335494821844],[5.992716999491105,43.47086549461143],[6.01560400062273,43.459668994440634],[6.018213999766434,43.46606599455753],[6.042633499725797,43.45576599451316],[6.048012500375794,43.461761494803774],[6.059277999571693,43.4568384950543],[6.058232000095583,43.466968995075796],[6.067620999975957,43.46996299509529],[6.0791934995285635,43.46186299509186],[6.115456000117705,43.46407099474878],[6.124559499699598,43.44745899452794],[6.136551499969118,43.448591994386845],[6.13803700030318,43.44380749463052],[6.185944500533107,43.44741599465655],[6.191315500275197,43.442454994670165],[6.17500750039454,43.41655749484731],[6.165547499476101,43.414626994894775],[6.169972499454155,43.40163949508523],[6.15724000060358,43.38499749484881],[6.180471000326085,43.378892495138494],[6.17832149942268,43.37175149509467],[6.138350500223761,43.3589189946726],[6.13380999956847,43.33738299500064],[6.137545999647281,43.308126994754474],[6.123102000181253,43.30802499467459],[6.117679000587766,43.296402994792835],[6.083592999963854,43.27892999503966],[6.059222500600895,43.28568649465816],[6.041444999703103,43.2683904943755],[6.016815499757216,43.25689549484783],[6.0159420002716,43.24899799506902],[6.024607000349143,43.246483494969254],[6.018136999503052,43.23104299449679],[6.0380020005231065,43.21556399499794],[6.0372889995679335,43.20486699446805],[6.028450499908353,43.19839749461576],[6.046349499763613,43.17911699500484],[6.072034499982907,43.17038249490726],[6.073789999499658,43.15901599463672],[6.031864499563279,43.17864499478789],[6.031569499976316,43.16793349427517],[6.012570500257327,43.16117499455604],[5.99617900048396,43.16481099446442],[5.990713999760124,43.173633494147666],[5.985240999755891,43.16399549494012],[5.970956500217134,43.1679699949175],[5.953047999636281,43.16300799433413],[5.980179999442143,43.144425994694615],[5.977547000509664,43.13514749428878],[5.9851349996545125,43.133526494184835],[5.987207000229281,43.124516994320906],[5.97905800006039,43.106536994292576],[6.018233499662511,43.0987684944526],[6.024807499673008,43.0916174945567],[6.016801000374195,43.08327599498151],[6.021243500258948,43.07849149422824],[6.082433000483791,43.087235994198295]]],[[[5.7871860002871705,43.07223499437068],[5.790513500000589,43.0682069946204],[5.792545499505627,43.06936449431384],[5.7871860002871705,43.07223499437068]]],[[[5.792221999838656,43.07766599453986],[5.783546499580759,43.081712994129866],[5.777402999908192,43.08176649459886],[5.778827999711236,43.07010199422286],[5.792221999838656,43.07766599453986]]],[[[5.769637500143,43.08033399429793],[5.76650800021787,43.081332994891156],[5.7652620005209085,43.07997899414761],[5.769637500143,43.08033399429793]]],[[[5.826303999894589,43.143136994682806],[5.816108999772867,43.158324494380786],[5.855586000240679,43.153629494824486],[5.890042000583273,43.1609654944194],[5.902227000157236,43.1714354943555],[5.900127499635536,43.1827654948251],[5.9220860003227775,43.192746494592875],[5.939586999737386,43.21596949423608],[5.865802000245301,43.21362349463902],[5.848828000008025,43.23830199434697],[5.760926499452194,43.26734149441197],[5.762797500341463,43.28235349489286],[5.749840000197354,43.28927099455231],[5.72659749959832,43.31735899454296],[5.691042500343642,43.31295849438369],[5.695110000152619,43.30346349420615],[5.678981000502004,43.2992954943946],[5.656954000170193,43.2670464946562],[5.586622000449301,43.266805994202855],[5.579090499887083,43.25689249471773],[5.554788999794486,43.24862749474927],[5.5769530002826455,43.233269494361004],[5.588247499787787,43.24007449493815],[5.594329499537402,43.23630849480217],[5.587811500026206,43.22938649441435],[5.592465000005769,43.21880149490344],[5.555538499412906,43.18836699454274],[5.572129999868825,43.17277249491804],[5.607217000507143,43.160405494492224],[5.606065500487468,43.1665199948519],[5.610507999641168,43.16557449431809],[5.614645499883572,43.16919849448752],[5.606335999593997,43.173667994426424],[5.624163500054794,43.18698199482331],[5.650533499761149,43.1884109949324],[5.674006500370801,43.17780999491328],[5.685516499807087,43.18007749495104],[5.695016000463084,43.16830599490146],[5.682097999756028,43.16058849472663],[5.682874999484826,43.1545304941201],[5.692767000267588,43.152072494414185],[5.694874999963829,43.14358949472582],[5.719015000051756,43.14727349449715],[5.7241089996509285,43.136177994227005],[5.727985000317296,43.15701099467373],[5.739054000381612,43.156146994866994],[5.740696500551838,43.167478994881336],[5.7574944998488355,43.16421999476875],[5.757219499420079,43.159342494553336],[5.7667235000382675,43.15870949446966],[5.767777500062461,43.14259549456921],[5.780648000309431,43.13112249430924],[5.766717000093787,43.115336994974925],[5.791064499621447,43.11215349418652],[5.802304000092637,43.11739399461262],[5.8138979997429425,43.10712649439796],[5.804167499737038,43.10044449482482],[5.812543500208524,43.095461994432206],[5.806275499848492,43.08043099493144],[5.79238300025483,43.068694494238116],[5.815514000134122,43.063791994222306],[5.821499000597823,43.05365199423637],[5.844305500376065,43.04658549443944],[5.85503550031368,43.09481349445876],[5.849213999700422,43.121479494761076],[5.823023000077201,43.12040049454794],[5.826303999894589,43.143136994682806]]],[[[5.61595349937552,43.1583049947808],[5.620678999562456,43.159113494224165],[5.614819499582979,43.16234099459594],[5.61595349937552,43.1583049947808]]],[[[5.4767289998570465,43.35076199500102],[5.454963000090149,43.33572199488078],[5.475101499429394,43.31472849475006],[5.499979999704295,43.315118494945985],[5.525883000212802,43.321761494680054],[5.548461499885425,43.33582249438085],[5.5459790002943,43.344802494511505],[5.558071999782923,43.34603799496622],[5.565690000022076,43.35667399499525],[5.5573875002470485,43.38059499449463],[5.544671000469256,43.390791994642676],[5.513092000028856,43.38242199456382],[5.504455499661783,43.388088494736174],[5.5130150000510225,43.406164494702544],[5.536049999954861,43.41906399513819],[5.529476499986645,43.440147494483796],[5.518818000593427,43.42886149477659],[5.466123999653568,43.4288204947556],[5.449623499523059,43.43852449432772],[5.443424500310079,43.44973299484153],[5.448675000516712,43.46521749450446],[5.441789500050553,43.47151899510716],[5.4041839998743875,43.47076899495506],[5.3885659994692,43.463741494706504],[5.39215950036632,43.43644499464379],[5.374867499716005,43.42002499463561],[5.379289000507123,43.41463649462175],[5.39272150037492,43.416496995067334],[5.39641999983973,43.40112249464917],[5.424574999820509,43.383412494242755],[5.438724500232788,43.390904494313915],[5.478535500447113,43.38833849492602],[5.471986000192961,43.361610494228735],[5.4767289998570465,43.35076199500102]]],[[[5.599267000310205,43.436283494528695],[5.6104624999564106,43.41189949462864],[5.644175999706682,43.40056399450953],[5.682792500447514,43.399159495016406],[5.6964739996083855,43.40710899484523],[5.724431499713294,43.408874494791895],[5.749991999669371,43.4015139948408],[5.7771144994864185,43.40893499434733],[5.788348999520258,43.42026049465838],[5.796797500619192,43.418964494428394],[5.801949000628546,43.44169249448751],[5.817439500494697,43.459498994914604],[5.775481500582435,43.50952899433571],[5.781838500004485,43.54037149487699],[5.732218500379074,43.55421349461885],[5.714464999890501,43.551593994766186],[5.706696500253354,43.55623499448889],[5.665450000471095,43.538678495075374],[5.622741500156691,43.53546099430774],[5.618340999763756,43.53311999475848],[5.622650000452403,43.52484099453447],[5.638300499606496,43.52013049476901],[5.618009000093671,43.50504499448107],[5.562051999682366,43.50426149467751],[5.551973500455757,43.49905949459279],[5.531689500140636,43.50547749498439],[5.534155999383067,43.51210399496908],[5.527194499392221,43.521202494932275],[5.532570499761384,43.52487099457177],[5.525791999525482,43.52821149505634],[5.524462000261239,43.53885349499416],[5.477995999941355,43.52493449469824],[5.4795040001682915,43.51255349476964],[5.465628999820003,43.50669299467526],[5.469148999866224,43.48900949453761],[5.47616400025533,43.48774699437667],[5.482124999433051,43.47053449490112],[5.495052500344255,43.463294494868705],[5.529999500310251,43.483271494922406],[5.57140250008675,43.48051399449939],[5.576959000457707,43.47398099453772],[5.584726000006875,43.47589549502369],[5.593183500585833,43.46471949432399],[5.5959535001855745,43.470590495109775],[5.611253000396321,43.46355349457743],[5.590092999987268,43.45112099510165],[5.587465499680038,43.44270699454309],[5.599267000310205,43.436283494528695]]],[[[6.252436500187484,43.00443499452534],[6.241962499618229,43.026557494624036],[6.234055999760701,43.011698494319575],[6.217231999495019,43.01358749465116],[6.210667999665353,43.002186994766525],[6.1796565004848665,43.00866449462745],[6.160874499915729,43.000973494753616],[6.205689999514614,42.98186049444602],[6.21566750025262,42.991068994550794],[6.248703499842431,42.997987494937604],[6.252436500187484,43.00443499452534]]],[[[6.139715500288302,43.020036994473074],[6.148239500580422,43.01874649446388],[6.14332549989162,43.020620994306434],[6.139715500288302,43.020036994473074]]],[[[6.4121789998173,43.0089684943389],[6.408793000312078,43.019864494269775],[6.391102499987727,43.01148699474416],[6.38333650028294,43.013840494285844],[6.383229999383702,43.00672999468665],[6.3701069997337765,42.99873349413238],[6.4026539999653185,42.99349899480916],[6.420614000554196,43.01384599421267],[6.4121789998173,43.0089684943389]]],[[[6.363832999845585,43.00399799423595],[6.367638500355318,43.01512549441949],[6.368283000296805,43.01821349480662],[6.360023000240583,43.01508799490342],[6.363832999845585,43.00399799423595]]],[[[6.510687499762145,43.04747999454267],[6.5049144998199075,43.05296699410605],[6.468324499407593,43.04530849462993],[6.45795749961378,43.02761699483374],[6.434002500384081,43.020251994694604],[6.433766499465628,43.00692099442559],[6.438008499793192,43.00333949453031],[6.451840499846096,43.018019994316575],[6.471025000314727,43.0166334948662],[6.487700500591479,43.042021994451694],[6.503820000102483,43.04155749415637],[6.510687499762145,43.04747999454267]]],[[[7.057302999426583,43.95394199509296],[7.056345500363722,43.94108699451551],[7.044347000489084,43.928377995199696],[7.051406500123843,43.92290199508707],[7.083042499813719,43.92005599478797],[7.090565000050856,43.92984149532234],[7.108100499432179,43.93000949505675],[7.102424000226887,43.95797199530129],[7.108118499745526,43.970529494945275],[7.096749499880227,43.97592749496596],[7.093082999581211,43.991647994473674],[7.078774999708904,43.99321349449824],[7.057302999426583,43.95394199509296]]]]}},{"type":"Feature","properties":{"id":"les-baux-de-provence","name":"Les Baux de Provence","region":"Provence","grapes":["Bourboulenc","Cabernet Sauvignon","Carignan","Cinsaut","Clairette","Counoise","Grenachelanc","Grenache"],"original_region":"Provence","key_appellations":[],"desc":"Les Baux de Provence is an appellation in the Provence region. Main grapes: Bourboulenc, Cabernet Sauvignon, Carignan, Cinsaut, Clairette, Counoise, Grenachelanc, Grenache."},"geometry":{"type":"Polygon","coordinates":[[[4.929749499557245,43.71192999438528],[4.918250999960526,43.75003399438488],[4.92471349940611,43.75687249459477],[4.912970499568481,43.77997949499028],[4.913321000386227,43.785036495047166],[4.926616000158154,43.78524899472856],[4.92417599978443,43.799175994443125],[4.90972899953131,43.803017994694486],[4.907721500126721,43.818238494762454],[4.880292499846255,43.821241495088145],[4.868539000588861,43.829835994654275],[4.8441704994602075,43.82274599442346],[4.8164890005959515,43.825712494982234],[4.802901999542019,43.81041599517843],[4.764506000080912,43.79846799450525],[4.7511750004092415,43.81752199495863],[4.713740000052151,43.81719449507835],[4.7117544995575456,43.791034495013626],[4.69749249979874,43.77628449496686],[4.709361499727589,43.765972494443716],[4.706563500379458,43.75892649506722],[4.7333909995035235,43.75415099501273],[4.713957999986285,43.73275899449638],[4.679768999567181,43.72861149487906],[4.651084499543188,43.7121134946176],[4.669154500610231,43.707538494568134],[4.669398500186894,43.69572349509224],[4.684406500047557,43.694957494613696],[4.696306999573327,43.70216199441083],[4.7586284997025,43.695848995191184],[4.8001580005973175,43.67842799472775],[4.841003500425949,43.68146449437252],[4.932815000228808,43.67057649484688],[4.922249000525224,43.69801099527015],[4.929749499557245,43.71192999438528]],[[4.767546999910345,43.796226994772226],[4.77285499954187,43.782373494625595],[4.759054500057227,43.78122649464693],[4.754460499984094,43.7899864945953],[4.767546999910345,43.796226994772226]]]}},{"type":"Feature","properties":{"id":"palette","name":"Palette","region":"Provence","grapes":["Bourboulenc","Brun Fourca","Cabernet Sauvignon","Carignan","Castets","Cinsaut","Clairette","Clairette Rose"],"original_region":"Provence","key_appellations":[],"desc":"Palette is an appellation in the Provence region. Main grapes: Bourboulenc, Brun Fourca, Cabernet Sauvignon, Carignan, Castets, Cinsaut, Clairette, Clairette Rose."},"geometry":{"type":"Polygon","coordinates":[[[5.5369329995214684,43.50440199456095],[5.527973000596447,43.515664994733676],[5.532570499761384,43.52487099457177],[5.525791999525482,43.52821149505634],[5.524462000261239,43.53885349499416],[5.5063004996480736,43.532210994276305],[5.4798659999306,43.534093995080944],[5.4984080003901425,43.56142399447372],[5.484420999715561,43.572223994595504],[5.463886999996367,43.576845494366914],[5.463792999596811,43.613639494813555],[5.45902450047605,43.617925494421044],[5.451732999839191,43.616575994349105],[5.4491670002958115,43.622995994537185],[5.422559999929073,43.619962494880205],[5.37677700024687,43.62598849500787],[5.365335500579535,43.6248509946573],[5.357111499495637,43.60330749437503],[5.334499999489782,43.592801495093916],[5.366886499799329,43.58423949510431],[5.361409999610713,43.57928699443779],[5.384382000293593,43.56340149479889],[5.372882500057956,43.553826494619116],[5.377780500118342,43.544784495046365],[5.371135999768795,43.53757949491416],[5.3462284998414695,43.53635399452714],[5.339522499782169,43.51943349492533],[5.307181499925325,43.51429899505632],[5.294162000607057,43.51958499434738],[5.269549500349152,43.493702494363255],[5.271930499440877,43.48119149428134],[5.279455000013103,43.4848179943179],[5.28916550019146,43.476952994898994],[5.286558000054111,43.46770499515927],[5.298750000410573,43.46290799438491],[5.300999999421653,43.44611249490003],[5.329336500448721,43.461323494730074],[5.320041000042746,43.484079494332846],[5.331473999659279,43.48813149446329],[5.360032500601511,43.480380494829525],[5.387537999852484,43.461902994342346],[5.4041839998743875,43.47076899495506],[5.441789500050553,43.47151899510716],[5.474978999456001,43.48827899461584],[5.482574000229949,43.480872994318986],[5.482124999433051,43.47053449490112],[5.496144499571096,43.4632504949582],[5.532697500629306,43.482919494388376],[5.5369329995214684,43.50440199456095]]]}},{"type":"Feature","properties":{"id":"pierrevert","name":"Pierrevert","region":"Provence","grapes":["Carignan","Cinsaut","Clairette","Grenachelanc","Grenache","Marsanne","Mourvèdre","Piquepoullanc"],"original_region":"Provence","key_appellations":[],"desc":"Pierrevert is an appellation in the Provence region. Main grapes: Carignan, Cinsaut, Clairette, Grenachelanc, Grenache, Marsanne, Mourvèdre, Piquepoullanc."},"geometry":{"type":"MultiPolygon","coordinates":[[[[5.778551999958786,43.75258549513612],[5.831169999476998,43.746923994878514],[5.842563500278529,43.73684749490712],[5.84904400023834,43.71817449495403],[5.8562014995458505,43.72358399457972],[5.884548000155745,43.72391849442571],[5.9049835000412365,43.73742849493101],[5.9029575006206345,43.75343049441603],[5.962262499431435,43.764033995160986],[6.0029944998036955,43.763355994618934],[6.006661500543836,43.77035899449581],[5.981151500101193,43.7852304949666],[5.999156500078246,43.790872494702015],[5.994556499777642,43.79687299498824],[6.002030000272846,43.80816749502671],[5.971530000178098,43.794642494574056],[5.938090999410241,43.78881099457705],[5.91708200016273,43.80137549505232],[5.891905499449808,43.80585749449353],[5.875135500239448,43.807322994490306],[5.84528099988774,43.79667699514855],[5.82415650053434,43.80448449492522],[5.8522145004400095,43.83483099503662],[5.884563500363183,43.88430599501812],[5.889608499774178,43.91001649519233],[5.874861000396965,43.92220099519856],[5.8518610005827965,43.91670199458837],[5.8226494996559355,43.9212424953068],[5.811480500335076,43.90474299467518],[5.816730500115795,43.88723699518853],[5.783259999567301,43.87388899520273],[5.775393499660519,43.88391599522142],[5.760348999825091,43.8782309947635],[5.757695000350285,43.863485494711306],[5.749546499517167,43.85702049442252],[5.741754999454718,43.85919149520685],[5.742077000099054,43.847339494791974],[5.729056500123673,43.852497994659686],[5.727152999481063,43.8453949947965],[5.7214445005110015,43.850162494481964],[5.705241500101076,43.84424199515934],[5.6507810003288235,43.84409149474694],[5.656436999707299,43.81937349510771],[5.674482999754605,43.80735749454533],[5.684320999466609,43.788735995067256],[5.713552999742982,43.78111749507191],[5.716589000275562,43.75571349519239],[5.745873999785802,43.742901994544766],[5.757337499539202,43.729404495097015],[5.778551999958786,43.75258549513612]]],[[[6.035279000118872,43.691493994837984],[6.0770585006283,43.70719249453932],[6.091648499758375,43.72793299480474],[6.064642999914849,43.741849994892114],[6.041263500578256,43.74085349454865],[5.984482999844958,43.71664949468978],[5.987774500304189,43.69541949437395],[6.00573950011485,43.68763149444736],[6.011616000009053,43.674150494902605],[6.021736499907019,43.668281994654194],[6.039454499778851,43.67864599478899],[6.035279000118872,43.691493994837984]]]]}},{"type":"Feature","properties":{"id":"beaumes-de-venise","name":"Beaumes de Venise","region":"Rhône","grapes":["Bourboulenc","Brun Argenté","Carignan","Cinsaut","Clairette","Clairette Rose","Counoise","Grenachelanc"],"original_region":"Rhône","key_appellations":[],"desc":"Beaumes de Venise is an appellation in the Rhône region. Main grapes: Bourboulenc, Brun Argenté, Carignan, Cinsaut, Clairette, Clairette Rose, Counoise, Grenachelanc."},"geometry":{"type":"Polygon","coordinates":[[[5.075239999749468,44.15506149510608],[5.082607500170682,44.16704049537345],[5.0738720000974595,44.187736494947465],[5.03986500052942,44.173423995465704],[5.0300895003833865,44.16473249515532],[5.041190999951064,44.16140749458062],[5.034000500064153,44.15739299506257],[5.041382000584013,44.14370599522605],[5.015511999915904,44.13427749539134],[4.9953769998429705,44.13830549485534],[5.000678499593298,44.131249495316],[4.984909999818887,44.125263994654105],[4.9920000005354055,44.100693495084],[4.99701499946087,44.10805599453453],[5.019729000048519,44.10730199531847],[5.018602999717365,44.11412199522906],[5.026639000615376,44.11767499496042],[5.036348499768847,44.11627949507214],[5.038146999657183,44.10966299518001],[5.070298000380561,44.10632449507746],[5.062448000245561,44.117541495072544],[5.063465000203104,44.12745449525666],[5.084893000551443,44.13254299484757],[5.075239999749468,44.15506149510608]]]}},{"type":"Feature","properties":{"id":"cairanne","name":"Cairanne","region":"Rhône","grapes":["Bourboulenc","Brun Argenté","Carignan","Cinsaut","Clairette","Clairette Rose","Counoise","Grenachelanc"],"original_region":"Rhône","key_appellations":[],"desc":"Cairanne is an appellation in the Rhône region. Main grapes: Bourboulenc, Brun Argenté, Carignan, Cinsaut, Clairette, Clairette Rose, Counoise, Grenachelanc."},"geometry":{"type":"Polygon","coordinates":[[[4.935796000013868,44.19829799477096],[4.949112499415669,44.202316495078875],[4.963165499851979,44.22563199460161],[4.960978499706517,44.2483384947212],[4.96860799946241,44.24792999464988],[4.968492500086373,44.255408994876],[4.938510000588308,44.24884799512384],[4.921650500626186,44.254313494960876],[4.897958499615986,44.24250899483021],[4.9039004999160545,44.216307494597345],[4.9156240005438026,44.20812349466285],[4.935028499569874,44.21195749499997],[4.935796000013868,44.19829799477096]]]}},{"type":"Feature","properties":{"id":"chateau-grillet","name":"Château-Grillet","region":"Rhône","grapes":["Viognier"],"original_region":"Rhône","key_appellations":[],"desc":"Château-Grillet is an appellation in the Rhône region. Main grapes: Viognier."},"geometry":{"type":"Polygon","coordinates":[[[4.7599505005116525,45.43849199539326],[4.756931499388113,45.4557039957779],[4.7385394996226,45.47277699531018],[4.729629499405564,45.469028495188105],[4.7288180005741225,45.45176399593857],[4.714070500306735,45.44928949590852],[4.71785200015611,45.44209799593283],[4.707586500108882,45.43525149536241],[4.7599505005116525,45.43849199539326]]]}},{"type":"Feature","properties":{"id":"chateauneuf-du-pape","name":"Châteauneuf-du-Pape","region":"Rhône","grapes":["Bourboulenc","Brun Argenté","Cinsaut","Clairette","Clairette Rose","Counoise","Grenachelanc","Grenache Gris"],"original_region":"Rhône","key_appellations":[],"desc":"Châteauneuf-du-Pape is an appellation in the Rhône region. Main grapes: Bourboulenc, Brun Argenté, Cinsaut, Clairette, Clairette Rose, Counoise, Grenachelanc, Grenache Gris."},"geometry":{"type":"Polygon","coordinates":[[[4.851563000485739,43.98910999519439],[4.884368999726011,43.9819414950678],[4.91116900031507,43.99330999476015],[4.9102465001447,44.01665649510281],[4.936485000024622,44.02452449488485],[4.937999499434815,44.04475599495838],[4.943669000633777,44.047372494605234],[4.938155000081615,44.072620494857645],[4.92592750050917,44.092846495409944],[4.9125695003021415,44.10644399529507],[4.87525750062417,44.11329799488677],[4.878698499749534,44.1337544946891],[4.847647999649434,44.15349049510982],[4.8518399997406,44.175912995221935],[4.838980499474256,44.17670049526064],[4.823611499636024,44.164376994713265],[4.820313499757483,44.18775949519725],[4.776704000545395,44.15439699458899],[4.735606500234032,44.15548749482862],[4.727581000333736,44.145983995451985],[4.7339365001231295,44.13787349497927],[4.779315499836985,44.121963994654],[4.785326000070083,44.11166549528614],[4.78448099995693,44.08910949532109],[4.759552500500575,44.07506899490123],[4.785084000305049,44.067411495296035],[4.787626500039951,44.05402649500036],[4.816167499533915,44.032144994616125],[4.81945050004705,44.017721495044796],[4.840903500383794,44.01293099507964],[4.851563000485739,43.98910999519439]]]}},{"type":"Feature","properties":{"id":"chatillon-en-diois","name":"Châtillon-en-Diois","region":"Rhône","grapes":["Aligoté","Chardonnay","Gamay","Pinotoir","Syrah"],"original_region":"Rhône","key_appellations":[],"desc":"Châtillon-en-Diois is an appellation in the Rhône region. Main grapes: Aligoté, Chardonnay, Gamay, Pinotoir, Syrah."},"geometry":{"type":"Polygon","coordinates":[[[5.434884500501176,44.57238999531703],[5.471802000015165,44.591342495597836],[5.485470999736761,44.57836049510858],[5.4883199995502085,44.600843495200756],[5.482518499698533,44.605455495534095],[5.488650499956857,44.60830349522728],[5.483293999943921,44.62466749475521],[5.521391499404494,44.642391995605564],[5.524286499902469,44.67136399539116],[5.532151499566026,44.675690495353905],[5.546679500357971,44.6654749947796],[5.5816170004199295,44.690293495613744],[5.571210000268917,44.69495599552855],[5.57346550058191,44.704935494934546],[5.567205000606256,44.71632599491597],[5.579179499458945,44.73409449539529],[5.625450000197371,44.74246399501331],[5.6263135003806655,44.753294494817126],[5.586793500196387,44.76323399511502],[5.582043999547041,44.77786649478632],[5.544517999362883,44.79567199552534],[5.554727999735574,44.76746949477268],[5.476844999904405,44.78622249481938],[5.457885000158107,44.77192699516425],[5.4612070005004885,44.74905099519598],[5.450519500284774,44.74402399521256],[5.455142500206219,44.73700749512139],[5.450750000483999,44.732945995208865],[5.431276499464326,44.726527995190345],[5.422657499596604,44.7355459947949],[5.419863500468225,44.735254995203285],[5.422749500495338,44.73148449556486],[5.392296999433379,44.72761599507504],[5.395804999585811,44.71626749546626],[5.387056999758409,44.71185649524351],[5.343177499635112,44.7145839955994],[5.325590500285625,44.70648449535024],[5.357636499621172,44.69246099544143],[5.328868000370662,44.67403099501264],[5.336915499803955,44.663641495544994],[5.33160950029474,44.64482249492927],[5.371617500302078,44.6416654949027],[5.389807999839842,44.630064995470136],[5.395597499827575,44.61166849540748],[5.388206000316741,44.589490494860044],[5.4144599998459615,44.586625495052544],[5.434884500501176,44.57238999531703]]]}},{"type":"Feature","properties":{"id":"clairette-de-bellegarde","name":"Clairette de Bellegarde","region":"Rhône","grapes":["Clairette"],"original_region":"Rhône","key_appellations":[],"desc":"Clairette de Bellegarde is an appellation in the Rhône region. Main grapes: Clairette."},"geometry":{"type":"Polygon","coordinates":[[[4.481758999582798,43.78168199508607],[4.455711499463482,43.76380499474631],[4.453047499714728,43.74985599438562],[4.441419500507935,43.746018494804304],[4.446851499830136,43.722236994534555],[4.463928999773352,43.70901099522497],[4.478968999962732,43.73554799500658],[4.493479499572016,43.724106494638555],[4.5343225005901955,43.73091849484664],[4.552064499909748,43.76394799469501],[4.529273999423479,43.77596649473133],[4.527151999660996,43.787573494687685],[4.481758999582798,43.78168199508607]]]}},{"type":"Feature","properties":{"id":"clairette-de-die","name":"Clairette de Die","region":"Rhône","grapes":["Clairette","Clairette Rose","Gamay","Muscat À Petits Grainslancs","Muscat À Petits Grains Rouges"],"original_region":"Rhône","key_appellations":[],"desc":"Clairette de Die is an appellation in the Rhône region. Main grapes: Clairette, Clairette Rose, Gamay, Muscat À Petits Grainslancs, Muscat À Petits Grains Rouges."},"geometry":{"type":"Polygon","coordinates":[[[5.240488500426157,44.6489559947628],[5.2567515003895995,44.631029494806256],[5.266360000501323,44.64415699565112],[5.291201999629278,44.640469495455264],[5.283074000023571,44.654447995025635],[5.284405499583075,44.667066495335284],[5.277078499534059,44.673067495440726],[5.31492800045567,44.668044994828925],[5.324188999876357,44.68018799537227],[5.350986999550305,44.695514495506345],[5.3542434999668,44.691555495099976],[5.328868000370662,44.67403099501264],[5.336915499803955,44.663641495544994],[5.33160950029474,44.64482249492927],[5.371617500302078,44.6416654949027],[5.389807999839842,44.630064995470136],[5.395597499827575,44.61166849540748],[5.388206000316741,44.589490494860044],[5.4144599998459615,44.586625495052544],[5.437034499753678,44.57079399526426],[5.459733999923724,44.58950799501469],[5.465825999565444,44.585598994882346],[5.471802000015165,44.591342495597836],[5.485470999736761,44.57836049510858],[5.4883199995502085,44.600843495200756],[5.482518499698533,44.605455495534095],[5.488650499956857,44.60830349522728],[5.483293999943921,44.62466749475521],[5.521391499404494,44.642391995605564],[5.524286499902469,44.67136399539116],[5.532151499566026,44.675690495353905],[5.546679500357971,44.6654749947796],[5.5816170004199295,44.690293495613744],[5.571210000268917,44.69495599552855],[5.57346550058191,44.704935494934546],[5.567205000606256,44.71632599491597],[5.579179499458945,44.73409449539529],[5.5857124999696035,44.739177494970775],[5.607396499557962,44.735907495150485],[5.629115499454115,44.74573849547978],[5.6263135003806655,44.753294494817126],[5.586793500196387,44.76323399511502],[5.582043999547041,44.77786649478632],[5.544517999362883,44.79567199552534],[5.554727999735574,44.76746949477268],[5.476844999904405,44.78622249481938],[5.457885000158107,44.77192699516425],[5.4572894996732,44.757172495413705],[5.407993000359799,44.75114899559406],[5.401361500266401,44.7716844949356],[5.393065499751577,44.77501099560042],[5.399221499405608,44.7829054956391],[5.373144999687584,44.77980999522201],[5.348668500086009,44.79183949528641],[5.339088000143034,44.78502649519568],[5.292317000632104,44.80662149504514],[5.286731000545665,44.80379149525142],[5.29085549988599,44.794050994931894],[5.270941000002907,44.78911849544163],[5.27320400056249,44.781173995366025],[5.231508999482294,44.779125495205456],[5.227609499761948,44.76796849506735],[5.195180500578169,44.766518495566935],[5.186520500531738,44.783527495544924],[5.170057499393653,44.78559849537777],[5.150157000322425,44.79900499512454],[5.1305909997260875,44.77980099505032],[5.096501000192779,44.78341249548211],[5.096644999928903,44.766345495676056],[5.085360500480403,44.76292799504103],[5.085588999831554,44.74212499516082],[5.064758000458289,44.726136495031646],[5.0527309998689764,44.73506449519979],[5.03381450058156,44.72213799487969],[5.042989999520156,44.71715249555052],[5.035440499919491,44.68068349477264],[5.043922499644746,44.67845049482862],[5.039726500508203,44.67094049506646],[5.047129499765595,44.66311849544112],[5.079468499383517,44.67076799522526],[5.178199499639496,44.65473849497019],[5.180073499394418,44.67653249522004],[5.195188999853245,44.670938995410935],[5.196044500168237,44.67559699543854],[5.212263999998409,44.67681199489735],[5.214053999434294,44.669655995471636],[5.243583999531023,44.66076249493468],[5.240488500426157,44.6489559947628]]]}},{"type":"Feature","properties":{"id":"condrieu","name":"Condrieu","region":"Rhône","grapes":["Viognier"],"original_region":"Rhône","key_appellations":[],"desc":"Condrieu is an appellation in the Rhône region. Main grapes: Viognier."},"geometry":{"type":"Polygon","coordinates":[[[4.724938999995548,45.365717995548984],[4.723321000462101,45.35369849513733],[4.73695900013776,45.35334449503525],[4.732195000645213,45.34577599514127],[4.756590499743391,45.34472799543218],[4.760834999983628,45.3364089958153],[4.764106000444505,45.34545249567811],[4.773579000331851,45.346489995484156],[4.773244500568105,45.35419799585757],[4.755999500081993,45.365674995177734],[4.75807350029027,45.39123599588611],[4.742107999772563,45.414604495721726],[4.759948000555528,45.432596995704856],[4.756931499388113,45.4557039957779],[4.781321499590162,45.45778249580277],[4.779992000178656,45.4696474954904],[4.755560999720998,45.4930854958174],[4.721832500251091,45.494396495537664],[4.739556999637548,45.48704099592698],[4.743584500640251,45.473722995156834],[4.729629499405564,45.469028495188105],[4.7288180005741225,45.45176399593857],[4.714070500306735,45.44928949590852],[4.71785200015611,45.44209799593283],[4.699643999584974,45.43636549568874],[4.693583999628793,45.427627995032914],[4.706871499440472,45.420056495341385],[4.710345499698687,45.404186495118594],[4.725806999934404,45.396835995101476],[4.706991000220851,45.38999299543209],[4.724938999995548,45.365717995548984]]]}},{"type":"Feature","properties":{"id":"cornas","name":"Cornas","region":"Rhône","grapes":["Syrah"],"original_region":"Rhône","key_appellations":[],"desc":"Cornas is an appellation in the Rhône region. Main grapes: Syrah."},"geometry":{"type":"Polygon","coordinates":[[[4.852568999911121,44.97953099517634],[4.817717499669455,44.97424299544147],[4.813692000335618,44.960105495335725],[4.855859499557012,44.95271899557632],[4.855360500161069,44.958804495018164],[4.874275500113011,44.9563654953343],[4.852568999911121,44.97953099517634]]]}},{"type":"Feature","properties":{"id":"costieres-de-nimes","name":"Costières de Nîmes","region":"Rhône","grapes":["Bourboulenc","Carignan","Cinsaut","Clairette","Grenachelanc","Grenache","Macabeu","Marsanne"],"original_region":"Rhône","key_appellations":[],"desc":"Costières de Nîmes is an appellation in the Rhône region. Main grapes: Bourboulenc, Carignan, Cinsaut, Clairette, Grenachelanc, Grenache, Macabeu, Marsanne."},"geometry":{"type":"Polygon","coordinates":[[[4.486414500520406,43.69885299481404],[4.463928999773352,43.70901099522497],[4.478968999962732,43.73554799500658],[4.493479499572016,43.724106494638555],[4.532792999749063,43.730107494564166],[4.61227600002404,43.72475449480577],[4.629987999507423,43.76267349466295],[4.651243499958783,43.78227499445232],[4.655081000142907,43.80764049467221],[4.642971000162686,43.83210899468949],[4.596033499880082,43.84079349457435],[4.585335500572266,43.83731049497831],[4.549680500172888,43.8520629945953],[4.551268000210806,43.859956495266175],[4.563804499697523,43.8574859944245],[4.56478499982606,43.866799494629944],[4.583099000192165,43.875397995310664],[4.578952000263644,43.924056995067055],[4.565970500062375,43.924944495011125],[4.55750899955132,43.93431699516466],[4.557788499666602,43.92763049525518],[4.541430000123173,43.91142349506337],[4.52696850053881,43.91286699473027],[4.530450000479018,43.9176624950135],[4.521403500076303,43.92247599466494],[4.523140499383942,43.93590399491627],[4.4968585000408625,43.94284199446354],[4.488833500539418,43.92620099503026],[4.493019999694727,43.90456999469447],[4.480010499605157,43.88526749444965],[4.483869499918362,43.854129994621886],[4.501264000332908,43.85695049486789],[4.501288500093385,43.85073599463378],[4.456944000420653,43.8299204946373],[4.440208999389681,43.833203494840504],[4.431088000481888,43.851689494849445],[4.420206000286888,43.85347249518297],[4.4182564996176,43.872546495242744],[4.4257429998217965,43.89631549496876],[4.407985499488608,43.89564749479329],[4.407323499576865,43.91434749492224],[4.393852499678955,43.92264249447168],[4.376282500106857,43.91706499477479],[4.395456000370713,43.902359994821516],[4.345220499677083,43.90834499443114],[4.339470999776695,43.89660749481804],[4.32422499994461,43.89484599521181],[4.270369000442246,43.90828449527555],[4.267012499475149,43.90082249513066],[4.248738499986657,43.89402349483258],[4.23668500019,43.87441649498104],[4.237664499685793,43.8585214946904],[4.2945335000810125,43.845881494722185],[4.284350999779312,43.840614994974736],[4.304875499565491,43.81358949454044],[4.284129500019027,43.816709495218696],[4.2738500004087125,43.81043949472614],[4.273771499655496,43.79442399470803],[4.2398095004029965,43.77169949442623],[4.246911000371523,43.73415249468602],[4.264627999591353,43.719399494512245],[4.214840500572898,43.70920499476015],[4.215346000199934,43.695561994384846],[4.224930500015462,43.68490649457591],[4.223915499603018,43.658588995075256],[4.239174999912363,43.63426749513618],[4.230082500227514,43.62436299521246],[4.241606500040928,43.612552994819936],[4.237449500367357,43.58876549515903],[4.291591999420742,43.59108249453378],[4.28730899982553,43.56815299505369],[4.3190304998686315,43.56121149448984],[4.323124499514365,43.55322849460192],[4.316078499798336,43.54487649508242],[4.331928500327416,43.53565649462694],[4.350369000259264,43.546750495148004],[4.380677000593881,43.552542494714125],[4.388098999749533,43.562457994794265],[4.409353499512763,43.56112699501872],[4.416755500336402,43.569184494576426],[4.40323050002032,43.57231149507752],[4.408565000434976,43.57671599452513],[4.425539999749566,43.58522549449247],[4.4522689997709985,43.58423749518373],[4.474141500270948,43.60385799484272],[4.4668070005369565,43.61520549515246],[4.439747999552781,43.61067299441635],[4.426170999553946,43.62447649433829],[4.452783000142991,43.66558099475331],[4.477468500146095,43.67250499522634],[4.4760864997677725,43.68585749511608],[4.486414500520406,43.69885299481404]]]}},{"type":"Feature","properties":{"id":"coteaux-de-die","name":"Coteaux de Die","region":"Rhône","grapes":["Clairette","Clairette Rose"],"original_region":"Rhône","key_appellations":[],"desc":"Coteaux de Die is an appellation in the Rhône region. Main grapes: Clairette, Clairette Rose."},"geometry":{"type":"Polygon","coordinates":[[[5.240488500426157,44.6489559947628],[5.2567515003895995,44.631029494806256],[5.266360000501323,44.64415699565112],[5.291201999629278,44.640469495455264],[5.283074000023571,44.654447995025635],[5.284405499583075,44.667066495335284],[5.277078499534059,44.673067495440726],[5.31492800045567,44.668044994828925],[5.324188999876357,44.68018799537227],[5.350986999550305,44.695514495506345],[5.3542434999668,44.691555495099976],[5.328868000370662,44.67403099501264],[5.336915499803955,44.663641495544994],[5.33160950029474,44.64482249492927],[5.371617500302078,44.6416654949027],[5.389807999839842,44.630064995470136],[5.395597499827575,44.61166849540748],[5.388206000316741,44.589490494860044],[5.4144599998459615,44.586625495052544],[5.437034499753678,44.57079399526426],[5.459733999923724,44.58950799501469],[5.465825999565444,44.585598994882346],[5.471802000015165,44.591342495597836],[5.485470999736761,44.57836049510858],[5.4883199995502085,44.600843495200756],[5.482518499698533,44.605455495534095],[5.488650499956857,44.60830349522728],[5.483293999943921,44.62466749475521],[5.521391499404494,44.642391995605564],[5.524286499902469,44.67136399539116],[5.532151499566026,44.675690495353905],[5.546679500357971,44.6654749947796],[5.5816170004199295,44.690293495613744],[5.571210000268917,44.69495599552855],[5.57346550058191,44.704935494934546],[5.567205000606256,44.71632599491597],[5.579179499458945,44.73409449539529],[5.5857124999696035,44.739177494970775],[5.607396499557962,44.735907495150485],[5.629115499454115,44.74573849547978],[5.6263135003806655,44.753294494817126],[5.586793500196387,44.76323399511502],[5.582043999547041,44.77786649478632],[5.544517999362883,44.79567199552534],[5.554727999735574,44.76746949477268],[5.476844999904405,44.78622249481938],[5.457885000158107,44.77192699516425],[5.4572894996732,44.757172495413705],[5.407993000359799,44.75114899559406],[5.401361500266401,44.7716844949356],[5.393065499751577,44.77501099560042],[5.399221499405608,44.7829054956391],[5.373144999687584,44.77980999522201],[5.348668500086009,44.79183949528641],[5.339088000143034,44.78502649519568],[5.292317000632104,44.80662149504514],[5.286731000545665,44.80379149525142],[5.29085549988599,44.794050994931894],[5.270941000002907,44.78911849544163],[5.27320400056249,44.781173995366025],[5.231508999482294,44.779125495205456],[5.227609499761948,44.76796849506735],[5.195180500578169,44.766518495566935],[5.186520500531738,44.783527495544924],[5.170057499393653,44.78559849537777],[5.150157000322425,44.79900499512454],[5.1305909997260875,44.77980099505032],[5.096501000192779,44.78341249548211],[5.096644999928903,44.766345495676056],[5.085360500480403,44.76292799504103],[5.085588999831554,44.74212499516082],[5.064758000458289,44.726136495031646],[5.0527309998689764,44.73506449519979],[5.03381450058156,44.72213799487969],[5.042989999520156,44.71715249555052],[5.035440499919491,44.68068349477264],[5.043922499644746,44.67845049482862],[5.039726500508203,44.67094049506646],[5.047129499765595,44.66311849544112],[5.079468499383517,44.67076799522526],[5.178199499639496,44.65473849497019],[5.180073499394418,44.67653249522004],[5.195188999853245,44.670938995410935],[5.196044500168237,44.67559699543854],[5.212263999998409,44.67681199489735],[5.214053999434294,44.669655995471636],[5.243583999531023,44.66076249493468],[5.240488500426157,44.6489559947628]]]}},{"type":"Feature","properties":{"id":"coteaux-du-lyonnais","name":"Coteaux du Lyonnais","region":"Rhône","grapes":["Aligoté","Chardonnay","Gamay Deouze","Gamay De Chaudenay","Gamay","Pinotlanc"],"original_region":"Rhône","key_appellations":[],"desc":"Coteaux du Lyonnais is an appellation in the Rhône region. Main grapes: Aligoté, Chardonnay, Gamay Deouze, Gamay De Chaudenay, Gamay, Pinotlanc."},"geometry":{"type":"MultiPolygon","coordinates":[[[[4.475723499569165,45.817839495869706],[4.494584500444497,45.80483349564343],[4.501562499753626,45.790839495523166],[4.485905499637786,45.777053996035036],[4.528213000004608,45.77196249600307],[4.524800500023133,45.758933995520316],[4.548559499614129,45.7518074951699],[4.523119499374864,45.73925549565297],[4.521162499496774,45.72880899542988],[4.529142499840487,45.72104849536082],[4.539137499457946,45.723596995420614],[4.555924999844347,45.716066995164056],[4.604207999668763,45.7265609959683],[4.612122499717791,45.707965995400926],[4.644981500291715,45.70270399524882],[4.625911999965792,45.70347999602074],[4.617065500188256,45.69548949537045],[4.586101499561967,45.69994049537787],[4.575626000384181,45.69501999570155],[4.583703500368023,45.683652995151355],[4.599491499546735,45.67100549569918],[4.637569499577817,45.669779995482685],[4.654549500309137,45.65840449547653],[4.661947500544798,45.67251749569961],[4.699619500119004,45.699226495529025],[4.7312020002380235,45.690004995813894],[4.766353999862218,45.692039995690735],[4.7683524999958715,45.70675749527853],[4.780116500123491,45.72288349584629],[4.771766499349019,45.72878049587083],[4.735696999867899,45.72537249583073],[4.727561000080855,45.737787495962024],[4.71197000041821,45.735417495669196],[4.7085275006048475,45.750971995758825],[4.716833999488713,45.75871699522912],[4.706119999664176,45.76074399526778],[4.7151699995034155,45.76784299545746],[4.711961499911721,45.773941496017244],[4.729285500227776,45.77892949583088],[4.725321999654765,45.78391899584431],[4.755273000262129,45.790703995680836],[4.782249500352038,45.8114064953116],[4.807863500210613,45.7884784959714],[4.818540499792336,45.79841499563533],[4.81011100009293,45.802696495443406],[4.805952999775317,45.814713995324254],[4.81043400060166,45.82276149555889],[4.793484499651424,45.84248549599993],[4.805566500615336,45.843583995784286],[4.813096500144298,45.854702495769494],[4.807315000370035,45.86918249523655],[4.819854000662194,45.8816464952429],[4.80409499988198,45.89806099604981],[4.7758915000360656,45.89439999595823],[4.768345999643073,45.8986589953891],[4.753768500395524,45.88380599540598],[4.756460500318292,45.88055349533485],[4.74251150026812,45.878376995725304],[4.733435500234454,45.88743599546123],[4.727450499709167,45.8758174952107],[4.699167000489546,45.863858995750796],[4.699197500195927,45.84157899562353],[4.68708699962135,45.83810649599122],[4.6754150001284485,45.84311299571672],[4.670378500559755,45.855712996070686],[4.658711499754652,45.85772549536369],[4.62210549983148,45.839543495701754],[4.6067015004649425,45.82265099549177],[4.5959039997907185,45.829303495519326],[4.603881499764395,45.83701799544083],[4.5625849999530015,45.84644599579938],[4.55090999949731,45.83258349521091],[4.541087999666662,45.83327199582245],[4.543864000047298,45.82547749544101],[4.53531599931768,45.82901999601953],[4.507443499954558,45.817636495856],[4.475723499569165,45.817839495869706]]],[[[4.685000499807135,45.65912049599759],[4.610043499870954,45.638930495421285],[4.607105000168371,45.62979299549201],[4.613697999951866,45.62180099546449],[4.649783500531492,45.628936995761045],[4.6522429996029375,45.62029049574126],[4.639219500244505,45.610973495927155],[4.667093499459274,45.600151995601045],[4.649278999774292,45.56490899544864],[4.679402500180586,45.5681969955557],[4.692497000541263,45.550731995107405],[4.727985499755,45.56856499535466],[4.728072000238754,45.57590449552192],[4.739756000053684,45.57551349532292],[4.741435999873448,45.56994199538216],[4.756833500365578,45.577875995684735],[4.7645895000781975,45.55877499566964],[4.775806999515445,45.55893599587625],[4.808439500656072,45.5723514953281],[4.777129000328759,45.587395495152286],[4.799518499645494,45.60648199550884],[4.812924000017097,45.64372049522333],[4.826295499484889,45.64999499589733],[4.838130500004287,45.69158599526153],[4.820585999505065,45.69557649526829],[4.810576500064927,45.68292699590747],[4.795625000511036,45.67879949573083],[4.789050500526031,45.66526299587358],[4.779994000107577,45.672815495242084],[4.747955499915339,45.65866299520662],[4.7415445001749426,45.672412495608974],[4.7164279996296035,45.67798899598989],[4.685000499807135,45.65912049599759]]],[[[4.437812000270747,45.84636349601128],[4.4405524996980414,45.833847495880676],[4.453646000427189,45.83450249555546],[4.453949500561578,45.82900599548869],[4.475723499569165,45.817839495869706],[4.477701499393497,45.83229149550566],[4.4985045001081785,45.8636194958745],[4.463689499544263,45.88606349595813],[4.452136500575244,45.87723549606207],[4.45665650020778,45.87080549535191],[4.418988000579552,45.86277899579521],[4.437812000270747,45.84636349601128]]]]}},{"type":"Feature","properties":{"id":"crozes-hermitage-crozes-ermitage","name":"Crozes-Hermitage / Crozes-Ermitage","region":"Rhône","grapes":["Marsanne","Roussanne","Syrah"],"original_region":"Rhône","key_appellations":[],"desc":"Crozes-Hermitage / Crozes-Ermitage is an appellation in the Rhône region. Main grapes: Marsanne, Roussanne, Syrah."},"geometry":{"type":"Polygon","coordinates":[[[4.840334999520628,45.03578599567356],[4.845598000577306,45.02104299554623],[4.836181499724466,45.00855649513145],[4.85185399980576,44.993766495580076],[4.855436000276665,44.9783999949844],[4.8871874999871086,45.005816495335154],[4.942318499490311,45.019413495631674],[4.945642999708815,45.024284995348616],[4.93222550027085,45.03210649558438],[4.95011700020331,45.03903849560629],[4.952130499636273,45.0470549951825],[4.942230000354334,45.05578449549666],[4.940700000170908,45.06842049566989],[4.933569500214865,45.069659495575124],[4.936516499587445,45.09142399564955],[4.911418500593893,45.097382995584404],[4.903570500422072,45.108229494969095],[4.897974499774256,45.10097049512325],[4.885490500320717,45.10447949581787],[4.879211500422855,45.09535449560901],[4.874094999668533,45.09676649519413],[4.866874500310108,45.13693649514336],[4.8346655003824575,45.15847399533815],[4.804864500356848,45.13390499524218],[4.8032250000260595,45.125022495617785],[4.8296005003422255,45.09800049526511],[4.829160500501781,45.07284749506275],[4.860750999844936,45.05542749511565],[4.840334999520628,45.03578599567356]]]}},{"type":"Feature","properties":{"id":"cote-rotie","name":"Côte Rôtie","region":"Rhône","grapes":["Syrah","Viognier"],"original_region":"Rhône","key_appellations":[],"desc":"Côte Rôtie is an appellation in the Rhône region. Main grapes: Syrah, Viognier."},"geometry":{"type":"Polygon","coordinates":[[[4.753659000390744,45.496412995073015],[4.779992000178656,45.4696474954904],[4.813119000535406,45.48385899573616],[4.861329500466633,45.51684849524675],[4.8453450005158345,45.524318995491285],[4.785556999583746,45.527445495330575],[4.776115000108292,45.523871495966546],[4.753659000390744,45.496412995073015]]]}},{"type":"Feature","properties":{"id":"cotes-du-vivarais","name":"Côtes du Vivarais","region":"Rhône","grapes":["Cinsaut","Clairette","Grenachelanc","Grenache","Marsanne","Marselan","Roussanne","Syrah"],"original_region":"Rhône","key_appellations":[],"desc":"Côtes du Vivarais is an appellation in the Rhône region. Main grapes: Cinsaut, Clairette, Grenachelanc, Grenache, Marsanne, Marselan, Roussanne, Syrah."},"geometry":{"type":"MultiPolygon","coordinates":[[[[4.428182500347501,44.25263549524994],[4.459147000222891,44.25336999494008],[4.489835499467703,44.24289399534727],[4.504772499651751,44.24738449498823],[4.500703999967226,44.26105699461844],[4.50906200039712,44.282146994738774],[4.482043999743245,44.294085995083265],[4.480504000469699,44.30006199512714],[4.488523999379228,44.30180299514404],[4.483158000378329,44.317794494820085],[4.467353499970606,44.32830399533205],[4.464763000207785,44.34167649517966],[4.481528500383015,44.33691449495177],[4.502098999857782,44.33859649477773],[4.504884000419108,44.34421799525238],[4.512748500119253,44.328085494768814],[4.564111500238866,44.32286999528968],[4.572991500023393,44.34898399497733],[4.56392999959306,44.357939995106335],[4.57158699990866,44.36985699498933],[4.565774499544983,44.38207449512241],[4.570293500124276,44.395134495132105],[4.559263500477824,44.414214995532156],[4.605969999793856,44.41366349486073],[4.628073999435095,44.40534099536482],[4.663057500560296,44.40702449540679],[4.667373499612969,44.43066599515266],[4.675998999598928,44.438813495344206],[4.667097500293728,44.437958995495165],[4.671734499377842,44.44714549504418],[4.663496500297987,44.46751849543053],[4.636917000249413,44.4630129949213],[4.632232000440075,44.47044399502753],[4.619965499445785,44.465382995533076],[4.624272999651076,44.47276899530777],[4.588728999906314,44.48188849489736],[4.561821000223793,44.47196549492492],[4.538972999753646,44.483032495280625],[4.509797000505201,44.4847564952396],[4.500969999457696,44.48072999501477],[4.506615999692613,44.468427995021145],[4.490400999870063,44.470177994661306],[4.477101000517562,44.46403299492099],[4.480649499582858,44.45459799469139],[4.4719899996064205,44.45147449539016],[4.474181500402973,44.442390494709414],[4.467713500063139,44.440708495051155],[4.456100000560151,44.44641249484707],[4.460906499689426,44.45231099550202],[4.451892999615527,44.47817799489251],[4.457816499932693,44.48896649482375],[4.455257999547262,44.49981199492137],[4.428467999654532,44.500037995095134],[4.418636999362228,44.5064679953979],[4.413634500230261,44.49319449537745],[4.404906500164376,44.49168549506057],[4.383926999635268,44.46153799468251],[4.356283499797394,44.449383995285466],[4.372930000242611,44.44364249540243],[4.3696829996249775,44.435102995362854],[4.374352999462708,44.428493995177746],[4.3845545005035405,44.42560499529446],[4.393426499528483,44.43134949544398],[4.406613499983671,44.41134599520209],[4.44222700016541,44.40619749473656],[4.444230999574962,44.390317494714026],[4.458412500083573,44.39712349498526],[4.452969500495617,44.385515995186545],[4.457537000094346,44.37985049465747],[4.448995500559979,44.37451899487058],[4.4462179999787335,44.36331849496481],[4.436739499916028,44.36164749473057],[4.422500499579387,44.37063649544138],[4.409998999997325,44.3703249947098],[4.416940999654254,44.37492549535428],[4.4160584999106645,44.38195849476919],[4.392729999692231,44.375129994808844],[4.379047999830587,44.360615495352555],[4.387478499653144,44.347701994599866],[4.3837429993540304,44.34419199545244],[4.325776499851675,44.338325495451954],[4.329956000305183,44.332123495464366],[4.316634499748303,44.32068499499321],[4.288371999491231,44.31501849519416],[4.288212999641704,44.28904449460074],[4.32885299943591,44.28021349497369],[4.335220000212102,44.25784699545781],[4.346139500442144,44.26392649516305],[4.361307000386612,44.26216149491892],[4.36901850037664,44.26890999469372],[4.3826110000004315,44.26998149500308],[4.392993999830541,44.2602919954136],[4.399802499384511,44.2650749954411],[4.4000025004420324,44.23833849513321],[4.428182500347501,44.25263549524994]]],[[[4.356587000250089,44.5407949947074],[4.32052400025873,44.57608799538658],[4.317352999638799,44.571817494891114],[4.316167500303525,44.55532149471573],[4.322585000123719,44.55142749512849],[4.31704349998001,44.541983494709605],[4.30984750040628,44.54300249484912],[4.31059049958272,44.537322495459335],[4.322991999858189,44.535532995449366],[4.324525500386871,44.526950494758154],[4.34448500038628,44.52350149517442],[4.356587000250089,44.5407949947074]]]]}},{"type":"Feature","properties":{"id":"gigondas","name":"Gigondas","region":"Rhône","grapes":["Bourboulenc","Brun Argenté","Cinsaut","Clairette","Clairette Rose","Counoise","Grenachelanc","Grenache Gris"],"original_region":"Rhône","key_appellations":[],"desc":"Gigondas is an appellation in the Rhône region. Main grapes: Bourboulenc, Brun Argenté, Cinsaut, Clairette, Clairette Rose, Counoise, Grenachelanc, Grenache Gris."},"geometry":{"type":"Polygon","coordinates":[[[5.033088500179586,44.18807649489853],[5.026911499562914,44.18016749483933],[5.011865999751571,44.179529995441314],[4.982070499915565,44.190102495110125],[4.958334499985974,44.15713349475406],[4.979588500491475,44.16294349492605],[4.993697000241415,44.15680699533993],[4.9953769998429705,44.13830549485534],[5.015511999915904,44.13427749539134],[5.041382000584013,44.14370599522605],[5.034000500064153,44.15739299506257],[5.041190999951064,44.16140749458062],[5.0300895003833865,44.16473249515532],[5.072081499662029,44.18766599514828],[5.062501500413328,44.193598995366905],[5.033088500179586,44.18807649489853]]]}},{"type":"Feature","properties":{"id":"grignan-les-adhemar","name":"Grignan-les-Adhémar","region":"Rhône","grapes":["Bourboulenc","Carignan","Cinsaut","Clairette","Grenachelanc","Grenache","Marsanne","Marselan"],"original_region":"Rhône","key_appellations":[],"desc":"Grignan-les-Adhémar is an appellation in the Rhône region. Main grapes: Bourboulenc, Carignan, Cinsaut, Clairette, Grenachelanc, Grenache, Marsanne, Marselan."},"geometry":{"type":"MultiPolygon","coordinates":[[[[4.814215000043504,44.30824099497013],[4.823719500534919,44.33288299528159],[4.846981999532008,44.328330494920465],[4.856648499971543,44.325328495404314],[4.855752500168909,44.31309549549495],[4.8909114995733995,44.30561499459137],[4.881633999588028,44.32486699490511],[4.895327000035048,44.33806249546188],[4.870102499879392,44.34807699498686],[4.9070850001538195,44.37463049523783],[4.909673999892392,44.39672099506203],[4.918513999439366,44.407786995320485],[4.951917999549182,44.418739995106876],[4.943255500618665,44.43905299483957],[4.955761000330738,44.48865699479333],[4.939144500296698,44.489753494735446],[4.877926999833153,44.46577799552419],[4.868777999499972,44.46935449552927],[4.840771999549665,44.460920995499514],[4.839289999607668,44.49030249474648],[4.824582999554519,44.49795999505969],[4.798110499779127,44.53159649524524],[4.752404500160084,44.520031494962694],[4.70297049975917,44.53609399497421],[4.707018999663026,44.53083999503421],[4.687812999557835,44.503447495223604],[4.699483999868732,44.48078449480605],[4.699090000053242,44.45373999481816],[4.691372000075019,44.441606495507585],[4.667373499612969,44.43066599515266],[4.664367000513111,44.39894549509027],[4.6771139995440265,44.406268495352506],[4.7148235006347265,44.40605849472916],[4.71194199954551,44.37308649510728],[4.7282209994691415,44.369222995044915],[4.730396000121889,44.35931549470632],[4.721664000246839,44.32658749517689],[4.762995000531691,44.32509499520966],[4.799099999497297,44.30352549519794],[4.814215000043504,44.30824099497013]]],[[[5.0706060006465155,44.50890149484409],[4.9978690006012885,44.49899099505061],[5.0089654994066235,44.4800949949423],[5.009986500256803,44.44588999486279],[5.028366999899184,44.454516494974065],[5.052849999408011,44.449801495348886],[5.0874700003138145,44.4670334950401],[5.08191749960368,44.46936799526516],[5.07794350010675,44.50025999532141],[5.068818999699317,44.50137849498564],[5.0706060006465155,44.50890149484409]]]]}},{"type":"Feature","properties":{"id":"hermitage-ermitage-l-hermitage-l-ermitage","name":"Hermitage / Ermitage / L'Hermitage / L'Ermitage","region":"Rhône","grapes":["Marsanne","Roussanne","Syrah"],"original_region":"Rhône","key_appellations":[],"desc":"Hermitage / Ermitage / L'Hermitage / L'Ermitage is an appellation in the Rhône region. Main grapes: Marsanne, Roussanne, Syrah."},"geometry":{"type":"Polygon","coordinates":[[[4.827738999863247,45.07683899500307],[4.860750999844936,45.05542749511565],[4.866865000452935,45.05902399533305],[4.865628499813916,45.07457699576407],[4.880735999446471,45.08747999551425],[4.866785499540748,45.12604899576791],[4.8489420002489165,45.125040995166586],[4.8390289993995435,45.10382699575838],[4.832813000386781,45.10643349523158],[4.8363090004035545,45.09601049574045],[4.827738999863247,45.07683899500307]]]}},{"type":"Feature","properties":{"id":"lirac","name":"Lirac","region":"Rhône","grapes":["Bourboulenc","Carignan","Cinsaut","Clairette","Clairette Rose","Counoise","Grenachelanc","Grenache Gris"],"original_region":"Rhône","key_appellations":[],"desc":"Lirac is an appellation in the Rhône region. Main grapes: Bourboulenc, Carignan, Cinsaut, Clairette, Clairette Rose, Counoise, Grenachelanc, Grenache Gris."},"geometry":{"type":"Polygon","coordinates":[[[4.684689500388943,44.01936049451188],[4.7106115002220275,44.02639049518586],[4.725842499469106,44.014184495096934],[4.738476000537296,44.01319599511614],[4.776481500241143,44.033282494835404],[4.807760000268739,44.03977349499064],[4.789118499816828,44.05219449524111],[4.785084000305049,44.067411495296035],[4.76195099987164,44.07521499511063],[4.755846999629902,44.07435349529058],[4.756282500326617,44.064557995395624],[4.747637000538733,44.073025494605744],[4.736650999826676,44.07023549468355],[4.71336850041177,44.08337499462204],[4.675067999769234,44.081063494585536],[4.679676500363416,44.06786799538983],[4.674628499618636,44.05378249531941],[4.6649289999345145,44.050203495185656],[4.668171499533574,44.04355899496],[4.657834000157782,44.03472199483733],[4.642860500419563,44.03317799465078],[4.6439375001474685,44.02073399474463],[4.684689500388943,44.01936049451188]]]}},{"type":"Feature","properties":{"id":"luberon","name":"Luberon","region":"Rhône","grapes":["Bourboulenc","Carignan","Cinsaut","Clairette","Grenachelanc","Grenache","Marsanne","Marselan"],"original_region":"Rhône","key_appellations":[],"desc":"Luberon is an appellation in the Rhône region. Main grapes: Bourboulenc, Carignan, Cinsaut, Clairette, Grenachelanc, Grenache, Marsanne, Marselan."},"geometry":{"type":"Polygon","coordinates":[[[5.439241999687715,43.681107994967604],[5.531450499513928,43.65900699521338],[5.606943499680095,43.65868599461795],[5.642949000234972,43.67254649479134],[5.673593499876082,43.69365449504684],[5.714124499853197,43.69132649516011],[5.757337499539202,43.729404495097015],[5.745873999785802,43.742901994544766],[5.716589000275562,43.75571349519239],[5.713552999742982,43.78111749507191],[5.6862114995943855,43.78687849518796],[5.674482999754605,43.80735749454533],[5.654448999881523,43.82511199453665],[5.627704999569487,43.83092899442224],[5.600936500054543,43.8259789948989],[5.574226499375606,43.83026149493585],[5.564270500176001,43.81973399479306],[5.544779500148635,43.81761199516251],[5.548616499431351,43.85148099484879],[5.561327000534891,43.857464994872075],[5.547159000190524,43.8912914953073],[5.518463000331868,43.8880414950718],[5.509984499956427,43.8937234951105],[5.492901999639553,43.874652494566384],[5.465033499494341,43.860920495278236],[5.4442450002926375,43.88004999524171],[5.456190500205908,43.903504494613664],[5.437778499884366,43.92089099525185],[5.4079904996491805,43.90012699528421],[5.3927919999141185,43.912241495045336],[5.378742999775223,43.911582994562174],[5.368325499432874,43.886827995263374],[5.350512999551009,43.88941049452551],[5.318921000513448,43.867683494886876],[5.311134999713287,43.882614995248304],[5.298527499641088,43.871957494493024],[5.3001720004007655,43.86127949510908],[5.29075400027056,43.86094199514317],[5.286310999852191,43.87164199514337],[5.252010000392848,43.895995994954745],[5.238035999664424,43.88648099469459],[5.221321499897058,43.885783494490745],[5.219606500529547,43.872317495117805],[5.2099670003575556,43.87647699515831],[5.19882099978581,43.87122049495284],[5.215610500466371,43.86682799472401],[5.210815500607716,43.855378494660236],[5.1365794994810585,43.86857849469988],[5.131730999827094,43.87946199479155],[5.102507500421804,43.866707994874346],[5.089020000368899,43.87523649449034],[5.069136499464592,43.873417994948376],[5.086461999754975,43.84678699459724],[5.077465999508513,43.846060995158226],[5.069358999532666,43.83072249495452],[5.093157499925864,43.819516494862334],[5.082101999957275,43.81978749448661],[5.076238000047083,43.808053494405044],[5.064942000290978,43.81840349516033],[5.060695000300452,43.81143049498429],[5.042624500504361,43.806503994812786],[5.051485000288819,43.78787999446115],[5.187975999867135,43.73509949452332],[5.229298000158109,43.74755649480887],[5.315713000175422,43.73649049457785],[5.338837999990137,43.72070399453859],[5.439241999687715,43.681107994967604]],[[5.358958999443418,43.84591399510753],[5.404801000480059,43.84567149513223],[5.407259500162888,43.836640994754895],[5.432802000585941,43.84306799451085],[5.464133000122534,43.84140599465438],[5.467239499724414,43.81531299470831],[5.454975000032509,43.81152249472913],[5.445284000382044,43.81763899488198],[5.433301499621236,43.8095514944567],[5.41886699985878,43.81350299506011],[5.3900944999002585,43.80235149499955],[5.374643999589611,43.805857494533015],[5.353380000620038,43.79228249454597],[5.343007000485272,43.79503449448299],[5.342104999859205,43.80924599525447],[5.366658000413875,43.821022994993285],[5.354258999715317,43.82923999492656],[5.3657809997750485,43.840505494544836],[5.358958999443418,43.84591399510753]]]}},{"type":"Feature","properties":{"id":"muscat-de-beaumes-de-venise","name":"Muscat de Beaumes-de-Venise","region":"Rhône","grapes":["Muscat À Petits Grainslancs","Muscat À Petits Grains Rouges"],"original_region":"Rhône","key_appellations":[],"desc":"Muscat de Beaumes-de-Venise is an appellation in the Rhône region. Main grapes: Muscat À Petits Grainslancs, Muscat À Petits Grains Rouges."},"geometry":{"type":"Polygon","coordinates":[[[5.024784500434197,44.08651249539363],[5.040988500247154,44.074551494647196],[5.050412999456006,44.0800934950931],[5.046523499838793,44.096085994917395],[5.065317999668557,44.0915709946076],[5.07357899992552,44.095931995244996],[5.062448000245561,44.117541495072544],[5.063465000203104,44.12745449525666],[5.071000499470854,44.132244495190164],[5.041382000584013,44.14370599522605],[5.015511999915904,44.13427749539134],[4.9953769998429705,44.13830549485534],[5.000678499593298,44.131249495316],[4.984909999818887,44.125263994654105],[4.994321499582574,44.09267499476331],[5.024784500434197,44.08651249539363]]]}},{"type":"Feature","properties":{"id":"rasteau","name":"Rasteau","region":"Rhône","grapes":["Bourboulenc","Brun Argenté","Carignan","Cinsaut","Clairette","Clairette Rose","Counoise","Grenachelanc"],"original_region":"Rhône","key_appellations":[],"desc":"Rasteau is an appellation in the Rhône region. Main grapes: Bourboulenc, Brun Argenté, Carignan, Cinsaut, Clairette, Clairette Rose, Counoise, Grenachelanc."},"geometry":{"type":"Polygon","coordinates":[[[4.989523499644938,44.264817494756244],[4.975882000462352,44.26217699475113],[4.96860799946241,44.24792999464988],[4.960978499706517,44.2483384947212],[4.963165499851979,44.22563199460161],[4.949112499415669,44.202316495078875],[4.988694500088539,44.20578049461327],[5.009924499995224,44.23816249485648],[5.003591999472106,44.24450899526812],[5.007180000402829,44.249199495274276],[4.989523499644938,44.264817494756244]]]}},{"type":"Feature","properties":{"id":"saint-joseph","name":"Saint-Joseph","region":"Rhône","grapes":["Marsanne","Roussanne","Syrah"],"original_region":"Rhône","key_appellations":[],"desc":"Saint-Joseph is an appellation in the Rhône region. Main grapes: Marsanne, Roussanne, Syrah."},"geometry":{"type":"MultiPolygon","coordinates":[[[[4.765301500496787,45.12267249529964],[4.746492999525927,45.10753999508395],[4.770877999517706,45.09033149541539],[4.761505499408426,45.08049299534367],[4.767666999719795,45.072933995344506],[4.761936499956642,45.064725495094365],[4.771845999854706,45.05727349575298],[4.78395750032165,45.059295495255085],[4.782680000506911,45.053578995220654],[4.770514500498467,45.05122799519751],[4.77059599964129,45.04407149522392],[4.781438500380982,45.04064699519571],[4.780655999738736,45.03552549517773],[4.7963735004133214,45.0365004950442],[4.792446499436118,45.024564995397306],[4.813043999848809,45.01489899542895],[4.800884500121638,44.996163995073054],[4.830688499409915,44.9944074957052],[4.832037499921173,44.98713249502149],[4.815567499915446,44.97892599543647],[4.8172174997782875,44.974388995368365],[4.852568999911121,44.97953099517634],[4.85185399980576,44.993766495580076],[4.836181499724466,45.00855649513145],[4.845598000577306,45.02104299554623],[4.840334999520628,45.03578599567356],[4.860750999844936,45.05542749511565],[4.829160500501781,45.07284749506275],[4.8296005003422255,45.09800049526511],[4.803822500333138,45.12271399519891],[4.804864500356848,45.13390499524218],[4.829100499968093,45.15668649550705],[4.8090004998875076,45.16973149566368],[4.812143499816049,45.1823154954155],[4.804812499581153,45.1940339954435],[4.8125635001063545,45.20431099584212],[4.801339999366059,45.242890995780364],[4.81018949986903,45.26224299503272],[4.808978999721311,45.29057499541913],[4.760532500554786,45.32746049553627],[4.761977499658936,45.3424139950591],[4.773579000331851,45.346489995484156],[4.774002000076636,45.35263499504541],[4.755999500081993,45.365674995177734],[4.75807350029027,45.39123599588611],[4.742107999772563,45.414604495721726],[4.7599505005116525,45.43849199539326],[4.716942999900291,45.43284799592143],[4.699643999584974,45.43636549568874],[4.69319249962787,45.424440995644744],[4.704779500142061,45.42194599529974],[4.710345499698687,45.404186495118594],[4.725806999934404,45.396835995101476],[4.706991000220851,45.38999299543209],[4.709083499548524,45.380722995241115],[4.724473499566923,45.371844495622106],[4.723105000303468,45.35460249540973],[4.703307500013798,45.34956149527439],[4.732386999728036,45.33191199500064],[4.718021999404217,45.33166249555939],[4.679933500304048,45.30808899578894],[4.768984499959942,45.29793549510869],[4.772918000430057,45.28394199556975],[4.787886999723604,45.28934899496516],[4.789516999895315,45.28122249572392],[4.785061499740259,45.269576995721124],[4.75877699990937,45.268584995700024],[4.756608999418216,45.24406349512206],[4.771537000044387,45.241629995813554],[4.775533499664937,45.231957495303924],[4.7512630000639975,45.216575995562216],[4.760290499419755,45.20633499563991],[4.747535999478688,45.19933649550759],[4.725267500286075,45.20024299544126],[4.710979000580434,45.191637495728955],[4.711635500363078,45.17544599577143],[4.721443499684237,45.16799999556593],[4.7330909999052615,45.1710969952085],[4.742021499681468,45.18479699545295],[4.767969999447833,45.17469549521121],[4.7778840003580605,45.16201299508534],[4.785671499712291,45.14805099514739],[4.772358999616871,45.145655995707344],[4.772090499574375,45.13922699517129],[4.759948500329423,45.140743495253815],[4.756455499735125,45.128841495266194],[4.765301500496787,45.12267249529964]]],[[[4.844888999689333,44.920138495391825],[4.871083500545956,44.91622049574283],[4.885333000502867,44.94095649554648],[4.854050499461847,44.94186149553384],[4.844888999689333,44.920138495391825]]]]}},{"type":"Feature","properties":{"id":"saint-peray","name":"Saint-Péray","region":"Rhône","grapes":["Marsanne","Roussanne"],"original_region":"Rhône","key_appellations":[],"desc":"Saint-Péray is an appellation in the Rhône region. Main grapes: Marsanne, Roussanne."},"geometry":{"type":"Polygon","coordinates":[[[4.782982499986892,44.87748349523002],[4.837517500114418,44.888474995372334],[4.85173100028167,44.91148799538371],[4.844888999689333,44.920138495391825],[4.854050499461847,44.94186149553384],[4.863080999400383,44.93782449497038],[4.8813684995202715,44.944602495686105],[4.874275500113011,44.9563654953343],[4.855360500161069,44.958804495018164],[4.855859499557012,44.95271899557632],[4.846061500095657,44.9535619950572],[4.81322950009489,44.96254549501618],[4.792839000432475,44.958616995509054],[4.782988500102454,44.94729849575108],[4.783107499512711,44.933527495175596],[4.799636499657322,44.922820495652445],[4.746159000147189,44.92207949488782],[4.737383999713521,44.914362495430495],[4.745550999435467,44.90640899563016],[4.736861499575941,44.886017995298545],[4.745892000440527,44.89023949558653],[4.782982499986892,44.87748349523002]]]}},{"type":"Feature","properties":{"id":"tavel","name":"Tavel","region":"Rhône","grapes":["Bourboulenc","Calitor","Carignanlanc","Carignan","Cinsaut","Clairette","Clairette Rose","Grenachelanc"],"original_region":"Rhône","key_appellations":[],"desc":"Tavel is an appellation in the Rhône region. Main grapes: Bourboulenc, Calitor, Carignanlanc, Carignan, Cinsaut, Clairette, Clairette Rose, Grenachelanc."},"geometry":{"type":"Polygon","coordinates":[[[4.741722500210683,44.0071884951819],[4.738476000537296,44.01319599511614],[4.766298000305033,44.028418495133074],[4.807760000268739,44.03977349499064],[4.789118499816828,44.05219449524111],[4.785084000305049,44.067411495296035],[4.756424500548882,44.075024494699804],[4.755879000513217,44.053332995376586],[4.724004999642297,44.052271995050816],[4.726989999385063,44.04410249527724],[4.71179150047934,44.03645799534652],[4.716222500454875,44.02464899533563],[4.632731000027494,44.01711799448778],[4.636841499758996,44.00682599475928],[4.7152305001227734,43.990590495326714],[4.741722500210683,44.0071884951819]]]}},{"type":"Feature","properties":{"id":"vacqueyras","name":"Vacqueyras","region":"Rhône","grapes":["Bourboulenc","Brun Argenté","Carignan","Cinsaut","Clairette","Clairette Rose","Counoise","Grenachelanc"],"original_region":"Rhône","key_appellations":[],"desc":"Vacqueyras is an appellation in the Rhône region. Main grapes: Bourboulenc, Brun Argenté, Carignan, Cinsaut, Clairette, Clairette Rose, Counoise, Grenachelanc."},"geometry":{"type":"Polygon","coordinates":[[[4.9935704997697234,44.095302495003715],[4.984909999818887,44.125263994654105],[5.000678499593298,44.131249495316],[4.992578999676466,44.14282649523062],[4.995781500009521,44.153022494809655],[4.969373999962334,44.162587494902],[4.9527655001205755,44.15146049514405],[4.951974500091883,44.13028799540971],[4.935466500626321,44.123924494850726],[4.91512300045734,44.10356049540915],[4.938155000081615,44.072620494857645],[4.94240050051141,44.05397849468523],[4.978918499474942,44.06511749503428],[4.976241500448851,44.07381899479925],[4.985063999837488,44.076285494971],[4.986782500322071,44.090276995242135],[4.9935704997697234,44.095302495003715]]]}},{"type":"Feature","properties":{"id":"ventoux","name":"Ventoux","region":"Rhône","grapes":["Bourboulenc","Carignan","Cinsaut","Clairette","Counoise","Grenachelanc","Grenache","Marsanne"],"original_region":"Rhône","key_appellations":[],"desc":"Ventoux is an appellation in the Rhône region. Main grapes: Bourboulenc, Carignan, Cinsaut, Clairette, Counoise, Grenachelanc, Grenache, Marsanne."},"geometry":{"type":"Polygon","coordinates":[[[5.142614500533873,43.82378299450148],[5.1483110006250605,43.86792499462409],[5.223344999545365,43.85560349513634],[5.2475314998840945,43.838729994573946],[5.26519850046722,43.84489349446836],[5.270844500145393,43.85339449508747],[5.283684999743323,43.83369749486794],[5.272976500609238,43.8159604948198],[5.270419499614128,43.79308799459147],[5.322030000523416,43.78297549460567],[5.343932499808952,43.79408099512964],[5.342104999859205,43.80924599525447],[5.366658000413875,43.821022994993285],[5.354258999715317,43.82923999492656],[5.3657809997750485,43.840505494544836],[5.358958999443418,43.84591399510753],[5.371410000120795,43.844899995110474],[5.369565499420268,43.84900899496601],[5.384710500603783,43.84328649467233],[5.404801000480059,43.84567149513223],[5.407259500162888,43.836640994754895],[5.432802000585941,43.84306799451085],[5.464699000383596,43.84152449498346],[5.4766314994266985,43.85186749444768],[5.50716800043983,43.849900494784116],[5.512567500109121,43.84064749517915],[5.497537999597994,43.841577994659396],[5.489081500065057,43.81825349518703],[5.544779500148635,43.81761199516251],[5.548616499431351,43.85148099484879],[5.572666999758246,43.86228349461267],[5.608230000583282,43.91477099485885],[5.581581499372449,43.91499399530596],[5.568919000280353,43.94224699462643],[5.544991999702282,43.93905049518893],[5.47906849991712,43.95494949527815],[5.461898000522843,43.99087049517466],[5.438164999416431,44.01556099480207],[5.35933499958187,43.99564099507504],[5.349754000377091,44.00602799450709],[5.322326999518408,44.015168494749844],[5.31376150034865,44.02228599497287],[5.298943000502711,44.08926849485034],[5.315236999728297,44.10902449533769],[5.313719500637811,44.12982349475591],[5.326576000041301,44.13930649465767],[5.3264004997038015,44.1595949951498],[5.278344500126662,44.173979994728],[5.277953000417171,44.18772199463483],[5.24178900017347,44.19576249489623],[5.238146000029011,44.21323349491273],[5.175141000304372,44.22061949512987],[5.154939000347804,44.23049049479348],[5.151812499600646,44.238308995035055],[5.140391500302772,44.23539049496671],[5.118579499748031,44.245557494983245],[5.112395499728245,44.23129999540801],[5.076252999464598,44.224249495210906],[5.058638500088528,44.19674549522961],[5.0738720000974595,44.187736494947465],[5.08243099962976,44.16984299485556],[5.074442500239703,44.15948949467186],[5.084893000551443,44.13254299484757],[5.063465000203104,44.12745449525666],[5.062448000245561,44.117541495072544],[5.070298000380561,44.10632449507746],[5.038146999657183,44.10966299518001],[5.036348499768847,44.11627949507214],[5.026639000615376,44.11767499496042],[5.018602999717365,44.11412199522906],[5.019729000048519,44.10730199531847],[4.99701499946087,44.10805599453453],[4.985063999837488,44.076285494971],[4.976241500448851,44.07381899479925],[4.978918499474942,44.06511749503428],[4.990043499492603,44.06957849457495],[5.000018999556097,44.056696494758015],[5.015203999856561,44.05967049531601],[5.0357340004971185,44.02240599517113],[4.980972499819494,43.99630449484915],[4.950952499975955,43.97462349488745],[4.994627499486025,43.97088049480604],[4.999101500019069,43.96597699513184],[5.039681500109299,43.97732049528969],[5.083440500313634,43.95948349499811],[5.088972500571861,43.93899649519292],[5.080289999474088,43.91696099469675],[5.0883115003635035,43.90789699485077],[5.10494149994539,43.9061829947333],[5.08742949990446,43.897377994971535],[5.091496000065849,43.8924624950004],[5.080726499711843,43.88453149508845],[5.08307549969618,43.87470299446502],[5.069136499464592,43.873417994948376],[5.086461999754975,43.84678699459724],[5.10061750063314,43.84114549465304],[5.134594999521465,43.806528494862704],[5.1454960005767845,43.80819849512277],[5.142614500533873,43.82378299450148]]]}},{"type":"Feature","properties":{"id":"vinsobres","name":"Vinsobres","region":"Rhône","grapes":["Bourboulenc","Brun Argenté","Carignan","Cinsaut","Clairette","Clairette Rose","Counoise","Grenachelanc"],"original_region":"Rhône","key_appellations":[],"desc":"Vinsobres is an appellation in the Rhône region. Main grapes: Bourboulenc, Brun Argenté, Carignan, Cinsaut, Clairette, Clairette Rose, Counoise, Grenachelanc."},"geometry":{"type":"Polygon","coordinates":[[[5.099389000359926,44.33355349479209],[5.071849000507905,44.360734995513205],[5.070315999479323,44.376447495152334],[5.055036000099628,44.365013495510944],[5.025982000338091,44.36227499473127],[5.023284999818979,44.345948495196076],[5.009002499805932,44.33376399499647],[5.013781000030445,44.3257869949847],[5.008783000289333,44.31643199467192],[5.0204735005528685,44.31584849503153],[5.029503999465922,44.297893495104766],[5.055738999394496,44.305302995299144],[5.099389000359926,44.33355349479209]]]}},{"type":"Feature","properties":{"id":"roussette-de-savoie","name":"Roussette de Savoie","region":"Savoie","grapes":["Altesse"],"original_region":"Savoie","key_appellations":[],"desc":"Roussette de Savoie is an appellation in the Savoie region. Main grapes: Altesse."},"geometry":{"type":"MultiPolygon","coordinates":[[[[5.812785499405505,45.69639449565881],[5.8062315006113705,45.681108495749804],[5.827462500323722,45.66946249560606],[5.847134999851151,45.69293799557201],[5.846918000214511,45.70465199546361],[5.831496499998789,45.7299884956102],[5.812718000165178,45.74416999519025],[5.811526000489626,45.758885995650495],[5.819030000349042,45.76360699540719],[5.79673649947302,45.76308049519683],[5.800358999420806,45.8001609959942],[5.812583000251907,45.79901849540789],[5.815821499889392,45.80643699554698],[5.826979500609034,45.80370449526382],[5.84908649990213,45.76883899585667],[5.87197400044134,45.71354599601322],[5.9065345004425716,45.7211414958579],[5.91020649955323,45.74311649596317],[5.88678099985088,45.759727495231495],[5.896420500203569,45.77347149558836],[5.939272999856547,45.777328995261165],[5.931580999742164,45.76600249541647],[5.948802500241512,45.75783899593999],[5.930738999433503,45.74918799517978],[5.9533149999009805,45.73058549576217],[5.975621999829901,45.74314799543716],[5.967944500564776,45.75641099587197],[5.982568500044714,45.78390149574916],[5.980550500124665,45.7961709952663],[5.958063500346221,45.79491699577374],[5.962779999647721,45.81273199518509],[5.934116999633688,45.814598995337114],[5.930600499883259,45.80710199592769],[5.913216000577215,45.804144495815606],[5.904722999955315,45.81116849534576],[5.9047895002267285,45.82607149550081],[5.882271500620782,45.82646849577773],[5.873101000489192,45.83409749560446],[5.879312499476701,45.8604694957522],[5.862099000352796,45.93240399523933],[5.837885999533333,45.93198499559823],[5.831229999816041,45.93845749567828],[5.82187749946368,45.92931099572806],[5.828539999967695,45.90929249576178],[5.801111999796672,45.84579549569314],[5.8211780004744345,45.845220495667775],[5.819059500148927,45.82299699589919],[5.794581500162235,45.81065049584052],[5.798542499995613,45.828538995493126],[5.786936499835908,45.82322249563376],[5.779020000232795,45.760608496003464],[5.783586499667711,45.74520399588659],[5.7696785006066325,45.740812495314074],[5.776236000469946,45.726383995658196],[5.752618999697286,45.70634849590566],[5.727736500143095,45.70926499547167],[5.718366500198372,45.69063749554279],[5.76941849994018,45.673200495354585],[5.793569000360526,45.696313995658365],[5.812785499405505,45.69639449565881]]],[[[5.860737999766397,45.642379995392474],[5.89083100027047,45.64225449582139],[5.8729284999672,45.6573759956682],[5.875249000518436,45.668503495219106],[5.854641999649151,45.66865799541934],[5.851025000173506,45.66228699577906],[5.825838999955396,45.66739599549544],[5.816264999550938,45.621410495552496],[5.851672999995795,45.61507799580783],[5.860737999766397,45.642379995392474]]],[[[5.850824499825854,45.989290995866924],[5.867783999962022,45.98682449532309],[5.872121999791698,45.976961995512895],[5.916409499851246,45.98258899609075],[5.9281694998778,46.01220599536169],[5.944121000160268,46.01399299565299],[5.96034700015119,46.003295495705025],[5.966986000001523,46.00780949595022],[5.962708500487185,46.02334899592352],[5.970716999510098,46.0232264956237],[5.973377500076566,46.03602049575431],[5.96459200011163,46.04395849542458],[5.967139500080149,46.05018099583731],[5.943583500570121,46.05459149536035],[5.91124899945796,46.084409495460164],[5.893028500454472,46.118917496006716],[5.885319999651301,46.10790199562827],[5.89290199987754,46.099062496108694],[5.891437000511673,46.08848099586385],[5.8662654993764445,46.08553349611172],[5.87489699938582,46.07391549596435],[5.86778150052229,46.06596499580086],[5.879703500234083,46.05323049580277],[5.8843930006520715,46.034801495587836],[5.848580499541502,46.03488649539586],[5.84654000031738,46.04539649614505],[5.828557000395385,46.05545549586582],[5.813609000041949,46.054296495730505],[5.806993999426112,46.04382799558174],[5.811669499446888,45.98712799521907],[5.8340244994728385,45.97202749532295],[5.850824499825854,45.989290995866924]]],[[[5.965569999932113,45.45631549581056],[6.006084000260479,45.446732495913615],[6.018621000176695,45.47182499588237],[6.040995000132729,45.487220495510805],[6.107997499915541,45.52098949556972],[6.117618500214861,45.53426449576818],[6.176024499769321,45.555753495421484],[6.195928999966537,45.57374149571295],[6.225474500302973,45.586228995448444],[6.2405009995881615,45.58557049585846],[6.2346875003179205,45.598608495970225],[6.219943999941791,45.611551995202156],[6.186904499409732,45.595129495686514],[6.159815999546637,45.60506549523541],[6.141088999902484,45.58566299537982],[6.121744499949097,45.58415749541024],[6.114047500503992,45.59351499582604],[6.073359500273479,45.52846449555489],[6.038293499468592,45.51478549511192],[6.031324500252776,45.517291495381954],[6.021537499568903,45.539977995288716],[6.005343000133305,45.55043499565211],[5.998700500577281,45.54497849565246],[5.990625500011167,45.57982649545967],[5.977041500470939,45.58193549525901],[5.973500000211626,45.59533399583395],[5.963672999858296,45.59317699589178],[5.960296500215252,45.60913699535324],[5.9429350004431125,45.59929249588012],[5.936543500045426,45.60722799566579],[5.932726499767086,45.595661995952355],[5.945627499432338,45.586961495724175],[5.950283999649279,45.57091499575076],[5.973478000593914,45.571648995872046],[5.971933500387082,45.547247995897465],[5.9659679995655175,45.53546449537698],[5.946406499468435,45.545665995899014],[5.930670499886027,45.534578995660894],[5.924935000341722,45.51337449563891],[5.893886500326363,45.496671495269645],[5.925512499691551,45.46607699519587],[5.921408000215461,45.4442344957139],[5.904454499935847,45.43230599509405],[5.958473499707829,45.43394149557975],[5.967880500373104,45.44669499552892],[5.965569999932113,45.45631549581056]]],[[[6.416692500496004,46.04256899615827],[6.454943500595502,46.053741496016514],[6.4499794995556625,46.05829199543354],[6.459638000646258,46.059381495607795],[6.4608010000525455,46.072844495584555],[6.49244949986281,46.06880849548202],[6.513534499408496,46.07285049574715],[6.51602599962133,46.09190399531876],[6.528853500329113,46.10633999612452],[6.502531500496265,46.126369495583255],[6.476720499878654,46.10808299533679],[6.452045000541874,46.10637199587889],[6.441079500015764,46.09487949559427],[6.414816500646802,46.10128149557366],[6.3945149993916655,46.0964729961342],[6.3674074999983645,46.10555099584859],[6.359082500046964,46.11472199611706],[6.347119499677462,46.11145399573498],[6.371711499701956,46.08665899595893],[6.397148500259001,46.083989995424],[6.3956860003619385,46.073006995914824],[6.380112999382851,46.056718495384494],[6.389177499600597,46.04720499589375],[6.416692500496004,46.04256899615827]]],[[[6.233550999979193,46.19798749588051],[6.276299000454359,46.19893899588809],[6.286062499373911,46.20657099580507],[6.276372000599625,46.21524799593143],[6.230193500099402,46.20439899531521],[6.233550999979193,46.19798749588051]]],[[[6.273223499507477,46.30191999558453],[6.277475499338064,46.28434149617187],[6.300686500282782,46.27209099558904],[6.297717999967323,46.266114495634035],[6.324832499682766,46.26565899537454],[6.3351109996739075,46.27916949547302],[6.354476000342312,46.28100649621667],[6.395293000524604,46.30567849548439],[6.4109374996842075,46.30714399579542],[6.407557000582642,46.32798649611656],[6.41456650060764,46.338229995556645],[6.400236500527105,46.349879495645155],[6.390033499450406,46.340162996134524],[6.362586500022975,46.347769495665275],[6.357335499738276,46.3387579954118],[6.342645000047837,46.333901496131126],[6.322419499423427,46.332992495928245],[6.309166499877725,46.34115949558858],[6.288313499662083,46.32986149610657],[6.292563499479307,46.325704495822826],[6.273223499507477,46.30191999558453]]],[[[6.492429000093831,46.35373699581151],[6.516043500054023,46.36386149556681],[6.505234999685571,46.36799099580311],[6.507863500439218,46.38276749572509],[6.537207000616213,46.386874995411354],[6.544798499907014,46.378069995422194],[6.577095000626968,46.37988599593602],[6.568238000553595,46.39823649591965],[6.543882499342274,46.39481699610474],[6.513069999433885,46.404784996151335],[6.484466999897119,46.393490495707056],[6.474908000150544,46.37481899613076],[6.442913999958056,46.36398049619809],[6.447241500224684,46.35536999552578],[6.439354500385952,46.35237949616017],[6.453500500483447,46.34394099582602],[6.487517500451236,46.357565995621876],[6.492429000093831,46.35373699581151]]]]}},{"type":"Feature","properties":{"id":"roussette-du-bugey","name":"Roussette du Bugey","region":"Savoie","grapes":["Altesse"],"original_region":"Savoie","key_appellations":[],"desc":"Roussette du Bugey is an appellation in the Savoie region. Main grapes: Altesse."},"geometry":{"type":"MultiPolygon","coordinates":[[[[5.438570500512958,45.795434495850735],[5.517513500464814,45.73118249536465],[5.527273500039577,45.71546349598078],[5.549553000346784,45.7118109952634],[5.551950999556609,45.70224349595855],[5.574874500491667,45.693254495290844],[5.57497200018395,45.68726349588598],[5.563835000333774,45.68465899534731],[5.5605235000786255,45.69393849544172],[5.548575999462512,45.69945849552609],[5.545086000135031,45.68807799561492],[5.5547784997366705,45.67807599555133],[5.55251400027184,45.67228799589983],[5.61250300059368,45.66487749554055],[5.619660999620609,45.66754899595049],[5.617558000182566,45.67427449530138],[5.6549999998777425,45.69987049574278],[5.667014500141939,45.6860519959964],[5.6496895000304015,45.66927649539641],[5.619127500502157,45.66504349534532],[5.623494499823195,45.6449759952899],[5.636329999368691,45.6381554955264],[5.65694849964309,45.65226849570168],[5.687611000315863,45.65358199542013],[5.684884499769466,45.666159495526074],[5.709361999771473,45.685235995505835],[5.700593999391484,45.709947495698316],[5.738214000233145,45.71034349600691],[5.7478615000207745,45.70527799559431],[5.776236000469946,45.726383995658196],[5.7696785006066325,45.740812495314074],[5.783586499667711,45.74520399588659],[5.779020000232795,45.760608496003464],[5.784068500284578,45.816511995637676],[5.797220000346876,45.83105599574225],[5.828539999967695,45.90929249576178],[5.82187749946368,45.92931099572806],[5.831229999816041,45.93845749567828],[5.821760499720582,45.933332995223374],[5.802952499893019,45.9402519955816],[5.766595499793927,45.93578199602352],[5.760060500631958,45.96029549570943],[5.748497499591784,45.961231496042764],[5.747647499636176,45.9662559959573],[5.72022100006942,45.961273995610355],[5.712380499924886,45.95871799580267],[5.717749499499237,45.93167649552509],[5.703176000359938,45.906628495951104],[5.6699780004052025,45.89867849551113],[5.667330999996521,45.91111699528983],[5.682281500238744,45.921479995526816],[5.675165500105398,45.939160495599204],[5.682438499786563,45.972668496064216],[5.674970500178551,45.98576749525506],[5.639487999672424,45.98429149536731],[5.6352249996247545,45.94461549546316],[5.6151335000742195,45.91409149543685],[5.629525499607574,45.90561199520015],[5.623329500368795,45.86680249532302],[5.609593999437803,45.848293495522995],[5.599620999877521,45.848493495761616],[5.5863414995276575,45.8385679953974],[5.574556000197901,45.84516649528119],[5.566408500195651,45.83369549585472],[5.592634999729275,45.79912649592834],[5.5906200006280615,45.758574995515964],[5.584295999495515,45.762585495494385],[5.570825500533855,45.753384495534796],[5.5361489999782085,45.75870049597698],[5.535063000473798,45.76656499598648],[5.517746499626047,45.77970849561923],[5.531155500359066,45.789007495757055],[5.520948500591837,45.78943199570376],[5.498325499581856,45.81568799588187],[5.499336999586351,45.829885995230086],[5.516618499574827,45.84029299582288],[5.478313500038848,45.87216349608755],[5.470888500457199,45.86741899590637],[5.458523000493638,45.87208399567393],[5.457686999548242,45.85851199579077],[5.449704500340739,45.86318999605178],[5.42853850008402,45.86035299564101],[5.417310999959745,45.86696299558124],[5.4225350000253565,45.84984849547485],[5.421894999494005,45.843022995361146],[5.416313999930748,45.84803849526558],[5.418251999751781,45.84010649579257],[5.435638999503992,45.82976999518875],[5.450410500265108,45.82904549589791],[5.463653999852903,45.81395699585919],[5.45983649990776,45.80343899531116],[5.438570500512958,45.795434495850735]],[[5.6261894999657835,45.71773749570615],[5.611401499504879,45.74896599542605],[5.6384300000790475,45.750334995352524],[5.642604500327219,45.73954199591034],[5.636385500257731,45.72270649549716],[5.6261894999657835,45.71773749570615]]],[[[5.343897999730865,45.88195999579235],[5.353832000221105,45.883269995401406],[5.378023500231217,45.869653495422874],[5.4015950002826605,45.88094349571534],[5.396092499719027,45.88861099520502],[5.403644000005417,45.89223249539554],[5.399834499458833,45.90367999559163],[5.414175500406139,45.896086495864814],[5.412592499410736,45.90463749591358],[5.42859999991996,45.92207199591368],[5.416079000312114,45.931147995809326],[5.41940150019128,45.93745049588913],[5.408820000390848,45.94206099546607],[5.412249999643513,45.98018799560852],[5.372446000316586,45.973884995515085],[5.355834500105507,45.98292899604534],[5.33762099968163,45.98404649546175],[5.330929999856286,45.97621149579992],[5.327878499400491,45.955877495391775],[5.341283500294195,45.94838549537529],[5.372446499642514,45.9447564953141],[5.372321000623757,45.93782899571745],[5.386196000261152,45.93092649526828],[5.38282900060085,45.91791749596045],[5.366128499598489,45.9366904957893],[5.321869500397011,45.926077995690264],[5.315734499719357,45.91881299562486],[5.323253500118468,45.908845495763885],[5.297211000087761,45.90543699557973],[5.30436950020505,45.90070149558938],[5.30113649994793,45.88142999585769],[5.296504000620557,45.864850495768735],[5.28683100060894,45.86231449540119],[5.30249449964901,45.84812749540055],[5.329968500174111,45.86409999582757],[5.343897999730865,45.88195999579235]]],[[[5.504069500371496,45.94099749586927],[5.466003999649578,45.95016549568776],[5.459752499727407,45.94466699540707],[5.4740949999732536,45.920136995206555],[5.490977499965305,45.914218495453405],[5.504069500371496,45.94099749586927]]],[[[5.4300880003584115,45.98276099567455],[5.444379500481906,46.01725799612736],[5.449948499824771,46.00837049601695],[5.480839499965662,46.01642099544443],[5.487957000314199,46.05246999531072],[5.507929499886956,46.05902349530626],[5.505969999433341,46.07096449577164],[5.491515000096949,46.08163399570313],[5.486511000539726,46.07339999544905],[5.477991499493213,46.07822899569688],[5.475059999754587,46.0970394954609],[5.482751999670355,46.11037649572065],[5.4734805000177715,46.115570995982715],[5.4631354995617025,46.10691449602523],[5.439652499364529,46.10828249594665],[5.434612999541213,46.11985549529215],[5.412771500351264,46.12400849596389],[5.400415499535053,46.16576249588932],[5.390184000168094,46.170495495496354],[5.365190999876238,46.17202299598274],[5.3616739998555545,46.15883649615152],[5.347066500064733,46.15121349528927],[5.290460500541707,46.15491199535542],[5.280901499407974,46.14702349594903],[5.284980500351614,46.12349499556693],[5.294950000577717,46.11103949574692],[5.288356500284537,46.084831996068644],[5.311999000136008,46.07466799542692],[5.334737499938599,46.089462496026535],[5.356912999861478,46.092652495330874],[5.372056999805433,46.118357495771036],[5.382252000440505,46.11196049595344],[5.387285000385338,46.123258996005816],[5.405926499795147,46.12203399560065],[5.397776500009432,46.09789999580952],[5.403021499464586,46.08987999588543],[5.3807639997245476,46.07477099599237],[5.378073999569655,46.04967799607174],[5.365852499488987,46.043794995372465],[5.350890500342258,46.045635995826046],[5.354228999701171,46.03465199559649],[5.334829500335356,46.038050495638146],[5.358376500467007,46.021981495546164],[5.425478000600996,45.997203496103104],[5.423982000297152,45.98783599604474],[5.4300880003584115,45.98276099567455]]],[[[5.344415000060145,46.17127249571333],[5.338386000355489,46.19479599620936],[5.294451499830764,46.19392749566767],[5.310636999774606,46.1685634957428],[5.338177999823782,46.16626049548],[5.344415000060145,46.17127249571333]]],[[[5.462460000158336,46.206021995449866],[5.46615249962751,46.190117995803824],[5.45562049994444,46.17937949573624],[5.489451000509989,46.18947149620212],[5.489394499403667,46.200817996174685],[5.473091500151271,46.20145149578801],[5.457728000429557,46.216237495691615],[5.450403499992908,46.215178995608994],[5.451204000300826,46.20876349540499],[5.462460000158336,46.206021995449866]]],[[[5.724382000351599,46.02125899611132],[5.746370999563653,45.983089495825816],[5.771259500309184,45.98755649559266],[5.7812799995251,45.99589599591082],[5.81019349962067,45.993387495842356],[5.810813499528014,46.01029949588885],[5.787154000426346,46.02043599581727],[5.724382000351599,46.02125899611132]]]]}},{"type":"Feature","properties":{"id":"seyssel","name":"Seyssel","region":"Savoie","grapes":["Altesse","Chasselas","Molette"],"original_region":"Savoie","key_appellations":[],"desc":"Seyssel is an appellation in the Savoie region. Main grapes: Altesse, Chasselas, Molette."},"geometry":{"type":"Polygon","coordinates":[[[5.821760499720582,45.933332995223374],[5.8252084999826925,45.93889849558839],[5.837885999533333,45.93198499559823],[5.862099000352796,45.93240399523933],[5.8727809994963955,45.945150496046914],[5.8677720005391345,45.96288649566045],[5.880543999437483,45.978363995999516],[5.8701109994443295,45.97783599554514],[5.867783999962022,45.98682449532309],[5.852680000580974,45.99202499605077],[5.8340244994728385,45.97202749532295],[5.81019349962067,45.993387495842356],[5.792481499962326,45.99730899530324],[5.746370999563653,45.983089495825816],[5.748497499591784,45.961231496042764],[5.760060500631958,45.96029549570943],[5.766595499793927,45.93578199602352],[5.802952499893019,45.9402519955816],[5.821760499720582,45.933332995223374]]]}},{"type":"Feature","properties":{"id":"vin-de-savoie-savoie","name":"Vin de Savoie / Savoie","region":"Savoie","grapes":["Aligoté","Altesse","Cabernet Franc","Cabernet Sauvignon","Chardonnay","Chasselas","Etraire De La Dui","Gamay"],"original_region":"Savoie","key_appellations":[],"desc":"Vin de Savoie / Savoie is an appellation in the Savoie region. Main grapes: Aligoté, Altesse, Cabernet Franc, Cabernet Sauvignon, Chardonnay, Chasselas, Etraire De La Dui, Gamay."},"geometry":{"type":"MultiPolygon","coordinates":[[[[5.812785499405505,45.69639449565881],[5.8062315006113705,45.681108495749804],[5.827462500323722,45.66946249560606],[5.847134999851151,45.69293799557201],[5.844290999373888,45.71283899570189],[5.812718000165178,45.74416999519025],[5.811526000489626,45.758885995650495],[5.819030000349042,45.76360699540719],[5.798098999850352,45.76222799555093],[5.794385499514412,45.768646495561],[5.800358999420806,45.8001609959942],[5.812583000251907,45.79901849540789],[5.815821499889392,45.80643699554698],[5.832479500643031,45.797048995490066],[5.87197400044134,45.71354599601322],[5.9065345004425716,45.7211414958579],[5.91020649955323,45.74311649596317],[5.88678099985088,45.759727495231495],[5.898022999770551,45.77436649577163],[5.939272999856547,45.777328995261165],[5.931580999742164,45.76600249541647],[5.948802500241512,45.75783899593999],[5.930738999433503,45.74918799517978],[5.947365500418922,45.73203799556022],[5.964873499442376,45.733273495297574],[5.975621999829901,45.74314799543716],[5.967944500564776,45.75641099587197],[5.974914500041241,45.7771694955422],[5.981745000571247,45.78118149569534],[5.981730500477794,45.794556495703965],[5.958063500346221,45.79491699577374],[5.962779999647721,45.81273199518509],[5.934116999633688,45.814598995337114],[5.930600499883259,45.80710199592769],[5.913216000577215,45.804144495815606],[5.904722999955315,45.81116849534576],[5.9047895002267285,45.82607149550081],[5.882271500620782,45.82646849577773],[5.873101000489192,45.83409749560446],[5.879312499476701,45.8604694957522],[5.862459500540732,45.91715049548426],[5.862099000352796,45.93240399523933],[5.8727809994963955,45.945150496046914],[5.8677720005391345,45.96288649566045],[5.88328649935963,45.97980849580174],[5.916409499851246,45.98258899609075],[5.9281694998778,46.01220599536169],[5.944121000160268,46.01399299565299],[5.964313500162272,46.00366299533123],[5.967607499755922,46.019228495964875],[5.962708500487185,46.02334899592352],[5.970716999510098,46.0232264956237],[5.973316999415507,46.03219399568217],[5.96386350045431,46.053438495416856],[5.943583500570121,46.05459149536035],[5.91124899945796,46.084409495460164],[5.893028500454472,46.118917496006716],[5.885319999651301,46.10790199562827],[5.89290199987754,46.099062496108694],[5.891437000511673,46.08848099586385],[5.8662654993764445,46.08553349611172],[5.87489699938582,46.07391549596435],[5.86778150052229,46.06596499580086],[5.879703500234083,46.05323049580277],[5.8843930006520715,46.034801495587836],[5.848580499541502,46.03488649539586],[5.84654000031738,46.04539649614505],[5.828557000395385,46.05545549586582],[5.815000500282768,46.054838495575375],[5.806993999426112,46.04382799558174],[5.812365999535384,46.026596495952006],[5.805472000115984,46.0157319958133],[5.810813499528014,46.01029949588885],[5.81019349962067,45.993387495842356],[5.7812799995251,45.99589599591082],[5.771259500309184,45.98755649559266],[5.746370999563653,45.983089495825816],[5.748497499591784,45.961231496042764],[5.760060500631958,45.96029549570943],[5.766595499793927,45.93578199602352],[5.816005500202973,45.93642749525746],[5.8265339996121845,45.96190299562688],[5.832783999925834,45.96170899601368],[5.8350130002119585,45.951102995908435],[5.82187749946368,45.92931099572806],[5.828539999967695,45.90929249576178],[5.801111999796672,45.84579549569314],[5.8211780004744345,45.845220495667775],[5.819059500148927,45.82299699589919],[5.794581500162235,45.81065049584052],[5.798542499995613,45.828538995493126],[5.786936499835908,45.82322249563376],[5.779020000232795,45.760608496003464],[5.783586499667711,45.74520399588659],[5.7696785006066325,45.740812495314074],[5.776236000469946,45.726383995658196],[5.752618999697286,45.70634849590566],[5.727736500143095,45.70926499547167],[5.718366500198372,45.69063749554279],[5.76941849994018,45.673200495354585],[5.793569000360526,45.696313995658365],[5.812785499405505,45.69639449565881]]],[[[5.860737999766397,45.642379995392474],[5.89083100027047,45.64225449582139],[5.8729284999672,45.6573759956682],[5.875249000518436,45.668503495219106],[5.854641999649151,45.66865799541934],[5.851025000173506,45.66228699577906],[5.825838999955396,45.66739599549544],[5.816264999550938,45.621410495552496],[5.851672999995795,45.61507799580783],[5.860737999766397,45.642379995392474]]],[[[5.965569999932113,45.45631549581056],[6.006084000260479,45.446732495913615],[6.018621000176695,45.47182499588237],[6.040995000132729,45.487220495510805],[6.107997499915541,45.52098949556972],[6.117618500214861,45.53426449576818],[6.176024499769321,45.555753495421484],[6.195928999966537,45.57374149571295],[6.225474500302973,45.586228995448444],[6.2405009995881615,45.58557049585846],[6.2346875003179205,45.598608495970225],[6.219943999941791,45.611551995202156],[6.186904499409732,45.595129495686514],[6.159815999546637,45.60506549523541],[6.141088999902484,45.58566299537982],[6.121744499949097,45.58415749541024],[6.114047500503992,45.59351499582604],[6.073359500273479,45.52846449555489],[6.038293499468592,45.51478549511192],[6.031324500252776,45.517291495381954],[6.021537499568903,45.539977995288716],[6.005343000133305,45.55043499565211],[5.998700500577281,45.54497849565246],[5.990625500011167,45.57982649545967],[5.977041500470939,45.58193549525901],[5.973500000211626,45.59533399583395],[5.963672999858296,45.59317699589178],[5.960296500215252,45.60913699535324],[5.9429350004431125,45.59929249588012],[5.936543500045426,45.60722799566579],[5.932726499767086,45.595661995952355],[5.945627499432338,45.586961495724175],[5.950283999649279,45.57091499575076],[5.973478000593914,45.571648995872046],[5.971933500387082,45.547247995897465],[5.9659679995655175,45.53546449537698],[5.946406499468435,45.545665995899014],[5.930670499886027,45.534578995660894],[5.924935000341722,45.51337449563891],[5.893886500326363,45.496671495269645],[5.925512499691551,45.46607699519587],[5.921408000215461,45.4442344957139],[5.904454499935847,45.43230599509405],[5.958473499707829,45.43394149557975],[5.967880500373104,45.44669499552892],[5.965569999932113,45.45631549581056]]],[[[6.416692500496004,46.04256899615827],[6.454943500595502,46.053741496016514],[6.4499794995556625,46.05829199543354],[6.459638000646258,46.059381495607795],[6.4608010000525455,46.072844495584555],[6.49244949986281,46.06880849548202],[6.513534499408496,46.07285049574715],[6.51602599962133,46.09190399531876],[6.528853500329113,46.10633999612452],[6.502531500496265,46.126369495583255],[6.476720499878654,46.10808299533679],[6.452045000541874,46.10637199587889],[6.441079500015764,46.09487949559427],[6.414816500646802,46.10128149557366],[6.3945149993916655,46.0964729961342],[6.3674074999983645,46.10555099584859],[6.359082500046964,46.11472199611706],[6.347119499677462,46.11145399573498],[6.371711499701956,46.08665899595893],[6.397148500259001,46.083989995424],[6.3956860003619385,46.073006995914824],[6.380112999382851,46.056718495384494],[6.389177499600597,46.04720499589375],[6.416692500496004,46.04256899615827]]],[[[6.233550999979193,46.19798749588051],[6.276299000454359,46.19893899588809],[6.286062499373911,46.20657099580507],[6.276372000599625,46.21524799593143],[6.230193500099402,46.20439899531521],[6.233550999979193,46.19798749588051]]],[[[6.32631000001902,46.26632699620802],[6.3351109996739075,46.27916949547302],[6.354476000342312,46.28100649621667],[6.395293000524604,46.30567849548439],[6.4109374996842075,46.30714399579542],[6.407557000582642,46.32798649611656],[6.41456650060764,46.338229995556645],[6.407186499841318,46.34651299601742],[6.399222500145134,46.34973349587751],[6.390033499450406,46.340162996134524],[6.362586500022975,46.347769495665275],[6.357335499738276,46.3387579954118],[6.342645000047837,46.333901496131126],[6.322419499423427,46.332992495928245],[6.309166499877725,46.34115949558858],[6.288313499662083,46.32986149610657],[6.292563499479307,46.325704495822826],[6.273223499507477,46.30191999558453],[6.274958499488505,46.28726649569735],[6.300686500282782,46.27209099558904],[6.297717999967323,46.266114495634035],[6.32631000001902,46.26632699620802]]],[[[6.529412500191472,46.361701495400574],[6.544798499907014,46.378069995422194],[6.577095000626968,46.37988599593602],[6.568238000553595,46.39823649591965],[6.543882499342274,46.39481699610474],[6.513069999433885,46.404784996151335],[6.49239700057184,46.39842499621068],[6.482850999716728,46.391927495911204],[6.480783999834119,46.37934449606217],[6.442913999958056,46.36398049619809],[6.447241500224684,46.35536999552578],[6.439354500385952,46.35237949616017],[6.453500500483447,46.34394099582602],[6.487517500451236,46.357565995621876],[6.492429000093831,46.35373699581151],[6.5095854997624425,46.36450499591161],[6.529412500191472,46.361701495400574]]]]}},{"type":"Feature","properties":{"id":"bergerac","name":"Bergerac","region":"Southwest (Dordogne)","grapes":["Cabernet Franc","Cabernet Sauvignon","Chenin","Cot","Fer","Merlot","Muscadelle","Mérille"],"original_region":"Southwest (Dordogne)","key_appellations":[],"desc":"Bergerac is an appellation in the Southwest (Dordogne) region. Main grapes: Cabernet Franc, Cabernet Sauvignon, Chenin, Cot, Fer, Merlot, Muscadelle, Mérille."},"geometry":{"type":"MultiPolygon","coordinates":[[[[0.34103500010062177,44.727947495533684],[0.34816549961542653,44.710467495599566],[0.34059850060166835,44.70296149497824],[0.35954000055840235,44.691310995283324],[0.34822449963416746,44.66969549527053],[0.35169100015371263,44.65476049475693],[0.3663929999443327,44.662167494963626],[0.3754039999461068,44.6528279954712],[0.3856709998846751,44.65695999549791],[0.4169024997625526,44.645083994767575],[0.4456710003782458,44.652384495321925],[0.47053249944270736,44.66957849555144],[0.49330099985479386,44.66764999522386],[0.5118094995995811,44.67883449481991],[0.5282259998873137,44.67845749550496],[0.5404299997233474,44.6650999949891],[0.5535079998754855,44.66611349515038],[0.5712650001538211,44.6754854955726],[0.57470549972462,44.69114949528385],[0.5854530002669875,44.69914749539627],[0.6200139994666728,44.69129849487212],[0.6303580003368103,44.706571494987074],[0.6477439993801216,44.70313349513154],[0.6556304996040544,44.68997599549904],[0.6717934995518647,44.68918249504138],[0.6784919999712795,44.696025995459244],[0.6958464994879188,44.69132049521763],[0.6960635000409895,44.67701099541951],[0.7291375004659767,44.67598799527783],[0.7459385004249671,44.68239399528693],[0.7635055001341068,44.678714494988306],[0.7631400003025033,44.68991849529859],[0.7875524999137891,44.685433995426905],[0.7867755001106035,44.69347349497367],[0.7977215001196708,44.70176799480617],[0.8180049999103984,44.69847899497924],[0.83107799989299,44.68316799475609],[0.8410955003212137,44.69099549535251],[0.8357464998533437,44.70051149532308],[0.8224754995034326,44.70335299527803],[0.8276805003447505,44.7072919951598],[0.8128744994190213,44.708942995471624],[0.8050610001709678,44.74196449565262],[0.816713500615885,44.753010494902],[0.7939375003364504,44.7782694950568],[0.7723019999122874,44.78634899520145],[0.7735660003546482,44.7958219950811],[0.736496499683686,44.80156949535794],[0.7229770002006576,44.79453599525404],[0.7154669998063808,44.77116149533227],[0.6865104996446396,44.76080999546505],[0.7031250003509512,44.73147799517189],[0.6897974996385674,44.72719549510132],[0.6783064994784666,44.73598349523026],[0.6550935003651195,44.737313995361774],[0.6498989997483552,44.7312519954001],[0.6225209994794957,44.73057749556358],[0.6111740000815831,44.74701649562849],[0.6161734998944878,44.75973499564455],[0.6339130005642312,44.760180995451336],[0.6410714999455093,44.770232494776295],[0.6133360004640185,44.77891499501994],[0.6185545002738294,44.784214495302656],[0.6182590000404551,44.806980495006876],[0.6748384996081415,44.79588099489961],[0.6774280001681249,44.80055349544388],[0.6883234998012561,44.795309995618844],[0.7047700001403715,44.79932399509721],[0.6952859995698203,44.80863799482713],[0.6929245002899463,44.82489499558272],[0.6368110003386781,44.836505995670166],[0.6433710006423965,44.841599495201855],[0.6318125002097303,44.84534449516211],[0.6438625001169339,44.86419799559269],[0.6290090002161113,44.874198495012756],[0.5916150004955771,44.87800449518368],[0.5848659998012232,44.88784849487358],[0.5517050001164365,44.8875159953467],[0.5597989996190019,44.92112399484879],[0.570695999417539,44.92092949500679],[0.581185000026689,44.93450249537838],[0.5933230005715077,44.93558449526171],[0.5867814998520717,44.965886494931155],[0.5655555004340774,44.965184995400726],[0.557823500201982,44.950530994941595],[0.5496694995940098,44.949949494881125],[0.535405999856922,44.95612449534732],[0.5327659996327756,44.96606849486454],[0.4848834999173952,44.96072499529791],[0.4677405003607444,44.96328849564078],[0.4616910001541988,44.973947495040846],[0.43170200047540064,44.966357995682486],[0.42286799953100407,44.9553959952409],[0.43343449961535735,44.95210549551261],[0.4260295004575961,44.947802995367184],[0.40226849988735375,44.97643449505853],[0.40935400023021934,45.003964995179835],[0.4019475001067387,44.99591749573393],[0.3909889998986878,44.999242995530594],[0.37732550043910634,45.01706099574132],[0.3605684999502218,45.01884149518899],[0.36264250031511047,45.0007474954694],[0.35310899947427404,44.98460649508231],[0.3358395003487354,45.0015889958012],[0.3092985004345746,45.00252699500486],[0.3089204994815105,44.980511495524524],[0.29198549966125237,44.96797099537434],[0.29295250047475924,44.95646299501803],[0.2737344998215721,44.94429149571437],[0.2504789995390234,44.944457495701144],[0.2376540003761461,44.93779099563214],[0.23968100041542412,44.93273549564189],[0.20726200016038285,44.93016349546205],[0.19160200061558796,44.939146495289755],[0.23547099957765555,44.9651564955098],[0.20571350001561492,44.96573899570418],[0.17705949978621396,44.97771849561829],[0.1427304998667849,44.97153599542808],[0.10931000057547702,44.99165549525173],[0.0834719996428611,44.98584199542864],[0.0803699994847769,44.99388649530558],[0.06749599945542449,44.998581995507834],[0.07184599968712897,45.01576849525409],[0.05506200051823323,45.01170799507841],[0.03914149978749107,45.02431049549423],[0.03546449988417938,45.01289499545664],[0.04010549953994031,44.99354499562972],[0.030213999917334058,44.975746994925686],[0.013663999891784228,44.97892849550932],[0.009965499789930454,44.95392349527954],[0.0032529998290867427,44.94743799529344],[0.03433750000542669,44.91456949519857],[0.014771000199742073,44.88564349560459],[-0.008316500428754389,44.867536995279075],[-0.010517499926825456,44.85789799493031],[-0.03420949962744758,44.85210999498855],[0.004079000386402194,44.84554599524438],[0.022538999845334536,44.84938999491214],[0.0381145003247798,44.83943049535974],[0.04030499956093202,44.82705849490808],[0.06307650047654878,44.825522995734325],[0.07332900040052305,44.818705495438024],[0.08203599996665523,44.830707495475316],[0.09574699982146528,44.83282249531077],[0.10753149947946265,44.83219699556968],[0.11125950021044978,44.81894599503836],[0.12289450060062403,44.8274489948949],[0.1471740002089015,44.82930999520017],[0.19129499970732122,44.820105495281005],[0.20973449979811215,44.84136649525224],[0.2417560001266253,44.856896495608986],[0.23885949945972382,44.87237199484399],[0.27707650033736486,44.86747649547982],[0.31504949950945155,44.84537049551212],[0.30099499948417,44.840261995088945],[0.3007524993548074,44.829190995334045],[0.2923170002520789,44.831698995457444],[0.2868165002481251,44.82301349547676],[0.26372099962588974,44.82641449549494],[0.27488900021746926,44.800233995615045],[0.271165499529994,44.78576899529054],[0.286749499428174,44.76831649504127],[0.31974899934567946,44.751246495458474],[0.34103500010062177,44.727947495533684]],[[0.36462199971657105,44.97417649529815],[0.3962010001498513,44.95662299491796],[0.38811100005867327,44.95022749512119],[0.3919929999729097,44.94431249551317],[0.38315599971803604,44.9451999952421],[0.3846929998305999,44.934961495505846],[0.36898400049035945,44.931047495199834],[0.38615799950421853,44.90244249487809],[0.3700040000344239,44.89348249557742],[0.35379799950350194,44.90639249524509],[0.3326389995597581,44.906477994910325],[0.32214200015718025,44.91525849516114],[0.33655399958572274,44.921583994879605],[0.33790800049833125,44.93964899563131],[0.3276845001223145,44.942126995589206],[0.33000950057640827,44.9599934952952],[0.3502285002691345,44.96295099532834],[0.36462199971657105,44.97417649529815]]],[[[0.6725300003235487,44.85520449490294],[0.6736409998789571,44.83825449569184],[0.7047540000047912,44.831502994876146],[0.79079499989819,44.84492299522103],[0.7811540004860599,44.86738549488582],[0.7720710001883734,44.86599749567203],[0.7610794998405688,44.87719549550384],[0.7398684999843423,44.88442099545994],[0.6900080006474145,44.87031099513773],[0.6842455001892053,44.86365799558305],[0.6893060001996713,44.8593604954189],[0.6725300003235487,44.85520449490294]]]]}},{"type":"Feature","properties":{"id":"brulhois","name":"Brulhois","region":"Southwest (Dordogne)","grapes":["Abouriou","Cabernet Franc","Cabernet Sauvignon","Cot","Fer","Merlot","Tannat"],"original_region":"Southwest (Dordogne)","key_appellations":[],"desc":"Brulhois is an appellation in the Southwest (Dordogne) region. Main grapes: Abouriou, Cabernet Franc, Cabernet Sauvignon, Cot, Fer, Merlot, Tannat."},"geometry":{"type":"MultiPolygon","coordinates":[[[[0.7550149994215617,44.04104099487422],[0.7640454997118303,44.029634495150006],[0.7636379997243471,44.0119864952313],[0.7847055000543081,44.002962994818795],[0.8129799998929086,44.0032629951988],[0.8122470003988832,44.00908949492415],[0.8248720002581775,44.015020994654215],[0.8125965000644398,44.02435399513655],[0.8253105003271721,44.02988149478486],[0.8416720001589821,44.024379495062405],[0.851475500489426,44.03639299536288],[0.869543499966717,44.029920995179644],[0.8657044996903377,44.02127199481667],[0.8874920000866247,44.02308399476778],[0.8841580005067003,44.01119699528735],[0.8951580002023037,44.0078274947698],[0.9017854995084154,44.017679994680215],[0.9161359997610381,44.01731949466736],[0.919371500605672,44.03347599483914],[0.9041655004323562,44.04278149505618],[0.9223765004438732,44.06186749497455],[0.918843000187157,44.0685294946962],[0.9085795004837075,44.06701049533681],[0.8985429995172748,44.07426149527537],[0.8850190003521202,44.093316995282464],[0.8407310002834075,44.099893994753316],[0.8279015006488633,44.12169599467106],[0.7975665000552655,44.13038199518203],[0.7929944997834607,44.11857199483323],[0.7985919997050448,44.110099494718824],[0.7786374999690259,44.113152495024224],[0.7739275005906212,44.12371399489105],[0.7492444995734339,44.118825495243584],[0.7481769998051037,44.12614849492302],[0.7393319993486577,44.12503899527318],[0.7468384995328656,44.145804995290874],[0.7396024994212245,44.14993499528163],[0.723987500016493,44.149130494684],[0.7202830005592202,44.140657495384445],[0.7079920005397873,44.13552799472124],[0.6992249995044166,44.142879494814906],[0.6759149995729161,44.14474849464668],[0.6716234999961315,44.16156349538592],[0.647308499443803,44.14559699477576],[0.6188369996252608,44.16411749474969],[0.6051519996242306,44.15599799509875],[0.6000330001295847,44.16167099456329],[0.5793069999012617,44.16248149475365],[0.5653924998733595,44.15119449497306],[0.5307874997921178,44.16424349473166],[0.5203870002633847,44.15273849493486],[0.5242779997915374,44.14203749522913],[0.5182514999628356,44.130551495169435],[0.47430300013270454,44.119044995085716],[0.46631349963562874,44.13470849462339],[0.43899749940294025,44.14659299528573],[0.4373175000019737,44.13261799454731],[0.4488545003246333,44.11966449545577],[0.4186414996626924,44.11577349469314],[0.3775909997683435,44.097573494828005],[0.38919299960992443,44.08863449523793],[0.42627799940360456,44.083453495114185],[0.44351450037707085,44.08923149489613],[0.4497885001430797,44.08258599522195],[0.46182849996948944,44.08291999514993],[0.4670400000195286,44.07588599461477],[0.45483449978946433,44.06515399475123],[0.45610850031265066,44.058332494601814],[0.48425250023748007,44.05271649497556],[0.4954650004873131,44.06950799534497],[0.47824250049557726,44.079315495381294],[0.4780084997416541,44.10465549474981],[0.4646859996061902,44.109719494600725],[0.47422449946153883,44.11760149485449],[0.4764930004506616,44.113182495228095],[0.5052249994054616,44.113281994971814],[0.5073234996940645,44.105933494996954],[0.49391849972203805,44.10517699468672],[0.5164824998938886,44.09726449519949],[0.5279135004949365,44.10303299544437],[0.5307460002276022,44.09199749487336],[0.5392300005331426,44.09203899542595],[0.5369064998889832,44.08660449468924],[0.5597479999852208,44.084748494810235],[0.5713830000899593,44.08853549473816],[0.5808579995037391,44.10609849533398],[0.6018070000680724,44.11456999526976],[0.6043205000085078,44.102498994534145],[0.5996275001732884,44.0984224949779],[0.6075744997380248,44.09156149455866],[0.5992085006593554,44.074691994676925],[0.6278870003737353,44.060630995428696],[0.6316515000517596,44.04950149532567],[0.6546424996274386,44.041982995117],[0.6523375005474378,44.03312549462084],[0.661745500446601,44.02440399465159],[0.6834295005812279,44.029986995091996],[0.6971829998951284,44.01087049535123],[0.7309414999575592,44.010267495199315],[0.7465244994961593,44.03884949474481],[0.7550149994215617,44.04104099487422]]],[[[0.8302499997378748,44.14976849525423],[0.8243405004437844,44.1558999952384],[0.8201990005276917,44.14684099461676],[0.8050189997210649,44.15118849508354],[0.7872530002829248,44.1467644949512],[0.7871704998521694,44.14293249465017],[0.8189054995450576,44.14385549476201],[0.8690855004345802,44.12651149505572],[0.8810655002509884,44.12962999529009],[0.8828329994063009,44.142570495256194],[0.8945514998656929,44.14083499541805],[0.8883525004525292,44.148810494717154],[0.8827455006460532,44.14292999487616],[0.8302499997378748,44.14976849525423]]]]}},{"type":"Feature","properties":{"id":"buzet","name":"Buzet","region":"Southwest (Dordogne)","grapes":["Abouriou","Cabernet Franc","Cabernet Sauvignon","Colombard","Cot","Gros Manseng","Merlot","Muscadelle"],"original_region":"Southwest (Dordogne)","key_appellations":[],"desc":"Buzet is an appellation in the Southwest (Dordogne) region. Main grapes: Abouriou, Cabernet Franc, Cabernet Sauvignon, Colombard, Cot, Gros Manseng, Merlot, Muscadelle."},"geometry":{"type":"Polygon","coordinates":[[[0.28909749987524547,44.13297649500939],[0.2792620005994902,44.11943449503032],[0.2941119995146435,44.12172849505729],[0.3027695002618014,44.10284099539817],[0.36840750061134714,44.08998849477694],[0.36967999977493265,44.09680999471212],[0.3783920004965324,44.09426049520483],[0.4186414996626924,44.11577349469314],[0.4488545003246333,44.11966449545577],[0.4373175000019737,44.13261799454731],[0.43899749940294025,44.14659299528573],[0.46631349963562874,44.13470849462339],[0.47430300013270454,44.119044995085716],[0.5182514999628356,44.130551495169435],[0.5242779997915374,44.14203749522913],[0.5203870002633847,44.15273849493486],[0.5383370004081448,44.16494349538452],[0.5358120006178482,44.172024994681856],[0.5483994994830566,44.19400599480776],[0.5296520000800689,44.20564199529966],[0.5331190002795521,44.21369749538878],[0.5186080005357829,44.21662949546874],[0.48912750000617106,44.23893499524315],[0.4230579995729626,44.23518949531848],[0.41586599943797525,44.22557449517243],[0.39607050063596655,44.23162849483331],[0.385403000458286,44.228659995438214],[0.3923190005253093,44.24286799545212],[0.3890109994355179,44.24807999522347],[0.3264099994770915,44.23812299478156],[0.32565199980831017,44.24955049531295],[0.31717299964310447,44.25394499500006],[0.3338070005227618,44.27332099491615],[0.3270134999537461,44.281264495047466],[0.3104099995770137,44.281281494787436],[0.30963050052744756,44.29495799494141],[0.29969299997982246,44.30311199494392],[0.30624050021549915,44.313307495226574],[0.2846085005799351,44.32246649513785],[0.2905550003809582,44.340577494815726],[0.27770149996829485,44.35480049516254],[0.2659174998065712,44.35818599496537],[0.2617434994537092,44.35374449502385],[0.24307000008308363,44.365694494784705],[0.2119374995787039,44.35193399462811],[0.2059505000347321,44.35942849521311],[0.1938309995581809,44.359614495079754],[0.15340150013113982,44.34511499498863],[0.14517649952344983,44.33163649481486],[0.13702550006809225,44.32980999481787],[0.14177799959293713,44.32846499488381],[0.13662600017474053,44.31692849496816],[0.15387899999965607,44.298175995355145],[0.14501550054530113,44.288688494819425],[0.14855749957396877,44.272594494818435],[0.142373500143877,44.26711799502391],[0.15588849959791756,44.25557799530868],[0.1969079998029461,44.25248499485439],[0.2213234998489397,44.23348499538578],[0.21428800038205667,44.2219249948641],[0.18762000052911076,44.208145994878514],[0.17972549946093486,44.21182149466479],[0.16704700042614842,44.199067495227695],[0.19060749967622276,44.17920499471975],[0.2088655002402782,44.17594599540715],[0.1765979995007998,44.163771994757894],[0.18826700050979156,44.15066299540911],[0.2062669994537162,44.14906449521275],[0.21573650044806986,44.13605349540074],[0.23726799962400894,44.130012495139916],[0.25081949970977246,44.14079549509399],[0.28909749987524547,44.13297649500939]]]}},{"type":"Feature","properties":{"id":"bearn","name":"Béarn","region":"Southwest (Dordogne)","grapes":["Cabernet Franc","Cabernet Sauvignon","Camaralet","Courbu","Courbuoir","Fer","Gros Manseng","Lauzet"],"original_region":"Southwest (Dordogne)","key_appellations":[],"desc":"Béarn is an appellation in the Southwest (Dordogne) region. Main grapes: Cabernet Franc, Cabernet Sauvignon, Camaralet, Courbu, Courbuoir, Fer, Gros Manseng, Lauzet."},"geometry":{"type":"MultiPolygon","coordinates":[[[[-0.557114499697516,43.227634494427626],[-0.572985500398399,43.2131929948457],[-0.5526524997635728,43.20560249486939],[-0.5486099994272099,43.21246349481666],[-0.5361629996566332,43.20963249474458],[-0.5164614999206733,43.18887599466174],[-0.5019725004591732,43.18186099487323],[-0.4764785003454122,43.18132699492203],[-0.4684975001138366,43.1673399944874],[-0.45755150052363563,43.163247494431644],[-0.4293204994613233,43.15948349426895],[-0.4152830001715789,43.170003994406244],[-0.4030885001768126,43.16822949489715],[-0.40937199996435636,43.16042799462852],[-0.39670249973548216,43.16181199502921],[-0.39338450047253953,43.1780604948062],[-0.38438649981678186,43.18052749439679],[-0.3564845001324385,43.17021899447142],[-0.3268595003996934,43.14584049410884],[-0.29567500057359675,43.16138899494663],[-0.320459500273049,43.15558249443841],[-0.29837299964215575,43.1752389942919],[-0.3223284998189421,43.179808994232296],[-0.3190910000535119,43.194290494838896],[-0.3272399993952171,43.197523494597476],[-0.3251675004613041,43.202392994286896],[-0.33885249967163256,43.20413849428519],[-0.33382400026105663,43.21704849494481],[-0.3077015005429397,43.241989994323426],[-0.3116649996578736,43.25341499441863],[-0.33866799998428626,43.28042849419265],[-0.3762109995456328,43.292856994888766],[-0.37894249957692233,43.285751494471015],[-0.3856214998448036,43.28807849423494],[-0.3853515000427242,43.29456799431293],[-0.41060299966842756,43.29391699472564],[-0.4500565001530497,43.31523699438809],[-0.46998949945645035,43.33378999505556],[-0.4867410000084011,43.33453899480149],[-0.5150044996854098,43.35418699433948],[-0.5223860004411256,43.34084549427952],[-0.5348599994618247,43.34285099436746],[-0.5273119999189976,43.346981995036415],[-0.5294135005094327,43.35107099460297],[-0.552733499404527,43.35843449463138],[-0.5420995004354418,43.3698409943209],[-0.5587689994212415,43.3782134943544],[-0.5632225004261552,43.3739534944014],[-0.5563859997393208,43.369116495029026],[-0.5720174996410934,43.365521494967076],[-0.5735559997474261,43.35260199481171],[-0.5890844994849181,43.356021494703796],[-0.5979430005734494,43.35165299456627],[-0.5995010005955188,43.35752149502616],[-0.6187860003216643,43.363941494299766],[-0.5954865002798974,43.37855399460743],[-0.6054234997666575,43.38862349455933],[-0.6337700002487431,43.379904494544796],[-0.6368230000330154,43.37400299509664],[-0.6468670002414133,43.386035994229964],[-0.6348644998216763,43.39805849488807],[-0.6600674997231598,43.400777994297144],[-0.6602259998265041,43.40604999470287],[-0.6789445005704787,43.413785494899074],[-0.6925895002274024,43.40120849498053],[-0.7071334997842885,43.40082199431386],[-0.71363200043429,43.413034494952264],[-0.7238299998009953,43.41432749481949],[-0.7239819998428114,43.40518649428741],[-0.7428764995525231,43.39183249481669],[-0.7324290001467394,43.375906494322855],[-0.714240000196648,43.370793994474866],[-0.7307719995389165,43.36775199433201],[-0.7252554994972814,43.36231499451269],[-0.7334184995970875,43.352955494403965],[-0.7228920003297494,43.34419249455389],[-0.7147695000599963,43.34917749453367],[-0.7079660002277102,43.345223994732784],[-0.7120395004726306,43.34164699492392],[-0.7060670002517352,43.33590799506574],[-0.7255600003058549,43.327179994208265],[-0.7141220001653141,43.318260994739894],[-0.7183434999214756,43.3066569942429],[-0.6794824993636007,43.2991484943099],[-0.6970309998265732,43.29230399463412],[-0.6841379994789917,43.28375699449847],[-0.6877209999931707,43.27654399486526],[-0.6713219999639973,43.2790094947137],[-0.6460194999827942,43.26720599474881],[-0.6528304997960044,43.262931994903376],[-0.6413900004208208,43.255752994135044],[-0.6437489997570411,43.24385399468578],[-0.6334159999002702,43.2478624950336],[-0.624552999406329,43.2388894946318],[-0.6179484996652689,43.25015949497548],[-0.6021179994746306,43.248957494855304],[-0.584913499497369,43.26137599492685],[-0.5763709999573954,43.24529699504619],[-0.5658395000683536,43.2466969944614],[-0.557114499697516,43.227634494427626]]],[[[-0.8453829998082845,43.46150699430323],[-0.852538500367501,43.465810494511715],[-0.8391030003065226,43.472973495132244],[-0.8197040000106214,43.47164249502442],[-0.80547249985033,43.464376494724874],[-0.8041705005978697,43.45617599469341],[-0.7732164997917107,43.46954799464671],[-0.752759000359518,43.4614209945029],[-0.7573834999246172,43.46953649443361],[-0.7404275005010502,43.47409499425429],[-0.7307939995413221,43.4902084949214],[-0.7164969999024907,43.496135995178015],[-0.716682999448806,43.50333549497209],[-0.7424920003535712,43.50119799480016],[-0.7405679996227835,43.5300594949845],[-0.753258999868323,43.531030994343745],[-0.764351500303725,43.523388994786146],[-0.7813485003913074,43.53310149496635],[-0.789184999758993,43.52923199498955],[-0.7870475003610281,43.51659349439032],[-0.8226890003201415,43.51182349445409],[-0.8320045003149042,43.522909994259386],[-0.8231490001913986,43.522845995028455],[-0.8183435000852297,43.539689494480584],[-0.9063474997054981,43.550394995097975],[-0.9225185000074663,43.54272099490085],[-0.9265824999134404,43.5320194946724],[-0.9396329998748781,43.53862249508466],[-0.9462864996741692,43.5323934943956],[-0.9890820004067179,43.54159949483859],[-1.001103499954255,43.53822399488678],[-0.9891979995349619,43.531277494772176],[-0.9923829995475172,43.504022494415466],[-1.0199899994756128,43.50631549508781],[-1.0201199996680033,43.495499494465],[-1.0310860002594837,43.48909399461526],[-1.0228955002764941,43.47752949470269],[-0.9903490001877052,43.46971499433376],[-1.0025180003992495,43.4539034943688],[-0.9896449997486004,43.44910249459293],[-0.9959535001373584,43.43702499498242],[-0.987763000172781,43.43307749495629],[-0.9900570006662673,43.425396494944536],[-0.9644390006166847,43.42138199473497],[-0.9450249998856641,43.42347649472626],[-0.9437379996380135,43.431574494982236],[-0.9277565005500014,43.441135494546685],[-0.9022995005209529,43.42993249497558],[-0.8785204996391454,43.43241649484136],[-0.8707184998196076,43.42533649481859],[-0.8375934993485726,43.4299234943287],[-0.8332554997461565,43.450764994367645],[-0.8478809993977526,43.45247449456737],[-0.8453829998082845,43.46150699430323]]],[[[-0.15448049971142394,43.4610654945126],[-0.142815000348329,43.46132649485336],[-0.13219050018566533,43.447956994772795],[-0.09565800022740698,43.438888494658855],[-0.09433999963833163,43.43225499443395],[-0.07993550022191127,43.4396729948451],[-0.09309349941986529,43.44560799432066],[-0.09023900058622031,43.455975994820335],[-0.07085600048779306,43.4672899949097],[-0.06130749939388578,43.462135494359806],[-0.019088999873075423,43.4650524947064],[-0.01781399980628996,43.47214749503349],[-0.026957999776092634,43.47357499485828],[-0.011490999644447022,43.496767495038256],[-0.007603499632572853,43.533313994496694],[-0.011008499413571083,43.54608699473726],[-0.025254000470276112,43.54799749482291],[-0.0016655003456945425,43.56532149445455],[-0.0005654998344251531,43.57515899445848],[-0.015012500418757384,43.605525995059914],[-0.03336249995428623,43.6040189951617],[-0.045181499751971624,43.63015049488095],[-0.040577499954480394,43.64681649489807],[-0.029113499720471652,43.65345249436935],[-0.03174000052489027,43.66120599473489],[-0.08435650023354765,43.67285949475833],[-0.0941599995724742,43.670040495241395],[-0.10074249960981783,43.65940749440385],[-0.11948350044299418,43.662876494877665],[-0.1265540004465227,43.65821949488068],[-0.12195599980754564,43.65674149486601],[-0.12612649955426752,43.646610994943856],[-0.11690200053224287,43.642306995186324],[-0.11627800014955457,43.63471299440844],[-0.12951450020151326,43.617271995142964],[-0.14520199965330136,43.620527995240636],[-0.1582699998626928,43.61007749467528],[-0.18079399982805305,43.61594899464504],[-0.17906349957876017,43.61087049518591],[-0.18850149944325148,43.6065249945458],[-0.17591099942136046,43.597086994394274],[-0.1905569995208963,43.5878324946782],[-0.2042569996803425,43.58378849493931],[-0.21060399957138615,43.59323449480308],[-0.24662850018763913,43.58381849471341],[-0.24840200061676365,43.56315599480709],[-0.23726499970290504,43.52896249452945],[-0.2548044999549505,43.523831494420044],[-0.2596070001638696,43.53597249504173],[-0.2655854996536748,43.53560399489868],[-0.2671255002128004,43.516790495048475],[-0.2746045005853141,43.51252699457539],[-0.26695549998063156,43.50734399452812],[-0.26930500062297114,43.50143299492499],[-0.23848749985445145,43.4927309949156],[-0.19853099969926855,43.50132949464761],[-0.17140350053861733,43.49316099511645],[-0.17904399972448126,43.487991994859215],[-0.17957599994712606,43.47847549499481],[-0.17167699986945728,43.45825749502613],[-0.16198950019837813,43.45265599512352],[-0.15448049971142394,43.4610654945126]]]]}},{"type":"Feature","properties":{"id":"cahors","name":"Cahors","region":"Southwest (Dordogne)","grapes":["Cot","Merlot","Tannat"],"original_region":"Southwest (Dordogne)","key_appellations":[],"desc":"Cahors is an appellation in the Southwest (Dordogne) region. Main grapes: Cot, Merlot, Tannat."},"geometry":{"type":"Polygon","coordinates":[[[1.061683000148015,44.40192749517989],[1.0511645005726131,44.39227099544595],[1.0603480006611512,44.39106549470651],[1.0640814994708012,44.37850849508267],[1.1383284998417045,44.39924049464089],[1.1688889996962029,44.378003994747885],[1.188838000245921,44.37807149476749],[1.2133929995471557,44.347163994887715],[1.2206230005419034,44.35290349484807],[1.2404930004752261,44.34049599489982],[1.2743764999514264,44.353150995135664],[1.2925490003790066,44.350573995013235],[1.3229955001687304,44.3636209951],[1.3330079998202176,44.38005349479662],[1.3881550005831806,44.4040534953721],[1.3869500002955772,44.40926799484463],[1.3948784998509343,44.40784349521081],[1.3935750002310106,44.41899349506245],[1.417023499709545,44.42458849547751],[1.4080825000269095,44.414295995076415],[1.410650499988288,44.40694399510351],[1.4301014996950157,44.40353599540238],[1.441568499744809,44.42554699482436],[1.4477934998869617,44.40880699540884],[1.4999570002853744,44.377741495432865],[1.4778490003046207,44.37046599488724],[1.4707895002557858,44.359933495097785],[1.4736905000559817,44.348388495496025],[1.5297510001679413,44.34703849535161],[1.5175200003076985,44.36508599509961],[1.5271670003909892,44.375104995020955],[1.5172899996831475,44.38605599482503],[1.5240534997156265,44.41013649543996],[1.5116405005070055,44.41738199481615],[1.5099054996540813,44.425201995472044],[1.5172654995851071,44.42831499504554],[1.5211799993376502,44.44481949547481],[1.529994000594559,44.448203994994465],[1.5570930001398555,44.44231999478676],[1.5653675005062608,44.43400599521693],[1.5782225002446095,44.435623995347434],[1.5874084998509725,44.44432149484545],[1.5913714994693067,44.463476495004414],[1.5750990003726426,44.47726899523067],[1.56845849955015,44.46683499469127],[1.5634075003153984,44.467923495072114],[1.5655915002619243,44.48359649540563],[1.5609094999227877,44.48600099548458],[1.5519100002624886,44.4817999955673],[1.5487250000148616,44.466200994929565],[1.5260330000941758,44.46694349528421],[1.5129495002836935,44.48994149531264],[1.4968919996215422,44.496708494998416],[1.4920174995139857,44.49590999473987],[1.4984875002783171,44.49001199511106],[1.4843649998086372,44.48419199485866],[1.4780129995680087,44.47159649511417],[1.4588859997376695,44.47114899478538],[1.451480999718552,44.50163249551008],[1.4315215000642998,44.51178399520781],[1.406597500098804,44.50875199475299],[1.3923980005090795,44.51533949472881],[1.3750995004493736,44.49998199524109],[1.3630630004478388,44.50208749504947],[1.3534384994989728,44.51347849554166],[1.3593209997836453,44.52649049484774],[1.3880224995024704,44.52578899508771],[1.3840275005068958,44.547177495153235],[1.3650624996351188,44.560160995047525],[1.3588609995744,44.58827499542943],[1.337960999441671,44.58800649552376],[1.335111499985907,44.57768249498525],[1.2996835001214004,44.55544399544929],[1.288272500587923,44.55624349489502],[1.2799800002409925,44.56908049556958],[1.265410499489895,44.57101649485175],[1.266928999587558,44.559959994796934],[1.2520310002939865,44.55231249474037],[1.2518360001168252,44.5454659948808],[1.243280999426001,44.5456059950636],[1.2494660004809133,44.5308179947601],[1.229729500199655,44.516544995170655],[1.2191865001898419,44.51828249543484],[1.2169734998924882,44.5321734954484],[1.1882615005438446,44.549712495144625],[1.1814404999014354,44.544379495250325],[1.1545005004068611,44.55094599519597],[1.1233764999899134,44.54364499482694],[1.12402900001203,44.536087995282244],[1.097689999396834,44.53814999516408],[1.0782670005769335,44.52830549535612],[1.0606494994026385,44.531124494966924],[1.0632895001303557,44.52562399474467],[1.0532265005396482,44.528033995360985],[1.051909999826561,44.51631699543081],[1.0425929993784646,44.52242199541524],[1.0165675004455283,44.518702995488646],[1.006022999485805,44.52920749507896],[1.0131655004942646,44.536129995470546],[1.0088814996233086,44.54710549490303],[0.9828665001343893,44.545717495126055],[0.9880040003021837,44.53286449489958],[1.0162275004823729,44.50587399514688],[1.0115504997231353,44.49577949467966],[1.0169865003840495,44.48905449477613],[1.0090200005026595,44.480044495146224],[1.0240134999144463,44.47279599495271],[1.0211139996401106,44.44476249486049],[1.0323800005149688,44.44133549488207],[1.0282100003486352,44.4338659950087],[1.0539375001128954,44.43190399555395],[1.061683000148015,44.40192749517989]]]}},{"type":"Feature","properties":{"id":"coteaux-du-quercy","name":"Coteaux du Quercy","region":"Southwest (Dordogne)","grapes":["Cabernet Franc","Cot","Gamay","Merlot","Tannat"],"original_region":"Southwest (Dordogne)","key_appellations":[],"desc":"Coteaux du Quercy is an appellation in the Southwest (Dordogne) region. Main grapes: Cabernet Franc, Cot, Gamay, Merlot, Tannat."},"geometry":{"type":"MultiPolygon","coordinates":[[[[1.3882289998302575,44.13014849505542],[1.4306924999727202,44.103399495171516],[1.44069949952021,44.11131399502017],[1.4479044996376937,44.1015984951421],[1.4960010001850899,44.11678949462566],[1.5080989996253138,44.10656049459809],[1.5295404997988422,44.11427399526588],[1.5248224995060153,44.12121599472755],[1.556989999780351,44.11752149540661],[1.5779434999656134,44.105647994957174],[1.5991564993732958,44.11240249502818],[1.5755895004094536,44.123811994995954],[1.5833620006330533,44.13632849489845],[1.5828039997344936,44.15104399522241],[1.5526239998107993,44.15512049508413],[1.5379739999181157,44.17458999482081],[1.5497129996212116,44.181202994733745],[1.5519135002529878,44.19372649511146],[1.5802299993872997,44.185635995028804],[1.6119229995798825,44.207844994557604],[1.642711500351745,44.19683249516742],[1.6388884999764977,44.18654749538073],[1.7012295002178688,44.20014649474536],[1.7015264997238562,44.20707249522498],[1.6905744994380298,44.2138149953968],[1.6893684996234728,44.22627049496144],[1.680924000185911,44.231984494665156],[1.6869589993562715,44.25195549533022],[1.6815475005551672,44.26551049523538],[1.6498105000087295,44.25335649543587],[1.6518290003341332,44.26840349485827],[1.6618764997378201,44.27696449536063],[1.6545929999018136,44.29438199495824],[1.6338664997587848,44.29884549460477],[1.6319849995729767,44.294112995292046],[1.6519319997688853,44.286676495000854],[1.641780500257418,44.27040899486061],[1.6161945000137954,44.277972995385376],[1.5985255002710965,44.2582549954593],[1.5807894997566894,44.259580994844434],[1.5769519997063803,44.27044449466508],[1.5607569996173478,44.27946499496891],[1.5784120005486597,44.283825995449],[1.5707230002909178,44.30150599493488],[1.5872385001104794,44.29877899480074],[1.5777140001178434,44.308659494706994],[1.5588565002359125,44.31303149486962],[1.529979500578917,44.302210995293436],[1.5110644997593794,44.31117099508145],[1.4968185005503059,44.29895849508746],[1.4956705003299613,44.304579495046],[1.454306499644202,44.313497494861736],[1.4523175003178972,44.32049649530592],[1.4346170004928454,44.32994699478778],[1.4053694996483734,44.31212099517612],[1.3900570006467075,44.31333949485562],[1.351127000153125,44.33205149551682],[1.3717304997253847,44.337630495183994],[1.3666790004665383,44.351534494983156],[1.3982100000242512,44.37582949506288],[1.4143615003634962,44.37415899470346],[1.420141999880719,44.36187749543932],[1.4329685002621109,44.371787494941366],[1.4390599995815718,44.3554514949125],[1.4704940000827975,44.350659494711756],[1.4778490003046207,44.37046599488724],[1.4999570002853744,44.377741495432865],[1.4477934998869617,44.40880699540884],[1.441568499744809,44.42554699482436],[1.4301014996950157,44.40353599540238],[1.410650499988288,44.40694399510351],[1.4080825000269095,44.414295995076415],[1.417023499709545,44.42458849547751],[1.3935750002310106,44.41899349506245],[1.3948784998509343,44.40784349521081],[1.3869500002955772,44.40926799484463],[1.3881550005831806,44.4040534953721],[1.3295844998890463,44.37443749505562],[1.2972304999377489,44.3808079950782],[1.2911960000165743,44.38835949478634],[1.2758444995610498,44.38304949475076],[1.2640025002883226,44.38914899538187],[1.27555650000679,44.3990184946365],[1.25315050004418,44.3958859947789],[1.246649500589442,44.40118149520521],[1.2292934994999234,44.392598495012],[1.2269349997586376,44.40094749472615],[1.195364999484497,44.397573995040055],[1.1959600004690414,44.38614949551552],[1.1688889996962029,44.378003994747885],[1.1383284998417045,44.39924049464089],[1.0640814994708012,44.37850849508267],[1.0620264998070232,44.36566049513309],[1.0493020000824647,44.3623629950113],[0.9966994995807021,44.369142994630685],[0.9774275004104561,44.35617949511144],[0.9749790000374616,44.361554495189964],[0.9515084998257811,44.3615839950728],[0.941800000566787,44.3531859947559],[0.9423810002444213,44.344415495315175],[0.9677429997982023,44.3353194950167],[0.9657260001358452,44.330653494766054],[0.9819420001366592,44.32063049487308],[0.9784140005057261,44.30483849469216],[0.9940429996051526,44.292737495105314],[0.9911335004258724,44.288735995073665],[1.0542784993693688,44.297875995092085],[1.0638184994567719,44.3063154953424],[1.075292000112625,44.33259199543821],[1.068068500583024,44.33561149520984],[1.081800500045804,44.34755949516172],[1.081221500474381,44.35438849527093],[1.1161854998616363,44.337983495259564],[1.1079319999717054,44.32740549504321],[1.1224169998212763,44.31567749485331],[1.1363659996022413,44.3171354948762],[1.1514144995372755,44.30738899466088],[1.1610034997257213,44.31058699540432],[1.1678375002701922,44.30287149505963],[1.1808164998514172,44.31002449546733],[1.1775454999847494,44.29185999541308],[1.1971240004148624,44.280257494844854],[1.2046105003528276,44.28208899502127],[1.2139005005815036,44.2682279947499],[1.2193620003649575,44.27996849508952],[1.238742000423115,44.2760334951668],[1.2446490004531918,44.26851399488846],[1.2411619993806962,44.26354049501787],[1.2514175006348507,44.25473049480127],[1.2360589999870755,44.25329549464959],[1.2423384995737419,44.24415449526227],[1.25196100039769,44.23880049495476],[1.2668175001741806,44.251545994860194],[1.2746089997939922,44.24310599512526],[1.2624410000804982,44.22319449460305],[1.2495690005424618,44.22532449490206],[1.2599285004866374,44.21722599495677],[1.2260459995891961,44.19165299478202],[1.268368000469632,44.172345995011106],[1.2581860006005547,44.16176099486548],[1.3268819999979335,44.16990849507453],[1.343926500008731,44.17896749526371],[1.3727764997839638,44.17394799526961],[1.3660829995993573,44.16281949491963],[1.3798334995384889,44.158525494853436],[1.3598000003229957,44.149040994681194],[1.3705165001798327,44.13215949491105],[1.3882289998302575,44.13014849505542]]],[[[1.6577220004967694,43.995251994957265],[1.6490535002432887,44.011677994811095],[1.671390500499964,44.01063899497581],[1.6683230004057228,44.017237495120185],[1.691524999425992,44.022367495176816],[1.704212999622272,44.044352995056684],[1.69196000053659,44.0629194948828],[1.6753810002902825,44.06682999519328],[1.6702709998729264,44.06027099471878],[1.6611594998038377,44.07147199525064],[1.670066000570647,44.08930199525904],[1.653126499763518,44.09644399517628],[1.6435725004086843,44.091078994773646],[1.6402044999680805,44.07480999462311],[1.609855999783991,44.07516099450627],[1.5581299994375786,44.054697994937804],[1.534199000279425,44.033970995177626],[1.528644000010877,44.01538099525597],[1.486760000598725,44.022685994924295],[1.521160499862398,44.00646949488829],[1.5269704996046456,43.992154494796075],[1.5310080001838478,44.00684849535661],[1.5519299995471367,43.999161494719125],[1.5563424999387316,44.01516999521963],[1.5761850001999118,44.013727995149104],[1.5811785001407004,44.02322099497606],[1.6406059997707545,43.99254549513087],[1.6577220004967694,43.995251994957265]]]]}},{"type":"Feature","properties":{"id":"cotes-de-bergerac","name":"Côtes de Bergerac","region":"Southwest (Dordogne)","grapes":["Cabernet Franc","Cabernet Sauvignon","Chenin","Cot","Merlot","Muscadelle","Ondenc","Sauvignon"],"original_region":"Southwest (Dordogne)","key_appellations":[],"desc":"Côtes de Bergerac is an appellation in the Southwest (Dordogne) region. Main grapes: Cabernet Franc, Cabernet Sauvignon, Chenin, Cot, Merlot, Muscadelle, Ondenc, Sauvignon."},"geometry":{"type":"MultiPolygon","coordinates":[[[[0.34103500010062177,44.727947495533684],[0.34816549961542653,44.710467495599566],[0.34059850060166835,44.70296149497824],[0.35954000055840235,44.691310995283324],[0.34822449963416746,44.66969549527053],[0.35169100015371263,44.65476049475693],[0.3663929999443327,44.662167494963626],[0.3754039999461068,44.6528279954712],[0.3856709998846751,44.65695999549791],[0.4169024997625526,44.645083994767575],[0.4456710003782458,44.652384495321925],[0.47053249944270736,44.66957849555144],[0.49330099985479386,44.66764999522386],[0.5118094995995811,44.67883449481991],[0.5282259998873137,44.67845749550496],[0.5404299997233474,44.6650999949891],[0.5535079998754855,44.66611349515038],[0.5712650001538211,44.6754854955726],[0.57470549972462,44.69114949528385],[0.5854530002669875,44.69914749539627],[0.6200139994666728,44.69129849487212],[0.6303580003368103,44.706571494987074],[0.6477439993801216,44.70313349513154],[0.6556304996040544,44.68997599549904],[0.6717934995518647,44.68918249504138],[0.6784919999712795,44.696025995459244],[0.6958464994879188,44.69132049521763],[0.6960635000409895,44.67701099541951],[0.7291375004659767,44.67598799527783],[0.7459385004249671,44.68239399528693],[0.7635055001341068,44.678714494988306],[0.7631400003025033,44.68991849529859],[0.7875524999137891,44.685433995426905],[0.7867755001106035,44.69347349497367],[0.7977215001196708,44.70176799480617],[0.8180049999103984,44.69847899497924],[0.83107799989299,44.68316799475609],[0.8410955003212137,44.69099549535251],[0.8357464998533437,44.70051149532308],[0.8224754995034326,44.70335299527803],[0.8276805003447505,44.7072919951598],[0.8128744994190213,44.708942995471624],[0.8050610001709678,44.74196449565262],[0.816713500615885,44.753010494902],[0.7939375003364504,44.7782694950568],[0.7723019999122874,44.78634899520145],[0.7735660003546482,44.7958219950811],[0.736496499683686,44.80156949535794],[0.7229770002006576,44.79453599525404],[0.7154669998063808,44.77116149533227],[0.6865104996446396,44.76080999546505],[0.7031250003509512,44.73147799517189],[0.6897974996385674,44.72719549510132],[0.6783064994784666,44.73598349523026],[0.6550935003651195,44.737313995361774],[0.6498989997483552,44.7312519954001],[0.6225209994794957,44.73057749556358],[0.6111740000815831,44.74701649562849],[0.6161734998944878,44.75973499564455],[0.6339130005642312,44.760180995451336],[0.6410714999455093,44.770232494776295],[0.6133360004640185,44.77891499501994],[0.6185545002738294,44.784214495302656],[0.6182590000404551,44.806980495006876],[0.6748384996081415,44.79588099489961],[0.6774280001681249,44.80055349544388],[0.6883234998012561,44.795309995618844],[0.7047700001403715,44.79932399509721],[0.6952859995698203,44.80863799482713],[0.6929245002899463,44.82489499558272],[0.6368110003386781,44.836505995670166],[0.6433710006423965,44.841599495201855],[0.6318125002097303,44.84534449516211],[0.6438625001169339,44.86419799559269],[0.6290090002161113,44.874198495012756],[0.5916150004955771,44.87800449518368],[0.5848659998012232,44.88784849487358],[0.5517050001164365,44.8875159953467],[0.5597989996190019,44.92112399484879],[0.570695999417539,44.92092949500679],[0.581185000026689,44.93450249537838],[0.5933230005715077,44.93558449526171],[0.5867814998520717,44.965886494931155],[0.5655555004340774,44.965184995400726],[0.557823500201982,44.950530994941595],[0.5496694995940098,44.949949494881125],[0.535405999856922,44.95612449534732],[0.5327659996327756,44.96606849486454],[0.4848834999173952,44.96072499529791],[0.4677405003607444,44.96328849564078],[0.4616910001541988,44.973947495040846],[0.43170200047540064,44.966357995682486],[0.42286799953100407,44.9553959952409],[0.43343449961535735,44.95210549551261],[0.4260295004575961,44.947802995367184],[0.40226849988735375,44.97643449505853],[0.40935400023021934,45.003964995179835],[0.4019475001067387,44.99591749573393],[0.3909889998986878,44.999242995530594],[0.37732550043910634,45.01706099574132],[0.3605684999502218,45.01884149518899],[0.36264250031511047,45.0007474954694],[0.35310899947427404,44.98460649508231],[0.3358395003487354,45.0015889958012],[0.3092985004345746,45.00252699500486],[0.3089204994815105,44.980511495524524],[0.29198549966125237,44.96797099537434],[0.29295250047475924,44.95646299501803],[0.2737344998215721,44.94429149571437],[0.2504789995390234,44.944457495701144],[0.2376540003761461,44.93779099563214],[0.23968100041542412,44.93273549564189],[0.20726200016038285,44.93016349546205],[0.19160200061558796,44.939146495289755],[0.23547099957765555,44.9651564955098],[0.20571350001561492,44.96573899570418],[0.17705949978621396,44.97771849561829],[0.1427304998667849,44.97153599542808],[0.10931000057547702,44.99165549525173],[0.0834719996428611,44.98584199542864],[0.0803699994847769,44.99388649530558],[0.06749599945542449,44.998581995507834],[0.07184599968712897,45.01576849525409],[0.05506200051823323,45.01170799507841],[0.03914149978749107,45.02431049549423],[0.03546449988417938,45.01289499545664],[0.04010549953994031,44.99354499562972],[0.030213999917334058,44.975746994925686],[0.013663999891784228,44.97892849550932],[0.009965499789930454,44.95392349527954],[0.0032529998290867427,44.94743799529344],[0.03433750000542669,44.91456949519857],[0.014771000199742073,44.88564349560459],[-0.008316500428754389,44.867536995279075],[-0.010517499926825456,44.85789799493031],[-0.03420949962744758,44.85210999498855],[0.004079000386402194,44.84554599524438],[0.022538999845334536,44.84938999491214],[0.0381145003247798,44.83943049535974],[0.04030499956093202,44.82705849490808],[0.06307650047654878,44.825522995734325],[0.07332900040052305,44.818705495438024],[0.08203599996665523,44.830707495475316],[0.09574699982146528,44.83282249531077],[0.10753149947946265,44.83219699556968],[0.11125950021044978,44.81894599503836],[0.12289450060062403,44.8274489948949],[0.1471740002089015,44.82930999520017],[0.19129499970732122,44.820105495281005],[0.20973449979811215,44.84136649525224],[0.2417560001266253,44.856896495608986],[0.23885949945972382,44.87237199484399],[0.27707650033736486,44.86747649547982],[0.31504949950945155,44.84537049551212],[0.30099499948417,44.840261995088945],[0.3007524993548074,44.829190995334045],[0.2923170002520789,44.831698995457444],[0.2868165002481251,44.82301349547676],[0.26372099962588974,44.82641449549494],[0.27488900021746926,44.800233995615045],[0.271165499529994,44.78576899529054],[0.286749499428174,44.76831649504127],[0.31974899934567946,44.751246495458474],[0.34103500010062177,44.727947495533684]],[[0.36462199971657105,44.97417649529815],[0.3962010001498513,44.95662299491796],[0.38811100005867327,44.95022749512119],[0.3919929999729097,44.94431249551317],[0.38315599971803604,44.9451999952421],[0.3846929998305999,44.934961495505846],[0.36898400049035945,44.931047495199834],[0.38615799950421853,44.90244249487809],[0.3700040000344239,44.89348249557742],[0.35379799950350194,44.90639249524509],[0.3326389995597581,44.906477994910325],[0.32214200015718025,44.91525849516114],[0.33655399958572274,44.921583994879605],[0.33790800049833125,44.93964899563131],[0.3276845001223145,44.942126995589206],[0.33000950057640827,44.9599934952952],[0.3502285002691345,44.96295099532834],[0.36462199971657105,44.97417649529815]]],[[[0.6725300003235487,44.85520449490294],[0.6736409998789571,44.83825449569184],[0.7047540000047912,44.831502994876146],[0.79079499989819,44.84492299522103],[0.7811540004860599,44.86738549488582],[0.7720710001883734,44.86599749567203],[0.7610794998405688,44.87719549550384],[0.7398684999843423,44.88442099545994],[0.6900080006474145,44.87031099513773],[0.6842455001892053,44.86365799558305],[0.6893060001996713,44.8593604954189],[0.6725300003235487,44.85520449490294]]]]}},{"type":"Feature","properties":{"id":"cotes-de-duras","name":"Côtes de Duras","region":"Southwest (Dordogne)","grapes":["Cabernet Franc","Cabernet Sauvignon","Chenin","Colombard","Cot","Mauzac","Merlot","Muscadelle"],"original_region":"Southwest (Dordogne)","key_appellations":[],"desc":"Côtes de Duras is an appellation in the Southwest (Dordogne) region. Main grapes: Cabernet Franc, Cabernet Sauvignon, Chenin, Colombard, Cot, Mauzac, Merlot, Muscadelle."},"geometry":{"type":"Polygon","coordinates":[[[0.2423460000858171,44.637807994758596],[0.27551849994659755,44.63843399487498],[0.29439100047281375,44.628826995335075],[0.3159170001764805,44.63352499525603],[0.33356400000325764,44.62235899484961],[0.3447115001820489,44.63177449496499],[0.3409399999739129,44.646612494872315],[0.3549760005306429,44.64919649563075],[0.34822449963416746,44.66969549527053],[0.35954000055840235,44.691310995283324],[0.34059850060166835,44.70296149497824],[0.34804349995944434,44.719605995606564],[0.31974899934567946,44.751246495458474],[0.29847349975312193,44.76199399551439],[0.2807719998774795,44.75330649495102],[0.25156699979093794,44.750219994878236],[0.2403110004578025,44.76320599534583],[0.22667299993771342,44.76452949530163],[0.20998200067527156,44.74045549492832],[0.21913850007190025,44.72464299546801],[0.201542500396056,44.7224324949699],[0.19168549999874898,44.74880949566543],[0.18453100031968975,44.749030995362844],[0.1750579997871674,44.73372949546838],[0.15094100003692432,44.73004149532675],[0.1399110005456452,44.73644449554917],[0.1393939994214822,44.721309494934914],[0.13470799973123312,44.72171999481747],[0.13954750000766108,44.713845495107165],[0.13339849975441476,44.7046349950584],[0.11805150042660563,44.71307249536665],[0.10033850035538838,44.70098099533998],[0.10570549959702216,44.69577299514005],[0.1029320004002984,44.68590949549851],[0.13442350038792641,44.68241349556009],[0.12997899965480755,44.672922995362846],[0.13490450028122825,44.665993995457825],[0.16312549996773623,44.6704059950839],[0.18275250016580338,44.66136299485859],[0.2038789999296235,44.6617109949725],[0.2265779995025814,44.64610749477622],[0.23995799992007932,44.647559994934824],[0.2423460000858171,44.637807994758596]]]}},{"type":"Feature","properties":{"id":"cotes-de-millau","name":"Côtes de Millau","region":"Southwest (Dordogne)","grapes":["Cabernet Sauvignon","Chenin","Duras","Fer","Gamay","Mauzac","Syrah"],"original_region":"Southwest (Dordogne)","key_appellations":[],"desc":"Côtes de Millau is an appellation in the Southwest (Dordogne) region. Main grapes: Cabernet Sauvignon, Chenin, Duras, Fer, Gamay, Mauzac, Syrah."},"geometry":{"type":"MultiPolygon","coordinates":[[[[2.9410625002716135,44.034613994909144],[2.970727499499121,44.03719699455941],[3.0185249996085086,44.02692849491208],[3.025120499451922,44.02000899522956],[3.0313935001575363,44.02865449475404],[3.050696500267864,44.03164099484703],[3.056199000067533,44.0429964948287],[3.0704440001923827,44.04375599487824],[3.0844455002245885,44.030748995164465],[3.0963569999068716,44.03620449505062],[3.092663500315042,44.03961199528935],[3.097905999866372,44.044789495176346],[3.104142500330493,44.044170995358826],[3.1092860002299334,44.03193349530202],[3.162211000235214,44.01630599533262],[3.1625159998673995,44.0244049952927],[3.184377499981341,44.043963495213184],[3.18499000032936,44.05156549489964],[3.2214579994009895,44.03652099492049],[3.2367614997376117,44.03788449524091],[3.244428000500034,44.0497559951814],[3.2242959997996503,44.05545149519302],[3.213473000283982,44.070743994756015],[3.2152299996270832,44.08837099467809],[3.1916504996299215,44.1113694949552],[3.195452500333145,44.11521499454775],[3.1901335005379403,44.1366304947355],[3.1793205003801948,44.144995994938775],[3.182915999808539,44.15576749482646],[3.216332499857072,44.14971299516446],[3.217803500486695,44.15681349537985],[3.2312654994438126,44.16219799493105],[3.2285450002575016,44.16797499475133],[3.2359644997266392,44.17498249466897],[3.227523499898835,44.18319849537778],[3.239263499901512,44.19066399457294],[3.2024819994042835,44.190592995279026],[3.2250854994544467,44.212603995410255],[3.2305414995991644,44.2303374953685],[3.1922674995030076,44.240759495175915],[3.1883240005019853,44.249656995226125],[3.161267499887288,44.24472049469833],[3.1596154997545516,44.26107149488272],[3.14723799989778,44.27664049540982],[3.138297000494045,44.26396399512323],[3.1514510004605625,44.24582799543448],[3.1424159998102525,44.23072549456027],[3.1366689999538298,44.235577995224006],[3.1278479997903226,44.225573995376834],[3.1168780005945713,44.239767495215155],[3.1079015005609896,44.23366249464729],[3.1012585003498607,44.24743149485017],[3.0877540006049777,44.24887299491023],[3.096826500333467,44.23319099515828],[3.08715049972163,44.22600999539164],[3.102056500304066,44.21209499542528],[3.1023669999633783,44.18788699518894],[3.088194499719737,44.189683994774505],[3.071320500367302,44.18079799497266],[3.0321614998420263,44.1849119952715],[3.032271500338499,44.16235949482457],[3.008957499587817,44.17978749487049],[3.0082745004275693,44.15269099529224],[2.9977875005894505,44.142360494679146],[2.964192999618933,44.13949249539647],[2.921742999651782,44.1760354952572],[2.890510500315389,44.186448994776754],[2.87827600015824,44.168139994740294],[2.883824000437518,44.159210995297244],[2.8719754994371485,44.15570949522357],[2.880174500473681,44.14976999488273],[2.8602710002691096,44.140552495233315],[2.864251999406682,44.13774549514886],[2.8593850005101715,44.132454994720874],[2.8450979998142976,44.13477049532961],[2.8582880000479824,44.127190995194994],[2.8488464996065934,44.104640495205196],[2.836151000169741,44.10402549530701],[2.837075999909031,44.10987449462087],[2.7904530001918735,44.12230599494069],[2.7980035001330608,44.11282449474974],[2.786719500448489,44.0905909952904],[2.8013595005820107,44.08684349493421],[2.7912370003399305,44.06902099499132],[2.7938439997201483,44.05983049459515],[2.80361249970783,44.06356449451347],[2.8057335002636967,44.071251995000196],[2.8481880001220383,44.057889995100815],[2.8508629994952526,44.049056994898876],[2.831070499992311,44.033611994614134],[2.850497499438915,44.02240999454235],[2.8375180004301046,44.01288649538855],[2.838069499810336,44.004827995334374],[2.8469255001858964,44.00469649499176],[2.83932300003231,43.99856499537129],[2.858460500307816,44.00477699511669],[2.867868500298802,43.99717049529055],[2.8815974993586155,44.00548199519117],[2.9067264998048907,43.998511994723685],[2.929069000394633,44.00196199516099],[2.9357680002836837,44.009981494807974],[2.9359074998781174,44.024473494785745],[2.9465815003189983,44.0251784948319],[2.9410625002716135,44.034613994909144]]],[[[2.6558445003823423,44.02378999494129],[2.6514915002911477,44.01399399515726],[2.6712605003974703,44.00313799532436],[2.663110499741209,43.99353349462649],[2.6993819998269584,43.99260999486345],[2.697293499525643,43.9874829945402],[2.7045569998101158,43.982199494870194],[2.7157860003627725,43.99313899483553],[2.7371054996394952,43.99302649511033],[2.735213500202046,44.00023549536137],[2.7477779998776533,44.00514199480139],[2.7476919996314466,44.01049249477595],[2.7784894998947167,44.00925699459722],[2.769902500075128,44.0118534953661],[2.787458499568769,44.0405894947863],[2.7639654993801224,44.05242599510879],[2.7695810003085723,44.06140299520907],[2.7644875002337748,44.07375949541134],[2.722525499625768,44.09096299530047],[2.714852000468163,44.06249649525769],[2.73578499943464,44.039117995058696],[2.73170050021673,44.03431349530729],[2.717301500099531,44.026173495373165],[2.7050795002702372,44.047496995386325],[2.7086129995554815,44.063641994997475],[2.6964549998651464,44.06561499480141],[2.6893170005610094,44.05060599479428],[2.695482000378049,44.04775399503562],[2.6796774995570636,44.035648994968874],[2.660231499976543,44.03714649522815],[2.656246999728431,44.02883299480562],[2.6737065004116882,44.026981995169386],[2.6699995004445785,44.021724994618104],[2.6558445003823423,44.02378999494129]]]]}},{"type":"Feature","properties":{"id":"cotes-de-montravel","name":"Côtes de Montravel","region":"Southwest (Dordogne)","grapes":["Muscadelle","Ondenc","Sauvignon","Sauvignon Gris","Semillon"],"original_region":"Southwest (Dordogne)","key_appellations":[],"desc":"Côtes de Montravel is an appellation in the Southwest (Dordogne) region. Main grapes: Muscadelle, Ondenc, Sauvignon, Sauvignon Gris, Semillon."},"geometry":{"type":"Polygon","coordinates":[[[0.1262120004680593,44.828280995713534],[0.19284200032080157,44.82080349497314],[0.20973449979811215,44.84136649525224],[0.2417560001266253,44.856896495608986],[0.23885949945972382,44.87237199484399],[0.28805249994672166,44.86317349484867],[0.2968099993520236,44.880431495659785],[0.3077000003324367,44.8861564952087],[0.30066200027525514,44.893503995468976],[0.302556500532243,44.9064504955282],[0.2722939997788467,44.92225549543995],[0.26660399961841413,44.94523799509289],[0.2504789995390234,44.944457495701144],[0.22856099947888542,44.93001399545895],[0.20726200016038285,44.93016349546205],[0.18248849939391074,44.93918449525575],[0.16320700022175383,44.92917149539081],[0.1275709997195952,44.93308149538393],[0.1271874994776337,44.926460495495895],[0.11950100059730119,44.925460495428545],[0.06383949991125304,44.93938249568099],[0.022063500324174576,44.92530949535897],[0.03461300030190049,44.9155649952429],[0.014771000199742073,44.88564349560459],[0.0031614998215575714,44.88144899542392],[-0.010517499926825456,44.85789799493031],[-0.03489800029450191,44.854929995596265],[0.004079000386402194,44.84554599524438],[0.022538999845334536,44.84938999491214],[0.047809999439050205,44.824415994979105],[0.05364799985500056,44.831950995693575],[0.046097499364313704,44.835672995406],[0.04770150030007284,44.84345299504728],[0.10753149947946265,44.83219699556968],[0.11125950021044978,44.81894599503836],[0.1262120004680593,44.828280995713534]]]}},{"type":"Feature","properties":{"id":"cotes-du-marmandais","name":"Côtes du Marmandais","region":"Southwest (Dordogne)","grapes":["Abouriou","Cabernet Franc","Cabernet Sauvignon","Cot","Fer","Gamay","Merlot","Muscadelle"],"original_region":"Southwest (Dordogne)","key_appellations":[],"desc":"Côtes du Marmandais is an appellation in the Southwest (Dordogne) region. Main grapes: Abouriou, Cabernet Franc, Cabernet Sauvignon, Cot, Fer, Gamay, Merlot, Muscadelle."},"geometry":{"type":"Polygon","coordinates":[[[0.13539699994410304,44.40910299484668],[0.1395820001287015,44.42942199519189],[0.12641749993175092,44.439005994680315],[0.12357500038807068,44.46114249514676],[0.15094700030676086,44.4604949949205],[0.15319800007968962,44.46431849480638],[0.13966449981710116,44.469869495014535],[0.15032700055110293,44.47903349534129],[0.17593649996259608,44.47311799556589],[0.18753249975084246,44.48629999541386],[0.21232999975853867,44.480233495236405],[0.27018449997533983,44.5016874949793],[0.27704200017571357,44.510452994800204],[0.26352100025996633,44.518512495576225],[0.2661585001337361,44.5220784953895],[0.28148799974852745,44.52020699551217],[0.3003210000422893,44.541473995190444],[0.31749199986035725,44.53268649527547],[0.34416599956903465,44.559161994801016],[0.34697500035421214,44.56492699534427],[0.2994169997776438,44.59217349525818],[0.3031950003053701,44.59641549513559],[0.29709750031326015,44.59754049502784],[0.28640450034684256,44.62121099526069],[0.276112499987431,44.61265149550816],[0.263803999645314,44.61684699550895],[0.27551849994659755,44.63843399487498],[0.20145899975566148,44.63821799540321],[0.17697100042405187,44.65432149555331],[0.16521100059934082,44.63285699529125],[0.1498279996277725,44.63278649476468],[0.1411910002668323,44.64131449499819],[0.13670300003378066,44.63654649532276],[0.13926350057739523,44.62714199485869],[0.15502499993384303,44.61515699477658],[0.15085700058388454,44.60864099540831],[0.1351350003128622,44.60779649481118],[0.11283600032102613,44.590802495275994],[0.0822389994748186,44.58390849472813],[0.0861834999611468,44.576287995490596],[0.08159349941817777,44.563003995416906],[0.07641100039906312,44.563581495215416],[0.06868699942526689,44.5482169948499],[0.07655499941035118,44.544995995282086],[0.07226749944464825,44.54022949482755],[0.07999300006201997,44.53078899521151],[0.07447649949254005,44.51879949526378],[0.09196599983864356,44.504061995422234],[0.1400069993863866,44.49584799532682],[0.1307275001909903,44.473521994738306],[0.11381099969467823,44.48572149515334],[0.10111100017080443,44.48020049536236],[0.10728499950663113,44.48774499530497],[0.08670299956023893,44.49860099517809],[0.08643649969735008,44.50556849480047],[0.0593165000887108,44.50303799515363],[0.0642775002644823,44.50918749492209],[0.054387000313355735,44.5208304951774],[0.043611500472490364,44.517892995459746],[0.03727549961149262,44.52566499470319],[0.04123400002241274,44.545145994912986],[0.020979999396736004,44.54145449545513],[-0.0010115005635910358,44.55176699538436],[0.018101000044668695,44.529782994840325],[-0.010864499666986492,44.51294099471219],[-0.018196500279364126,44.491677494754285],[-0.013241499809637677,44.46062699500917],[-0.0003369994666558127,44.459933994982606],[0.0071930000802285276,44.45253399536289],[-0.008844999565295879,44.433802494858384],[-0.005012500172987004,44.42437449538372],[-0.013901999605583214,44.41870599515853],[-0.005194999426157398,44.417893495347464],[-0.008683000565658584,44.41230099527337],[0.004264000610058763,44.39773549512948],[0.01854950033969875,44.38932449529515],[0.04804200048811933,44.400862995103815],[0.10224800017920745,44.38199249493656],[0.122697000188626,44.392474495246404],[0.13539699994410304,44.40910299484668]]]}},{"type":"Feature","properties":{"id":"entraygues-le-fel","name":"Entraygues - Le Fel","region":"Southwest (Dordogne)","grapes":["Cabernet Franc","Cabernet Sauvignon","Chenin","Fer","Mauzac","Mouyssaguès","Négret Deanhars","Saint-Côme"],"original_region":"Southwest (Dordogne)","key_appellations":[],"desc":"Entraygues - Le Fel is an appellation in the Southwest (Dordogne) region. Main grapes: Cabernet Franc, Cabernet Sauvignon, Chenin, Fer, Mauzac, Mouyssaguès, Négret Deanhars, Saint-Côme."},"geometry":{"type":"Polygon","coordinates":[[[2.6150490000582973,44.59664049515327],[2.6155619999161064,44.6112274949802],[2.6401550006755516,44.61646899481637],[2.652247500341098,44.626291494957655],[2.7104265005191928,44.62944749509321],[2.701585000190352,44.65665599558988],[2.6608125002142518,44.66163949542764],[2.6563600005282146,44.66533949567241],[2.6630215003620608,44.67301949557565],[2.65782450045344,44.67905999510089],[2.632312000356104,44.68650649519639],[2.6272599996547643,44.69687149552143],[2.6091459997967585,44.69556849484665],[2.59820900035774,44.702655495582505],[2.610627499791558,44.71495649509066],[2.607853999609228,44.72832899487783],[2.6177524995675294,44.72708949502855],[2.6339150004220153,44.74162749530801],[2.6306759999040077,44.74977499499355],[2.635823999843106,44.75660599521009],[2.6245390001766054,44.77121549529707],[2.6084130001633947,44.768279495165125],[2.5994869998920915,44.74940399546056],[2.588007499966907,44.75374799535117],[2.5697934994288425,44.74460449525672],[2.5443424997405217,44.72526399534253],[2.559821500365147,44.73143999563707],[2.5603465000551564,44.72064549487905],[2.51802349959558,44.70414399511423],[2.521350500315052,44.70064299512867],[2.514138499772006,44.69308999490265],[2.5001225006031698,44.69018899538794],[2.4875829999777124,44.66878299559323],[2.491143500088335,44.65731149541835],[2.4789475001730032,44.64800999545181],[2.4584289997131594,44.66175849477685],[2.4330820003831564,44.65867149500452],[2.432035500271462,44.67325199498739],[2.4132585002740106,44.6847869955165],[2.4155394998022377,44.69369849517497],[2.388232000454192,44.711980995243636],[2.371203000067748,44.71041299521505],[2.3626085004613433,44.69651049562584],[2.3495580006095644,44.701639495133115],[2.347034499789563,44.68773549560954],[2.361529499711925,44.67914349537904],[2.3523899996395947,44.67766199531733],[2.354089999648436,44.67279549497308],[2.344812500130441,44.66578149565235],[2.332216000152787,44.664595495284594],[2.337880500305692,44.65659849543652],[2.3329674994939915,44.64872949537629],[2.354143499512428,44.64008499492378],[2.3800509997485193,44.65128449484563],[2.388944999943247,44.64930199545955],[2.389066000279897,44.64371749516081],[2.404766499984667,44.64717999539029],[2.4342449999656237,44.63892049484938],[2.4484474996792076,44.64867399487137],[2.4748359997127585,44.640991495238474],[2.541356500385285,44.64660899518294],[2.535320000172172,44.635233995331085],[2.548202000551813,44.62441749499165],[2.540743499956088,44.61641849556607],[2.546359499647699,44.60286249547638],[2.5304474997957107,44.58835849495078],[2.5353340006169804,44.582134994999436],[2.562250000339906,44.591176494846046],[2.6066704995888377,44.56840399490463],[2.61576650045555,44.57378649558328],[2.6312960002882657,44.557548995122],[2.65222550038783,44.564011494913714],[2.6485809999124523,44.57617249540998],[2.6150490000582973,44.59664049515327]]]}},{"type":"Feature","properties":{"id":"estaing","name":"Estaing","region":"Southwest (Dordogne)","grapes":["Abouriou","Cabernet Franc","Cabernet Sauvignon","Castets","Chenin","Duras","Fer","Gamay"],"original_region":"Southwest (Dordogne)","key_appellations":[],"desc":"Estaing is an appellation in the Southwest (Dordogne) region. Main grapes: Abouriou, Cabernet Franc, Cabernet Sauvignon, Castets, Chenin, Duras, Fer, Gamay."},"geometry":{"type":"Polygon","coordinates":[[[2.7113760003278347,44.54143299477222],[2.7330990001333406,44.53496249536357],[2.772089499551521,44.566058495092456],[2.750520500015799,44.57886749508193],[2.7465979994825886,44.60354299545021],[2.76301300029851,44.61666549516145],[2.7513095005403607,44.61927299554706],[2.7520570004498497,44.6267439952996],[2.7109210003987143,44.59961299522791],[2.7005855000376724,44.61021199554926],[2.6989739995046103,44.601361494808735],[2.6809929997341153,44.59659949476086],[2.685523500402416,44.58628749545632],[2.6758464998900484,44.57807949478906],[2.654858500249092,44.57354649537474],[2.65222550038783,44.564011494913714],[2.619955999848695,44.55595149536083],[2.6297945003524963,44.54693199503561],[2.6037170001974155,44.53988449474461],[2.6349625002397863,44.52657799503482],[2.6325419998481023,44.51686099470744],[2.638591000188275,44.50807549507359],[2.648677500489416,44.5230754947633],[2.6611524997825113,44.504234995052485],[2.6699760005377646,44.508704995458935],[2.676485499858082,44.525294995076685],[2.691468000346823,44.52894599555693],[2.69386749945206,44.538738994824215],[2.6993509997864096,44.53106799552726],[2.7113760003278347,44.54143299477222]]]}},{"type":"Feature","properties":{"id":"floc-de-gascogne","name":"Floc de Gascogne","region":"Southwest (Dordogne)","grapes":["Baroque","Cabernet Franc","Cabernet Sauvignon","Colombard","Cot","Fer","Follelanche","Gros Manseng"],"original_region":"Southwest (Dordogne)","key_appellations":[],"desc":"Floc de Gascogne is an appellation in the Southwest (Dordogne) region. Main grapes: Baroque, Cabernet Franc, Cabernet Sauvignon, Colombard, Cot, Fer, Follelanche, Gros Manseng."},"geometry":{"type":"Polygon","coordinates":[[[-0.15782699958379084,43.581444495082096],[-0.14809700048583385,43.58579599483928],[-0.1398534996456294,43.57971699493483],[-0.12891799980225963,43.58122449452634],[-0.12151099996440831,43.586916994593025],[-0.09875249952818595,43.58178499500798],[-0.09750750027087486,43.5894204950331],[-0.07567700033168627,43.591590494320876],[-0.07421450049288425,43.6061734947414],[-0.054763499595328204,43.60621799436654],[-0.04466899973665207,43.61316349516571],[-0.039739500487451396,43.60559699476263],[-0.015012500418757384,43.605525995059914],[-0.004966499754608297,43.59109599443264],[-0.002883999909083311,43.56624299440335],[0.009414000595523244,43.559859494692894],[0.01577699957362329,43.543392994663996],[0.029584500151331974,43.544893994757565],[0.052729499437295574,43.517270494713856],[0.08057249979070569,43.523951995146184],[0.08975149948508986,43.51017049490616],[0.11660750048823952,43.51493399432746],[0.13048599985012477,43.494315494941276],[0.13531599994519652,43.46541899515763],[0.1496354997393374,43.46559149448987],[0.1531620001943812,43.45739349488968],[0.1760945000820384,43.469443994292874],[0.17421049949376094,43.476841994418145],[0.16370699966402638,43.48032499470295],[0.1650755006023434,43.490125994771],[0.15176600020262207,43.497525995052726],[0.15863749995116908,43.503868994373356],[0.16765849955057258,43.49755899479877],[0.17019050020902923,43.504406994431726],[0.1888189994464311,43.50764699441891],[0.19202400030661176,43.51999199502346],[0.1857164994393163,43.527353995104534],[0.1976820001794211,43.5328889951585],[0.19293299944853168,43.54121899441611],[0.19881449953629993,43.54821399463742],[0.24535500033752058,43.532293994833275],[0.24433900023876096,43.53673449504655],[0.26134450017160005,43.544200495068836],[0.2707969994644615,43.539158994720964],[0.28388700043908277,43.541870994830184],[0.27751300017239316,43.57056499460602],[0.2847094993707186,43.5629974948931],[0.31812650004151144,43.56341949500787],[0.32700500012949224,43.55529599463183],[0.3145454998647638,43.54480549514212],[0.3308534995785975,43.54392249426697],[0.3319990005423296,43.537326494627],[0.3358614995091353,43.545993494531004],[0.3616389996241253,43.533620494355546],[0.3662805002177082,43.552746994693635],[0.35966299984122513,43.55428949495365],[0.36166699960507637,43.55927949477319],[0.37365949971556833,43.55782599464336],[0.3837124996430078,43.56857149432981],[0.40561000041129636,43.55968099505509],[0.4110375005032855,43.56787549515225],[0.41794849986002186,43.56677599497356],[0.43219950016047637,43.56062749498438],[0.4357630003851971,43.54974899442455],[0.469958000201199,43.548825494793235],[0.474281000428926,43.5508329946831],[0.4643214999398904,43.56845249452189],[0.472853499498591,43.5748484945604],[0.5007030000173552,43.56000449509125],[0.4751260000274843,43.53586099463606],[0.4862474995622249,43.53243849424954],[0.48286249949594,43.521762994746894],[0.5070595006567924,43.51148749436837],[0.48468050019134157,43.501126494591745],[0.490216500358929,43.48802549511805],[0.5281044997666036,43.486203494861854],[0.530498500004473,43.50929249494701],[0.5390179994945673,43.52235399500076],[0.5609015000884362,43.52161299452618],[0.5636364999186315,43.50198249455491],[0.6016885003368315,43.50531949446078],[0.6200219994395504,43.49772849471711],[0.6342790002330416,43.507438494796574],[0.6221134994506016,43.53530049500505],[0.639742000106702,43.533134994535565],[0.6367400000869539,43.55344049436584],[0.6475994995789265,43.55133899459647],[0.6461570006040119,43.54475199452255],[0.6880599995849829,43.537448995142945],[0.6932705002569183,43.546351494470116],[0.6722965001790998,43.57058049493628],[0.6755225000279678,43.585931495076494],[0.6882465000554961,43.58255649493339],[0.6966969999032891,43.60181549512749],[0.6922294999262641,43.604453495159454],[0.6972349994685497,43.61149699501785],[0.6784759997922735,43.620093494981816],[0.7110430003822256,43.61629049515913],[0.7034949993592239,43.62275749493125],[0.7068885000981375,43.64130149458649],[0.6914274999747134,43.64684799501772],[0.7034059999786285,43.666960995216336],[0.723346499722273,43.669992994655644],[0.7199199996059705,43.67989399484676],[0.7392104994768736,43.682455494951924],[0.7753104997574249,43.67517849514343],[0.7517129995896222,43.69969399520844],[0.7748540000478016,43.702223994906454],[0.7792074998159334,43.70885899511989],[0.767596999970499,43.713734494498034],[0.7847290003621197,43.718207494457985],[0.781647499799297,43.72211899479453],[0.7999970004561492,43.739929995176965],[0.7767804999865489,43.74456049460824],[0.7731100002028041,43.749506994995826],[0.78069700039282,43.754156494428244],[0.7468104999891693,43.75107549509464],[0.7418059994757625,43.761494495032785],[0.746645499783123,43.771194494464645],[0.7238660001569096,43.77951649516293],[0.7256615003693966,43.79147399477475],[0.7347435004468735,43.78849799482763],[0.7397684994560034,43.800493494556385],[0.7532564999699572,43.80027849528608],[0.743828000318114,43.820900994997004],[0.748685499593691,43.84837799466726],[0.7443395002881084,43.857593494527976],[0.7503874997889275,43.85907499479954],[0.7456855002788635,43.8721064950195],[0.7084450000027511,43.89166099470107],[0.7301229997140336,43.904661494627625],[0.7107564993992587,43.91067249527691],[0.7062414995999391,43.92425849462802],[0.7087510004689644,43.94608399475361],[0.7257705001049081,43.96864649448059],[0.7254250005221172,43.97684249496368],[0.6910435001828382,43.98031099471465],[0.6886775000433045,43.984996995280085],[0.696971500021209,43.982423994860035],[0.7009380004127737,43.99241249496459],[0.678317500279097,43.98282449534774],[0.6671965002286824,43.99715949471048],[0.6452894997749178,43.993682495089054],[0.6046849996623684,44.015174994558706],[0.6014360003194786,44.01994349505475],[0.6100834995110036,44.028983994550174],[0.6042160005287784,44.033350495393975],[0.6217929998069591,44.03415949524577],[0.6313404996892269,44.05568499521668],[0.6012270001797289,44.078006494809316],[0.5758814997748474,44.07590949463574],[0.5669124999128339,44.060331995110445],[0.5554654998596226,44.05474999527945],[0.5384249994681252,44.052949494585434],[0.5121429994448394,44.063295994850556],[0.5047194997061276,44.05066199459883],[0.5023275005580863,44.057510495156286],[0.4597604994742774,44.0553734945377],[0.45483449978946433,44.06515399475123],[0.4670400000195286,44.07588599461477],[0.44661450054906526,44.0868884951077],[0.4583000005582799,44.09753599466842],[0.4526995001334741,44.11243199479239],[0.44425799940783595,44.11713349504861],[0.4474640005754832,44.12607549488268],[0.4373175000019737,44.13261799454731],[0.43791299961182883,44.15094849496529],[0.42041799956208514,44.16829299493385],[0.3981324995895384,44.14969099514222],[0.34328150036600025,44.17238499511615],[0.3433329998500078,44.178366995263765],[0.3347809997661726,44.18164649459951],[0.3423599998324937,44.19780449496649],[0.32340050022436484,44.19058449473869],[0.3212354994338778,44.195221995034196],[0.3015459997894046,44.19124499519292],[0.2835519998516742,44.19217249529261],[0.2694330003151209,44.200513995003675],[0.2582754995407726,44.188743995153075],[0.27820300036550305,44.17154649531253],[0.28856150047250484,44.17156099521395],[0.288026000313998,44.16154899467964],[0.2998259993733745,44.14820649497974],[0.29111200022544803,44.13287949478076],[0.25081949970977246,44.14079549509399],[0.23726799962400894,44.130012495139916],[0.19002600005793574,44.13823199462764],[0.19070750013031476,44.12816199533582],[0.17485350016156406,44.12246049492864],[0.13579149971145796,44.124188995108135],[0.13057350008609578,44.12156499506958],[0.1364829995563635,44.10859649495883],[0.10134650046861653,44.08763549492494],[0.10488650018617963,44.07825549513177],[0.09825349940788036,44.07874899486254],[0.0943199998171174,44.0656169952068],[0.08301799964826517,44.063728495149],[0.08727100049158526,44.05210549489457],[0.0722539999717098,44.02534149456154],[0.06021800013998047,44.02487449506466],[0.051591499817797294,44.035100494991724],[0.03690250046496677,44.03912699472163],[-0.00036550036646790734,44.039089494802894],[0.004973500204019727,44.02389449496952],[-0.0063215003113310285,44.004934995010345],[-0.03621150005034477,43.99764899487389],[-0.08109349947976893,44.015217495272616],[-0.12358249948884939,44.01088299531425],[-0.1983419994331628,44.030179995092496],[-0.27304249983174894,44.0359709949564],[-0.2758085004830475,44.025101495058664],[-0.2903695002269936,44.025353494682975],[-0.28290549958687006,44.02327549485596],[-0.2875480000072423,44.01826099491533],[-0.27799850046370994,44.00960399458079],[-0.28983999984698167,44.00073699462516],[-0.299425999860695,43.972096994584355],[-0.3198789998538116,43.963881494901806],[-0.3331459995505975,43.94637649468008],[-0.34507000022057555,43.94748549514372],[-0.349444000036053,43.931258494924336],[-0.33451999951757416,43.920669995202026],[-0.33385649943603796,43.91289599465966],[-0.3415629997702668,43.909836494707456],[-0.32968099950740515,43.90452499469068],[-0.33317550045260175,43.894994994514136],[-0.32502249976176567,43.88239449490288],[-0.33047450035640163,43.87906749515147],[-0.3082865001353843,43.87710999457033],[-0.3049860001234616,43.85881399516452],[-0.3110485000344006,43.85952999469773],[-0.3330390004619869,43.83650449519823],[-0.34292449951987786,43.83770949524887],[-0.3779345002511518,43.80058099502824],[-0.39535700051024236,43.794089995037346],[-0.3682310002174659,43.78663049472823],[-0.32026150052225133,43.78564899470241],[-0.3209264994830869,43.77117899520186],[-0.3334675002849086,43.76678699484541],[-0.3363030003994469,43.75397299505185],[-0.32791949992387537,43.74743799501959],[-0.31349600043891845,43.74942399517482],[-0.2747920001479723,43.72816699469954],[-0.2855654999655051,43.704909994462696],[-0.30450199978485276,43.70343299477025],[-0.3003770002863018,43.69172549487018],[-0.31611599969405524,43.6937959949344],[-0.31828900061850546,43.66888399479097],[-0.3126509998255994,43.6605954944984],[-0.3621789998136556,43.64623199495667],[-0.34390849954028685,43.6356329952524],[-0.3393125000215488,43.62291299439929],[-0.29854800042900287,43.62616299431249],[-0.3059704997273423,43.6498134949539],[-0.2816880003028,43.65181649446279],[-0.27359649956701143,43.64686799445863],[-0.2821159996391298,43.643073494870215],[-0.2797329998948289,43.61839999507692],[-0.24720400038273102,43.61595349505904],[-0.2546439999753028,43.59707999503483],[-0.24817450013336761,43.596658494559875],[-0.24232949991891428,43.583416994601556],[-0.21060399957138615,43.59323449480308],[-0.2042569996803425,43.58378849493931],[-0.17656300020289448,43.59682899489472],[-0.15782699958379084,43.581444495082096]]]}},{"type":"Feature","properties":{"id":"fronton","name":"Fronton","region":"Southwest (Dordogne)","grapes":["Cabernet Franc","Cabernet Sauvignon","Cinsaut","Cot","Fer","Gamay","Mérille","Négrette"],"original_region":"Southwest (Dordogne)","key_appellations":[],"desc":"Fronton is an appellation in the Southwest (Dordogne) region. Main grapes: Cabernet Franc, Cabernet Sauvignon, Cinsaut, Cot, Fer, Gamay, Mérille, Négrette."},"geometry":{"type":"Polygon","coordinates":[[[1.3278565001275473,43.77528449509039],[1.424514499961296,43.7544484947238],[1.4319309998434169,43.764597494444146],[1.4559875003578384,43.776256995024674],[1.4816640004240544,43.76178299523692],[1.4951945000621387,43.77115699480825],[1.5016130003390056,43.769085494628285],[1.4961790003729294,43.78421749462932],[1.522212499551794,43.80672899436897],[1.5108674999838059,43.81434749504082],[1.5239615005950775,43.82937899486175],[1.5264944996831566,43.839888995044724],[1.5185079994535233,43.845905995157345],[1.5598419995168422,43.857177995162594],[1.555306500436056,43.87082799448504],[1.5464270001512936,43.87907549523864],[1.5341195002653962,43.87337999465526],[1.525953999970321,43.879485994646394],[1.514262499995296,43.892101495166656],[1.5233224998395132,43.903595995164935],[1.5151924998728739,43.90596299449958],[1.5165714999854936,43.90084849459174],[1.4918065001538026,43.88734449464224],[1.4878580004609958,43.90198549507214],[1.4769949996650837,43.90829199527838],[1.4698730000560967,43.897482995259665],[1.3732184994511265,43.920061495017315],[1.354541500004537,43.95357349513898],[1.34553699984777,43.94165799524156],[1.329300500618468,43.939622494520115],[1.3325190004832774,43.93352999456538],[1.3216084997715658,43.92655049516814],[1.302906500313763,43.935023494810025],[1.277196000212792,43.924495995353745],[1.2550974998903621,43.92692499450746],[1.2510235001609422,43.914242995124376],[1.259994000058452,43.89375299503292],[1.2366799996795794,43.88237099460069],[1.245262000353655,43.88415849521976],[1.2594005002146702,43.87133349499904],[1.2798250004913763,43.83898899522356],[1.2528955005794722,43.82239499479963],[1.2553049998181331,43.81570049467252],[1.2639789999850959,43.81444299522498],[1.2622169996478108,43.804893495249594],[1.2668724997388021,43.79862199500982],[1.278284000361946,43.80300449449098],[1.2818229995494053,43.79624199444769],[1.3101504997415432,43.796639995188926],[1.3278565001275473,43.77528449509039]]]}},{"type":"Feature","properties":{"id":"gaillac","name":"Gaillac","region":"Southwest (Dordogne)","grapes":["Cabernet Franc","Cabernet Sauvignon","Duras","Fer","Gamay","Len De L'El","Mauzac","Mauzac Rose"],"original_region":"Southwest (Dordogne)","key_appellations":[],"desc":"Gaillac is an appellation in the Southwest (Dordogne) region. Main grapes: Cabernet Franc, Cabernet Sauvignon, Duras, Fer, Gamay, Len De L'El, Mauzac, Mauzac Rose."},"geometry":{"type":"MultiPolygon","coordinates":[[[[1.7717724999193887,43.763460994924095],[1.7640760000522893,43.75046649510995],[1.78940949989816,43.7364129943913],[1.8087049997875777,43.73730849519545],[1.823201499787526,43.7477789952011],[1.8373959995914506,43.743926494606406],[1.8447930001487103,43.750351495029676],[1.8428794993874196,43.756554495132804],[1.8636389995614382,43.761141494397876],[1.8603709997672895,43.78263899497651],[1.8729464996703005,43.80308099498709],[1.9080425003411052,43.795566995070324],[1.9307544995275356,43.80068899486219],[1.92271250040457,43.78517799453554],[1.9276840005116735,43.777097995032385],[1.9413710001707845,43.77322949479667],[1.9715940003312646,43.77639149465071],[1.9767855003849761,43.78131749463563],[1.9719480003580085,43.790973494538825],[1.9889109999716175,43.77874149488285],[1.999251499555533,43.78601949488834],[1.9979149999632482,43.79168749471115],[2.0208389997369522,43.8022829948281],[2.038705000048267,43.796256994863064],[2.0333779995241374,43.79218799475917],[2.05401599974353,43.777078994829175],[2.056228999747932,43.783565994540915],[2.0796765004538322,43.78964649469937],[2.069808999798024,43.8033939949893],[2.0708834993540863,43.81244849511717],[2.052056499542132,43.83651999454127],[2.0785879994263805,43.85427749475422],[2.0801554999662084,43.86769349472567],[2.106507499935331,43.87440549498726],[2.1274905003551363,43.86971899468831],[2.1319340003290717,43.877917494464526],[2.1165844997934418,43.890850494785425],[2.1237695000763197,43.90095099473061],[2.106819499740075,43.90482699517218],[2.075431999558973,43.90845099528288],[2.0538129996630334,43.89661099495651],[2.0068420002057112,43.906340495293435],[2.020479500147524,43.917942495097414],[2.0600764995665584,43.93105899462172],[2.090854999660161,43.92757249479446],[2.0974834995925407,43.93663199468622],[2.1140385002288244,43.937520994617635],[2.11823749982134,43.946342495185306],[2.092154500282508,43.975142495250076],[2.062771000023417,43.98097049470165],[2.0471840003167183,43.995286995148845],[2.058565500218364,44.013190495014264],[2.0516165004923406,44.02000549512343],[2.0741590005903077,44.02739799469637],[2.073674000465342,44.051069494576474],[2.053209499656263,44.065106495374806],[2.0376020004875612,44.05278349461809],[2.0200209995054843,44.06199199457725],[2.0251750006570135,44.077140494737876],[2.0293239998915364,44.073421495239074],[2.043216000293284,44.09019199541821],[2.031055999993049,44.098852995301165],[2.0189320004179416,44.097503994954515],[2.0247145001866174,44.106216494645395],[2.0212524993767707,44.111691495305735],[1.981037999544976,44.10874449510841],[1.9652694999785507,44.12322999515111],[1.9090015001636311,44.11969649472835],[1.901692999797367,44.11089249540529],[1.911568999446759,44.10202099469174],[1.9148415004123638,44.089787495068556],[1.9095109998247648,44.08374349462629],[1.9180750001022224,44.07432699484417],[1.909613000287123,44.070328994935416],[1.8814040003451813,44.068875495024365],[1.8729374995676633,44.07487249495241],[1.8688475001975797,44.070260495008995],[1.8468585002477378,44.09510499501106],[1.8308780003560639,44.08661599521132],[1.824043499421213,44.06165249495418],[1.8100770001838038,44.06055199468461],[1.8251709997766785,44.04729849475838],[1.785723500582032,44.04796999476326],[1.7708629998849506,44.05564299455403],[1.7396699999954366,44.054398494843156],[1.7209699996393069,44.040528994720255],[1.7099225002449607,44.04654399466969],[1.69858050049124,44.03973399486386],[1.691524999425992,44.022367495176816],[1.6683230004057228,44.017237495120185],[1.671390500499964,44.01063899497581],[1.6490535002432887,44.011677994811095],[1.6577220004967694,43.995251994957265],[1.6302249998338203,43.99009649453801],[1.6279644999699108,43.981612495328285],[1.642889499727686,43.97387749522219],[1.6626410002261527,43.9796209947533],[1.668791500555638,43.97533499507525],[1.6628784999598296,43.95860249457881],[1.6765205002221586,43.95305849458557],[1.6690700004694266,43.94001299492562],[1.658754000444508,43.93815049519048],[1.656107000447362,43.91922699508903],[1.6387869993599753,43.91975599529623],[1.6375624998159561,43.906730995102144],[1.6321059997733083,43.90589399495495],[1.6438225003130873,43.893455494876164],[1.6626245003682694,43.88781099477639],[1.6711059999307858,43.86940699500704],[1.6788670002343755,43.84303349496255],[1.6690669998935832,43.80714899470823],[1.6704924999292872,43.796666995077025],[1.679325499568652,43.79591149465896],[1.6720810000873028,43.79352999454188],[1.6701925004627711,43.78424149520961],[1.6829100002789228,43.78535249487866],[1.6834280003292201,43.77802049517556],[1.7123899999171999,43.770801995014196],[1.7717724999193887,43.763460994924095]]],[[[2.304534999478358,43.8749954951687],[2.2811169999887873,43.89272249455174],[2.2993534998595413,43.89164249531309],[2.311745000500642,43.898217994674575],[2.302587000508148,43.910953995362725],[2.3054980001530816,43.93098449522129],[2.2985170000251562,43.93390399467657],[2.3039349998610557,43.94363299502487],[2.2919169999629543,43.94218149453495],[2.284822500149547,43.93151649449518],[2.2843104996809958,43.94641249508265],[2.271481500001022,43.94640499459575],[2.2821040004959077,43.97584549526488],[2.2674434994662023,43.982363994729],[2.258614499918886,43.97376249521852],[2.2420820005869904,43.98189499506322],[2.233871499699773,43.971215994513166],[2.216602999460015,43.97808499483186],[2.196563000562114,43.9664994946802],[2.2009909996901724,43.96235999528136],[2.185836500657259,43.94195949452783],[2.202688499941738,43.92924349482437],[2.1946235000024745,43.91622399477682],[2.211644999478107,43.900853994700825],[2.1958219998796285,43.88454549469256],[2.2178854997037183,43.86625099482904],[2.2277484998517014,43.84794049458068],[2.2435830000896964,43.85759199477101],[2.3020424999499007,43.86703049494899],[2.304534999478358,43.8749954951687]]],[[[2.110958999859691,44.04516549517104],[2.115849500128174,44.0536809952453],[2.1096670000995985,44.056455494658124],[2.1055585005624913,44.05213099464622],[2.0820790001729947,44.05613399532831],[2.082109500551048,44.04920149460073],[2.0768000001574856,44.049099494510465],[2.0795289999857203,44.04122949485207],[2.091504500456629,44.041661994809644],[2.0881130000995536,44.04471099510875],[2.0952730004142652,44.04927699484796],[2.110958999859691,44.04516549517104]]]]}},{"type":"Feature","properties":{"id":"haut-montravel","name":"Haut-Montravel","region":"Southwest (Dordogne)","grapes":["Muscadelle","Ondenc","Sauvignon","Sauvignon Gris","Semillon"],"original_region":"Southwest (Dordogne)","key_appellations":[],"desc":"Haut-Montravel is an appellation in the Southwest (Dordogne) region. Main grapes: Muscadelle, Ondenc, Sauvignon, Sauvignon Gris, Semillon."},"geometry":{"type":"Polygon","coordinates":[[[-0.03489800029450191,44.854929995596265],[0.004079000386402194,44.84554599524438],[0.022538999845334536,44.84938999491214],[0.047809999439050205,44.824415994979105],[0.05364799985500056,44.831950995693575],[0.046097499364313704,44.835672995406],[0.04770150030007284,44.84345299504728],[0.05181649972879493,44.843349995179814],[0.10753149947946265,44.83219699556968],[0.11125950021044978,44.81894599503836],[0.12289450060062403,44.8274489948949],[0.1471740002089015,44.82930999520017],[0.19129499970732122,44.820105495281005],[0.20629099963816877,44.83878049559531],[0.2437565005288859,44.85954449538689],[0.22205700000593306,44.871655495166316],[0.2206379999271855,44.88639399513421],[0.22812650006777413,44.89287999564153],[0.2280740000963124,44.90300149495579],[0.21402249983845037,44.91494299536021],[0.22214550033720062,44.93048499551946],[0.18248849939391074,44.93918449525575],[0.16320700022175383,44.92917149539081],[0.1275709997195952,44.93308149538393],[0.1271874994776337,44.926460495495895],[0.11342450023054129,44.925347995655585],[0.10341550037479219,44.93176899567487],[0.0774919996215666,44.932214495051895],[0.06861250054759839,44.939950494964584],[0.022063500324174576,44.92530949535897],[0.03433750000542669,44.91456949519857],[0.014771000199742073,44.88564349560459],[-0.008316500428754389,44.867536995279075],[-0.010517499926825456,44.85789799493031],[-0.03489800029450191,44.854929995596265]]]}},{"type":"Feature","properties":{"id":"irouleguy","name":"Irouléguy","region":"Southwest (Dordogne)","grapes":["Cabernet Franc","Cabernet Sauvignon","Courbu","Gros Manseng","Petit Courbu","Petit Manseng","Tannat"],"original_region":"Southwest (Dordogne)","key_appellations":[],"desc":"Irouléguy is an appellation in the Southwest (Dordogne) region. Main grapes: Cabernet Franc, Cabernet Sauvignon, Courbu, Gros Manseng, Petit Courbu, Petit Manseng, Tannat."},"geometry":{"type":"Polygon","coordinates":[[[-1.2550215002770475,43.15730199443314],[-1.2476595002817887,43.171049494331044],[-1.222697999417347,43.164234994557276],[-1.205547499840098,43.150897994864536],[-1.2140469994577059,43.12819649430468],[-1.2067945002061582,43.119910494268744],[-1.1849824995902971,43.11596149454643],[-1.1782189994708459,43.119187495044635],[-1.1909009998138194,43.12878949454712],[-1.1853029996415245,43.155090494644384],[-1.1450634994435145,43.164677994295296],[-1.1245695002218272,43.161393494453],[-1.1232500004902808,43.15661499477056],[-1.1521825005412771,43.14310499460737],[-1.1643214997476714,43.12241149501883],[-1.149151500566268,43.101403494821916],[-1.1387860002696093,43.10190199477585],[-1.1302254998556513,43.08446299455532],[-1.1593445001065434,43.07261749439253],[-1.1589615004740148,43.0479359940889],[-1.1716850004668413,43.043851494657616],[-1.1736904999909181,43.037059994389594],[-1.1456800005476198,43.02581399421551],[-1.1418390006101637,43.0074884947632],[-1.1147600000161313,43.023921994846226],[-1.0835699998487027,43.01066199464494],[-1.0715075000994883,43.043650994512966],[-1.097374499410532,43.04938899456142],[-1.0868835002665171,43.06245849444574],[-1.098480000131964,43.08066549471674],[-1.131202499803931,43.099251994604174],[-1.145685499430828,43.115922994197554],[-1.1396145000849796,43.134304494793625],[-1.1006799995436742,43.144021994382165],[-1.1113785004190064,43.17495749452106],[-1.1285975001393445,43.183387494412564],[-1.1726474996011138,43.17656799443945],[-1.1776760004685904,43.184659994892456],[-1.168488499879004,43.193866494489455],[-1.1776099996340477,43.20366649440815],[-1.1751299994793865,43.210728494689334],[-1.190338999416814,43.21795449448661],[-1.231380999496931,43.21742599507435],[-1.2361205001810986,43.23587799452642],[-1.2504300001160478,43.24655449475271],[-1.2551474999948724,43.261588494334454],[-1.2656269998783636,43.262650494907724],[-1.2568009994743463,43.26950299442543],[-1.2794765000228638,43.28066999428772],[-1.2888135000262118,43.29437849440541],[-1.2978185001047677,43.290350494600794],[-1.354108999972233,43.30415699452208],[-1.4132394997794324,43.27334199423764],[-1.3844075006015568,43.253654494942964],[-1.3780074996430909,43.23208999434101],[-1.3846099994399093,43.2212869947776],[-1.3808335006686852,43.21465299485266],[-1.3866899994767332,43.194240494279285],[-1.3814945002766428,43.18966299446166],[-1.4023694996737908,43.177711494772296],[-1.402271499704051,43.15600949476383],[-1.4075179998292005,43.155441495011516],[-1.3988625005843967,43.146893494653746],[-1.3727394998782974,43.13725849456694],[-1.3566369997093086,43.14049449474811],[-1.3323155002968796,43.121011994294975],[-1.3366740003086361,43.11582649421461],[-1.332199999739864,43.10771199419578],[-1.270122000429085,43.11824799463885],[-1.2625744994137662,43.14372899461034],[-1.2501514995535086,43.154074994428946],[-1.2550215002770475,43.15730199443314]]]}},{"type":"Feature","properties":{"id":"jurancon","name":"Jurançon","region":"Southwest (Dordogne)","grapes":["Camaralet","Courbu","Gros Manseng","Lauzet","Petit Courbu","Petit Manseng"],"original_region":"Southwest (Dordogne)","key_appellations":[],"desc":"Jurançon is an appellation in the Southwest (Dordogne) region. Main grapes: Camaralet, Courbu, Gros Manseng, Lauzet, Petit Courbu, Petit Manseng."},"geometry":{"type":"Polygon","coordinates":[[[-0.541176500391062,43.21157499469007],[-0.5019725004591732,43.18186099487323],[-0.4728869996168652,43.17947899443741],[-0.4684975001138366,43.1673399944874],[-0.45755150052363563,43.163247494431644],[-0.4293204994613233,43.15948349426895],[-0.4152830001715789,43.170003994406244],[-0.4030885001768126,43.16822949489715],[-0.40937199996435636,43.16042799462852],[-0.39670249973548216,43.16181199502921],[-0.39338450047253953,43.1780604948062],[-0.38438649981678186,43.18052749439679],[-0.3564845001324385,43.17021899447142],[-0.3268595003996934,43.14584049410884],[-0.29567500057359675,43.16138899494663],[-0.320459500273049,43.15558249443841],[-0.29837299964215575,43.1752389942919],[-0.3223284998189421,43.179808994232296],[-0.3190910000535119,43.194290494838896],[-0.3272399993952171,43.197523494597476],[-0.3251675004613041,43.202392994286896],[-0.33885249967163256,43.20413849428519],[-0.33382400026105663,43.21704849494481],[-0.3077015005429397,43.241989994323426],[-0.3116649996578736,43.25341499441863],[-0.33866799998428626,43.28042849419265],[-0.3762109995456328,43.292856994888766],[-0.37894249957692233,43.285751494471015],[-0.3856214998448036,43.28807849423494],[-0.3853515000427242,43.29456799431293],[-0.41060299966842756,43.29391699472564],[-0.4500565001530497,43.31523699438809],[-0.46998949945645035,43.33378999505556],[-0.4867410000084011,43.33453899480149],[-0.5150044996854098,43.35418699433948],[-0.5223860004411256,43.34084549427952],[-0.5348599994618247,43.34285099436746],[-0.5273119999189976,43.346981995036415],[-0.5294135005094327,43.35107099460297],[-0.552733499404527,43.35843449463138],[-0.5420995004354418,43.3698409943209],[-0.5587689994212415,43.3782134943544],[-0.5632225004261552,43.3739534944014],[-0.5575409998179341,43.367332494914855],[-0.5720174996410934,43.365521494967076],[-0.5778949999739855,43.35046199501434],[-0.5890844994849181,43.356021494703796],[-0.5979430005734494,43.35165299456627],[-0.607461500584819,43.36207549479637],[-0.6347995001697886,43.35947249463338],[-0.6368230000330154,43.37400299509664],[-0.6373010002027545,43.36494249434835],[-0.6481734996441678,43.365199494482425],[-0.6580519997902372,43.35538349472535],[-0.6832184994494217,43.35377299448359],[-0.6855165000929921,43.332134494660494],[-0.6707075004886062,43.30861999493537],[-0.6809234998775368,43.294919994706305],[-0.6970309998265732,43.29230399463412],[-0.6841379994789917,43.28375699449847],[-0.6877209999931707,43.27654399486526],[-0.6713219999639973,43.2790094947137],[-0.6460194999827942,43.26720599474881],[-0.6528304997960044,43.262931994903376],[-0.6413900004208208,43.255752994135044],[-0.6452925001559554,43.24516049474942],[-0.6334159999002702,43.2478624950336],[-0.6283104999361403,43.23808599469035],[-0.6179484996652689,43.25015949497548],[-0.6021179994746306,43.248957494855304],[-0.584913499497369,43.26137599492685],[-0.5819735006708127,43.25024349492039],[-0.5658395000683536,43.2466969944614],[-0.5637199995692899,43.23467849447532],[-0.5549610002576382,43.229232494421304],[-0.572985500398399,43.2131929948457],[-0.5526524997635728,43.20560249486939],[-0.5486099994272099,43.21246349481666],[-0.541176500391062,43.21157499469007]]]}},{"type":"Feature","properties":{"id":"madiran","name":"Madiran","region":"Southwest (Dordogne)","grapes":["Cabernet Franc","Cabernet Sauvignon","Fer","Tannat"],"original_region":"Southwest (Dordogne)","key_appellations":[],"desc":"Madiran is an appellation in the Southwest (Dordogne) region. Main grapes: Cabernet Franc, Cabernet Sauvignon, Fer, Tannat."},"geometry":{"type":"Polygon","coordinates":[[[-0.142815000348329,43.46132649485336],[-0.13219050018566533,43.447956994772795],[-0.09565800022740698,43.438888494658855],[-0.09433999963833163,43.43225499443395],[-0.07993550022191127,43.4396729948451],[-0.09309349941986529,43.44560799432066],[-0.09023900058622031,43.455975994820335],[-0.07085600048779306,43.4672899949097],[-0.06130749939388578,43.462135494359806],[-0.019088999873075423,43.4650524947064],[-0.01781399980628996,43.47214749503349],[-0.026957999776092634,43.47357499485828],[-0.011490999644447022,43.496767495038256],[-0.007603499632572853,43.533313994496694],[-0.011008499413571083,43.54608699473726],[-0.025254000470276112,43.54799749482291],[-0.0016655003456945425,43.56532149445455],[-0.0005654998344251531,43.57515899445848],[-0.015012500418757384,43.605525995059914],[-0.03336249995428623,43.6040189951617],[-0.045181499751971624,43.63015049488095],[-0.040577499954480394,43.64681649489807],[-0.029113499720471652,43.65345249436935],[-0.03174000052489027,43.66120599473489],[-0.08435650023354765,43.67285949475833],[-0.0941599995724742,43.670040495241395],[-0.10074249960981783,43.65940749440385],[-0.11948350044299418,43.662876494877665],[-0.1265540004465227,43.65821949488068],[-0.12195599980754564,43.65674149486601],[-0.12612649955426752,43.646610994943856],[-0.11690200053224287,43.642306995186324],[-0.11627800014955457,43.63471299440844],[-0.12951450020151326,43.617271995142964],[-0.14520199965330136,43.620527995240636],[-0.1582699998626928,43.61007749467528],[-0.18079399982805305,43.61594899464504],[-0.17906349957876017,43.61087049518591],[-0.18850149944325148,43.6065249945458],[-0.17591099942136046,43.597086994394274],[-0.1905569995208963,43.5878324946782],[-0.2042569996803425,43.58378849493931],[-0.21060399957138615,43.59323449480308],[-0.2482180005816257,43.58088549461941],[-0.239680999603085,43.53759149506564],[-0.21302999959326027,43.497399994415225],[-0.19853099969926855,43.50132949464761],[-0.17140350053861733,43.49316099511645],[-0.17949150050070142,43.486938994968035],[-0.1774054996095171,43.47262749510046],[-0.14857000043959342,43.483842995111594],[-0.1433829998400879,43.47670649493242],[-0.1303950001072372,43.475016994252954],[-0.13485599993732347,43.463387994706174],[-0.142815000348329,43.46132649485336]]]}},{"type":"Feature","properties":{"id":"marcillac","name":"Marcillac","region":"Southwest (Dordogne)","grapes":["Cabernet Sauvignon","Fer","Merlot","Prunelard"],"original_region":"Southwest (Dordogne)","key_appellations":[],"desc":"Marcillac is an appellation in the Southwest (Dordogne) region. Main grapes: Cabernet Sauvignon, Fer, Merlot, Prunelard."},"geometry":{"type":"Polygon","coordinates":[[[2.4074549994652403,44.36768449546478],[2.4268159999724683,44.355251495458],[2.4396255000483036,44.36252449493427],[2.443506000047086,44.35312399469677],[2.456155499436902,44.349145494829855],[2.459501500151409,44.355129995487125],[2.464312999518121,44.348641495263045],[2.4609764995629835,44.34149599521954],[2.4799010006301327,44.33804749490521],[2.4812644999002753,44.33237999540917],[2.5202045002203692,44.33317699476071],[2.5269080002045308,44.34851549509174],[2.5233514994084527,44.35683899513862],[2.5397355002074216,44.36082099505391],[2.533372500184433,44.36933949512178],[2.536038499833199,44.3789209949614],[2.5278864994810766,44.38208249501722],[2.5176409997071283,44.3738629948986],[2.5087300002168567,44.374775994702375],[2.5088960003187757,44.36748299530854],[2.4973479994249197,44.367256495412605],[2.4887209993813353,44.37512049504485],[2.4715080002221805,44.3707719952962],[2.475187500050535,44.383420495214835],[2.490645999961154,44.39622349527837],[2.4838840005915084,44.40018899468025],[2.492939000585955,44.40472749499572],[2.511179499379409,44.39691249503005],[2.5461879994590757,44.39410849521702],[2.5473485002928444,44.402387994849356],[2.5623140001601272,44.40911149480997],[2.5654839996709224,44.4174329952138],[2.554440999956236,44.42019749496328],[2.553158999797007,44.42951649518969],[2.566345000341313,44.428635995372396],[2.5687680002485593,44.43790199471366],[2.5785500002287915,44.43297099488677],[2.5803479996579126,44.44259799510862],[2.5885454996176023,44.43709449543505],[2.5974185000500394,44.45991099535507],[2.5920110002206806,44.4679134948078],[2.5546605003419844,44.477166494827785],[2.5550124996046684,44.490304995059155],[2.5465349998411617,44.49090599516912],[2.5430309995041736,44.49854799498132],[2.54578699957102,44.509495995244606],[2.5588470005831168,44.5069069948224],[2.572612500366979,44.51997199512667],[2.559760000355963,44.53129449488183],[2.559897999990691,44.55027949488862],[2.5434144996543173,44.55147999502658],[2.5269594997950597,44.54264249472367],[2.5210670004762172,44.548281995631164],[2.4496495001656284,44.55606699533627],[2.4524360003082863,44.559166995001696],[2.432438000594359,44.575202995117785],[2.431758000241239,44.58317149528673],[2.4536209998954797,44.59116349495213],[2.4615565003940643,44.588178495567256],[2.4638964994027743,44.59353599555979],[2.45610399984306,44.59925599514878],[2.461345499545429,44.60685799523424],[2.4532765004851567,44.60745149497632],[2.4426764996979893,44.62811149480399],[2.4063045002125825,44.61715799485446],[2.3996425001182105,44.63912549492963],[2.4067739999252185,44.64096449554288],[2.404766499984667,44.64717999539029],[2.389066000279897,44.64371749516081],[2.388944999943247,44.64930199545955],[2.3800509997485193,44.65128449484563],[2.3666899993982415,44.641206495177975],[2.349104500515219,44.64094049560506],[2.3329674994939915,44.64872949537629],[2.337880500305692,44.65659849543652],[2.332216000152787,44.664595495284594],[2.3206679998819872,44.657542495313436],[2.3284955002366,44.6454379947909],[2.31966850059664,44.63337549510355],[2.3356145001766264,44.62744149513534],[2.330452500475685,44.61924849543899],[2.3347340003236425,44.60859149517142],[2.369179000180829,44.58590549517325],[2.360167500249718,44.58262449520655],[2.3229545002549425,44.590404995304056],[2.315219499827934,44.578928495330835],[2.349593999452742,44.56957699500399],[2.349340499499014,44.556617994691486],[2.3628740000837625,44.55602249511517],[2.3601544994835666,44.54855799498331],[2.368527500007958,44.543735994799825],[2.361345000291356,44.54077049482485],[2.357064500092457,44.526462995315455],[2.3738450000412508,44.50296949529664],[2.364797000306613,44.50090299550853],[2.3660499998878333,44.495407995434384],[2.351591000372724,44.50625649477981],[2.348071500190587,44.498477995189354],[2.3798684995002364,44.47538599550781],[2.3788820006606874,44.46665449477406],[2.362876000265119,44.45440349492648],[2.3430909998243648,44.45959249491075],[2.3478735001919273,44.45054549469446],[2.3150364995126025,44.4439234950276],[2.324627500376137,44.429897494893076],[2.3364370001469186,44.42764149490114],[2.3297244993662902,44.41927849539365],[2.318168999471962,44.41788249529848],[2.322435999898771,44.41220949481511],[2.3381310005502525,44.420582494989056],[2.362244500034118,44.413870994890644],[2.370967499732634,44.41846399467058],[2.376410499915703,44.40590799505581],[2.401459500467217,44.398019994961906],[2.389578500487408,44.36791899474531],[2.4036235006558058,44.36079799473044],[2.4074549994652403,44.36768449546478]]]}},{"type":"Feature","properties":{"id":"monbazillac","name":"Monbazillac","region":"Southwest (Dordogne)","grapes":["Chenin","Muscadelle","Ondenc","Sauvignon","Sauvignon Gris","Semillon","Ugnilanc"],"original_region":"Southwest (Dordogne)","key_appellations":[],"desc":"Monbazillac is an appellation in the Southwest (Dordogne) region. Main grapes: Chenin, Muscadelle, Ondenc, Sauvignon, Sauvignon Gris, Semillon, Ugnilanc."},"geometry":{"type":"Polygon","coordinates":[[[0.532246999555559,44.7917169952754],[0.49269850038823326,44.81940299499528],[0.47089250007428934,44.81487049544218],[0.4610785004856811,44.83122249561346],[0.4166665000956143,44.84323549537487],[0.4260335002778549,44.83520099541622],[0.4262605000962586,44.814854494819905],[0.3970554994436578,44.81468599497559],[0.3699269995241843,44.79392649513332],[0.39881749984188386,44.77479749540201],[0.4349519996620814,44.767068994803644],[0.48079849967131766,44.77384149479269],[0.5104349995201014,44.767471495042635],[0.537379500328043,44.770774995503665],[0.5283355001862735,44.7853099951638],[0.532246999555559,44.7917169952754]]]}},{"type":"Feature","properties":{"id":"montravel","name":"Montravel","region":"Southwest (Dordogne)","grapes":["Cabernet Franc","Cabernet Sauvignon","Cot","Merlot","Muscadelle","Ondenc","Sauvignon","Sauvignon Gris"],"original_region":"Southwest (Dordogne)","key_appellations":[],"desc":"Montravel is an appellation in the Southwest (Dordogne) region. Main grapes: Cabernet Franc, Cabernet Sauvignon, Cot, Merlot, Muscadelle, Ondenc, Sauvignon, Sauvignon Gris."},"geometry":{"type":"Polygon","coordinates":[[[0.1262120004680593,44.828280995713534],[0.19284200032080157,44.82080349497314],[0.20973449979811215,44.84136649525224],[0.2417560001266253,44.856896495608986],[0.23885949945972382,44.87237199484399],[0.28805249994672166,44.86317349484867],[0.2968099993520236,44.880431495659785],[0.3077000003324367,44.8861564952087],[0.30066200027525514,44.893503995468976],[0.302556500532243,44.9064504955282],[0.2722939997788467,44.92225549543995],[0.26660399961841413,44.94523799509289],[0.2504789995390234,44.944457495701144],[0.22856099947888542,44.93001399545895],[0.20726200016038285,44.93016349546205],[0.18248849939391074,44.93918449525575],[0.16320700022175383,44.92917149539081],[0.1275709997195952,44.93308149538393],[0.1271874994776337,44.926460495495895],[0.11950100059730119,44.925460495428545],[0.06383949991125304,44.93938249568099],[0.022063500324174576,44.92530949535897],[0.03461300030190049,44.9155649952429],[0.014771000199742073,44.88564349560459],[0.0031614998215575714,44.88144899542392],[-0.010517499926825456,44.85789799493031],[-0.03489800029450191,44.854929995596265],[0.004079000386402194,44.84554599524438],[0.022538999845334536,44.84938999491214],[0.047809999439050205,44.824415994979105],[0.05364799985500056,44.831950995693575],[0.046097499364313704,44.835672995406],[0.04770150030007284,44.84345299504728],[0.10753149947946265,44.83219699556968],[0.11125950021044978,44.81894599503836],[0.1262120004680593,44.828280995713534]]]}},{"type":"Feature","properties":{"id":"pacherenc-du-vic-bilh","name":"Pacherenc du Vic-Bilh","region":"Southwest (Dordogne)","grapes":["Arrufiac","Courbu","Gros Manseng","Petit Courbu","Petit Manseng","Sauvignon"],"original_region":"Southwest (Dordogne)","key_appellations":[],"desc":"Pacherenc du Vic-Bilh is an appellation in the Southwest (Dordogne) region. Main grapes: Arrufiac, Courbu, Gros Manseng, Petit Courbu, Petit Manseng, Sauvignon."},"geometry":{"type":"Polygon","coordinates":[[[-0.142815000348329,43.46132649485336],[-0.13219050018566533,43.447956994772795],[-0.09565800022740698,43.438888494658855],[-0.09433999963833163,43.43225499443395],[-0.07993550022191127,43.4396729948451],[-0.09309349941986529,43.44560799432066],[-0.09023900058622031,43.455975994820335],[-0.07085600048779306,43.4672899949097],[-0.06130749939388578,43.462135494359806],[-0.019088999873075423,43.4650524947064],[-0.01781399980628996,43.47214749503349],[-0.026957999776092634,43.47357499485828],[-0.011490999644447022,43.496767495038256],[-0.007603499632572853,43.533313994496694],[-0.011008499413571083,43.54608699473726],[-0.025254000470276112,43.54799749482291],[-0.0016655003456945425,43.56532149445455],[-0.0005654998344251531,43.57515899445848],[-0.015012500418757384,43.605525995059914],[-0.03336249995428623,43.6040189951617],[-0.045181499751971624,43.63015049488095],[-0.040577499954480394,43.64681649489807],[-0.029113499720471652,43.65345249436935],[-0.03174000052489027,43.66120599473489],[-0.08435650023354765,43.67285949475833],[-0.0941599995724742,43.670040495241395],[-0.10074249960981783,43.65940749440385],[-0.11948350044299418,43.662876494877665],[-0.1265540004465227,43.65821949488068],[-0.12195599980754564,43.65674149486601],[-0.12612649955426752,43.646610994943856],[-0.11690200053224287,43.642306995186324],[-0.11627800014955457,43.63471299440844],[-0.12951450020151326,43.617271995142964],[-0.14520199965330136,43.620527995240636],[-0.1582699998626928,43.61007749467528],[-0.18079399982805305,43.61594899464504],[-0.17906349957876017,43.61087049518591],[-0.18850149944325148,43.6065249945458],[-0.17591099942136046,43.597086994394274],[-0.1905569995208963,43.5878324946782],[-0.2042569996803425,43.58378849493931],[-0.21060399957138615,43.59323449480308],[-0.2482180005816257,43.58088549461941],[-0.239680999603085,43.53759149506564],[-0.21302999959326027,43.497399994415225],[-0.19853099969926855,43.50132949464761],[-0.17140350053861733,43.49316099511645],[-0.17949150050070142,43.486938994968035],[-0.1774054996095171,43.47262749510046],[-0.14857000043959342,43.483842995111594],[-0.1433829998400879,43.47670649493242],[-0.1303950001072372,43.475016994252954],[-0.13485599993732347,43.463387994706174],[-0.142815000348329,43.46132649485336]]]}},{"type":"Feature","properties":{"id":"pecharmant","name":"Pécharmant","region":"Southwest (Dordogne)","grapes":["Cabernet Franc","Cabernet Sauvignon","Cot","Merlot"],"original_region":"Southwest (Dordogne)","key_appellations":[],"desc":"Pécharmant is an appellation in the Southwest (Dordogne) region. Main grapes: Cabernet Franc, Cabernet Sauvignon, Cot, Merlot."},"geometry":{"type":"Polygon","coordinates":[[[0.4447315005309602,44.86331599496342],[0.4441924993643739,44.83518149563766],[0.4610785004856811,44.83122249561346],[0.47089250007428934,44.81487049544218],[0.49269850038823326,44.81940299499528],[0.5130454994352691,44.80365449505309],[0.5207285002064148,44.80441099501572],[0.5250359998378458,44.82049599501879],[0.5454830001197727,44.826173995354345],[0.5342404996541189,44.83805499517352],[0.5212299994915071,44.84154949496012],[0.5906005004861065,44.856132995411],[0.5883130000789898,44.86138949519105],[0.6119070001134387,44.86831849536964],[0.6193699995083171,44.877017995404444],[0.5916150004955771,44.87800449518368],[0.5813035006396005,44.8884214951388],[0.5602899996885714,44.884189995227395],[0.5382820000887794,44.90223449550897],[0.5014479998278933,44.90946499556249],[0.49992850004974493,44.90137749544776],[0.4867410003417821,44.89972799552344],[0.48936799936091596,44.894957995399025],[0.4833470001131563,44.89292299541398],[0.44551300053317405,44.90005549492851],[0.4310795005244086,44.88452149539639],[0.4447315005309602,44.86331599496342]]]}},{"type":"Feature","properties":{"id":"rosette","name":"Rosette","region":"Southwest (Dordogne)","grapes":["Muscadelle","Sauvignon","Sauvignon Gris","Semillon"],"original_region":"Southwest (Dordogne)","key_appellations":[],"desc":"Rosette is an appellation in the Southwest (Dordogne) region. Main grapes: Muscadelle, Sauvignon, Sauvignon Gris, Semillon."},"geometry":{"type":"Polygon","coordinates":[[[0.5567635006575399,44.88363849510682],[0.562391499627012,44.88574499534459],[0.5517050001164365,44.8875159953467],[0.554005499648545,44.893139495160625],[0.5382820000887794,44.90223449550897],[0.5014479998278933,44.90946499556249],[0.5107094999736334,44.93134599506934],[0.5332009998432831,44.93142699556139],[0.5480995004847407,44.94124199563682],[0.5452320002408261,44.954385495702745],[0.535405999856922,44.95612449534732],[0.5327659996327756,44.96606849486454],[0.4677405003607444,44.96328849564078],[0.4616910001541988,44.973947495040846],[0.43170200047540064,44.966357995682486],[0.4246035002205167,44.958350495378916],[0.4339570005016191,44.95535349578708],[0.4176335001229819,44.93919999485528],[0.4301250000732752,44.92730549574219],[0.421165999679848,44.922291995186576],[0.4256574995007645,44.91872549524176],[0.4180719994845798,44.90783949517786],[0.4037020006603243,44.90071849493755],[0.38274300049536064,44.90054699520823],[0.36736500062574706,44.88898249492533],[0.38306100038051505,44.883493495488715],[0.3810215002317129,44.84956399515046],[0.40157800012436895,44.851672495334135],[0.4098340004807158,44.8433409952949],[0.4537745003707703,44.834121495002734],[0.47089250007428934,44.81487049544218],[0.49269850038823326,44.81940299499528],[0.5130454994352691,44.80365449505309],[0.5222225003629658,44.80510999525236],[0.5250359998378458,44.82049599501879],[0.5454830001197727,44.826173995354345],[0.5342404996541189,44.83805499517352],[0.5212299994915071,44.84154949496012],[0.5840005001408223,44.85574249561122],[0.5830549995872517,44.86167549538406],[0.5653600006364831,44.8632009949932],[0.5567635006575399,44.88363849510682]]]}},{"type":"Feature","properties":{"id":"saint-mont","name":"Saint-Mont","region":"Southwest (Dordogne)","grapes":["Arrufiac","Cabernet Franc","Cabernet Sauvignon","Courbu","Fer","Gros Manseng","Mansengoir","Merlot"],"original_region":"Southwest (Dordogne)","key_appellations":[],"desc":"Saint-Mont is an appellation in the Southwest (Dordogne) region. Main grapes: Arrufiac, Cabernet Franc, Cabernet Sauvignon, Courbu, Fer, Gros Manseng, Mansengoir, Merlot."},"geometry":{"type":"Polygon","coordinates":[[[-0.21060399957138615,43.59323449480308],[-0.2042569996803425,43.58378849493931],[-0.17591099942136046,43.597086994394274],[-0.18850149944325148,43.6065249945458],[-0.17906349957876017,43.61087049518591],[-0.18079399982805305,43.61594899464504],[-0.1582699998626928,43.61007749467528],[-0.14789399986139756,43.61980049493876],[-0.13381799944604095,43.61519549474057],[-0.1209905003971305,43.62535199430304],[-0.11216400047243352,43.618949994798335],[-0.09160299940034,43.632080494822745],[-0.07944799939465838,43.620785494723556],[-0.07585350015437327,43.60541749509614],[-0.054763499595328204,43.60621799436654],[-0.04466899973665207,43.61316349516571],[-0.039739500487451396,43.60559699476263],[-0.033890500034768255,43.60747099461822],[-0.045181499751971624,43.63015049488095],[-0.040577499954480394,43.64681649489807],[-0.029113499720471652,43.65345249436935],[-0.038149000123253146,43.66439499507485],[-0.018490000021474808,43.663710495139334],[-0.001047999955820038,43.65551849493105],[-0.016314499530980672,43.64340799443959],[-0.008715999734770557,43.63779999522806],[-0.007615999862617729,43.62548649493823],[0.0028344996868451145,43.62119849458604],[0.01615899938699437,43.63079199498246],[0.028571999445314928,43.62077999509713],[0.02354900037342306,43.61919799445128],[0.028200499483908282,43.592006994610266],[0.016415500328729182,43.58915649522488],[0.00727850029533037,43.59630549441554],[-0.007104499583651638,43.59195799513054],[-0.002883999909083311,43.56624299440335],[0.009414000595523244,43.559859494692894],[0.01577699957362329,43.543392994663996],[0.029584500151331974,43.544893994757565],[0.04304499975718119,43.53445349461302],[0.052729499437295574,43.517270494713856],[0.07182250040724562,43.51963199506722],[0.09159449975855134,43.53182349486676],[0.1130039999684739,43.53171849489229],[0.11225549950625655,43.539539494431196],[0.10545800010871556,43.54168649511162],[0.10590650007431013,43.556459495104676],[0.09837849952147038,43.55897399500007],[0.10116150066970077,43.56388049447049],[0.10836199987985938,43.55691449450985],[0.13397299986571415,43.55189399438085],[0.14836449945766722,43.53636099447287],[0.19293299944853168,43.54121899441611],[0.17878449945011038,43.55423799504431],[0.18988699970576467,43.56569499471752],[0.213342999592122,43.569376995098125],[0.2077480000660339,43.578815994936164],[0.21547150034923906,43.58464149485456],[0.21125400021360555,43.58727549482672],[0.22933550061895633,43.59002799452981],[0.23713500020571063,43.61138149485787],[0.2590294997273212,43.60719149509308],[0.26658399941097566,43.61282149487152],[0.24589800002073747,43.63027049500073],[0.24537650027354763,43.64313649490295],[0.23587200040959327,43.643679995047776],[0.23994999964503624,43.65132149488953],[0.230577499513755,43.65695699519348],[0.23322899954609105,43.683793994782164],[0.2049015003926237,43.70045949528576],[0.20431100038972907,43.71161549472553],[0.18422699986228963,43.71460849523463],[0.1747429997852667,43.72082199466141],[0.17796950018131452,43.726291494437184],[0.15265800011328004,43.73057649450263],[0.1414009994559644,43.74053349442364],[0.13226850053757294,43.73482149459254],[0.11013700014103427,43.737219495154534],[0.0941435003929857,43.7512694949295],[0.08265500046594197,43.745211994787994],[0.09203600043103626,43.73957099492517],[0.0872550000950595,43.73470599472653],[0.054876499442882566,43.73865149481971],[0.0387535002735932,43.71220449471792],[0.0240685001691355,43.70533699495704],[0.0045904995646578245,43.71401499467085],[-0.00352350056020651,43.70703949472266],[0.0015695003920643412,43.701470994653945],[-0.0214015004632237,43.69368199507412],[-0.029220500280309772,43.69663149463244],[-0.029296500109284928,43.70653099493467],[-0.06473049939389662,43.69548099484705],[-0.09764799973460206,43.70531249488669],[-0.09803450036855973,43.714935494906676],[-0.10865450013755946,43.709039995224046],[-0.11699149971776249,43.71984099482627],[-0.11279649951521954,43.73114849508794],[-0.12610600036613118,43.72414799461888],[-0.137444500243156,43.73110299517986],[-0.14922550057606437,43.71716349504167],[-0.16559949986581418,43.7218179947197],[-0.17956499957906535,43.71094949481368],[-0.19883400043017332,43.7079424947622],[-0.2021775003522929,43.69837999476289],[-0.1770999996149422,43.69664499452117],[-0.16471749951590708,43.68655899491622],[-0.1580650003607713,43.69148649469691],[-0.14177950056272282,43.68593899450911],[-0.13292450044053747,43.6923469951054],[-0.11982299970079761,43.687725494876275],[-0.12904450024934308,43.67198499501043],[-0.10254750026765178,43.67787299448411],[-0.09435999976465329,43.676474495223275],[-0.0941599995724742,43.670040495241395],[-0.10074249960981783,43.65940749440385],[-0.11948350044299418,43.662876494877665],[-0.12946399978471815,43.65819899451102],[-0.13489949952439073,43.65929749450924],[-0.1320914999923367,43.66340849439633],[-0.1516115006289148,43.664472494984096],[-0.15585449968707402,43.6580924943755],[-0.18503749984359305,43.67156799496897],[-0.20093500000440653,43.67018899446869],[-0.20639950049819356,43.68216549498967],[-0.23832149977827122,43.68437849476272],[-0.242138000193291,43.655059494673125],[-0.2642529997642562,43.651633995059825],[-0.23839700044618883,43.63583199485841],[-0.2546439999753028,43.59707999503483],[-0.2368600005701692,43.582819494607314],[-0.23307599951781846,43.58862899513872],[-0.21060399957138615,43.59323449480308]]]}},{"type":"Feature","properties":{"id":"saint-sardos","name":"Saint-Sardos","region":"Southwest (Dordogne)","grapes":["Cabernet Franc","Merlot","Syrah","Tannat"],"original_region":"Southwest (Dordogne)","key_appellations":[],"desc":"Saint-Sardos is an appellation in the Southwest (Dordogne) region. Main grapes: Cabernet Franc, Merlot, Syrah, Tannat."},"geometry":{"type":"Polygon","coordinates":[[[1.1068985003092582,43.78741399531103],[1.11686150039043,43.7835164948791],[1.1217994994224436,43.76957499482378],[1.1389029994172728,43.76210499464484],[1.1670454999632698,43.76465149495265],[1.1746430005098214,43.77044149476648],[1.1646964997510068,43.786588995058985],[1.173872500541807,43.79357399455162],[1.1828504999039222,43.79213299504488],[1.1753405005066808,43.80438699469624],[1.2021025001017518,43.81874899507563],[1.220513999364543,43.818211495094474],[1.2431769999810767,43.812850494893915],[1.2475624997726835,43.79780899456781],[1.2562420004206107,43.79893049465833],[1.256497499798622,43.80962699485225],[1.264628499494608,43.81228299445398],[1.2528955005794722,43.82239499479963],[1.2798250004913763,43.83898899522356],[1.245262000353655,43.88415849521976],[1.2192004995783656,43.874909495274395],[1.2177959998570012,43.884187994822284],[1.2044145004881341,43.88837749496328],[1.210937000350458,43.900796994589456],[1.2007910004561915,43.91093749508193],[1.1888055003153035,43.90908099534502],[1.1865380000062684,43.92953899506777],[1.180492999633609,43.93152699470689],[1.1900340001402545,43.940533995047055],[1.1752149994481413,43.951526995155575],[1.1769254996500778,43.962793494918536],[1.1633319997837226,43.966433494533575],[1.161504000438096,43.98014249493782],[1.1491159995669358,43.98838849523],[1.160292499465029,43.99412999496478],[1.1570800004734916,43.99886949538172],[1.1328505002712428,43.99429649509917],[1.1113305004686478,44.0005484946644],[1.1161869996653304,43.9890304950897],[1.0458529995611598,43.943918494774856],[1.0273159996192978,43.9621789949969],[1.025886500380183,43.950620994552956],[0.9960704996644923,43.94942099474401],[0.9967344993400757,43.939215495289275],[0.9843759996508117,43.93771299484633],[0.9831055000962469,43.92788799520955],[0.9767844998827023,43.92948149456465],[0.9632484998657287,43.916624494966115],[0.9699140003838201,43.91413699530922],[0.9577729996160647,43.89521899518976],[0.9643349996081347,43.88868449461719],[0.9510850001384822,43.885504494568956],[0.9520144999949884,43.87489749524856],[0.9638069999571802,43.87089299458341],[0.9595759997800555,43.86549049497431],[0.9714520004184867,43.865675494681945],[0.9848020004914596,43.856114495367315],[0.984961499990275,43.84891499472001],[0.9715620001497719,43.8450609948852],[0.9533690001088821,43.85704049526739],[0.9263104997019187,43.82785899502497],[0.9422575004024184,43.813607494777706],[0.9842820000251189,43.82388649453778],[0.9824215002217632,43.81841349482111],[1.0003375002769994,43.79837049474616],[1.0260810001993566,43.79785799526507],[1.0361994994074593,43.8042284947486],[1.0591304999951665,43.798593494619915],[1.0397419996007877,43.778477494613284],[1.0409139997574746,43.77272849459161],[1.0655110004822148,43.76414599473618],[1.1027694997018467,43.776974494505616],[1.1068985003092582,43.78741399531103]]]}},{"type":"Feature","properties":{"id":"saussignac","name":"Saussignac","region":"Southwest (Dordogne)","grapes":["Chenin","Muscadelle","Ondenc","Sauvignon","Sauvignon Gris","Semillon","Ugnilanc"],"original_region":"Southwest (Dordogne)","key_appellations":[],"desc":"Saussignac is an appellation in the Southwest (Dordogne) region. Main grapes: Chenin, Muscadelle, Ondenc, Sauvignon, Sauvignon Gris, Semillon, Ugnilanc."},"geometry":{"type":"Polygon","coordinates":[[[0.3430549997680939,44.82398049487077],[0.2923170002520789,44.831698995457444],[0.2868165002481251,44.82301349547676],[0.26372099962588974,44.82641449549494],[0.27488900021746926,44.800233995615045],[0.271165499529994,44.78576899529054],[0.30595400054261224,44.75771399494322],[0.3180220002743411,44.76657299488865],[0.3263775001568828,44.76072399525317],[0.36789350048737074,44.76805999523938],[0.3577370004725418,44.78597949563921],[0.3636735003188976,44.80142649525937],[0.3742345005249347,44.79539749572934],[0.3947600001654967,44.81307099567839],[0.37077349956297545,44.82126549510164],[0.3594075001327321,44.82093699482236],[0.3605559999563856,44.81312099543679],[0.35025500035778273,44.81487949547974],[0.3430549997680939,44.82398049487077]]]}},{"type":"Feature","properties":{"id":"tursan","name":"Tursan","region":"Southwest (Dordogne)","grapes":["Baroque","Cabernet Franc","Cabernet Sauvignon","Chenin","Claverie","Fer","Gros Manseng","Merlot"],"original_region":"Southwest (Dordogne)","key_appellations":[],"desc":"Tursan is an appellation in the Southwest (Dordogne) region. Main grapes: Baroque, Cabernet Franc, Cabernet Sauvignon, Chenin, Claverie, Fer, Gros Manseng, Merlot."},"geometry":{"type":"Polygon","coordinates":[[[-0.40208950055072035,43.59425299513691],[-0.3945664998090502,43.57588149464616],[-0.4060369996713239,43.56822599493338],[-0.40067699942764107,43.56321749449874],[-0.39444849960915007,43.569264994382124],[-0.375836500007306,43.568546994930415],[-0.33596249963043867,43.55085399445865],[-0.3041754994851478,43.559966494725984],[-0.3011994995332515,43.57130399486259],[-0.2908494994384839,43.5681204950959],[-0.283010499873427,43.58568499438438],[-0.2592290005271083,43.588885494622744],[-0.25344800017697433,43.58824999440029],[-0.2547024998328974,43.58291449446218],[-0.24346200042722546,43.58356999486669],[-0.2547435000595563,43.59928599516179],[-0.23793000022772906,43.63228149433602],[-0.2436420001738363,43.64255899494002],[-0.26180599959360973,43.64795199446091],[-0.2637590005349964,43.63592599452124],[-0.2821159996391298,43.643073494870215],[-0.27359649956701143,43.64686799445863],[-0.2816880003028,43.65181649446279],[-0.3015314995742448,43.647574494729135],[-0.31828900061850546,43.66888399479097],[-0.31611599969405524,43.6937959949344],[-0.3003770002863018,43.69172549487018],[-0.30450199978485276,43.70343299477025],[-0.2855654999655051,43.704909994462696],[-0.27549300015787004,43.73264749511221],[-0.28449699942547924,43.73126899501959],[-0.31349600043891845,43.74942399517482],[-0.32791949992387537,43.74743799501959],[-0.34120700017071903,43.76772999487281],[-0.346785000018426,43.761790494892765],[-0.371573000083535,43.77183949502017],[-0.4097914997139895,43.76464649486535],[-0.4374220006386458,43.77208299519804],[-0.449413499902758,43.78530299512967],[-0.4610910003850469,43.772041494370406],[-0.4916684999848833,43.778623494536255],[-0.5256210003001307,43.77638299441901],[-0.5296949996539507,43.771993994749984],[-0.5156344996064214,43.76636499488715],[-0.5120855000746831,43.75447699505349],[-0.5295459997330599,43.750787495257484],[-0.5291450003894103,43.742334494842495],[-0.5399920005627625,43.732826994643034],[-0.5701640001401265,43.732641994938504],[-0.5727484995335247,43.696548494515845],[-0.5484784993529074,43.69514749452504],[-0.5380820004796261,43.702340494909805],[-0.5384240000695498,43.68112199513281],[-0.5306895003061198,43.67123599441289],[-0.5420860003414872,43.66036449481791],[-0.5361109998948006,43.652185494730745],[-0.5099295001788295,43.64559249507039],[-0.4948029996442992,43.65623349476095],[-0.43789449961246335,43.62468299491631],[-0.47088199962528227,43.601130995146775],[-0.46098000026833963,43.5869619944262],[-0.4492110004740071,43.59630499500558],[-0.4319584998910433,43.59294399511785],[-0.4212765005393464,43.60310949443006],[-0.40208950055072035,43.59425299513691]]]}}]}