{"type": "FeatureCollection", "features": [{"type": "Feature", "properties": {"id": "piemonte", "name": "Piedmont", "region": "Piedmont", "grapes": ["Nebbiolo", "Barbera", "Dolcetto", "Moscato", "Cortese", "Arneis"], "key_appellations": ["Barolo", "Barbaresco", "Barbera d'Asti", "Moscato d'Asti", "Gavi", "Roero"], "desc": "Home of Nebbiolo. Barolo and Barbaresco are Italy's most structured and age-worthy reds. Also famous for Barbera, Dolcetto and sparkling Moscato."}, "geometry": {"type": "Polygon", "coordinates": [[[7.136049220297934, 45.279960702623], [7.17839934213604, 45.395848460971315], [7.114673229556348, 45.4774723649622], [7.207119107198531, 45.47589262281541], [7.343959039173019, 45.52125380154787], [7.505784341144121, 45.58196482854049], [7.660943179669251, 45.560894749369396], [7.788757458395805, 45.57732206332228], [7.90014132546738, 45.5934867393988], [7.911352412022755, 45.67899490884053], [7.8646710014691115, 45.83843800724319], [7.888974547059189, 45.97713574708394], [8.112414312595206, 46.1162353936047], [8.147927663641017, 46.207577281042106], [8.197123208346348, 46.30216852418834], [8.314189677186976, 46.3895743109597], [8.413121923754163, 46.45927731136113], [8.443209968609557, 46.31860173259819], [8.46691170298723, 46.23537565416818], [8.596558647867544, 46.14812083616682], [8.717635802037215, 46.05139054588508], [8.593800866638327, 45.82824560858774], [8.64131167785469, 45.72346533791744], [8.673778229184489, 45.677357316449665], [8.68408306597559, 45.63399325856782], [8.683494408466897, 45.619466885030015], [8.69433469361218, 45.5805630760211], [8.722727079937421, 45.50641046349833], [8.807661611413726, 45.434404762070365], [8.760886587670452, 45.376483900170655], [8.676159547817017, 45.29284634714388], [8.528292401628887, 45.34059204337236], [8.535693416862873, 45.26233883585077], [8.551656398795421, 45.24312454022584], [8.527079825184263, 45.229154098963704], [8.53093576357209, 45.19334391650384], [8.576516864923693, 45.15302019267933], [8.642537960032922, 45.059857077324416], [8.705525092798629, 45.037332155990136], [8.766615884471845, 45.00852569332893], [8.798709607406103, 45.029372007314414], [8.900157040206762, 45.04362077332405], [8.976290077180343, 44.940680379923585], [9.073544468410125, 44.81665110072372], [9.21355045182904, 44.752348232196844], [9.200311516391848, 44.615933785256274], [9.103723584610655, 44.60381766986051], [8.999739035106982, 44.667320009692084], [8.891157634165847, 44.629518880599605], [8.885406473006201, 44.55180371007256], [8.824399983467426, 44.53863914848562], [8.753928043713492, 44.52442229045337], [8.620552957669759, 44.58449965241278], [8.590127189514986, 44.52887634644206], [8.450994085440898, 44.501029947029195], [8.36484939677162, 44.4665145563334], [8.221319735323457, 44.483852759555674], [8.152495347916469, 44.38568310463374], [8.108550325475568, 44.31373531525886], [8.082871672214559, 44.27783875786301], [8.075214018262198, 44.2057178990414], [8.009445810703474, 44.155606635983695], [8.006878125593566, 44.102589295385286], [7.876882777239867, 44.11404821440358], [7.718787952260758, 44.1089677060677], [7.71283794591046, 44.08824746048845], [7.624397408302033, 44.15560918127984], [7.422437940740722, 44.11332605096357], [7.229180862802178, 44.16883756632476], [7.0542634803510404, 44.22989008000037], [6.9596510974294485, 44.30663565687634], [6.90975440278816, 44.458304692853154], [6.934643024059783, 44.597618370648014], [6.959140726584146, 44.67434488085098], [7.0239597217487395, 44.76387091621075], [6.815670873182339, 44.872976926082394], [6.765546136131839, 44.961613378226744], [6.667314939179548, 45.04079081975086], [6.744339336601563, 45.13842340438373], [6.946108039378515, 45.17198239788981], [7.1096328873789005, 45.245496444586784], [7.136049220297934, 45.279960702623]], [[8.704043151476407, 45.01752628866866], [8.706122792174702, 45.01290497705859], [8.705427662316254, 45.02448328104466], [8.705149260090241, 45.019921639786446], [8.704043151476407, 45.01752628866866]]]}}, {"type": "Feature", "properties": {"id": "valle-daosta", "name": "Valle d'Aosta", "region": "Valle d'Aosta", "grapes": ["Petit Rouge", "Fumin", "Pri\u00e9 Blanc", "Nebbiolo", "Pinot Nero"], "key_appellations": ["Valle d'Aosta"], "desc": "Tiny alpine region with distinctive local varieties and high-altitude wines."}, "geometry": {"type": "Polygon", "coordinates": [[[7.734554898771464, 45.92365151889495], [7.779376185785634, 45.928918370625716], [7.806078675158765, 45.919732027171555], [7.860638294384421, 45.91860602262837], [7.875579949528077, 45.86210792888718], [7.866389382914526, 45.84766490854469], [7.873395964071038, 45.82593244611251], [7.882184690831906, 45.76568754604046], [7.9366238081841, 45.724344678522606], [7.904763366703044, 45.68567439742744], [7.917904021179008, 45.66850819479588], [7.923856512783579, 45.656683298575025], [7.929718822013354, 45.6361640954755], [7.896927518856405, 45.60566472396873], [7.90076555588365, 45.59172066874488], [7.89044220994679, 45.59530335719337], [7.847225889889912, 45.60051739249095], [7.8273508262680105, 45.596940310031414], [7.787143510795913, 45.57597035546539], [7.745457012514001, 45.55781511538078], [7.719118843972756, 45.55884823974669], [7.703202078036487, 45.5556191738432], [7.666395273988264, 45.55759500466984], [7.615852576114359, 45.56433113789621], [7.588889006495527, 45.58231823522612], [7.554981151825224, 45.58995013663436], [7.520889767679091, 45.57688537050401], [7.463526444267347, 45.574816424371576], [7.3944801196920675, 45.52731289570275], [7.371146633426876, 45.517003393465195], [7.356800465166258, 45.5246687430879], [7.32790401758699, 45.518301519244154], [7.278958212599864, 45.51344284993268], [7.260378005925359, 45.49840372070793], [7.224689000481144, 45.47185485552486], [7.167306461471246, 45.48419803576646], [7.149324877428571, 45.480370546394525], [7.137222221549752, 45.490052205244986], [7.123527115277836, 45.508375159323656], [7.096101726335356, 45.46992727533965], [7.0446107556993205, 45.47996654317636], [7.05319040551343, 45.494992086491344], [7.027188097849881, 45.49669706457272], [7.003027576419526, 45.51435138452059], [6.992664542544084, 45.538661714938385], [6.991506679752566, 45.57869615854334], [6.985079071523778, 45.61174270173847], [6.971709962722034, 45.649220117215734], [6.925330387915829, 45.64917900309482], [6.89537089073385, 45.677064751362984], [6.810506202566195, 45.728817439041734], [6.8128077328823, 45.74313969103179], [6.802013129993548, 45.77525163749938], [6.8103370473364775, 45.81165766917374], [6.841505612990807, 45.84175538813078], [6.859744219448648, 45.83361095761134], [6.87374984882679, 45.84587050816532], [6.885794538380034, 45.84817325439122], [6.915800200368653, 45.84344134518639], [6.997676903758048, 45.87261007623357], [7.018011934912521, 45.9138364987481], [7.0769219427702845, 45.88979481295753], [7.11694324682819, 45.8592024145316], [7.159388978566933, 45.87872354298259], [7.174596807326906, 45.8633245012654], [7.197672965155234, 45.869613361687676], [7.2448080862379385, 45.891165673581305], [7.252447070350771, 45.88966267666573], [7.291587268110425, 45.92087459525447], [7.344247011321219, 45.91508855854826], [7.383732376647, 45.89683388171191], [7.431670534400423, 45.91841926839052], [7.474708051306639, 45.9361208924008], [7.4794802072942375, 45.95313236581237], [7.546022564137553, 45.96208095113487], [7.550348964815716, 45.98620302160903], [7.581470735692657, 45.97638717449604], [7.610871987837556, 45.9698990964442], [7.643555745325884, 45.971407821079964], [7.681261775774984, 45.95717853641221], [7.709992818012116, 45.947489046450144], [7.730583858357961, 45.92322944485938], [7.734554898771464, 45.92365151889495]]]}}, {"type": "Feature", "properties": {"id": "liguria", "name": "Liguria", "region": "Liguria", "grapes": ["Vermentino", "Pigato", "Rossese", "Albarola"], "key_appellations": ["Cinque Terre", "Riviera Ligure di Ponente", "Rossese di Dolceacqua"], "desc": "Dramatic terraced vineyards on the coast. Fresh Vermentino/Pigato whites and light Rossese reds."}, "geometry": {"type": "MultiPolygon", "coordinates": [[[[7.551656550609636, 43.89429408336484], [7.662281574476403, 44.02354532637352], [7.754014157929956, 44.082534286319095], [7.724227459837234, 44.123901850041335], [7.83979172402105, 44.11974203948515], [7.958000582620725, 44.1036917924429], [7.994894529931632, 44.12665810412104], [8.01795179092368, 44.15574364893403], [8.093111813016565, 44.183700742526405], [8.063096597996067, 44.253074187949935], [8.077117880322167, 44.286850481695744], [8.106525785449698, 44.31164882130273], [8.14829069795437, 44.35595262829208], [8.186505622456746, 44.39530234577971], [8.21619960959133, 44.497303689473895], [8.35036149683198, 44.48405738764231], [8.397874340884837, 44.49106993274468], [8.4746854534496, 44.516664314084124], [8.590127189514986, 44.52887634644206], [8.61051232858656, 44.57078261391575], [8.686499810649163, 44.5785695875201], [8.765694113285827, 44.52704634692956], [8.82320344819689, 44.53808143894286], [8.863394471915083, 44.561160656262864], [8.90241752849551, 44.555565066272976], [8.88451672667191, 44.63323426935204], [8.993437879526342, 44.66298320372263], [9.026012936561157, 44.64958875702086], [9.105886615003836, 44.589312344042625], [9.203118749006123, 44.61167769936492], [9.281667808189134, 44.59648976091103], [9.332026512761036, 44.58581377056351], [9.399419392629557, 44.58824920291919], [9.442873085244234, 44.567873811824114], [9.504607670858661, 44.52995999519449], [9.469076688394184, 44.47918020461708], [9.482040241713968, 44.416737785173545], [9.621097280630902, 44.42250163363473], [9.74259855396851, 44.326998778698936], [9.835971586449805, 44.27823756980529], [9.861565911026194, 44.22942212933078], [9.908182416442875, 44.207980350163524], [9.906175762551609, 44.16698687140158], [9.977281823315728, 44.14008018686704], [10.037371142287192, 44.117591531692476], [10.001272949349906, 44.050723903646215], [9.905460710092349, 44.08191361324241], [9.816661560022657, 44.09854907794568], [9.81943061176473, 44.059406725270534], [9.72604501631201, 44.111801463985216], [9.605963036496775, 44.15860131611904], [9.568170860388877, 44.188045643068186], [9.492049221145807, 44.23693230718809], [9.437444767187682, 44.24695878455645], [9.38629251039502, 44.27001990174248], [9.345072502705658, 44.30554594592751], [9.317049082343111, 44.31204626817172], [9.229343469614587, 44.34723461347117], [9.19707195719292, 44.30566421259182], [9.133073376540974, 44.36097155396201], [8.98247080107293, 44.391720609394895], [8.864364592302838, 44.40657218744563], [8.778933060290292, 44.42511319207239], [8.713811914856368, 44.41569807362536], [8.636744945131671, 44.38168667061767], [8.566216053279685, 44.35215993935298], [8.485200800101564, 44.307838699796186], [8.441367092377519, 44.276122353111916], [8.423910078838784, 44.23022824690716], [8.38817989225946, 44.18102959303185], [8.264145488944209, 44.13361155990808], [8.226478427789006, 44.0787168732154], [8.178814946452572, 44.01128347316878], [8.173968892679929, 43.95520785834166], [8.094251447937395, 43.91682163763922], [8.014407790174948, 43.87193111379672], [7.914813259198864, 43.839641959433195], [7.814390723673374, 43.82217866198766], [7.773858064987173, 43.81351931674196], [7.674064328390977, 43.7766120271902], [7.515989598979263, 43.81168801560082], [7.5151704235662935, 43.88383184949022], [7.551656550609636, 43.89429408336484]]], [[[8.226837031673039, 44.02670032466071], [8.228634348535133, 44.02582451622976], [8.22946657960604, 44.02539571953244], [8.229243511119396, 44.02515675097012], [8.226403532289531, 44.024292365257395], [8.22479226625874, 44.0246372673701], [8.224070041774864, 44.025977052888564], [8.224083656467291, 44.02612907658348], [8.224656891550646, 44.026835451498194], [8.225287512919754, 44.02711176906356], [8.226837031673039, 44.02670032466071]]], [[[8.444766471949826, 44.2335683738476], [8.444509312512558, 44.233535364198666], [8.444380628450995, 44.23357075087984], [8.443896480944781, 44.23375829889658], [8.443816329768394, 44.23379190089219], [8.443766001404391, 44.233846616334816], [8.444059490915864, 44.234928649838686], [8.444186860920976, 44.23519936161266], [8.444288604471147, 44.235207589393795], [8.44441012021355, 44.235215495505585], [8.444601474978366, 44.23521938445116], [8.444741287181866, 44.23516604537246], [8.444900418553582, 44.235092073005895], [8.445969549604545, 44.23455079781535], [8.44604057538619, 44.23448812127969], [8.446025617712351, 44.23438852907958], [8.44599210508628, 44.23427768031135], [8.445943523189893, 44.23412027439651], [8.44581921491987, 44.233948210446854], [8.445584927621704, 44.23383769101143], [8.445089506188703, 44.23365632221215], [8.444884599678726, 44.23358467100985], [8.444766471949826, 44.2335683738476]]], [[[8.93067338763045, 44.392230945002765], [8.930716377535333, 44.39131365675135], [8.930043635881539, 44.39193244207618], [8.92689104782567, 44.393021249652726], [8.917038458751481, 44.39618197847732], [8.91664815853155, 44.39629873090615], [8.914842375885206, 44.396653550229104], [8.914621567502154, 44.39669542885419], [8.912865824221305, 44.39699137545185], [8.911433613981819, 44.39723010888361], [8.909475129478226, 44.39754742045584], [8.906284372740911, 44.39810508016289], [8.904756149234869, 44.39837860738359], [8.898083589119434, 44.39960103030459], [8.87941851389428, 44.40302021895364], [8.87812266190648, 44.40330233503528], [8.876878135826939, 44.40365447645214], [8.877035112240907, 44.40408909435829], [8.877196854632313, 44.40406017108887], [8.87708169330123, 44.40373371388097], [8.877136595775934, 44.403723519580396], [8.877787609977483, 44.403603110468296], [8.899177698067627, 44.399707554618665], [8.915526099324836, 44.39673382255373], [8.91915016802331, 44.395854924389596], [8.93067338763045, 44.392230945002765]]], [[[8.871542440414244, 44.402770307346096], [8.8803499233086, 44.399821819118884], [8.87583434503832, 44.4011219260661], [8.863647488260103, 44.404345958927905], [8.845768127315127, 44.40784412307452], [8.819413049317196, 44.41299597849544], [8.816919875030836, 44.41349435444591], [8.81711837382772, 44.41393960338817], [8.817276497843697, 44.41388723747173], [8.817146255804971, 44.41359087926203], [8.826573798902812, 44.411723697380765], [8.849681139448418, 44.40721797330928], [8.858687642244638, 44.405459936842604], [8.869816440984952, 44.40328572213448], [8.871542440414244, 44.402770307346096]]], [[[8.800456989631412, 44.416454709308255], [8.79511940110051, 44.41197627791834], [8.794975644138107, 44.4119965464842], [8.789331296657135, 44.412839469106245], [8.769734986880108, 44.41578972795132], [8.769844686570556, 44.416151517005225], [8.770075708609754, 44.416115174125956], [8.773739694428286, 44.41535518508012], [8.788425492667637, 44.41314459866419], [8.790072844108492, 44.41289662868442], [8.795040025930561, 44.41215585593792], [8.795149206877307, 44.41223874663517], [8.795775286205924, 44.41275338524612], [8.79666050770423, 44.41349940881697], [8.798605637376111, 44.41512615310319], [8.803087124023765, 44.418860404408576], [8.804500485547857, 44.41992765722243], [8.805483254411751, 44.420660113897064], [8.805587896311911, 44.420735284832844], [8.805652946695991, 44.42077941943528], [8.805708352833657, 44.42081498399496], [8.805949079213251, 44.420954396207634], [8.806030708610773, 44.42099954907073], [8.806205279439203, 44.42108771223162], [8.806266480993626, 44.42111797557468], [8.80640219293992, 44.42118104461581], [8.806467923316761, 44.42120978504324], [8.806644442633063, 44.42127886570636], [8.806714704465572, 44.42130491190922], [8.806886475314451, 44.421366151689305], [8.807095293075683, 44.42143132410524], [8.808578228357687, 44.421876984720456], [8.810201406815963, 44.422315198656136], [8.810280921436778, 44.422332981724225], [8.81037562716162, 44.42232061963855], [8.810496218165145, 44.422205764371505], [8.810501049104047, 44.422149144518606], [8.810481298862417, 44.42207988080525], [8.810445770418532, 44.42203435750407], [8.810360621676303, 44.42198830257724], [8.810275039813359, 44.42196007159209], [8.809876347991828, 44.42187307231475], [8.809418265524535, 44.42177804916471], [8.808664182437763, 44.42161825023404], [8.808405869471747, 44.42155245660567], [8.808097225893988, 44.42151232687116], [8.807417538562996, 44.42138397365999], [8.807271310147257, 44.421347805680384], [8.806808098440595, 44.42121072102699], [8.806701688181752, 44.42117588005547], [8.806280740619858, 44.42098430845058], [8.806184410676929, 44.420940391220526], [8.80611242536054, 44.42090389846689], [8.80601563606532, 44.42084701622068], [8.805851825186373, 44.42073429329499], [8.80575509776139, 44.42065850586152], [8.803224294794768, 44.418663840389286], [8.800456989631412, 44.416454709308255]]], [[[9.43265785784426, 44.25206831942596], [9.432709627617939, 44.252019096034566], [9.43273959449283, 44.251877957897065], [9.432736788801744, 44.25183185282558], [9.432716865128262, 44.251807095936314], [9.432570330084383, 44.25167905867847], [9.432520944340828, 44.2516748107486], [9.432351905862353, 44.251671047233614], [9.432136259694492, 44.251685239121834], [9.432121503538589, 44.25170944486949], [9.432110834873889, 44.25178193230652], [9.432115040270412, 44.251846313802524], [9.432245795829317, 44.25198821130732], [9.432296604596726, 44.252043221573196], [9.432408280406651, 44.2520658315415], [9.43265785784426, 44.25206831942596]]], [[[9.781060795220203, 44.07128850818155], [9.781233806788258, 44.07122962805559], [9.781314094959761, 44.07118145479059], [9.781346210319604, 44.07110651890016], [9.781349191129, 44.07105032919759], [9.781313452732253, 44.07101038617377], [9.781179852011501, 44.07090076630359], [9.781107914573852, 44.070873360322864], [9.781025697451778, 44.07084938102789], [9.780747975404447, 44.07084683971351], [9.780631748403305, 44.07084595570363], [9.780590641051889, 44.070887063253274], [9.780730664587034, 44.071074402919066], [9.780923357559931, 44.07127780094585], [9.780982235771704, 44.07133132685165], [9.781060795220203, 44.07128850818155]]], [[[9.773870356630953, 44.07761723320299], [9.77403031690882, 44.07755312605647], [9.77403911473202, 44.07751580334693], [9.773913833008724, 44.07732868264507], [9.773856552219797, 44.07728788028419], [9.773765137185876, 44.07728786021437], [9.773657255256015, 44.07731706574744], [9.773486661427334, 44.07740375186554], [9.773512574380161, 44.077475603298915], [9.77364372074616, 44.07759625974019], [9.77369876509297, 44.0776273978398], [9.77377693247198, 44.077635871808425], [9.773870356630953, 44.07761723320299]]], [[[9.8513853286962, 44.023704703239204], [9.851404535880574, 44.02352111688378], [9.851402361526613, 44.02336920098651], [9.851327791805748, 44.02328084861269], [9.851231983271134, 44.023234294428484], [9.851037348754968, 44.023257127551865], [9.850870849022526, 44.02328425253637], [9.850486834547842, 44.023370392673684], [9.850408505451798, 44.02345538205085], [9.850404005628436, 44.02368612681622], [9.850980019746505, 44.02437397169892], [9.851222366712834, 44.0245240984417], [9.851337323195805, 44.02449172988451], [9.85149406001496, 44.024218210634345], [9.851491063850162, 44.024008903976345], [9.8514733580894, 44.02386160646292], [9.8513853286962, 44.023704703239204]]], [[[9.848370690112352, 44.028997066919956], [9.85140092333536, 44.02820595429953], [9.85355068420719, 44.027541965953205], [9.853674423492416, 44.02742193326538], [9.85374479553844, 44.02726418411767], [9.853828198064575, 44.026894655166714], [9.853841405320711, 44.02673811013495], [9.853852002538762, 44.02619713714267], [9.853742332144265, 44.02581262958565], [9.853522450605519, 44.02557451010624], [9.852773391801822, 44.025245901483814], [9.849264826331414, 44.025668174081666], [9.84895641934238, 44.025803867324875], [9.848659787302868, 44.02608233334756], [9.848408025075498, 44.02636555774396], [9.8483130441858, 44.02652805920176], [9.848184527168629, 44.026776758113726], [9.847979565088487, 44.027221361830165], [9.847761121671862, 44.02775402419813], [9.847415611108083, 44.028950557457016], [9.847503363713317, 44.02902104534215], [9.847636708852663, 44.02911057839493], [9.847768830830807, 44.029114362709656], [9.847927296214966, 44.02911318674937], [9.84811203703712, 44.029102287194945], [9.84833421052944, 44.02906486350863], [9.848370690112352, 44.028997066919956]]], [[[9.853497921762857, 44.0492118818264], [9.851920369886994, 44.04538306400763], [9.850427669984274, 44.04107325380034], [9.84734858572209, 44.03400599782669], [9.837071806760164, 44.04198957581219], [9.836911231048767, 44.04212967299576], [9.836188885781848, 44.04292675968364], [9.835682314798785, 44.04356341560616], [9.833464732440143, 44.04635604787518], [9.833183991575249, 44.046809387539085], [9.833139695782982, 44.04698865228612], [9.833243077768131, 44.0471285747017], [9.833353393378522, 44.047206549858956], [9.833532814898355, 44.0473166571802], [9.833752107314353, 44.04737695455136], [9.837863124762434, 44.04845644796594], [9.848617610544753, 44.05001576763659], [9.85457730383499, 44.05122233839208], [9.853497921762857, 44.0492118818264]]], [[[9.858319206635478, 44.05133753072432], [9.858201596386223, 44.05133753100942], [9.858070918510485, 44.05135059870803], [9.857914104757642, 44.05145514072206], [9.857887969300045, 44.05158581865083], [9.858031714518836, 44.051768768528405], [9.85821466422279, 44.05193864971392], [9.858541359106047, 44.05183410749434], [9.858789648282945, 44.05159888696677], [9.858567495467094, 44.05141593757188], [9.858319206635478, 44.05133753072432]]]]}}, {"type": "Feature", "properties": {"id": "lombardia", "name": "Lombardy", "region": "Lombardy", "grapes": ["Chardonnay", "Pinot Nero", "Pinot Bianco", "Nebbiolo", "Croatina", "Barbera"], "key_appellations": ["Franciacorta", "Valtellina Superiore", "Oltrep\u00f2 Pavese", "Lugana"], "desc": "Home of Franciacorta, Italy's top traditional-method sparkling wine, plus alpine Nebbiolo from Valtellina."}, "geometry": {"type": "MultiPolygon", "coordinates": [[[[8.579637946501759, 45.75171979405267], [8.728882343841155, 46.0234452983743], [8.781003241549412, 46.094820447526885], [8.796148994309947, 45.991994176328625], [8.9348490148346, 45.873271235807294], [9.028137192007723, 45.8210562721901], [9.044012082045759, 45.92625786234544], [9.07251660572754, 46.062746184989614], [9.193975099719433, 46.19259723271889], [9.284340824233773, 46.386057487496146], [9.359057871226929, 46.50870958826891], [9.462013805405613, 46.47933464912931], [9.631944630725226, 46.28646831474569], [9.795409498762238, 46.34324485521615], [9.994041180942782, 46.34142505439877], [10.148542197435996, 46.23534901049049], [10.156127246149262, 46.385453428182345], [10.049664338209727, 46.47339459813376], [10.120775175653831, 46.6059621665527], [10.311291089090233, 46.546866557488485], [10.472978151262671, 46.5005985401758], [10.550691434601273, 46.36704979165172], [10.569058344915016, 46.29159443821131], [10.554923263985888, 46.15253955483623], [10.465051343369222, 46.017305161887634], [10.50746477785615, 45.924837131297565], [10.502255037651224, 45.83065324674546], [10.6560655540197, 45.83232392349103], [10.788646117726522, 45.834356608948426], [10.712251169965288, 45.68377484953492], [10.719367473221007, 45.40596234110618], [10.711115144301733, 45.32145338656767], [10.81605426731691, 45.2919935668034], [10.998797238900599, 45.164701382322335], [11.028439430270105, 45.12682653952922], [11.17669846574292, 45.09207644411148], [11.256959319765668, 45.05390759586699], [11.305389732936879, 45.013300236894246], [11.37671594078724, 44.958082816666305], [11.085945272505848, 44.96002294273063], [10.897724300766892, 44.921610933862276], [10.741630391583737, 44.975790776034565], [10.688665445171162, 44.967134003200016], [10.56855839904701, 44.90831389533843], [10.419511611389014, 44.97276031088364], [10.314580644857418, 44.98502574873148], [10.17488932546361, 45.0348863855288], [10.034170971007983, 45.065028211095864], [9.974213147578276, 45.13357233850794], [9.923824976586058, 45.13502632337011], [9.892521888699621, 45.07762837588488], [9.831275472235635, 45.05776465517169], [9.753101098271213, 45.086599442326815], [9.637157280032355, 45.08266928521909], [9.613826838124147, 45.11717350486426], [9.543679614588136, 45.083859210414786], [9.436962978020565, 45.08354191551815], [9.336276195421647, 44.977302854273454], [9.291491204698362, 44.88673103579079], [9.288199705843043, 44.757441591114656], [9.248146093091208, 44.70087522899396], [9.17138729298069, 44.78043275301171], [9.06758094455576, 44.86009448585956], [8.90141866504706, 45.01264167618826], [8.794377893607793, 45.03409027222671], [8.767214032367658, 45.00732479573971], [8.702981203069442, 45.0349760866463], [8.64598777227679, 45.07533272511907], [8.546436277886546, 45.17097452371164], [8.536593455988125, 45.21497072209407], [8.530529206006712, 45.23739572680536], [8.539634091460412, 45.25661918046543], [8.523150736530516, 45.31286166307911], [8.663591009604234, 45.294331210964295], [8.769052963114312, 45.38760826389452], [8.799969016837379, 45.45582237793277], [8.70910611066759, 45.54390198950143], [8.702009215409934, 45.601695175822876], [8.663668819149345, 45.642836833698475], [8.680623634877795, 45.668181693412414], [8.651790358328148, 45.715991164662235], [8.579637946501759, 45.75171979405267]], [[9.28967513089433, 44.70121856093497], [9.289862481514588, 44.700821989035525], [9.29092801459523, 44.700910474921045], [9.290967892737887, 44.700916817247666], [9.29196454266895, 44.70110029120152], [9.292202785532385, 44.701144344602824], [9.301732854621815, 44.703086813884546], [9.299682436941374, 44.704516551657676], [9.292822491005134, 44.705890595317435], [9.292695521896059, 44.70586661613264], [9.29128744022433, 44.70558061099538], [9.290944462672492, 44.70515833230624], [9.28967513089433, 44.70121856093497]], [[9.299185166521463, 44.69246177355832], [9.299790804674467, 44.6924331934602], [9.300676236329352, 44.69250151584473], [9.301165199532221, 44.692613677701765], [9.303001161887842, 44.693037121180886], [9.303616141907922, 44.693347862611176], [9.303646040501611, 44.69336694925632], [9.304121622132385, 44.69369804113134], [9.304607409488845, 44.69426340770324], [9.30471549801829, 44.6952930327301], [9.304673656540722, 44.69564907524836], [9.304654628400675, 44.6957871806235], [9.304205377751444, 44.696550902670616], [9.29893950360583, 44.69372277424686], [9.298670688116461, 44.693114195285496], [9.298632741497796, 44.69302137432482], [9.298858008651502, 44.69265168168592], [9.299185166521463, 44.69246177355832]]], [[[8.973819829240323, 45.983546067081555], [8.977254454622276, 45.98152172031534], [8.977516716712, 45.97151793167252], [8.977827691315145, 45.96855687698032], [8.976475093084858, 45.96327341316466], [8.976088243181369, 45.96248129829098], [8.97518523353511, 45.9615900882314], [8.970269087745796, 45.9615528972152], [8.957879033220154, 45.96473512964322], [8.958085130419331, 45.965248223715534], [8.959798460385993, 45.96916397661297], [8.964077034623031, 45.97879124752256], [8.96540458526682, 45.9815277605832], [8.96684903772868, 45.98403027136242], [8.967274600941161, 45.9841743891269], [8.9693533158064, 45.984003965623955], [8.973819829240323, 45.983546067081555]]], [[[8.705427662316254, 45.02448328104466], [8.706122792174702, 45.01290497705859], [8.704043151476407, 45.01752628866866], [8.705149260090241, 45.019921639786446], [8.705427662316254, 45.02448328104466]]]]}}, {"type": "Feature", "properties": {"id": "trentino-alto-adige", "name": "Trentino-Alto Adige", "region": "Trentino-Alto Adige", "grapes": ["Pinot Grigio", "Gew\u00fcrztraminer", "Schiava", "Lagrein", "Chardonnay", "Pinot Nero", "M\u00fcller-Thurgau"], "key_appellations": ["Alto Adige / S\u00fcdtirol", "Trentino", "Teroldego Rotaliano"], "desc": "Alpine precision. Crisp whites, elegant Pinot Nero and distinctive Lagrein and Schiava from high-altitude vineyards."}, "geometry": {"type": "Polygon", "coordinates": [[[12.013961766477081, 46.55091280233782], [11.95006122326128, 46.5395682354825], [11.89709283070651, 46.52654110408066], [11.878648405627091, 46.47028933445902], [11.832958040148606, 46.376677158693305], [11.782871739460854, 46.36431777981637], [11.880166808678696, 46.27827911564484], [11.885687766482391, 46.25916598768469], [11.923765500295326, 46.24195303873548], [11.961842437438325, 46.187452425311655], [11.896237046369135, 46.12429243623572], [11.779688950951623, 46.10276480775026], [11.683787431421305, 46.09213631361332], [11.681282949146762, 46.0284173812913], [11.677688122854414, 45.966685364156426], [11.584398164607073, 45.98250310134827], [11.465333087837257, 45.99454010507941], [11.367222352819862, 45.94215401246308], [11.34897426772859, 45.91557320060753], [11.29962660583196, 45.92904450227431], [11.253447078874757, 45.89297969558243], [11.244044410284403, 45.875636350909886], [11.192394842202576, 45.81729663230618], [11.190071426880648, 45.78161507158095], [11.17613263278956, 45.74741738503661], [11.138512570862703, 45.69684979981406], [11.020975418981333, 45.70566865023538], [10.972202424509877, 45.70181773530085], [10.918314809326708, 45.69458837350132], [10.844459051934425, 45.724163412006654], [10.873127081390123, 45.791194629814036], [10.824120894362157, 45.837547121698485], [10.756350437366498, 45.83002690384183], [10.692077220481943, 45.83740061859559], [10.545423851039647, 45.784659203671126], [10.501976606708276, 45.83204585479643], [10.490046515424535, 45.88504954502938], [10.485708404266962, 45.94347849159305], [10.457093812650697, 46.00804787690666], [10.485107906004348, 46.03741384529271], [10.545924229298686, 46.14182127711531], [10.557932239257765, 46.211464254363335], [10.572727014502775, 46.30685504907923], [10.537700784813651, 46.35412549757539], [10.618511318506133, 46.39315912236112], [10.47612158666748, 46.49552622960549], [10.472520285151832, 46.54374041058565], [10.490598516756936, 46.61502150022181], [10.39997673020593, 46.638462779756985], [10.41504953404148, 46.708346848556374], [10.432420997637223, 46.782163606710334], [10.52705158849271, 46.846670338904936], [10.655996351764992, 46.8690364423144], [10.763585943763985, 46.8220586298408], [10.786356704501149, 46.79637638665711], [10.850598627084556, 46.775034750690125], [10.918019797393239, 46.77477475270886], [11.013530367718564, 46.772037325696616], [11.07213673284362, 46.84036294678344], [11.163158588230006, 46.9511167679559], [11.248579272172632, 46.97377478345426], [11.405841459484094, 46.96519484399686], [11.47953224474655, 47.01094572055148], [11.556699700550075, 46.99072822187693], [11.638602993833706, 47.002021529037584], [11.804816907842953, 46.99113222938809], [11.972751271491756, 47.0462081948529], [12.059520089494965, 47.05868923931237], [12.164410312394086, 47.08299722491812], [12.21101771361371, 47.03607040910304], [12.130157685359713, 46.993511008569854], [12.159971122810173, 46.908350129990616], [12.235680357447867, 46.884044035800876], [12.295593900944656, 46.845937355109875], [12.326118950646945, 46.78147296379983], [12.473560655341858, 46.68687922224738], [12.378179593224898, 46.638540741517126], [12.301279726738292, 46.6188089079111], [12.191960172186885, 46.59528748785544], [12.111412994072925, 46.65274281978995], [12.046623601159906, 46.608081503349936], [12.013961766477081, 46.55091280233782]]]}}, {"type": "Feature", "properties": {"id": "veneto", "name": "Veneto", "region": "Veneto", "grapes": ["Glera", "Corvina", "Rondinella", "Molinara", "Garganega", "Trebbiano"], "key_appellations": ["Prosecco", "Valpolicella", "Amarone della Valpolicella", "Soave", "Bardolino"], "desc": "Italy's volume leader and home of Prosecco, rich Amarone and crisp Soave. Extremely diverse styles from sparkling to powerful dried-grape reds."}, "geometry": {"type": "Polygon", "coordinates": [[[10.635380190883806, 45.53543097969879], [10.839551660813354, 45.83105018914025], [10.868714827141279, 45.7652911912492], [10.922876887907126, 45.69653222398537], [10.974956924588383, 45.69610534626811], [11.108643086905026, 45.69495985940835], [11.174534788525305, 45.73296050565551], [11.200196831035123, 45.78199197105329], [11.218899950190817, 45.844930067377696], [11.254538325247696, 45.891384039818554], [11.321523911349855, 45.91929947404737], [11.36022846790854, 45.93762274912028], [11.45594589131872, 45.98668757350374], [11.600317541348334, 45.97134678623553], [11.669174392977638, 46.017710373689575], [11.683355914916742, 46.09160251807898], [11.816871408518942, 46.106576249476234], [11.949476611760963, 46.17034289013161], [11.923765500295326, 46.24195303873548], [11.885637299126042, 46.26294019429536], [11.814842424900831, 46.3302184362948], [11.832326379905126, 46.38759197604767], [11.815143178185707, 46.47727932061878], [11.945823797350299, 46.5299757198454], [12.02236779139612, 46.55941851897103], [12.074730572368313, 46.67457671604278], [12.191922747840225, 46.59538476741807], [12.317767301561663, 46.62958443824892], [12.468578627550608, 46.67691581996019], [12.589021538248758, 46.65577665980651], [12.727440129639804, 46.630375657615254], [12.666765895039411, 46.58172409624781], [12.638282089577633, 46.47335319068733], [12.492994921243803, 46.42491992796618], [12.399176129982038, 46.328609603277904], [12.401681084928581, 46.228996929654734], [12.495391875808597, 46.15049709449308], [12.424052347088315, 46.06820512271743], [12.41558412913619, 46.02066657981392], [12.499631756494109, 45.92546183740657], [12.534577436403504, 45.862751074535275], [12.566847358285079, 45.83088185739872], [12.646202175662191, 45.82057099711852], [12.690707788777596, 45.80364022566547], [12.774229327477187, 45.852625576691715], [12.876023448063115, 45.846379489445766], [12.955662802976294, 45.84633276558494], [12.97981110275364, 45.81847198949888], [12.986868953117332, 45.798227665029046], [13.01058861332424, 45.743557050154614], [13.015864054716305, 45.72527442006908], [13.046133865499076, 45.69380730922728], [13.062487122953245, 45.679172574259866], [13.069075328255467, 45.656945363455236], [13.064973341013967, 45.631116010447066], [12.772141228800853, 45.5478001849018], [12.448232973523071, 45.43534217389338], [12.32001628570985, 45.32044426046036], [12.334213325468728, 45.162137283588095], [12.468470467521907, 45.00189001485432], [12.423543902877816, 44.81301417349406], [12.295149556692657, 44.85930282606768], [12.234853772776225, 44.93053789006773], [12.159154922355693, 44.936515743686506], [12.013162580044632, 44.977111473279805], [11.839874117283767, 44.97285667818475], [11.748533794932142, 44.958470974576926], [11.727845263316354, 44.926208622184625], [11.588836476418756, 44.89801298142681], [11.545437601030054, 44.93131091031091], [11.423971378045795, 44.937105924654524], [11.395838818956221, 44.971284728443656], [11.271278343773321, 45.02712680853345], [11.249772754960762, 45.04617548584877], [11.178122327381836, 45.08774645381614], [11.096051964221603, 45.10779994525805], [11.031820708671065, 45.15407263077888], [10.95022523206307, 45.20616413997671], [10.816315773265066, 45.293393632710554], [10.707064028581213, 45.31604811966821], [10.710866656510207, 45.36880177279137], [10.646764498444973, 45.4410436729331], [10.635380190883806, 45.53543097969879]]]}}, {"type": "Feature", "properties": {"id": "friuli", "name": "Friuli-Venezia Giulia", "region": "Friuli-Venezia Giulia", "grapes": ["Friulano", "Sauvignon", "Pinot Grigio", "Ribolla Gialla", "Refosco", "Schioppettino"], "key_appellations": ["Collio", "Colli Orientali del Friuli", "Ramandolo", "Rosazzo"], "desc": "Italy's white-wine powerhouse. Precise, mineral whites from Collio and Colli Orientali, plus characterful local reds."}, "geometry": {"type": "MultiPolygon", "coordinates": [[[[13.516912363621897, 46.38301199592809], [13.444242827403897, 46.342219270453704], [13.385639321505964, 46.28853745836789], [13.446795871118539, 46.213629130644435], [13.53339186960432, 46.21324992418834], [13.609066434853867, 46.18596389334131], [13.652060562067536, 46.14837123508259], [13.575693036101548, 46.092136329052906], [13.508426640270358, 46.03755063069214], [13.52770206399803, 45.9671468396433], [13.601167020010676, 45.9876055626236], [13.599902666044587, 45.89535083968626], [13.580055038818923, 45.856416586533406], [13.678727627092238, 45.79376178121198], [13.769228241118672, 45.75018255793275], [13.825111004649072, 45.71544998598939], [13.856208849301302, 45.667852263906404], [13.861591357773504, 45.59564228036759], [13.740462178526416, 45.59700775720553], [13.797292492751675, 45.606525181527026], [13.766270834682, 45.6345429128848], [13.760325053167742, 45.66338934555645], [13.713458608363876, 45.706816395093576], [13.634683465170687, 45.7642070194456], [13.541150073430934, 45.80091821720627], [13.544630283906814, 45.795801780393354], [13.527958610630275, 45.771855255464345], [13.553475422061943, 45.726070499783944], [13.459158028268606, 45.69318887793366], [13.354423770458217, 45.6794115793006], [13.220509777268786, 45.71309437602438], [13.15085524530421, 45.69192535782093], [13.083726359533575, 45.65534782267197], [13.071496130675609, 45.65807415030276], [13.061839409907464, 45.66197904909011], [13.05157182342576, 45.679560841457835], [13.05294633905981, 45.69547132821491], [13.030161680677315, 45.72526383616156], [13.016265164770227, 45.72699302404301], [13.009113290308335, 45.732372055469995], [13.002451032170725, 45.74751093009741], [12.991644034528804, 45.79904179791688], [12.984009865014807, 45.8140363544916], [12.98464313763462, 45.818720817256306], [12.972880791129644, 45.82510495484438], [12.950953671874133, 45.83113327955134], [12.905263717377052, 45.828361989632775], [12.824552600628094, 45.83583582436505], [12.7805495699528, 45.854297446140286], [12.734322829547887, 45.83504366680359], [12.675455581843007, 45.79271914825835], [12.64972909194013, 45.80187548360866], [12.596799682862363, 45.82218773470802], [12.568793380656226, 45.82705854846909], [12.561002549957589, 45.825733097757286], [12.535497411278088, 45.869271430048414], [12.507791598792664, 45.91938425273346], [12.466874615422428, 45.93200348874681], [12.417967969117221, 46.01188293975987], [12.400329518502547, 46.0419707494121], [12.425572103832675, 46.07121964245403], [12.492974246329448, 46.12287884838356], [12.442388749979141, 46.19773448302821], [12.408319589429098, 46.21949858655905], [12.34305270318174, 46.24055797056703], [12.399246474026512, 46.328622577509094], [12.46494133585492, 46.388539272128725], [12.504578172910229, 46.44001435818874], [12.60750867931211, 46.46523804303547], [12.653172673430197, 46.48481152535316], [12.666765895039411, 46.58172409624781], [12.705355053807354, 46.61630049718164], [12.756477964465878, 46.647217503554955], [12.84703597246256, 46.60580367438865], [13.044537065148946, 46.595762726778844], [13.232346690163556, 46.55870103237647], [13.37625614442578, 46.578671744093604], [13.512434536717652, 46.5509673123737], [13.583479277621096, 46.54126904048967], [13.705475130562721, 46.502460804482375], [13.607095499355932, 46.439544583084235], [13.516912363621897, 46.38301199592809]]], [[[13.758194577931146, 45.663135674451325], [13.758227817182364, 45.66310137701753], [13.762026338419213, 45.65656679947024], [13.761966772136265, 45.65621814534481], [13.759589765678772, 45.66029931404324], [13.757138483520789, 45.663870791152995], [13.757100109472733, 45.663905257558895], [13.757062703817613, 45.66393963852772], [13.75703344085555, 45.663968161669565], [13.757004473157735, 45.663998499805906], [13.756975069403184, 45.664030809480515], [13.75695396061969, 45.66407039731989], [13.756947250961815, 45.664112948855994], [13.756973284735839, 45.664143475978236], [13.757016415535901, 45.66414885921435], [13.757071015749947, 45.664151427841816], [13.757123796805441, 45.66415298317309], [13.758194577931146, 45.663135674451325]]]]}}, {"type": "Feature", "properties": {"id": "emilia-romagna", "name": "Emilia-Romagna", "region": "Emilia-Romagna", "grapes": ["Lambrusco", "Sangiovese", "Albana", "Pignoletto", "Trebbiano"], "key_appellations": ["Lambrusco", "Sangiovese di Romagna", "Albana di Romagna", "Pignoletto"], "desc": "Famous for Lambrusco (now often dry and serious) and solid Sangiovese from Romagna."}, "geometry": {"type": "MultiPolygon", "coordinates": [[[[9.332580785900287, 44.73504034629492], [9.321235266141917, 44.879737606670574], [9.309812115236367, 44.9354196946882], [9.371192329238532, 45.01484043847381], [9.495993038139424, 45.10371800952115], [9.539081836908863, 45.112173365752625], [9.615096284998165, 45.126160417134564], [9.6322797423952, 45.0862700769512], [9.744564530275172, 45.075052185424795], [9.81518866220441, 45.07628156048648], [9.856637598838834, 45.09511448770756], [9.892823297330473, 45.10280920834397], [9.917557163922133, 45.111357463846765], [9.992727088452183, 45.12975822961339], [10.03797888458796, 45.06417450359872], [10.168750162183379, 45.04319253672361], [10.27393413651919, 44.99852118914661], [10.387151341245339, 44.9810811419179], [10.46400282366987, 44.93717896473519], [10.618163804317359, 44.92393769578107], [10.696467620964317, 44.96244563613146], [10.746076025434128, 44.95858866279779], [10.897729853513601, 44.921860304929545], [11.030297216665364, 44.95136618828422], [11.279612640739302, 44.9492078638271], [11.44509761117718, 44.93170388016285], [11.565099473269816, 44.91890964381711], [11.650109806556715, 44.90327107740077], [11.74266367993112, 44.94157080679885], [11.8240087092743, 44.975936415314685], [11.988402539546446, 44.98338882567839], [12.159876617973726, 44.9376570018291], [12.274488950945127, 44.9434718450525], [12.34309214854105, 44.84682648028285], [12.341609079689285, 44.78800695372543], [12.266309665955797, 44.80435114629029], [12.282599295760917, 44.5854868262941], [12.332733764430973, 44.33895484865275], [12.420986375742899, 44.18691715895934], [12.637577793072337, 44.02125063687828], [12.727118104351284, 43.911704980832106], [12.64431789512356, 43.82688287081956], [12.591258560771449, 43.86963621101119], [12.489681926290205, 43.88250813767376], [12.480803815004446, 43.98100282724339], [12.424490676526, 43.90266195843902], [12.388218153654451, 43.817162447301534], [12.254798544169423, 43.7534345060737], [12.171172100512242, 43.751660639887184], [11.98283663572055, 43.76384409075914], [11.853764223966907, 43.81473367839288], [11.708727070352204, 43.888176403072926], [11.654930709912193, 43.974695401530376], [11.745004769762977, 44.12596942267987], [11.583894283507158, 44.1162460264938], [11.552637978055426, 44.16464412801159], [11.454871706464983, 44.2130508397172], [11.326581351848128, 44.19601875045612], [11.215160183991756, 44.15040848862387], [11.202419324702387, 44.100737719843366], [11.032199004581118, 44.0960075340399], [10.994975111745195, 44.13134462874194], [10.899463292415739, 44.067227906168426], [10.803349447796709, 44.11907306058764], [10.689221596550206, 44.15719050147381], [10.568806880190474, 44.136548676249255], [10.401304871450973, 44.251270868118326], [10.226263478474664, 44.29996744533574], [10.099247895313765, 44.34612192475095], [10.002461206484629, 44.42285197346043], [9.834738592605682, 44.46876440707891], [9.757382021269311, 44.407157743133574], [9.671593776007434, 44.37044978231425], [9.492842222485015, 44.42331618030364], [9.478423520871102, 44.48068331019453], [9.477898199134014, 44.563965055523], [9.402623781460782, 44.5907856636151], [9.303916431408398, 44.60579123312821], [9.25649026855708, 44.610990313821624], [9.20031989688178, 44.68640483125319], [9.325736618796995, 44.69209211594851], [9.332580785900287, 44.73504034629492]], [[12.176541372322829, 43.81054074810401], [12.175856180742228, 43.81028971048909], [12.174986500805366, 43.80986383209756], [12.171146002013764, 43.80794022052428], [12.171099494246498, 43.80790186927084], [12.171070700006867, 43.80787800918396], [12.170914930092684, 43.807748615992345], [12.170699879717075, 43.807502499876584], [12.170534115450016, 43.80726677380753], [12.170460103775895, 43.80715933272803], [12.170300171140553, 43.80692262777257], [12.170233280068905, 43.80680750893598], [12.17005240955426, 43.80642659600031], [12.169935276204036, 43.80597518881044], [12.169796215681092, 43.805344327473165], [12.169755043524868, 43.80462521762354], [12.170106831178495, 43.80363860726407], [12.176359903147704, 43.788289985069625], [12.177269736236944, 43.78802528250956], [12.177386448934762, 43.78799132539143], [12.177846088349682, 43.78775345379211], [12.178340210761284, 43.78743359212225], [12.183273711328505, 43.78251546883164], [12.184189013282856, 43.78149959585096], [12.18452447296133, 43.78079699505124], [12.184575991820806, 43.78036340479387], [12.18467710490757, 43.77674130586581], [12.187734075964636, 43.773738964808715], [12.197457516293426, 43.77073010433396], [12.199347774966586, 43.77037554544793], [12.200319657043321, 43.774455630843434], [12.2124353079389, 43.78170633741799], [12.21899267740936, 43.78393054843453], [12.230736752271941, 43.78668649617537], [12.2341157791758, 43.78723912388218], [12.235806841382315, 43.78718910816912], [12.236254130147017, 43.78713616158758], [12.237261474514547, 43.78700378702336], [12.237350044451459, 43.78699082828357], [12.23805992738857, 43.78688058201376], [12.238234866665932, 43.78685339676522], [12.239521818373746, 43.786518210992476], [12.240246053105087, 43.79060016548385], [12.237090121107762, 43.80123825600127], [12.234864658823852, 43.80441512764296], [12.233380174024601, 43.806100143093914], [12.232508599118264, 43.807056758114264], [12.231215489381452, 43.80788789073829], [12.229992130725044, 43.808601119103606], [12.229788211866474, 43.808681164538335], [12.227123841744598, 43.8094022059991], [12.225063407155766, 43.80988265091088], [12.224520078207462, 43.80989349618755], [12.224258787733152, 43.80985927727829], [12.222486893096933, 43.8073422156738], [12.220522646139433, 43.80471360248035], [12.218693124451779, 43.80324497712869], [12.21854788569097, 43.803139482733314], [12.218301285812684, 43.80296323517112], [12.218027808886943, 43.80278975595545], [12.217770565013783, 43.80277453531711], [12.217442020530493, 43.8027574718842], [12.217275232847904, 43.80275132137163], [12.214975342778443, 43.80310368561017], [12.21366205483294, 43.80351494313718], [12.212307616413737, 43.803998547095084], [12.211052852122611, 43.80444690478435], [12.210739212250534, 43.80459639986634], [12.207653008675877, 43.80526966868372], [12.201396991041657, 43.805930122432486], [12.200011732909083, 43.80606236484581], [12.198221721967975, 43.806151916348824], [12.193982414427346, 43.80572701792665], [12.191488702295027, 43.805348772887456], [12.188948872688151, 43.80465465250645], [12.183544240556246, 43.807370154691455], [12.17860743894152, 43.81091539979212], [12.177470797433957, 43.8116357807642], [12.177235282112209, 43.811678347960445], [12.177179895495046, 43.81165963204035], [12.176366380322746, 43.811301880866424], [12.176355210333936, 43.81111312941539], [12.176541372322829, 43.81054074810401]]], [[[9.299185166521463, 44.69246177355832], [9.298858008651502, 44.69265168168592], [9.298632741497796, 44.69302137432482], [9.298670688116461, 44.693114195285496], [9.29893950360583, 44.69372277424686], [9.304205377751444, 44.696550902670616], [9.304654628400675, 44.6957871806235], [9.304673656540722, 44.69564907524836], [9.30471549801829, 44.6952930327301], [9.304607409488845, 44.69426340770324], [9.304121622132385, 44.69369804113134], [9.303646040501611, 44.69336694925632], [9.303616141907922, 44.693347862611176], [9.303001161887842, 44.693037121180886], [9.301165199532221, 44.692613677701765], [9.300676236329352, 44.69250151584473], [9.299790804674467, 44.6924331934602], [9.299185166521463, 44.69246177355832]]], [[[9.28967513089433, 44.70121856093497], [9.290944462672492, 44.70515833230624], [9.29128744022433, 44.70558061099538], [9.292695521896059, 44.70586661613264], [9.292822491005134, 44.705890595317435], [9.299682436941374, 44.704516551657676], [9.301732854621815, 44.703086813884546], [9.292202785532385, 44.701144344602824], [9.29196454266895, 44.70110029120152], [9.290967892737887, 44.700916817247666], [9.29092801459523, 44.700910474921045], [9.289862481514588, 44.700821989035525], [9.28967513089433, 44.70121856093497]]], [[[10.480693083417579, 44.189470197046305], [10.480626685271854, 44.18945755673169], [10.480414941123719, 44.18949631303732], [10.48031915599843, 44.18966860929748], [10.480322085194361, 44.189785614590946], [10.480425982379813, 44.189937320993316], [10.48064449026983, 44.19016856516327], [10.481289270586148, 44.190448174855185], [10.481555465164421, 44.19050787188688], [10.481801599739537, 44.19040564637489], [10.481860979450715, 44.19027883322428], [10.481847240777329, 44.19014443825293], [10.481827849781096, 44.18995515436767], [10.481782380596002, 44.18990934849735], [10.481686649821155, 44.18981293268562], [10.48139533762093, 44.18967266690132], [10.481080265093958, 44.18956875967382], [10.480802706560366, 44.18949128634353], [10.480693083417579, 44.189470197046305]]]]}}, {"type": "Feature", "properties": {"id": "marche", "name": "Marche", "region": "Marche", "grapes": ["Verdicchio", "Montepulciano", "Sangiovese", "Pecorino"], "key_appellations": ["Verdicchio dei Castelli di Jesi", "Verdicchio di Matelica", "Conero", "Offida"], "desc": "Verdicchio produces some of Italy's finest white wines \u2014 mineral, age-worthy and still under-appreciated."}, "geometry": {"type": "Polygon", "coordinates": [[[12.500817117835423, 43.519625159925], [12.399327142442411, 43.509531853983255], [12.346135713906511, 43.52108058096415], [12.354414221572725, 43.564450784767544], [12.351941870949233, 43.614204463743995], [12.30713692622588, 43.5904816039124], [12.264673238597995, 43.59004457375268], [12.213832684495852, 43.61088614381951], [12.249157641248729, 43.6684478508926], [12.295589819201872, 43.68666526751915], [12.30156663451402, 43.71728501178212], [12.330545678834987, 43.673827755118516], [12.329359156241994, 43.701965922062044], [12.371320155287941, 43.70902204197614], [12.32707417098214, 43.75100981677612], [12.282757933305646, 43.78943518829817], [12.388930845361623, 43.818001084571804], [12.432304960722783, 43.87485562901165], [12.48741759338634, 43.88551006034321], [12.51852889739612, 43.880257438106426], [12.581410157017524, 43.884055648446115], [12.606571321172485, 43.845009727067875], [12.631867548587342, 43.82198138760366], [12.698793598354133, 43.85446287696552], [12.72570090396968, 43.88483784054552], [12.732765676771407, 43.93076232430606], [12.807838513843409, 43.9610832684863], [12.981221820408354, 43.86904447874306], [13.119183028974351, 43.78319176052665], [13.231968102316644, 43.711347402225954], [13.354455416986596, 43.64837337876127], [13.410535934870985, 43.625132516094375], [13.490152572534502, 43.61112902900492], [13.503733325035089, 43.63123012458141], [13.56939385124209, 43.57526692499404], [13.613459306510496, 43.556750725534535], [13.625131527432034, 43.499535129100714], [13.696149991722427, 43.36738074951855], [13.760028223181955, 43.262842410628416], [13.80002751631468, 43.18066490394245], [13.842772305332943, 43.10340865984453], [13.868071779313107, 43.00391578804775], [13.908846994639607, 42.89476804011879], [13.82205667368215, 42.87967393720771], [13.810911905483303, 42.872103228188635], [13.70655933536523, 42.845359968210936], [13.676999102465922, 42.815326399572946], [13.62836025162561, 42.814995992911825], [13.569771231747477, 42.801629164229055], [13.508781525066178, 42.779162198433475], [13.438106211986304, 42.7078590579325], [13.399439735933424, 42.69005280343806], [13.309875982754685, 42.72776582042469], [13.263577372820611, 42.738721036599884], [13.187587049034088, 42.7349828785314], [13.196142801852991, 42.75721687073988], [13.21246390843323, 42.766705023273786], [13.251343764297886, 42.78965597966099], [13.251853587021746, 42.83249324106316], [13.191276754525905, 42.83582780628204], [13.063824145744094, 42.91118277523085], [12.976154918743942, 42.869803443045086], [12.9763678259219, 42.92645951127425], [12.942375750888258, 42.94187221771868], [12.89913183848517, 42.974319963991896], [12.888180710942432, 43.009104741620675], [12.893054840287755, 43.046307953031636], [12.883382953041348, 43.11718219956164], [12.87213183941638, 43.12404980953321], [12.843759866007534, 43.1504762947089], [12.863482703581942, 43.20972301352627], [12.832086732274565, 43.23169299776318], [12.789009792508422, 43.28404440068886], [12.794062671633876, 43.33413129154674], [12.771659644319705, 43.35507502070451], [12.749064733462147, 43.39294891469739], [12.765381335448808, 43.43309337906985], [12.74990345654259, 43.46245707106638], [12.70614319393863, 43.42523021198056], [12.622167118844477, 43.42448661524925], [12.522121559767516, 43.50124853177734], [12.500817117835423, 43.519625159925]], [[12.40780556538273, 43.602136242994085], [12.414638642497517, 43.59912483755396], [12.424592918986166, 43.59252419301494], [12.431233298771078, 43.591367834464585], [12.431997827531324, 43.5915157116056], [12.432519982726879, 43.591738906126], [12.433183705229437, 43.59228997806495], [12.433429471581348, 43.592700523846666], [12.434150315665047, 43.59755121790162], [12.434247115063435, 43.599985448084944], [12.431285403264145, 43.603454168299486], [12.430628737427103, 43.60640433555553], [12.42345085131759, 43.61014941859352], [12.417647145053477, 43.60856876543463], [12.41506051502399, 43.60566909221093], [12.414655181770955, 43.60493092965765], [12.413224308154868, 43.603948463808045], [12.411912648225877, 43.60347079331108], [12.408735435187312, 43.602352802353394], [12.40780556538273, 43.602136242994085]]]}}, {"type": "Feature", "properties": {"id": "toscana", "name": "Tuscany", "region": "Tuscany", "grapes": ["Sangiovese", "Cabernet Sauvignon", "Merlot", "Canaiolo", "Colorino", "Trebbiano", "Vernaccia"], "key_appellations": ["Chianti Classico", "Brunello di Montalcino", "Vino Nobile di Montepulciano", "Bolgheri", "Vernaccia di San Gimignano"], "desc": "Sangiovese heartland. Chianti Classico, Brunello and the Super Tuscans define Italian red wine for many drinkers worldwide."}, "geometry": {"type": "MultiPolygon", "coordinates": [[[[9.89785886995794, 44.16359257925189], [9.871594769055122, 44.189736969578355], [9.860201722135127, 44.24207267503869], [9.753288317155993, 44.32259446004148], [9.732676601891743, 44.379430328780124], [9.816961505992465, 44.45321026337757], [9.972904411527995, 44.450601891798726], [10.063562521854188, 44.36657395114247], [10.168522641896853, 44.32939101281535], [10.258808871024268, 44.26972966295415], [10.441476090655339, 44.22723090034819], [10.59253419459671, 44.11561214284044], [10.713791466402888, 44.156230154857646], [10.819149806281972, 44.11245072682146], [10.899395095196757, 44.06561132088381], [10.994466159831628, 44.132459331227], [11.032199004581118, 44.0960075340399], [11.172878560149233, 44.10720191508583], [11.198588134311033, 44.151699036598636], [11.308681534178914, 44.17258161937841], [11.387494861488484, 44.20630177768708], [11.539369322229227, 44.153517771113336], [11.611719651742227, 44.14172129621875], [11.716265312482374, 44.12208146569127], [11.656937986292748, 44.01641857095257], [11.692544892082994, 43.95363859897698], [11.733017278439805, 43.86302783774738], [11.912367535209237, 43.80249524797629], [12.06149840004145, 43.75276772056651], [12.22816915047074, 43.75959430651573], [12.286622987245757, 43.7627512019485], [12.331786526937563, 43.70808931664167], [12.303544432326733, 43.726272637499505], [12.25100519538516, 43.67371573032276], [12.15853536488045, 43.54679266876037], [12.10110712381392, 43.49799342154675], [12.060503150544202, 43.43840984874804], [12.077693935411123, 43.40023070947861], [12.103626453759578, 43.372098652270395], [12.177041170594853, 43.281781891521824], [12.150922435219671, 43.256292656328036], [12.043466713065785, 43.25077808884043], [11.928023806496858, 43.152051079682664], [11.943131101466038, 43.053388412862596], [11.980821982646829, 43.05636931546026], [11.956082814629976, 42.982861933770145], [11.939379327017432, 42.90299770904793], [11.822105530966184, 42.82599208238357], [11.750059093414183, 42.790826887496756], [11.814334664296041, 42.745504462903206], [11.80945599667187, 42.65438386855021], [11.734422268007163, 42.60631087776345], [11.662611690218156, 42.57697553141791], [11.605181650507038, 42.567867365026494], [11.599270559062314, 42.494557756056565], [11.619131711215621, 42.43954849433289], [11.481433972389745, 42.42268344070563], [11.282964433034447, 42.40679376504131], [11.211859704127368, 42.4018554436669], [11.142809007136588, 42.37644852488161], [11.147690349503524, 42.43534232311311], [11.184812153422731, 42.46552428145396], [11.153057157937104, 42.56361127654095], [11.08514997368898, 42.616980549734485], [10.962117091509143, 42.730522437955905], [10.762870904752988, 42.7877061753342], [10.786572203414071, 42.888696443602406], [10.599022987729636, 42.954159788637966], [10.509194304566746, 42.9328847537283], [10.504841277815508, 42.990218443206075], [10.512007409603049, 43.01334723843413], [10.534090780381911, 43.20216815442916], [10.466635622063501, 43.31591210369013], [10.44044170754411, 43.371363254821], [10.347934712473457, 43.46463443865051], [10.312264793894515, 43.570612564345936], [10.287606716661577, 43.61882302404698], [10.273894004817656, 43.753388110669604], [10.11203753200892, 43.99877945192516], [10.038810057648597, 44.117065272841124], [9.974691178387813, 44.1659703235409], [9.89785886995794, 44.16359257925189]], [[10.480693083417579, 44.189470197046305], [10.480802706560366, 44.18949128634353], [10.481080265093958, 44.18956875967382], [10.48139533762093, 44.18967266690132], [10.481686649821155, 44.18981293268562], [10.481782380596002, 44.18990934849735], [10.481827849781096, 44.18995515436767], [10.481847240777329, 44.19014443825293], [10.481860979450715, 44.19027883322428], [10.481801599739537, 44.19040564637489], [10.481555465164421, 44.19050787188688], [10.481289270586148, 44.190448174855185], [10.48064449026983, 44.19016856516327], [10.480425982379813, 44.189937320993316], [10.480322085194361, 44.189785614590946], [10.48031915599843, 44.18966860929748], [10.480414941123719, 44.18949631303732], [10.480626685271854, 44.18945755673169], [10.480693083417579, 44.189470197046305]]], [[[10.106779274964863, 42.58451660101687], [10.10686403273102, 42.584374044813686], [10.1070459421277, 42.58402667289438], [10.107063580515023, 42.583770998199164], [10.107089885974133, 42.583370018081155], [10.107087885420459, 42.58325069335364], [10.107052756974584, 42.58315056538546], [10.106950911487653, 42.58308541500781], [10.106774080591144, 42.58307811780565], [10.106536846840102, 42.583100671952785], [10.105724329625838, 42.5833942167518], [10.105614233474492, 42.583474633046634], [10.10548021384804, 42.58362926831652], [10.105336723523916, 42.58380343159321], [10.105311495697274, 42.58392750112935], [10.105385868123667, 42.58434328910662], [10.106019320371828, 42.58450152601745], [10.106284384957453, 42.5845233945003], [10.106461645844087, 42.58453327740721], [10.106779274964863, 42.58451660101687]]], [[[10.079652079118201, 42.61935464916133], [10.082845086590797, 42.61873220559206], [10.088787790417923, 42.615845904467314], [10.089149562172441, 42.615569285484035], [10.089566506751746, 42.61485699376356], [10.088907117476756, 42.614647040753624], [10.087747943921586, 42.613932868640276], [10.08607678229152, 42.61216672505883], [10.085262813517929, 42.61128457833063], [10.086891206838866, 42.60143711071009], [10.09373322843409, 42.593273786502905], [10.098257105619258, 42.58852962769469], [10.100305276799604, 42.57678927397281], [10.099933369206738, 42.5746945534659], [10.093269225942183, 42.57090846813478], [10.087566551311749, 42.56819579416144], [10.079202361421155, 42.57123320389951], [10.067556878850205, 42.572670978300806], [10.057011534505506, 42.57372124716989], [10.0521341804565, 42.5738691983245], [10.051961561092371, 42.573929319995344], [10.049929296506056, 42.57503500340983], [10.049583092477057, 42.57523442618737], [10.04870559078924, 42.575847589484155], [10.04853235046646, 42.57597349689017], [10.047222123330302, 42.577409136949065], [10.04693017774809, 42.57783291541808], [10.045607230008025, 42.58121669633885], [10.045574288476613, 42.581433130102866], [10.04554405623865, 42.581811638512896], [10.045536967176, 42.581937781005074], [10.045537593387268, 42.58306572024224], [10.045999770445324, 42.58556279022371], [10.046188417833871, 42.58577704490459], [10.053533843041373, 42.588994763968074], [10.057553640121531, 42.58903607342344], [10.059886655633685, 42.587364596398544], [10.059992298832732, 42.58730283205947], [10.060386858674306, 42.58721302779845], [10.060715335793045, 42.5871790681256], [10.063699010778556, 42.586872232121756], [10.065977128764004, 42.58722389502401], [10.07124656214065, 42.58940450585539], [10.0730756643001, 42.590526587113736], [10.074027925987254, 42.59133041299419], [10.075064269146461, 42.59259272282472], [10.07807875056065, 42.59671368791959], [10.081451436182656, 42.6014123825907], [10.08150110640741, 42.60148812254212], [10.081670704689245, 42.601779200080685], [10.082867402723709, 42.60411926980508], [10.082614969543187, 42.607736426044255], [10.079146056414617, 42.617589797198484], [10.078902173209086, 42.61758969077206], [10.078751854001462, 42.61763922938684], [10.078693797222408, 42.617666904420794], [10.07863876609972, 42.617693482877314], [10.07857045515822, 42.61779768907612], [10.0784727524506, 42.61796520994596], [10.078544988959823, 42.6180883553912], [10.079326626919624, 42.61926532526124], [10.079352393312211, 42.619300993948755], [10.079484065501532, 42.619340425950426], [10.079652079118201, 42.61935464916133]]], [[[10.080288600410892, 42.6219667961078], [10.08025273724169, 42.6218320519249], [10.080199637030043, 42.62175825774088], [10.08015001918795, 42.621733324539626], [10.080088313181491, 42.62170279937264], [10.079977775408944, 42.621681449217895], [10.07987554408211, 42.62168944089321], [10.079726145143423, 42.62170158734462], [10.079467735316497, 42.62174264296037], [10.079407359959145, 42.62177698268631], [10.079408526590539, 42.621844512433846], [10.079442947829895, 42.62189597001664], [10.079767678945226, 42.62234093224823], [10.079823554859262, 42.62239894074661], [10.079927666042865, 42.62241568765492], [10.080147499353755, 42.6224454172553], [10.080185995127733, 42.622379764026626], [10.080288600410892, 42.6219667961078]]], [[[10.26537231849995, 42.74474394753268], [10.250072152023558, 42.74655546214906], [10.24468867663529, 42.75014866140089], [10.241036089260694, 42.749733541170336], [10.238284935581198, 42.74841028680568], [10.236231796833607, 42.74669896031458], [10.235398869165442, 42.74490239085283], [10.239418426577735, 42.734316050528875], [10.239811237493035, 42.727206637978504], [10.222161282801485, 42.72875841260861], [10.20653536980677, 42.73445990227579], [10.152231240741251, 42.72997125715224], [10.11957893011544, 42.745499330216525], [10.103747360234152, 42.7679654588813], [10.12502520437738, 42.80349108710958], [10.168717353279678, 42.807510999947695], [10.178933060281862, 42.8092261241447], [10.206042195235616, 42.807096900594786], [10.240848571813244, 42.787480919908475], [10.241861514677668, 42.78738889167213], [10.245394785514947, 42.788602234686444], [10.248769655464407, 42.790900069367254], [10.249205222308415, 42.793558599157755], [10.24797867039554, 42.79443421981593], [10.24735499797318, 42.79427892321379], [10.247483282663405, 42.798746341006684], [10.260236452212288, 42.79878002765535], [10.268834684140586, 42.81321712294435], [10.272092438601241, 42.81405771069816], [10.272503203021499, 42.81436542514104], [10.275267220598744, 42.81866359664704], [10.269943562083565, 42.824215909240344], [10.268462455011505, 42.82477263670142], [10.266391872083258, 42.82430226214169], [10.263726627093659, 42.82440621388052], [10.262402460993728, 42.82970441643554], [10.269642713330192, 42.825532868919964], [10.304017055075457, 42.81901435866228], [10.314084042362488, 42.80972600489199], [10.323821504866729, 42.80206760484403], [10.340783643499586, 42.79656816845199], [10.345133225773946, 42.79654001275089], [10.358195371168557, 42.799861860291124], [10.361700261551603, 42.804262003657634], [10.361598669682614, 42.80453543098421], [10.359380981897747, 42.812830697861024], [10.388356189504476, 42.84245416016215], [10.404032126515407, 42.867042588966974], [10.41185872329179, 42.87315891011325], [10.420863762339314, 42.86526352742232], [10.420747252532879, 42.860717438018675], [10.42958380868135, 42.85695138453932], [10.432504188888458, 42.82708114574922], [10.434281118344677, 42.802862358474755], [10.434516410610534, 42.77652828668381], [10.431529986467533, 42.774773640164554], [10.398828269883788, 42.7637682928649], [10.38605535248563, 42.760306913324676], [10.386502063494067, 42.758528624299466], [10.390336853587982, 42.758019974888896], [10.394797564534727, 42.75802037360538], [10.406313094300607, 42.74914000837032], [10.40617990876654, 42.748357725393426], [10.406400486818447, 42.74760129778485], [10.411015070720183, 42.74379158741699], [10.414842809686156, 42.74323243369411], [10.434660267647795, 42.72158134244072], [10.430629531745852, 42.71199842015914], [10.41903555658103, 42.708518559376486], [10.410132387510311, 42.716435590785906], [10.398171621451635, 42.71213365823893], [10.37168793385072, 42.73236003788232], [10.35744356814842, 42.755284344030144], [10.357150351192159, 42.75946334974794], [10.354371908550348, 42.760666922823525], [10.342748292417898, 42.764135741475776], [10.32351358168769, 42.76222995808697], [10.31969376362545, 42.76119117303882], [10.317924870258551, 42.75932270506325], [10.323500586751882, 42.74873720632854], [10.325643923893072, 42.74403941716964], [10.319510996942642, 42.7360191805242], [10.318049512567434, 42.73639750645782], [10.316998382445126, 42.73777743163074], [10.31273710361211, 42.75714900531203], [10.311855322438051, 42.75836130638088], [10.309835960883992, 42.75923541644191], [10.305311761575155, 42.75969681764596], [10.29939100105164, 42.75926887159531], [10.291494370402283, 42.75358136064449], [10.289068026238635, 42.7472082381609], [10.289002590749917, 42.74567132837675], [10.289837229746214, 42.74464686433016], [10.289953755983271, 42.73884140054197], [10.287153123291121, 42.73570290869076], [10.266364387597676, 42.7421619821585], [10.26537231849995, 42.74474394753268]]], [[[10.413087108095846, 42.709600687826715], [10.413014714010833, 42.70959967467362], [10.41295282903867, 42.70960615662077], [10.412873115398238, 42.709624295260326], [10.412806321034346, 42.70964227446115], [10.41275270652527, 42.70967152779443], [10.412733461732605, 42.70973466740276], [10.412721968781293, 42.709797712279915], [10.4127190908964, 42.709898772220996], [10.412774996565796, 42.70997051597697], [10.412922552300888, 42.710094499925496], [10.412987886766338, 42.710126097673495], [10.413068205086018, 42.71013463787188], [10.413104338186095, 42.71013228558472], [10.413145422630597, 42.71012034185218], [10.413149811888529, 42.710085977402294], [10.413160225574423, 42.70967647673135], [10.413144516129496, 42.70962475938727], [10.413087108095846, 42.709600687826715]]], [[[10.361103727792727, 42.71320593066737], [10.3609686475683, 42.71317151472221], [10.360895592827651, 42.71318138823202], [10.360946788090327, 42.713288842972], [10.36097218904848, 42.713333567784126], [10.361009403929975, 42.7133601415157], [10.361120658861907, 42.713421855696495], [10.361229282601547, 42.71347341240691], [10.361268735504913, 42.71349213741635], [10.361329187096935, 42.71346440371625], [10.361351833109298, 42.71338308649109], [10.361289215657452, 42.71331178905553], [10.361103727792727, 42.71320593066737]]], [[[10.361025154167946, 42.713522048573736], [10.360926544998161, 42.71349662501367], [10.360636841474, 42.71363472602359], [10.360700638807607, 42.71376004180678], [10.360973410137328, 42.71396208787002], [10.361060196734245, 42.71400791660362], [10.361146051494838, 42.714024906855535], [10.361279165675358, 42.71396929260373], [10.361339420892634, 42.71393255499822], [10.36128802882014, 42.71381609745212], [10.361025154167946, 42.713522048573736]]], [[[10.406130017770431, 42.71326595533446], [10.406033530104573, 42.7132508566145], [10.406063301313123, 42.71335882150646], [10.406113080532792, 42.7135290421565], [10.406403066401488, 42.713561033285956], [10.406480347185418, 42.713569557764565], [10.406449830644037, 42.71329977560583], [10.406397180825833, 42.71330042221284], [10.406194503390358, 42.71327607976741], [10.406130017770431, 42.71326595533446]]], [[[10.37329145807536, 42.71616401507883], [10.373180981776644, 42.716138324766746], [10.373132542436094, 42.71615691624747], [10.373199345496907, 42.716417267029236], [10.373261450803358, 42.716452617453086], [10.37332223003595, 42.71645181474786], [10.373392505280071, 42.7163158929559], [10.373340493046408, 42.71617243237199], [10.37329145807536, 42.71616401507883]]], [[[10.373352887011787, 42.71791412014385], [10.373408773978637, 42.71789725742846], [10.373536478774875, 42.717774154798036], [10.373797235742519, 42.71751437696755], [10.373807756730967, 42.717437706383336], [10.373533886130966, 42.716625637558835], [10.37330483968464, 42.71650719263356], [10.372953705897755, 42.71636731857157], [10.372410700156243, 42.71638733536827], [10.37221163232389, 42.71649778390884], [10.372016521720283, 42.71734211345626], [10.372015552302482, 42.717436680099404], [10.372090795908917, 42.717581416334156], [10.372699639892186, 42.71786073416244], [10.37304441785628, 42.71797436889574], [10.373165977346353, 42.71796320541292], [10.373284422656901, 42.717934770010274], [10.373352887011787, 42.71791412014385]]], [[[10.374155707798865, 42.719095065389126], [10.374367307607255, 42.71901363134664], [10.374519380139587, 42.71895488170754], [10.374769074526313, 42.71880397287639], [10.374880571312143, 42.71873509528398], [10.375272746319137, 42.71824410230558], [10.375312635840379, 42.71783838724744], [10.375196180958465, 42.71780101424416], [10.374906745410101, 42.71770818215257], [10.37380523409022, 42.718153653714936], [10.373636288579787, 42.718245733592276], [10.373536007658764, 42.71830183107868], [10.373455331607971, 42.71834696170348], [10.373015495343598, 42.7188925509726], [10.373171309802805, 42.718962724402346], [10.37338584308472, 42.7190589248301], [10.374155707798865, 42.719095065389126]]], [[[10.319979748033806, 42.73450540142384], [10.320051160244502, 42.734272693141214], [10.32003951791112, 42.734155759125564], [10.320004643421465, 42.73409537613885], [10.319946108287082, 42.734071286236166], [10.319073514429105, 42.73411060723846], [10.318976860752214, 42.73416124888446], [10.31912899817831, 42.734711067622726], [10.319214297640867, 42.7348451638407], [10.319297037061153, 42.73491737793661], [10.319500730007054, 42.73495893195598], [10.319979748033806, 42.73450540142384]]], [[[9.79760763077078, 43.03158838503617], [9.797169018347404, 43.03154191370739], [9.796359733937052, 43.03160776432743], [9.796287740954133, 43.03161843549666], [9.796197405804993, 43.031631973546006], [9.796053568178305, 43.03166223943814], [9.79600277309169, 43.03176840035803], [9.79599234661246, 43.03191142602077], [9.795991249100588, 43.03206243184119], [9.796013652127703, 43.032135274877575], [9.79610727631231, 43.03225618994065], [9.796232051332304, 43.03241290720977], [9.79626723117919, 43.032424645366184], [9.796410808266463, 43.03247244697687], [9.796607190384393, 43.03247108017942], [9.796738639167561, 43.032431893965835], [9.797583938639118, 43.03206580953205], [9.797943974036189, 43.03190571445629], [9.797995262900653, 43.03183781949696], [9.797994561716264, 43.03178379541385], [9.797910927293243, 43.031723594946655], [9.79760763077078, 43.03158838503617]]], [[[9.825725602504791, 43.07268679305507], [9.82666317747227, 43.07230407144332], [9.829534423333511, 43.070491330153885], [9.837148891893086, 43.06214785885588], [9.836020591088001, 43.05610390168852], [9.836748803401251, 43.05073168506766], [9.844660730896067, 43.05106076595953], [9.8469669935228, 43.04577586674812], [9.846608531247297, 43.044052908568574], [9.845142868329358, 43.03944991597012], [9.842846465880672, 43.03396905117989], [9.838714741818276, 43.02672376220165], [9.834276931734651, 43.02439691357899], [9.827832393207107, 43.01998177558066], [9.822997829245054, 43.01645519773267], [9.816814064059292, 43.0097859913073], [9.816400659498218, 43.00933452297707], [9.816998298934973, 43.008393745171865], [9.817587377591876, 43.00768265040581], [9.8171835778474, 43.00660944414709], [9.811691807627069, 43.00304964266382], [9.799861622224705, 43.01133334128874], [9.793173698101825, 43.0206009361561], [9.794776854547695, 43.02550840251396], [9.79643310579237, 43.02590245873524], [9.796776897487025, 43.02668355187701], [9.79837857032951, 43.0318522456577], [9.799207581108202, 43.03529483377266], [9.799979823713874, 43.043356233403124], [9.800855398775614, 43.05285701127314], [9.81079586794785, 43.060823855690636], [9.814880358720815, 43.06443482637034], [9.817087651545787, 43.06694813239913], [9.817570242603804, 43.06747213888486], [9.81846233691438, 43.06800017591815], [9.819083407658464, 43.068292891773496], [9.820822132166786, 43.06904359372505], [9.822037052736068, 43.069426582995696], [9.823413825082646, 43.07049006331776], [9.824380749606252, 43.07160864921052], [9.824782182234944, 43.072405442296386], [9.82526629864059, 43.07271937237293], [9.82562463628061, 43.072771482461306], [9.825725602504791, 43.07268679305507]]], [[[9.901799380445757, 43.43933326185424], [9.908070224648078, 43.4355963876449], [9.908375511795212, 43.43529682235612], [9.90850692273795, 43.43502596962392], [9.908929127139974, 43.43347356252332], [9.908949443178074, 43.43335184241704], [9.90751471240996, 43.42673103126038], [9.90574450206405, 43.424256892469515], [9.901666635559529, 43.41992108863886], [9.901504616975458, 43.41985933641898], [9.901095299998934, 43.4197815224557], [9.895625967526843, 43.42096353561354], [9.88976090302846, 43.423012265209934], [9.88967156345177, 43.42305645229343], [9.889168055502731, 43.42354253319653], [9.889064840811667, 43.423675312635886], [9.888992041539113, 43.42388377938147], [9.888738948292938, 43.42503735826262], [9.888658101807177, 43.42566243965132], [9.889006450019737, 43.42790765023018], [9.889210981329578, 43.42854747866713], [9.891008016809002, 43.43328595638247], [9.891915580826975, 43.43517427892835], [9.892489743606054, 43.43626831862074], [9.892527201789129, 43.4362950392684], [9.892602644589402, 43.4363484773175], [9.892751827171466, 43.43641034216209], [9.892927327313132, 43.43643602896588], [9.893706381170917, 43.436447321099465], [9.89413601590775, 43.43643589178217], [9.894322909337012, 43.436290012316014], [9.89575378431466, 43.43535587463243], [9.89814676899314, 43.43528758171321], [9.89888858992061, 43.435291707813576], [9.901384836954273, 43.43572131721714], [9.901685473758455, 43.43596206408587], [9.90160712388418, 43.436406884822894], [9.901315686865571, 43.4377531814784], [9.901799380445757, 43.43933326185424]]], [[[10.21909853945737, 43.546025554937046], [10.21858219100322, 43.54613620132291], [10.218606778848548, 43.54625914170478], [10.21863136666944, 43.54636978785298], [10.218705131150577, 43.54641896355552], [10.218877247296671, 43.54643125780506], [10.219073950866187, 43.54640666984129], [10.219184597054692, 43.5462591413895], [10.2191845976832, 43.546099319142655], [10.21909853945737, 43.546025554937046]]], [[[10.219363351472062, 43.54787228300108], [10.218928819319341, 43.547822894217575], [10.218774912641443, 43.54815768394067], [10.218951985694178, 43.54839890623044], [10.219336565928227, 43.548385798909266], [10.219551373918438, 43.54818980372411], [10.219616143254603, 43.548130705725555], [10.219548793904067, 43.54806185572481], [10.219363351472062, 43.54787228300108]]], [[[10.231366650397241, 42.78908491415481], [10.231283630969994, 42.78908491451663], [10.23111759245743, 42.7891886889645], [10.23103457255641, 42.78927170773646], [10.230951553980647, 42.78941699239697], [10.231055327725535, 42.78956227611009], [10.231242121661307, 42.78956227580399], [10.231594953148223, 42.78941699236975], [10.23157419918825, 42.789126424078425], [10.231366650397241, 42.78908491415481]]], [[[10.493165603197824, 42.932103359828915], [10.493065242343754, 42.93206990633096], [10.492931427900807, 42.93212008696403], [10.492630345131222, 42.932262264606464], [10.492563438153297, 42.93231244478771], [10.492647072443678, 42.93239607915428], [10.492764159135064, 42.932488075906875], [10.493749483899531, 42.932976445027336], [10.493839024098712, 42.93301004815542], [10.49397006383185, 42.93304745621046], [10.494105546555524, 42.93302395502733], [10.49418105335413, 42.932966464906436], [10.49413755904957, 42.93288010324422], [10.49406988627872, 42.9327723246021], [10.493165603197824, 42.932103359828915]]], [[[10.313468621056153, 42.35099504960274], [10.314727858480861, 42.350287756015405], [10.325621914348197, 42.34395278897477], [10.328268306974882, 42.33774866278937], [10.329114202755052, 42.33425360131442], [10.330314181535337, 42.32524735030139], [10.329867211948162, 42.322032943875506], [10.326217547382273, 42.31987328772977], [10.324087918536852, 42.3201680783488], [10.31727325262221, 42.316500139492575], [10.316752660297723, 42.31495710985458], [10.308438559162333, 42.314600707168125], [10.29692242396229, 42.31583299253827], [10.296517120210071, 42.31602549731198], [10.29401246562636, 42.31726508400531], [10.292387957721857, 42.31882341165421], [10.29065355131685, 42.32109441657988], [10.290107323693846, 42.32242442708567], [10.288853383691395, 42.326243508138546], [10.29172520072367, 42.33866435530547], [10.292428645334587, 42.34189402676792], [10.293759441892986, 42.34507608744603], [10.294668840978579, 42.3462050584411], [10.298436260269812, 42.35004138355048], [10.300352603684496, 42.35083018648774], [10.302807375627198, 42.35064471307559], [10.303056302329985, 42.350587558588224], [10.303278539640608, 42.35053128785719], [10.30358886788525, 42.350419689681125], [10.304800442121804, 42.3498565513042], [10.30583748189696, 42.349367434573615], [10.307259427699767, 42.349139302192086], [10.311881192767444, 42.35089223649253], [10.31208316336868, 42.35097098892565], [10.312372572448217, 42.351021699875574], [10.31283680900593, 42.351050218741236], [10.313468621056153, 42.35099504960274]]], [[[10.064450719366318, 42.35859021869859], [10.064696116882304, 42.35843843659888], [10.064700176671323, 42.35834467390255], [10.06465034092495, 42.35828238050146], [10.064578704710552, 42.35822631720285], [10.06449460855136, 42.358188940735914], [10.064341989842813, 42.358157793975714], [10.064192485215763, 42.35818582597124], [10.063871674232725, 42.358276151322755], [10.063856101387278, 42.358360247565], [10.06390282168569, 42.35854712801187], [10.063937083235999, 42.35860630611354], [10.064178586048312, 42.35879197213291], [10.064450719366318, 42.35859021869859]]], [[[10.331143618759556, 42.82829382640572], [10.331073342559579, 42.828161824392566], [10.330995395852998, 42.82811209902758], [10.33089760692672, 42.82808047504341], [10.330398408138073, 42.82806571292271], [10.33000434776217, 42.82820105200203], [10.331022591802128, 42.829002289089786], [10.331063747932653, 42.829034571413096], [10.331136563204895, 42.82896206254497], [10.331217425746305, 42.82874947645305], [10.331239907748072, 42.82868152405232], [10.331304603009398, 42.828418037734714], [10.33131905408856, 42.828356581381016], [10.331143618759556, 42.82829382640572]]], [[[10.433967669837056, 42.78955156660895], [10.433618428055386, 42.789531022733584], [10.433412992001879, 42.78963374082251], [10.433207555877274, 42.79000352576549], [10.433166469453003, 42.79018841793444], [10.433330818249908, 42.790434941019534], [10.433556797956824, 42.79059928970472], [10.434296367133447, 42.79096907499375], [10.434481258519757, 42.790845813433414], [10.43448125893025, 42.79068146405342], [10.434255279440526, 42.78975700271949], [10.434152561223957, 42.78961319763205], [10.433967669837056, 42.78955156660895]]], [[[10.549613103579574, 42.86056731451277], [10.549774335065306, 42.86034000706318], [10.549825928684355, 42.86026726805995], [10.549751460230732, 42.85973698224221], [10.54956574209731, 42.85916317795428], [10.548209857225947, 42.85633594767835], [10.547097861067284, 42.855918742406004], [10.546621349634647, 42.855952196783534], [10.546130729082966, 42.85667604748342], [10.54589165243189, 42.85749225731862], [10.545853529225395, 42.85769098353923], [10.545824259536856, 42.85785401207307], [10.547981380828798, 42.860418297801644], [10.548018540305765, 42.86043580540352], [10.54805178755399, 42.860449927769366], [10.548306186992656, 42.860557984103885], [10.549135656490913, 42.86056477184267], [10.549278736248986, 42.8605655342407], [10.549613103579574, 42.86056731451277]]], [[[10.476608827840817, 42.8666654293857], [10.4765764111367, 42.8663326625191], [10.47654485319811, 42.86603590394409], [10.476400400524216, 42.86563435420438], [10.476242969226863, 42.865364422317555], [10.476221953995758, 42.865328673932915], [10.475958097894376, 42.86508894110112], [10.47567169536719, 42.864840493225216], [10.474359950649493, 42.86373177098449], [10.47407345725442, 42.86368478721946], [10.474003563083215, 42.863673325072575], [10.473477993642135, 42.8637521320747], [10.473241203315636, 42.863815098704286], [10.4724327031982, 42.86582322542945], [10.473541382603402, 42.86637177270843], [10.475584688838245, 42.86684072613418], [10.476061760774291, 42.866825570331606], [10.476608827840817, 42.8666654293857]]], [[[10.475622404079122, 42.868578045078465], [10.47564649886285, 42.868412775078525], [10.47553350483156, 42.86778666280726], [10.475395585331393, 42.867810586702916], [10.474857426908443, 42.86831316359503], [10.474889309395275, 42.86836678233593], [10.474961717518912, 42.868451397544014], [10.47549763863979, 42.868930191040086], [10.47563149794528, 42.868665562496616], [10.475622404079122, 42.868578045078465]]], [[[10.424147452272603, 42.870715779506035], [10.423970101231397, 42.87045684110226], [10.422917133739194, 42.87047957019459], [10.422814387069169, 42.870588293290226], [10.422702610148729, 42.870706731546754], [10.422592293271254, 42.87083417284054], [10.42249992135233, 42.870943380863025], [10.422603737833912, 42.87106590970676], [10.422957727446422, 42.871286634260564], [10.42318658424743, 42.871389597982976], [10.42334189940744, 42.87143719483114], [10.423405862993892, 42.8714546906042], [10.423451561859975, 42.87145164504513], [10.423635604630666, 42.87143354248153], [10.423814624276906, 42.87141555703218], [10.423910522155763, 42.87133213968177], [10.423943348704132, 42.87130342746955], [10.423973443706943, 42.87126437987493], [10.424033590100557, 42.87118455262608], [10.42406187284841, 42.87114666759588], [10.42419647973469, 42.87084382155747], [10.424147452272603, 42.870715779506035]]], [[[12.224258787733152, 43.80985927727829], [12.224520078207462, 43.80989349618755], [12.225063407155766, 43.80988265091088], [12.227123841744598, 43.8094022059991], [12.229788211866474, 43.808681164538335], [12.229992130725044, 43.808601119103606], [12.231215489381452, 43.80788789073829], [12.232508599118264, 43.807056758114264], [12.233380174024601, 43.806100143093914], [12.234864658823852, 43.80441512764296], [12.237090121107762, 43.80123825600127], [12.240246053105087, 43.79060016548385], [12.239521818373746, 43.786518210992476], [12.238234866665932, 43.78685339676522], [12.23805992738857, 43.78688058201376], [12.237350044451459, 43.78699082828357], [12.237261474514547, 43.78700378702336], [12.236254130147017, 43.78713616158758], [12.235806841382315, 43.78718910816912], [12.2341157791758, 43.78723912388218], [12.230736752271941, 43.78668649617537], [12.21899267740936, 43.78393054843453], [12.2124353079389, 43.78170633741799], [12.200319657043321, 43.774455630843434], [12.199347774966586, 43.77037554544793], [12.197457516293426, 43.77073010433396], [12.187734075964636, 43.773738964808715], [12.18467710490757, 43.77674130586581], [12.184575991820806, 43.78036340479387], [12.18452447296133, 43.78079699505124], [12.184189013282856, 43.78149959585096], [12.183273711328505, 43.78251546883164], [12.178340210761284, 43.78743359212225], [12.177846088349682, 43.78775345379211], [12.177386448934762, 43.78799132539143], [12.177269736236944, 43.78802528250956], [12.176359903147704, 43.788289985069625], [12.170106831178495, 43.80363860726407], [12.169755043524868, 43.80462521762354], [12.169796215681092, 43.805344327473165], [12.169935276204036, 43.80597518881044], [12.17005240955426, 43.80642659600031], [12.170233280068905, 43.80680750893598], [12.170300171140553, 43.80692262777257], [12.170460103775895, 43.80715933272803], [12.170534115450016, 43.80726677380753], [12.170699879717075, 43.807502499876584], [12.170914930092684, 43.807748615992345], [12.171070700006867, 43.80787800918396], [12.171099494246498, 43.80790186927084], [12.171146002013764, 43.80794022052428], [12.174986500805366, 43.80986383209756], [12.175856180742228, 43.81028971048909], [12.176541372322829, 43.81054074810401], [12.176355210333936, 43.81111312941539], [12.176366380322746, 43.811301880866424], [12.177179895495046, 43.81165963204035], [12.177235282112209, 43.811678347960445], [12.177470797433957, 43.8116357807642], [12.17860743894152, 43.81091539979212], [12.183544240556246, 43.807370154691455], [12.188948872688151, 43.80465465250645], [12.191488702295027, 43.805348772887456], [12.193982414427346, 43.80572701792665], [12.198221721967975, 43.806151916348824], [12.200011732909083, 43.80606236484581], [12.201396991041657, 43.805930122432486], [12.207653008675877, 43.80526966868372], [12.210739212250534, 43.80459639986634], [12.211052852122611, 43.80444690478435], [12.212307616413737, 43.803998547095084], [12.21366205483294, 43.80351494313718], [12.214975342778443, 43.80310368561017], [12.217275232847904, 43.80275132137163], [12.217442020530493, 43.8027574718842], [12.217770565013783, 43.80277453531711], [12.218027808886943, 43.80278975595545], [12.218301285812684, 43.80296323517112], [12.21854788569097, 43.803139482733314], [12.218693124451779, 43.80324497712869], [12.220522646139433, 43.80471360248035], [12.222486893096933, 43.8073422156738], [12.224258787733152, 43.80985927727829]]], [[[11.311454643940767, 42.379736246524864], [11.311441471390715, 42.37969384921168], [11.311394314566463, 42.37954747858522], [11.311354462194666, 42.37952724046063], [11.31130900484504, 42.37952724061984], [11.311264171525943, 42.379547789277325], [11.31078445331554, 42.380039107551575], [11.310628376439379, 42.38025323762329], [11.310605535316089, 42.38030684890398], [11.310613150080533, 42.38034079245651], [11.310721641657038, 42.380560632559686], [11.311144323443092, 42.380863782852096], [11.31124451074808, 42.38090298697289], [11.311478858121388, 42.38095030926829], [11.311571845379293, 42.38086153060139], [11.311468638488725, 42.37984450166862], [11.311454643940767, 42.379736246524864]]], [[[10.712653380621148, 42.79767361056675], [10.71341919684789, 42.797085829761244], [10.712322475906223, 42.79633681208626], [10.71223790855367, 42.79637409732949], [10.711703020216813, 42.79693140245983], [10.711644386655736, 42.79702232917638], [10.711598473509781, 42.797131075871825], [10.711520605632833, 42.79741139618725], [10.711447613118043, 42.797872059720476], [10.711449741053261, 42.79795275677742], [10.711495038254586, 42.79825825008467], [10.711520973700395, 42.79831189200754], [10.711607281246128, 42.798337616935605], [10.712653380621148, 42.79767361056675]]], [[[10.900558297098797, 42.55621598821678], [10.900445374096728, 42.5562119056052], [10.900366650615156, 42.556272777617366], [10.900361307723486, 42.55636221654155], [10.900410891668209, 42.55640309055086], [10.900532230059213, 42.55641894766296], [10.900773099505761, 42.5563911246361], [10.900778803304568, 42.5563135928972], [10.900760165727617, 42.556230508923214], [10.900558297098797, 42.55621598821678]]], [[[10.895446844065999, 42.56304926120892], [10.895298828122426, 42.56277247869914], [10.895221694452614, 42.56276474057606], [10.895136844978389, 42.56276614621687], [10.895105726953657, 42.56279201472354], [10.895043647028922, 42.56284424352236], [10.894896679149912, 42.56298981584286], [10.894741373939404, 42.56314652232063], [10.894454806449291, 42.56390180338172], [10.894439368943585, 42.56403072266956], [10.894441380233598, 42.56441668220433], [10.8946744213868, 42.56444856821031], [10.89487500666662, 42.564366621781915], [10.894939848738606, 42.56427262469284], [10.895437273091924, 42.563125715636495], [10.895446844065999, 42.56304926120892]]], [[[10.88393393696547, 42.57595455220309], [10.88388131009178, 42.575585649484594], [10.88186455360969, 42.57568435021022], [10.881358906464325, 42.5757853872483], [10.881249588028723, 42.57583452832702], [10.881145826339797, 42.575901646359895], [10.88030553387655, 42.57701565569447], [10.880236214096861, 42.57728365245768], [10.88024050839398, 42.57742654173551], [10.880710540532698, 42.57761896874953], [10.881192605274356, 42.57778260515069], [10.881643736002017, 42.57777519508406], [10.882182514104615, 42.57768056718357], [10.882892281463016, 42.577268613737154], [10.88294953655001, 42.577211184752414], [10.883091709194344, 42.577068577643395], [10.883365730644925, 42.576717582039976], [10.88393393696547, 42.57595455220309]]], [[[11.109861463466752, 42.263398146238515], [11.112618577411297, 42.26145242964996], [11.1153016514169, 42.25822823346314], [11.116821260174982, 42.255784430369914], [11.116955943830767, 42.25549601262208], [11.117072608594173, 42.25514835857065], [11.117493564267301, 42.2538300694993], [11.117487985855007, 42.25366337944065], [11.117459606193636, 42.25329457661336], [11.117322471923737, 42.252470599591476], [11.117084846648675, 42.252252099391356], [11.116632479573841, 42.252058904303446], [11.116167714300364, 42.25206748410535], [11.115384307827632, 42.2526180621768], [11.115204725123295, 42.25300261632799], [11.112273850620447, 42.25455778944503], [11.10919914773241, 42.25551113820894], [11.108723296467671, 42.255448501198195], [11.108476911948909, 42.25536505104233], [11.107863732030829, 42.25513635977381], [11.105465893730456, 42.253976765593436], [11.103205560316418, 42.251043690752816], [11.10221133683373, 42.248238961080936], [11.102144018470863, 42.247911490628425], [11.102099294111058, 42.247693924600995], [11.102129064803407, 42.24713052785833], [11.102175711822241, 42.24701034810014], [11.10251984654291, 42.246123738814326], [11.103006285373532, 42.24589868229363], [11.104170090437632, 42.24599665292097], [11.105876332622417, 42.245913541325095], [11.107673745086595, 42.245279612919646], [11.11129814940379, 42.24385059976442], [11.111700053101737, 42.24339257130048], [11.111960773536618, 42.243095431621114], [11.112102495026491, 42.24252996992943], [11.112148431787222, 42.24187396528391], [11.112157901337412, 42.241738707307086], [11.112139533282852, 42.24055255607095], [11.112042160489922, 42.24035847793406], [11.109873992211618, 42.23831359902187], [11.109386329233788, 42.23821745963727], [11.099048949410019, 42.2414257850772], [11.098336559433937, 42.24170092915982], [11.09753763846315, 42.24275204992597], [11.097170809989455, 42.243294882192444], [11.092732758884333, 42.2522735316334], [11.101164792304683, 42.25833777271401], [11.1015174117535, 42.25833130940926], [11.102404100741325, 42.25846993166124], [11.103906199759969, 42.25878787510183], [11.10423032823348, 42.25888914959446], [11.109061754502171, 42.260932933460644], [11.10919942933569, 42.26114645815586], [11.109046579737738, 42.26246175818349], [11.109861463466752, 42.263398146238515]]], [[[10.882639963455208, 42.3498045502239], [10.882747695022267, 42.349762048982214], [10.882794951159271, 42.34948219277008], [10.882666622327674, 42.34917372159288], [10.882424157451544, 42.349285770900124], [10.88220190239685, 42.34977121909384], [10.88224962454109, 42.34984473211602], [10.882514344860349, 42.349904244695814], [10.882639963455208, 42.3498045502239]]], [[[10.92931751051482, 42.35603916958924], [10.92941866627848, 42.355972176900174], [10.929470251294845, 42.3557731865129], [10.929303464144569, 42.35558012262083], [10.929168458393985, 42.35553286500832], [10.929074613604458, 42.35554119874809], [10.928694334836974, 42.355711950316454], [10.92851339627181, 42.35585007753043], [10.928403607907182, 42.35605669022922], [10.928384234575889, 42.35609314946295], [10.928528704576538, 42.35633806095762], [10.928687626356771, 42.35648156616176], [10.928765543750464, 42.35649035119325], [10.928814263735427, 42.35649141799586], [10.928867784054416, 42.35647472234497], [10.928992381696341, 42.35642512704354], [10.92905702806575, 42.35636355903078], [10.92931751051482, 42.35603916958924]]], [[[10.886903977100776, 42.38936352244198], [10.889812335468573, 42.388691818632466], [10.906931741687139, 42.38035054795734], [10.909095579374837, 42.37499675722939], [10.912189949851657, 42.3709039354447], [10.913763245528752, 42.36907893533883], [10.917332050540235, 42.36797002719105], [10.92183694987109, 42.35968601867135], [10.92369263275254, 42.35553709877458], [10.922183917587306, 42.35012739457924], [10.92289824621091, 42.3438206816576], [10.92888610545928, 42.340149360219876], [10.931630434679162, 42.338693771571215], [10.931453802544377, 42.333122294818025], [10.931296060781005, 42.33183490282846], [10.930893391996491, 42.32978165862196], [10.929340729784377, 42.325716870007305], [10.929255328908269, 42.32552708190813], [10.920862559408725, 42.31812584231876], [10.915644700177296, 42.32142591072827], [10.904895369656723, 42.3259322452688], [10.896757532934055, 42.3341966431142], [10.891867954928983, 42.33870856535584], [10.888988114174687, 42.341953047490925], [10.885646801276168, 42.346724743126494], [10.885344918101012, 42.34785224760848], [10.882941194995452, 42.350947813576944], [10.87986968948678, 42.35249647451511], [10.873002131750122, 42.35262810262244], [10.868224130756222, 42.3534596202149], [10.866778851893676, 42.354341631055135], [10.865397005100604, 42.360498245980274], [10.865675222699966, 42.364436842988944], [10.868357094225027, 42.36774601816605], [10.87046408879786, 42.367574276494445], [10.874837361990904, 42.365596246976004], [10.875692604693228, 42.36542155370799], [10.877203913472089, 42.365299998457715], [10.879480017299944, 42.36618801816577], [10.880540934591183, 42.366742468535435], [10.880809302971802, 42.366884404726264], [10.88158733608778, 42.367623598822824], [10.881684261775343, 42.36802275468974], [10.883532720401341, 42.37653866128074], [10.880791219790646, 42.38143542214855], [10.880991980718983, 42.387141637183426], [10.880747426499696, 42.38739330307882], [10.880413661945884, 42.38791209489824], [10.880196194811347, 42.388359185297766], [10.880173876531428, 42.38883234123185], [10.881050872579507, 42.38890575406125], [10.883873454997108, 42.388891349063336], [10.88446152146778, 42.38893626579155], [10.884931076464172, 42.38897257955876], [10.885049625783344, 42.38927099537277], [10.885244310836987, 42.38947379525528], [10.88578829142683, 42.38991081197239], [10.886047531862896, 42.38994707029017], [10.886609802006108, 42.38965639339394], [10.886903977100776, 42.38936352244198]]], [[[11.131175704294874, 42.37804986124895], [11.13116770653327, 42.37798908962828], [11.13064742187287, 42.37670288619794], [11.130600154117237, 42.37664015108907], [11.130509398343726, 42.37665118697111], [11.130468855167699, 42.37666733829738], [11.130417000253875, 42.37668868894145], [11.129951870854365, 42.377222836967675], [11.129726351457819, 42.37750359601468], [11.129656314442135, 42.377738337082555], [11.131017244152128, 42.3783839426553], [11.131102442204506, 42.37838911153692], [11.131209375520637, 42.378312448484564], [11.13120374095483, 42.37826706833332], [11.131175704294874, 42.37804986124895]]], [[[11.210325998536954, 42.38255006090442], [11.211611523772774, 42.38176904737859], [11.213351401098825, 42.3798261047406], [11.21193695514194, 42.379402921042654], [11.20948968230006, 42.38089166917296], [11.209396239955236, 42.38097391915276], [11.20935373231396, 42.381021795758855], [11.209238494191709, 42.3811756781867], [11.209225950286958, 42.38121023886949], [11.209211970881839, 42.38124889318375], [11.209202457767075, 42.381275425615186], [11.209184430322004, 42.38136583391012], [11.20911733129193, 42.381790379746576], [11.20910531438029, 42.38188066494792], [11.209185086851242, 42.38250062966493], [11.20922704711585, 42.38266114242915], [11.209249832037615, 42.382680388155265], [11.209301447572233, 42.38272300369827], [11.210325998536954, 42.38255006090442]]], [[[11.08185030999139, 42.41798500095195], [11.08058856686286, 42.41805294509445], [11.080260917516568, 42.418164262298006], [11.080225004107461, 42.41817661598166], [11.08038790796487, 42.418416803320206], [11.080677459160265, 42.41862767531461], [11.081683249173519, 42.41899663894062], [11.082007816368632, 42.419071790352376], [11.082395615307039, 42.41903772799173], [11.08244077261849, 42.41901889640744], [11.082732478777785, 42.41889724682951], [11.08185030999139, 42.41798500095195]]]]}}, {"type": "Feature", "properties": {"id": "umbria", "name": "Umbria", "region": "Umbria", "grapes": ["Sagrantino", "Sangiovese", "Grechetto", "Trebbiano"], "key_appellations": ["Montefalco Sagrantino", "Orvieto", "Torgiano"], "desc": "Home of the powerful, tannic Sagrantino di Montefalco and classic Orvieto whites."}, "geometry": {"type": "MultiPolygon", "coordinates": [[[[13.158485524167725, 42.65425300295896], [13.0896146459964, 42.63491798635483], [13.019248612287823, 42.63492719774063], [12.934139542003182, 42.608583316850854], [12.893311986300478, 42.56591945385503], [12.805919303498431, 42.53576530705799], [12.727323647763512, 42.5089316973318], [12.71394693311467, 42.46065852780443], [12.64247125822084, 42.464966176512625], [12.610989313480701, 42.42797130038529], [12.53123163877443, 42.36507423044525], [12.488715873174652, 42.39819416984889], [12.460363879150472, 42.41628091231043], [12.441788590018495, 42.42626845236049], [12.419088401199417, 42.43429624751717], [12.421278834595594, 42.45753426677215], [12.423238555863236, 42.48325962663807], [12.324471376554607, 42.49486898614899], [12.282497428344263, 42.50775903695543], [12.26661312677627, 42.53652798621101], [12.238720420296893, 42.572005781675436], [12.243340616409421, 42.62809172985628], [12.140774526263604, 42.656302482610684], [12.06666577296041, 42.65287512682874], [11.972562617808743, 42.676815728404215], [11.926292752384951, 42.70474093900634], [11.92763296379546, 42.78074329252216], [11.928668138673833, 42.868917092089056], [11.933483969169117, 42.905418749036045], [11.94994243144148, 42.97513683932967], [11.97337468436934, 43.03757660538011], [11.982415087770613, 43.049966380014595], [11.955599022711928, 43.068360250728986], [11.940830583020448, 43.05298406270347], [11.916071329037576, 43.12343789523781], [11.970168825961904, 43.16917524415186], [12.035806563955953, 43.23947099770112], [12.092683389607275, 43.23602484642793], [12.150581670073437, 43.25604858518705], [12.21152639107107, 43.2843148777056], [12.166308678757623, 43.28251215998178], [12.124363024901104, 43.35851438565347], [12.076995860489424, 43.36583274881895], [12.077628828549674, 43.3974688552918], [12.030628973609076, 43.40350324280165], [12.062033390871083, 43.4380556748278], [12.109485257253763, 43.462556601095166], [12.093110415019304, 43.50058278352691], [12.143465916549701, 43.53366516226447], [12.22135254260428, 43.598550618881724], [12.287791115384028, 43.59462690991878], [12.341054898603334, 43.608878826312385], [12.371296963586925, 43.61116541133346], [12.312906823049843, 43.54309686417492], [12.38921410898111, 43.50948150570871], [12.485255382313873, 43.52671109850764], [12.56761402309585, 43.4572146232343], [12.657456358696633, 43.43518199232445], [12.732213952533915, 43.46275753018344], [12.765907890573663, 43.44087627045383], [12.754318769555296, 43.39545028042404], [12.772460309091315, 43.35200021839921], [12.80222482985802, 43.30756967039101], [12.813520991243019, 43.26875107221723], [12.838417404321074, 43.220439945391014], [12.852870997335003, 43.15470793186665], [12.843872488298292, 43.12208987764209], [12.882623736496882, 43.119429037401176], [12.891769459560733, 43.04907075778646], [12.88800737369227, 43.009515655132844], [12.898314647402772, 42.973127786233405], [12.948054716518483, 42.94146779067807], [12.975499962950828, 42.92047124927845], [13.005273499188101, 42.9082752120551], [13.112696262620862, 42.888459990308014], [13.235887860424564, 42.86727589464487], [13.2641820240628, 42.80977755904328], [13.216506772021491, 42.77147637965982], [13.196142801852991, 42.75721687073988], [13.187576024031774, 42.73368677568128], [13.173528880025819, 42.68773339924018], [13.165596074111397, 42.659628001844126], [13.158485524167725, 42.65425300295896]]], [[[12.430628737427103, 43.60640433555553], [12.431285403264145, 43.603454168299486], [12.434247115063435, 43.599985448084944], [12.434150315665047, 43.59755121790162], [12.433429471581348, 43.592700523846666], [12.433183705229437, 43.59228997806495], [12.432519982726879, 43.591738906126], [12.431997827531324, 43.5915157116056], [12.431233298771078, 43.591367834464585], [12.424592918986166, 43.59252419301494], [12.414638642497517, 43.59912483755396], [12.40780556538273, 43.602136242994085], [12.408735435187312, 43.602352802353394], [12.411912648225877, 43.60347079331108], [12.413224308154868, 43.603948463808045], [12.414655181770955, 43.60493092965765], [12.41506051502399, 43.60566909221093], [12.417647145053477, 43.60856876543463], [12.42345085131759, 43.61014941859352], [12.430628737427103, 43.60640433555553]]]]}}, {"type": "Feature", "properties": {"id": "lazio", "name": "Lazio", "region": "Lazio", "grapes": ["Malvasia", "Trebbiano", "Cesanese", "Bellone"], "key_appellations": ["Frascati", "Cesanese del Piglio", "Est! Est!! Est!!!"], "desc": "Historic white-wine region around Rome, plus emerging quality reds from Cesanese."}, "geometry": {"type": "MultiPolygon", "coordinates": [[[[11.810908463654984, 42.80691929818386], [11.925320088900067, 42.78379813255921], [11.938925933080746, 42.6991630702897], [12.040326577119007, 42.64902263878065], [12.166843612394844, 42.67595636602954], [12.23906046688946, 42.606960409326625], [12.26661312677627, 42.53652798621101], [12.307352156758466, 42.49730084293031], [12.4213900808085, 42.49252666930904], [12.41537158054011, 42.45675930055121], [12.423941268295067, 42.42193665389006], [12.449924432704536, 42.400820117870104], [12.517872394900127, 42.39800336894004], [12.614050117834925, 42.425097420694144], [12.650375739056729, 42.447111437505995], [12.716775786152805, 42.48996094852641], [12.817483070206254, 42.53316165280767], [12.889622997777423, 42.61351378447915], [13.016636695747875, 42.63274991344347], [13.109528869733557, 42.64225791266479], [13.174480838894029, 42.68464520573266], [13.239211951094518, 42.726117250576465], [13.310473698300031, 42.727508529635], [13.390677782366334, 42.609116080768956], [13.28446158453277, 42.58160906994957], [13.176056849072847, 42.55285412505396], [13.150069760569584, 42.42050889065292], [13.191351073766267, 42.33233424925877], [13.242555773952176, 42.268891974698455], [13.352030174450569, 42.1914477723001], [13.32101133513959, 42.153218309008416], [13.202131593926492, 42.15097046669143], [13.089301025948554, 42.17089335769365], [13.04194918269182, 42.03886825908857], [13.113961579519879, 42.02259437361019], [13.284141928049564, 41.951668727504966], [13.365868268481156, 41.92159835561408], [13.391512376309935, 41.81978670082152], [13.508949341306069, 41.79663760305906], [13.58300089496073, 41.763452551603244], [13.6384592877065, 41.804317941523664], [13.7303005750491, 41.78833928802492], [13.812102921215498, 41.75420496202535], [13.919307212416513, 41.717863708329716], [13.987315482124083, 41.64947907541713], [14.004098228094158, 41.57178205686537], [14.021820843947072, 41.52726140249994], [13.973655106996565, 41.49225284361249], [13.871576254059315, 41.40371865551609], [13.877597709348704, 41.343289246653974], [13.87733683775923, 41.290767436063305], [13.770172288889736, 41.23545311011195], [13.661968665044139, 41.25373421017166], [13.576243925282066, 41.242255579004514], [13.512605732333359, 41.22479068188177], [13.419923028718578, 41.263930935589954], [13.25073527701216, 41.28329221787953], [13.11910382131634, 41.24962305818286], [12.964980974111015, 41.35025273748637], [12.799322950932746, 41.41596568454397], [12.685024774922557, 41.452818429408815], [12.544026443777042, 41.54299721891837], [12.241949666666981, 41.739720657059664], [12.228123739268405, 41.75474009085242], [12.117801974220873, 41.929501087824], [11.986494226885876, 41.995764808028824], [11.8730500777255, 42.03665624765673], [11.778542947297078, 42.09322408234759], [11.737851164731547, 42.15372722346941], [11.664953708266932, 42.267990635106564], [11.481625292556888, 42.42197690394151], [11.572356396940132, 42.43810727103634], [11.617904967005417, 42.480700192467104], [11.580230002877288, 42.50890748063898], [11.611958511209165, 42.55878525157728], [11.665132614152741, 42.57658473989251], [11.729293474537416, 42.605972685187496], [11.790850069313922, 42.639980702739315], [11.796390764146881, 42.706529987738875], [11.783915385207575, 42.75718785313377], [11.75803478830578, 42.807634625644695], [11.810908463654984, 42.80691929818386]], [[12.655723401757875, 41.7340248518395], [12.656205455565367, 41.73428652113618], [12.660393784216456, 41.73534881583235], [12.655713376078387, 41.73984486917911], [12.65398689673261, 41.74118755584124], [12.650972695893179, 41.744219071272326], [12.65063623169022, 41.74483110234468], [12.65020454579475, 41.746085020422676], [12.649258823370362, 41.748902125996025], [12.648939580857817, 41.74875918663826], [12.648854264249259, 41.74848725607964], [12.648377357575285, 41.746795979339886], [12.648408385304034, 41.74658788825847], [12.649791743590212, 41.74391196901822], [12.651589250523925, 41.74050294821927], [12.654727170714748, 41.734982103415255], [12.655723401757875, 41.7340248518395]], [[12.452921413243983, 41.90670895695226], [12.452631457152364, 41.90668797914104], [12.451027726808423, 41.90656358503265], [12.450659863968786, 41.90652814922232], [12.450499160538067, 41.906509194477344], [12.44662971949222, 41.90238515463545], [12.446550517512518, 41.9016258646386], [12.447933320854247, 41.90101475050098], [12.451770381798992, 41.900366375282374], [12.452792796498493, 41.900308946551846], [12.453972042292689, 41.90030200399369], [12.456345328139001, 41.900400855993176], [12.457936201725264, 41.90132031066519], [12.458053427489311, 41.90140395862315], [12.458155598461005, 41.90148727242991], [12.458296935401094, 41.90162039711563], [12.458369997684152, 41.90178020365205], [12.458424861968865, 41.901916503722155], [12.458457243999863, 41.90201178118037], [12.458483962828929, 41.90209792629589], [12.458531733930531, 41.90226108697769], [12.45750875955585, 41.905870194049996], [12.455585483303421, 41.90684706787719], [12.453794300799217, 41.90699703518879], [12.452921413243983, 41.90670895695226]]], [[[13.104286250581684, 40.838706898253996], [13.104143454287682, 40.83869846948554], [13.10396941762066, 40.83873618930866], [13.10379489696517, 40.83881444466876], [13.10361171210342, 40.838956062363856], [13.10351920549365, 40.8390899291872], [13.103461165071922, 40.8393261232171], [13.103535017091973, 40.83938202691401], [13.104057707927481, 40.83920581291676], [13.10414921381143, 40.83913951525055], [13.104187570090321, 40.83908861298521], [13.104284305712612, 40.83878350300211], [13.104286250581684, 40.838706898253996]]], [[[12.96636989613565, 40.88304681141061], [12.965863509552403, 40.8829784765479], [12.965730209944613, 40.88305931245361], [12.965654998232656, 40.88327157587442], [12.965751228215435, 40.88362089536892], [12.965992176217213, 40.88366025064271], [12.966396037307227, 40.883693994142305], [12.966601684015856, 40.88356301205126], [12.966551576117741, 40.88335506478731], [12.96636989613565, 40.88304681141061]]], [[[12.965463298435607, 40.883967872324], [12.9653252550047, 40.88394617460325], [12.964524658055339, 40.884446023595075], [12.964673513463461, 40.885224362374494], [12.96486450626923, 40.885379880214614], [12.965044351878149, 40.88537368691729], [12.96546566135171, 40.88535577539158], [12.965630875359498, 40.88517853393879], [12.965818878271616, 40.88496238526119], [12.965857084206498, 40.8845512523703], [12.965858681623077, 40.88428301210797], [12.96576818943718, 40.8840623764005], [12.965648064226833, 40.88399759926455], [12.965463298435607, 40.883967872324]]], [[[12.945817963543206, 40.912173922863374], [12.945394933180872, 40.91214662997071], [12.945217533338747, 40.91218756906928], [12.945108363906122, 40.91228309181665], [12.945108363081545, 40.912392261492734], [12.94550410253847, 40.91277435357091], [12.945763379263447, 40.91282893812671], [12.946090886774675, 40.912856229977784], [12.946336517187511, 40.912815291472356], [12.946855070680195, 40.91256966127582], [12.946923301458458, 40.91244684571358], [12.94684142467176, 40.91231038428177], [12.94599536326582, 40.91218756856185], [12.945817963543206, 40.912173922863374]]], [[[12.944610997150967, 40.91264593006816], [12.944407087135446, 40.912645930236536], [12.94382084554908, 40.91273514023127], [12.943068926528307, 40.91288807299352], [12.943107159797528, 40.91307923884318], [12.94320911581296, 40.9132704043682], [12.943661612689366, 40.913827650415136], [12.943742898757321, 40.91388184109523], [12.944086107848813, 40.91406247735497], [12.944185456753628, 40.914080541011394], [12.944840396458973, 40.91320668269813], [12.944802163382608, 40.912786117854054], [12.944687463542973, 40.91265867434356], [12.944610997150967, 40.91264593006816]]], [[[12.851120303397815, 40.920371584797515], [12.850964016423402, 40.9202867546214], [12.850818621803592, 40.920453713532844], [12.850546946059827, 40.9209626042803], [12.850492528896611, 40.92108600034556], [12.85051980654377, 40.921274183755585], [12.850616804641703, 40.921347498071], [12.850819206008097, 40.92133172830336], [12.851040265291942, 40.921202757908986], [12.851116133119275, 40.92115518329447], [12.851154874301518, 40.921068349267905], [12.85122867498298, 40.920678650959736], [12.851178930398406, 40.920486700232196], [12.851120303397815, 40.920371584797515]]], [[[12.847657737048946, 40.921937204494434], [12.847682499093287, 40.921801300603164], [12.847608199818383, 40.921722726164575], [12.84695341981657, 40.92124481742567], [12.846833586757063, 40.92121280182427], [12.846675792242952, 40.92120455443045], [12.8465404891803, 40.92120007440795], [12.846377216305864, 40.921570239775924], [12.84646005359135, 40.921795667294504], [12.846558493999318, 40.92198293248607], [12.846679899782034, 40.921965376607396], [12.847047588121498, 40.92198461067816], [12.8472876629527, 40.92201710941549], [12.847657737048946, 40.921937204494434]]], [[[12.848697794695504, 40.919876240240974], [12.848525813284336, 40.9198279503983], [12.848351530434286, 40.91990581361054], [12.848212943381995, 40.92011307893232], [12.848120388599344, 40.920282768577074], [12.848071678481926, 40.920491511149656], [12.847870795615206, 40.921772488353575], [12.84851102201157, 40.9222553979726], [12.848652248603116, 40.922336233921854], [12.848802236383564, 40.92237624059076], [12.848884257042323, 40.92239601707396], [12.849021622595334, 40.92234638813272], [12.849342241073474, 40.922002478197086], [12.849501083778607, 40.921952148706076], [12.849760725042708, 40.92169581450832], [12.849824288149307, 40.92150007476109], [12.84877219982513, 40.91998181061707], [12.848697794695504, 40.919876240240974]]], [[[12.848135091694664, 40.92486601054757], [12.848186304477455, 40.924432049832134], [12.848218268399734, 40.92453514673778], [12.848244406543774, 40.92461470356705], [12.848392625771927, 40.92471332597176], [12.8494491864155, 40.92450689256788], [12.849512816880685, 40.923788845366744], [12.849421277691702, 40.92341367672009], [12.848773259763124, 40.922976071845504], [12.84784650233223, 40.92260629762907], [12.847394906677728, 40.9225988888184], [12.84707796915613, 40.922699516826086], [12.847008162719773, 40.922800906432045], [12.846838451559352, 40.92308574919299], [12.84726097441017, 40.924917740709404], [12.847341567110464, 40.92502760430438], [12.847454177219063, 40.92511389966454], [12.847587919944411, 40.92516796875854], [12.847768070176976, 40.92521598595548], [12.847949978950155, 40.92521717607889], [12.848086094750672, 40.92507026263254], [12.848135091694664, 40.92486601054757]]], [[[12.968842779148904, 40.922191209686275], [12.964399216655718, 40.91335184125061], [12.96193203920773, 40.90750759581477], [12.960330741639376, 40.89813775800244], [12.964427385713773, 40.89431910319602], [12.96924468918024, 40.89389649978097], [12.963216004880042, 40.88521532776105], [12.960886626662555, 40.88298630254516], [12.954031965051131, 40.877577135649325], [12.952536501785964, 40.878180747602634], [12.948505747004768, 40.8853725521958], [12.947665715914388, 40.887026573895774], [12.951205187711178, 40.88924064708673], [12.954539554117378, 40.892494148517024], [12.95481142164731, 40.892830721216725], [12.954656341362341, 40.89375006897125], [12.954139275140243, 40.8949294962386], [12.953529292998981, 40.89562133251243], [12.952771634902906, 40.8962371980257], [12.952239913698806, 40.896363507840164], [12.949125844640553, 40.89612763819556], [12.945836166757218, 40.896069831118176], [12.942931382740325, 40.89721395206003], [12.942579517691453, 40.89982851294276], [12.94262899497102, 40.901047028461356], [12.943624907608946, 40.90564770613536], [12.947461660749925, 40.91030093054783], [12.948938246724468, 40.917562556279115], [12.948730213072315, 40.917682246674275], [12.948305250837777, 40.91834519249571], [12.948300113273042, 40.918620035918615], [12.94839224265744, 40.91873395093892], [12.948921140819591, 40.919292146289756], [12.949202459078043, 40.919530127010034], [12.954746141957806, 40.921834286634656], [12.957660192019967, 40.9212658917601], [12.9587103716376, 40.920366802038906], [12.96654027898693, 40.92340520641365], [12.967090322237954, 40.923855242434136], [12.96720038775537, 40.923945295618026], [12.968084058943013, 40.9247118030095], [12.968722585357646, 40.926315213546104], [12.967781814992799, 40.92743276720091], [12.966291110936194, 40.92826026875192], [12.979254146085722, 40.93374116329004], [12.980840719039149, 40.934393216710106], [12.984198496375852, 40.935569291753986], [12.984973490514697, 40.935411894995916], [12.98722799076308, 40.935063667280026], [12.993661290409722, 40.93472361584007], [12.994000734197886, 40.93466680303694], [12.994969186863688, 40.933989333234244], [12.995137553006101, 40.933545441460026], [12.995244239426729, 40.93326265645929], [12.995333247568565, 40.933015761035065], [12.99553619693829, 40.93245229575547], [12.992252574872776, 40.93004476678984], [12.990485645062886, 40.929264580933065], [12.989070325608589, 40.92920502636469], [12.984749028044595, 40.928562237106014], [12.980276124368215, 40.927519269476385], [12.979217177864301, 40.92722269139162], [12.978690988245427, 40.92707303072995], [12.977960888090228, 40.926865367494486], [12.977056925812752, 40.926455359122464], [12.968842779148904, 40.922191209686275]]], [[[13.000289562441717, 40.9327246094593], [12.999706558814319, 40.932703698646435], [12.997274208693058, 40.93337352810058], [12.99691840835412, 40.93360199141123], [12.996860325399414, 40.93377061800193], [12.996862988099757, 40.93381472767477], [12.996873888163659, 40.93399527489528], [12.997498806825492, 40.93501118804995], [12.998175052484797, 40.935620543112336], [13.00060247421814, 40.936747404768774], [13.001003647783532, 40.93691355355078], [13.001333209358126, 40.937037172037634], [13.002428489872516, 40.93742685217856], [13.003246758155104, 40.93755599155849], [13.003442490589004, 40.93752521128604], [13.00354083431074, 40.93750974588535], [13.00363757329078, 40.9370966447252], [13.003736148340803, 40.93585500516675], [13.0036743876437, 40.93558250778231], [13.003534453280398, 40.9351461191331], [13.003165827960594, 40.934609628391954], [13.00304355560976, 40.934465287862984], [13.002899906652525, 40.93429919276309], [13.002294137303187, 40.933829462115206], [13.001903225144781, 40.93355038767733], [13.001555070432048, 40.93332060156097], [13.001526015150207, 40.93330386040982], [13.000775439822613, 40.93289168473385], [13.000289562441717, 40.9327246094593]]], [[[12.852734854990242, 40.94242572710055], [12.852242408467145, 40.94212703295513], [12.852022875428288, 40.94220641710524], [12.851801232847116, 40.94247948461074], [12.851910920133557, 40.942642410913614], [12.852575798265939, 40.94349369672808], [12.853253828351562, 40.94291266331218], [12.852912826767756, 40.94255034833698], [12.852734854990242, 40.94242572710055]]], [[[12.850483075133077, 40.94251907837205], [12.850317859293261, 40.94252460372476], [12.850098611997906, 40.94254543754581], [12.849939952919666, 40.94258676033038], [12.849864210573488, 40.94261181296326], [12.849788990500105, 40.942645847214365], [12.849764546535745, 40.942723221573075], [12.849668521190937, 40.94358642712392], [12.849801531920047, 40.943721601617135], [12.850116376278416, 40.9438461224385], [12.850205851851909, 40.943865650140516], [12.85061953404217, 40.94386981429324], [12.85065787459891, 40.9438685220669], [12.85071130637469, 40.94383972499681], [12.850765096613603, 40.94374336886339], [12.850796421918643, 40.94365678393099], [12.850797434742633, 40.94358471199567], [12.850712059422047, 40.94284461114706], [12.85069742329759, 40.94274604359688], [12.850623769339135, 40.942653949937444], [12.850483075133077, 40.94251907837205]]], [[[12.859807601053577, 40.94496598524794], [12.859873251850575, 40.94505788276152], [12.860076401511083, 40.94522040241964], [12.860218606989678, 40.945281347000346], [12.860299867483665, 40.945057882481336], [12.860228765097583, 40.94497662239561], [12.860157662334753, 40.94491567759782], [12.859995142052068, 40.94487504764309], [12.85988340995763, 40.944875047400366], [12.859807601053577, 40.94496598524794]]], [[[12.850235260621755, 40.947736848341165], [12.849805510523879, 40.94773013330146], [12.849524155961676, 40.94782155090422], [12.849462687360129, 40.947990589387544], [12.849693195955522, 40.948067425764826], [12.849923703388697, 40.948082793345854], [12.85038471874552, 40.94805205873731], [12.850785878420183, 40.94799201244152], [12.850732159850573, 40.9479114338173], [12.850611292451909, 40.94783085598754], [12.850389701927613, 40.947750277723046], [12.850235260621755, 40.947736848341165]]], [[[12.859807601053577, 40.94496598524794], [12.860685583466276, 40.93998911386392], [12.86154536761121, 40.92922625523193], [12.853011260876226, 40.92613029737223], [12.850957147597079, 40.92664028516313], [12.850206576325995, 40.92874110825607], [12.851352821405616, 40.929756401787685], [12.854540797532561, 40.93347700545035], [12.856326924130455, 40.942450567429276], [12.855725829864253, 40.945351402577934], [12.854712001553168, 40.94662809364823], [12.854246353368177, 40.94682828009367], [12.853841352921215, 40.94761249052946], [12.853783323280396, 40.94772559596657], [12.853833836640232, 40.94817038684081], [12.853857664668949, 40.94836320313778], [12.853883923034509, 40.94853342000758], [12.854240760995548, 40.94960535636742], [12.854464358484778, 40.949590134029], [12.85481913571074, 40.94953275752086], [12.858764670855994, 40.948176318030846], [12.859782353531857, 40.94508130495754], [12.859807601053577, 40.94496598524794]]], [[[13.057032224877599, 40.96451839621095], [13.056624357781288, 40.96451475352598], [13.05057519259054, 40.96488663969284], [13.048436695738523, 40.965055178457725], [13.046322810752383, 40.966268656558434], [13.046286503325897, 40.9662991131027], [13.04623878047008, 40.966339146245396], [13.046030160352837, 40.96655808748251], [13.045760964478507, 40.96708535496124], [13.045278509893116, 40.96839902909798], [13.045972615512664, 40.96986497310485], [13.046068780621946, 40.969956146349105], [13.046594365782985, 40.97013577633726], [13.046774079427399, 40.9701969935383], [13.050922808210705, 40.97109563955082], [13.053402339219664, 40.97322366401127], [13.054916917784267, 40.97385459821502], [13.057656096096272, 40.97348791748656], [13.057815427551368, 40.973446283442776], [13.058227553206773, 40.97330116276988], [13.05858719125469, 40.97309939172218], [13.058786564864704, 40.972984289206984], [13.059261652500624, 40.972679373459606], [13.059798917969754, 40.97232274630848], [13.061023401043313, 40.97130699530439], [13.061493048161266, 40.970889708777676], [13.062388521023086, 40.97007916070922], [13.062848062365596, 40.96947311862866], [13.063019096394756, 40.967846173383805], [13.06285787640206, 40.966212955192134], [13.06274726560451, 40.96606828907031], [13.062367281451367, 40.96582955845695], [13.06097073693373, 40.96496032413197], [13.060218183489729, 40.96482028441956], [13.057032224877599, 40.96451839621095]]], [[[13.456457896425986, 40.79177863919634], [13.458659649880122, 40.790324727601444], [13.459016335111853, 40.789802162757596], [13.458995243775504, 40.78966326660068], [13.458962309745921, 40.78947109612362], [13.458914499546996, 40.789371127442145], [13.458888931363058, 40.78932589255423], [13.458741951558807, 40.7891554696446], [13.458093028724795, 40.78841071139821], [13.457892995163382, 40.78826537478272], [13.457283171675853, 40.78786127483628], [13.456086829730866, 40.7871678563784], [13.45283304302267, 40.78709096426919], [13.451912941427443, 40.78729308006958], [13.451521095122748, 40.78741684309385], [13.451098004125834, 40.787643185842725], [13.45068280118467, 40.788557118006146], [13.450207523276857, 40.79043183616987], [13.450675746453342, 40.79105179051355], [13.451252417660337, 40.79159277712519], [13.451579510448731, 40.79175573066866], [13.451878526818787, 40.79189723383015], [13.452685026592736, 40.792230744033525], [13.45351766869968, 40.79242365687766], [13.453856388981087, 40.79242855633111], [13.456457896425986, 40.79177863919634]]], [[[13.435367608278261, 40.79503768308213], [13.43532935947016, 40.79494442794315], [13.435225156286474, 40.79471286495854], [13.435132530673727, 40.79468970845688], [13.434808343110895, 40.79455077130813], [13.434727295413744, 40.79449288002302], [13.434657827016862, 40.794516037029936], [13.434542045338551, 40.79456234892352], [13.43432208730245, 40.794818035377524], [13.434339658772588, 40.794941037741125], [13.434471447595499, 40.79503768246379], [13.43459445046623, 40.79505525477166], [13.435367608278261, 40.79503768308213]]], [[[13.431827866101415, 40.80309015859985], [13.43361149190545, 40.801667676885955], [13.435051815294516, 40.79843390342027], [13.435359281621812, 40.7971438953836], [13.433930533445736, 40.79552377848935], [13.431667248036778, 40.79298611620018], [13.431283554050811, 40.792573172492325], [13.43121221971411, 40.79251102209802], [13.431137362000353, 40.792447308060815], [13.428292017021345, 40.79038308847714], [13.426693061277394, 40.789580993057434], [13.414693648167958, 40.78503422375714], [13.41446865756869, 40.784957298653445], [13.413898143493876, 40.78488461779212], [13.41318451956772, 40.784808417953194], [13.411905189025592, 40.78479890330819], [13.40893972295121, 40.78478640442248], [13.40878715789741, 40.78481926245058], [13.408007668606787, 40.78510122975538], [13.407808511948671, 40.785302449390656], [13.40760035237665, 40.78553553040332], [13.407558639937779, 40.78574422371191], [13.407593710331442, 40.78588246343668], [13.409106428823064, 40.7870896905805], [13.410077420040958, 40.78746222360337], [13.410707208439732, 40.78761370207655], [13.411028818354572, 40.78767341610892], [13.411330045982996, 40.787715893479366], [13.418472958392679, 40.79250713312488], [13.427870225605115, 40.800331293744385], [13.431827866101415, 40.80309015859985]]]]}}, {"type": "Feature", "properties": {"id": "campania", "name": "Campania", "region": "Campania", "grapes": ["Aglianico", "Fiano", "Greco", "Piedirosso", "Falanghina"], "key_appellations": ["Taurasi", "Fiano di Avellino", "Greco di Tufo", "Aglianico del Taburno"], "desc": "Volcanic soils and ancient varieties. Taurasi (the 'Barolo of the South'), Fiano and Greco produce some of Italy's finest reds and whites."}, "geometry": {"type": "MultiPolygon", "coordinates": [[[[14.086806283574692, 41.45966264251034], [14.16818812786661, 41.49550618202834], [14.28757954109153, 41.47954466537001], [14.3300579180011, 41.453379400706154], [14.399054535350341, 41.43800832677007], [14.481145793356974, 41.41204963955371], [14.511644249761007, 41.38247353958351], [14.631353391510986, 41.38490551378318], [14.678791332396246, 41.40846071926831], [14.75779232333921, 41.41481055691158], [14.783841304841971, 41.45166717363], [14.863870911358392, 41.42630026644275], [14.983260659848643, 41.470263829143875], [15.05117314722337, 41.443321965237175], [15.096805467613285, 41.41915186663126], [15.06750179109628, 41.35217590228933], [15.12840749172883, 41.30865212601987], [15.185961786331042, 41.285858491053446], [15.234441264100408, 41.27186035863141], [15.25963140382028, 41.20473897607094], [15.210562160677485, 41.14892142503251], [15.35762676108349, 41.088786625783314], [15.465672875522431, 41.07738675449512], [15.566457991796646, 40.96851937340499], [15.528147546749345, 40.90954481992837], [15.46353735515486, 40.86850121452469], [15.401240827184521, 40.880768838910036], [15.357631434899854, 40.87084457846075], [15.336886885993637, 40.83328082118925], [15.37265040875871, 40.795805202230085], [15.381476270245313, 40.72414975924115], [15.487195976149227, 40.67284114392119], [15.455572480291051, 40.61802408304594], [15.504380252412238, 40.58666553376511], [15.545908302366453, 40.505491772397534], [15.586733833148232, 40.443602199187836], [15.70451907405578, 40.34401712196761], [15.797210609828618, 40.28133050988592], [15.791156678469788, 40.21790314600071], [15.702292964629079, 40.16172820373254], [15.67131476702235, 40.081834932654125], [15.676029526218967, 40.06270876487484], [15.632329659859682, 40.068302469631774], [15.583902928851805, 40.0764642156452], [15.42987058477233, 40.001396564033215], [15.376264795448458, 40.00039844944421], [15.311794046433334, 40.0315959723784], [15.279819114275288, 40.02995660652423], [15.168987806862813, 40.138091568510625], [15.063029218352051, 40.165943766318776], [14.985001407144479, 40.21960331548799], [14.938170971078282, 40.23209727173524], [14.945024554680662, 40.31194301096539], [14.971378179461107, 40.34290079018487], [14.999181168934918, 40.36051728967601], [14.897559655008136, 40.560856680731696], [14.772263185048404, 40.673021452926115], [14.63353175929771, 40.64769460821657], [14.514302177339884, 40.61749419730981], [14.41890763621647, 40.61029152185935], [14.337597577341874, 40.57140227227861], [14.330911329534143, 40.60818230552696], [14.387820819929436, 40.63362402898803], [14.43871274994763, 40.681491471356594], [14.47390559293126, 40.715771221077105], [14.34558848065832, 40.79955269094302], [14.283614978746948, 40.837925179684014], [14.220531060282342, 40.82658901206789], [14.163382085103226, 40.79858011130977], [14.119458504805124, 40.82478914878682], [14.080384597989145, 40.792346357262375], [14.08325649844999, 40.78544784416378], [14.039981271598153, 40.794483510233576], [14.006906384035055, 40.941843405474785], [13.869452714552631, 41.119712361915326], [13.77038332356193, 41.23647943493918], [13.840407566835822, 41.283492934138394], [13.873696526862792, 41.33832956510894], [13.875579701452315, 41.396101152594554], [13.960783048794317, 41.463598220931964], [14.001642207478039, 41.43149890759818], [14.090248218609897, 41.39742788779464], [14.086806283574692, 41.45966264251034]]], [[[14.231071088343006, 40.541695011714026], [14.225339610708307, 40.54057700073311], [14.214331028977474, 40.54007503197801], [14.212361983329506, 40.53992611843813], [14.200840765013103, 40.53654841887484], [14.197024556871195, 40.53609726996531], [14.197558527293376, 40.53661813476463], [14.198876879877913, 40.539730887820646], [14.198967315508265, 40.54091717024394], [14.198073901898237, 40.55453677262111], [14.197983373441824, 40.554852098135], [14.198087797684174, 40.55746661378508], [14.198171756956626, 40.55936697565639], [14.19846058318584, 40.55979959844491], [14.199126448546536, 40.560498808036186], [14.199489010410264, 40.560797557953855], [14.199722370129257, 40.560971594334134], [14.200252461866805, 40.56111872161828], [14.200536754550617, 40.5611599129502], [14.211763511893624, 40.56194704926578], [14.213071130164499, 40.56199341508633], [14.21392262399656, 40.56185153592755], [14.216700380920656, 40.56115396648481], [14.217418284887788, 40.560932338361404], [14.219418187481732, 40.56073761281498], [14.224915231801871, 40.56017842899896], [14.229784196522674, 40.55964328803227], [14.235570867225514, 40.558047185662204], [14.238514743913838, 40.556674256960186], [14.24171588858411, 40.5557667482064], [14.244731813258605, 40.555933363680474], [14.25007996311327, 40.55639482976138], [14.252987418174513, 40.55702908339502], [14.25419237181113, 40.55804550165771], [14.255668782454439, 40.55910789635332], [14.256591477800876, 40.55967812864036], [14.258509743865574, 40.56075709027531], [14.259191775211123, 40.5610711352069], [14.259640034053886, 40.56126684334357], [14.2600090870744, 40.56138608301046], [14.260242796647146, 40.561456468363275], [14.260414588279184, 40.56142304924098], [14.262437963863304, 40.560919414001006], [14.262969531689958, 40.56066105915939], [14.26346819993506, 40.560350181342926], [14.26371219831432, 40.56003742400234], [14.266354339555624, 40.556603589714676], [14.263878840573483, 40.5534801600795], [14.259304581268914, 40.54708063034449], [14.257476612695653, 40.54561129828219], [14.253382491193573, 40.54318315678139], [14.25091990175193, 40.54341648010838], [14.246818359181972, 40.54602063484961], [14.24455406804584, 40.546645915639935], [14.244404795455713, 40.54667070574103], [14.244211621390221, 40.54664348974171], [14.234242099420438, 40.54514320869723], [14.231756276896405, 40.54341491806988], [14.231071088343006, 40.541695011714026]]], [[[14.086899725246175, 40.79315292415399], [14.087460307348461, 40.793032553529045], [14.087791121255117, 40.79295405775082], [14.088278761726697, 40.792743838308105], [14.088522826061764, 40.79262781082189], [14.089374587563702, 40.792052125335964], [14.089719407295835, 40.791651059377465], [14.090789409830496, 40.79035610226568], [14.090731692548815, 40.79032061706233], [14.090151307160209, 40.790566778120045], [14.089975710262395, 40.79064282302002], [14.08617534631521, 40.79267394436481], [14.085745449299536, 40.793007162252415], [14.08592666672444, 40.793070194138124], [14.086056670801861, 40.79309777125844], [14.086899725246175, 40.79315292415399]]], [[[13.954163744359493, 40.70728161679084], [13.95514825146505, 40.70628037151317], [13.95541468708173, 40.70589525207255], [13.955888849153856, 40.70509154423055], [13.95603700826103, 40.704657486333545], [13.95593778787875, 40.704198081141016], [13.955591981082184, 40.702907440851305], [13.954247391669863, 40.700817061495776], [13.954062038425976, 40.70066138599297], [13.953322859995266, 40.70081967812787], [13.952819934033236, 40.70151410532005], [13.95261071960207, 40.70193275175196], [13.947960970727374, 40.704838224043634], [13.940961717362104, 40.706548021488366], [13.94045927572123, 40.706642291448325], [13.940309646817758, 40.70667033765844], [13.939718519101582, 40.70664616791197], [13.936956246719282, 40.70616140170739], [13.936367439231221, 40.70593903933084], [13.933487947546835, 40.704648875342826], [13.932854510185571, 40.70430235564076], [13.932080275101356, 40.70378180124943], [13.931639071870782, 40.70326497646918], [13.93144328255542, 40.7029672297326], [13.931142168347314, 40.70248493391269], [13.927220693481189, 40.69971760072734], [13.923729680694208, 40.69758899699704], [13.920855345167327, 40.6974327365417], [13.918983688072592, 40.69830052413317], [13.916646200750066, 40.69935923960109], [13.914587636599435, 40.70018852123363], [13.910281947511933, 40.70097251283575], [13.909148918381419, 40.70116089398186], [13.908074704581344, 40.70126385447301], [13.905198506820986, 40.701528522692065], [13.904132132834519, 40.70153391689105], [13.900119365267635, 40.70141087679124], [13.89860544016873, 40.70111353273995], [13.897417367999413, 40.700421686455606], [13.8967655452423, 40.70001728036663], [13.894160415931784, 40.69639218672955], [13.892587902794192, 40.69689505773135], [13.89252099511562, 40.69738409708985], [13.89150756969147, 40.698516592930794], [13.89078831417523, 40.69911383728706], [13.890184597684692, 40.69931782637188], [13.887229287474392, 40.700260323631035], [13.88447392901544, 40.70013411356384], [13.881517780823662, 40.69996232161865], [13.879626435939828, 40.69912407053923], [13.876090366687599, 40.69818889090045], [13.872791249025642, 40.69806742217748], [13.852538149800045, 40.70986666070008], [13.859605002600816, 40.715291148593415], [13.859769435724381, 40.71528111406035], [13.86006720102014, 40.715311293599264], [13.860447502973992, 40.71539865397567], [13.860759402287824, 40.71599934575872], [13.86101886615561, 40.71677060548829], [13.861309427033811, 40.71768187955788], [13.861339610321473, 40.71830190142163], [13.861364421944122, 40.719260432128365], [13.861331913957391, 40.71974206980323], [13.860781928554028, 40.722375749479994], [13.8603702698073, 40.724133874036546], [13.859871244991965, 40.72564695267695], [13.85900303038131, 40.727344925467456], [13.855590188889114, 40.7310333597752], [13.854813014242115, 40.73337365514726], [13.85467688439236, 40.73743827735536], [13.856936559928812, 40.740256946569616], [13.856630621695109, 40.73887051748081], [13.856555397220601, 40.738661266426014], [13.857151610990691, 40.738281637268095], [13.857842715286424, 40.73806952394881], [13.858568391106084, 40.73806069488836], [13.859144192557412, 40.73809044491544], [13.860283865266517, 40.73846489667809], [13.862855832728775, 40.74031927632086], [13.863333757312, 40.740798947349525], [13.86371221484774, 40.74127123082431], [13.864397357494104, 40.742176809600885], [13.865156572153039, 40.74319264104325], [13.865536505349317, 40.74400060341765], [13.868032733587745, 40.75000470196283], [13.86846910748734, 40.75148015723335], [13.868522967298226, 40.75199216542886], [13.86854818027182, 40.752349252638666], [13.868511908689866, 40.752623231592224], [13.867218562100435, 40.75301443124407], [13.86477410460703, 40.75353979820581], [13.862383431014846, 40.75638034854586], [13.861892204993834, 40.75742183840634], [13.862097786283172, 40.757595377949], [13.862737630266453, 40.75808626944187], [13.865471122798755, 40.75942535794327], [13.866262758861644, 40.759771442896614], [13.866499193851464, 40.75984699090027], [13.870682835633811, 40.76110166954377], [13.871807649649888, 40.7611306014927], [13.873179541496025, 40.76062235620594], [13.877046115978406, 40.75698604113723], [13.877713305501963, 40.75894158339983], [13.877910841365892, 40.759034353849735], [13.878042863570942, 40.75909165166608], [13.879516286052771, 40.75939512887901], [13.87994981406678, 40.759462515184104], [13.880242149535514, 40.75945012388122], [13.880519493273571, 40.75943836734811], [13.884058297371618, 40.759196821122174], [13.88516448918473, 40.75773801439806], [13.885435339802982, 40.756273472585015], [13.89200465515433, 40.75257639497666], [13.897518741530805, 40.75120447113421], [13.900789479948054, 40.750808711149624], [13.908373104794167, 40.74895322674497], [13.923948589446058, 40.750800103805055], [13.92804974814568, 40.74751078771368], [13.928518915168887, 40.7472381028073], [13.930175690219611, 40.74633394616587], [13.931330758872825, 40.74612600739858], [13.937432576374311, 40.74703061582009], [13.940923055290895, 40.746759557996484], [13.945818049949425, 40.74480344794823], [13.955118250334444, 40.74048273759237], [13.960860990987088, 40.731847618028624], [13.961974043208036, 40.72220634294491], [13.963615519873768, 40.72055097760998], [13.964312045636875, 40.71967460432591], [13.96502366667915, 40.71792875585415], [13.965192658197035, 40.71707964239351], [13.964846660821678, 40.71316900741106], [13.964638505219384, 40.71204336100193], [13.963139785561824, 40.7105737841886], [13.96226797354932, 40.71018671782601], [13.961936887548855, 40.71012053397752], [13.961559069881119, 40.710272011534144], [13.9612254489296, 40.710439450494945], [13.958393893955217, 40.711016091605835], [13.954732610541456, 40.709072711581534], [13.954163744359493, 40.70728161679084]]], [[[14.252860665780073, 40.541263387967675], [14.25314500419436, 40.54122754221167], [14.253257107934958, 40.54113876361197], [14.253986502897705, 40.54023869191447], [14.253852353527858, 40.54009569656632], [14.25313925437498, 40.53964479804631], [14.252905766196566, 40.53956164642079], [14.252654180446067, 40.53958493534883], [14.25238240786997, 40.539681706972814], [14.25216103104664, 40.53983369598795], [14.252159385763745, 40.53994165397162], [14.252193295867615, 40.5406884197291], [14.252218353338629, 40.54084149210756], [14.252332991522328, 40.54097733369035], [14.252369563212172, 40.541019972471], [14.252761221489626, 40.541323991918844], [14.252860665780073, 40.541263387967675]]], [[[14.256589243002706, 40.54291267977385], [14.256447423044037, 40.5428976335978], [14.256218475783564, 40.54294797829216], [14.256045031231155, 40.543003405369625], [14.256437280215804, 40.54381618507502], [14.256522238063429, 40.54395771129123], [14.256577624461668, 40.54396313137422], [14.256660034511603, 40.543955924210515], [14.25675826432073, 40.54391993084616], [14.256966127215026, 40.54384292743957], [14.257063656092367, 40.543797968135415], [14.257080171128917, 40.54369818355812], [14.257083937098153, 40.54367099982422], [14.257056889927561, 40.54362720869829], [14.25694579794676, 40.54324515017463], [14.25693576552007, 40.54317358879021], [14.25684701423462, 40.543046248328594], [14.256589243002706, 40.54291267977385]]], [[[14.339879355375109, 40.569448657580764], [14.33974582935038, 40.5694338211926], [14.339693901534616, 40.5695302571008], [14.339701319943238, 40.56961927486974], [14.340146410138098, 40.569878910918106], [14.340257682386852, 40.56981214743351], [14.34030219071171, 40.569708292976415], [14.340057391324578, 40.56953025737786], [14.339879355375109, 40.569448657580764]]], [[[14.398383134151436, 40.58275544385786], [14.397741937616033, 40.582755443876884], [14.39712745789647, 40.58286230951222], [14.396833576003463, 40.58299589186693], [14.39651297786305, 40.58315619135684], [14.396085514232638, 40.583583655961256], [14.395845065445554, 40.583850820660295], [14.396085513647451, 40.5839309702954], [14.396593127567462, 40.58401111966986], [14.397100741417283, 40.58393097018948], [14.397741937628652, 40.58369052200269], [14.398516717077037, 40.583396639973664], [14.39891746359015, 40.58320962450348], [14.3989708969635, 40.5829958920096], [14.398757165347329, 40.58278216030424], [14.398383134151436, 40.58275544385786]]], [[[14.368922438996979, 40.58641124391097], [14.368950580033374, 40.58638935619125], [14.368959959880973, 40.586311188700485], [14.36897246659914, 40.58613609346074], [14.368954762034836, 40.58606085944209], [14.368823947856285, 40.58599851886448], [14.368523784295776, 40.58603916586618], [14.368484700841828, 40.58612358657456], [14.368459686362547, 40.586189247753126], [14.368497207700464, 40.586383102872816], [14.368515967736505, 40.586404990241626], [14.368550361155938, 40.5864425106117], [14.368744217506867, 40.58644876390529], [14.368797370392588, 40.586448763818936], [14.368891172397756, 40.58642687722546], [14.368922438996979, 40.58641124391097]]], [[[14.378182370493091, 40.589033640311996], [14.378072048555264, 40.587971659133714], [14.377786416266717, 40.58752765396659], [14.37746776123553, 40.58729480538905], [14.376974791172563, 40.58707009312487], [14.376445744773296, 40.58701856773677], [14.375510128552689, 40.58719563110498], [14.375212312381977, 40.587533481788675], [14.37529351331159, 40.58787078542996], [14.375388267626441, 40.58804644867634], [14.375768545392782, 40.58849230211792], [14.376181719095062, 40.58882840330208], [14.377165401025398, 40.589030277129176], [14.377575570691096, 40.58909214077568], [14.3777255303782, 40.58911214991789], [14.378182370493091, 40.589033640311996]]], [[[14.035626721493811, 40.7997927005273], [14.036196005739468, 40.79957758007238], [14.037257734272998, 40.79915566029011], [14.037389925276969, 40.79908875002864], [14.038362664740857, 40.79845329084341], [14.038362139630449, 40.79840097677799], [14.038087151048007, 40.798301017270944], [14.03639294979909, 40.798332225853166], [14.03617191136897, 40.79835759048963], [14.035849303009797, 40.798395714596566], [14.035637825058632, 40.798584396717594], [14.03532032277669, 40.7990941301414], [14.035284797057995, 40.799488341334424], [14.035241372406334, 40.80001624827941], [14.03532051266882, 40.800316197749204], [14.035523273444547, 40.80031789204265], [14.035634697398052, 40.80003768668616], [14.035649117038417, 40.79986550033974], [14.035626721493811, 40.7997927005273]]], [[[14.18747272612918, 40.79207534849887], [14.187583804722472, 40.79205906380861], [14.187546176873077, 40.79190287543978], [14.187096168122567, 40.79121590385609], [14.186987401820174, 40.79115314150703], [14.186840415485202, 40.79117104407604], [14.186737805510313, 40.79121433481015], [14.186414845582062, 40.791394830653736], [14.186363306204429, 40.791440652218036], [14.186365111608309, 40.79154529010452], [14.186407244687606, 40.79175927326065], [14.186606747252037, 40.79206121713117], [14.186686961931848, 40.79216554319885], [14.186780567547123, 40.7921865690036], [14.186817424722314, 40.79218122995467], [14.18747272612918, 40.79207534849887]]], [[[14.160068793838235, 40.79782610317243], [14.159874532821778, 40.79780667699142], [14.159913385436104, 40.79794265958286], [14.160107645007473, 40.798136919862735], [14.160360184285427, 40.79824376248425], [14.160709852546201, 40.79825347519553], [14.160797268842149, 40.798166058263014], [14.160680712895989, 40.79808835420663], [14.160068793838235, 40.79782610317243]]], [[[14.279652886862607, 40.83735161431997], [14.28250492387789, 40.83617570650177], [14.288115536387249, 40.83386209557966], [14.289289425426176, 40.83337797283886], [14.290112873655694, 40.83303836267249], [14.299670636226008, 40.82621730405847], [14.299488858490484, 40.82606798478723], [14.29351518376663, 40.83040013824934], [14.290016091631559, 40.83293867543594], [14.289196119692608, 40.83327651894142], [14.285448045625438, 40.83482067563708], [14.279815295043818, 40.83714093160194], [14.279371519042733, 40.83704807731432], [14.278489453022651, 40.835759345047535], [14.279380593750744, 40.83730487325283], [14.279652886862607, 40.83735161431997]]], [[[14.018964281861754, 40.76754092772947], [14.019088877905093, 40.76741301059269], [14.019139207085404, 40.76736151924529], [14.019543399200131, 40.767110140357836], [14.020583628903072, 40.766587346594505], [14.020619833328007, 40.76657694049309], [14.021069247637834, 40.76644936549986], [14.021548876099773, 40.76632966868784], [14.021935641218956, 40.76624951575575], [14.022307604909303, 40.76620627429357], [14.03010498148152, 40.76602742790572], [14.03345620180445, 40.76633777410761], [14.03536175147788, 40.76509592985452], [14.036269007436408, 40.76427521376247], [14.03634821678842, 40.76214069701726], [14.035632109929443, 40.76093140915429], [14.035562302166774, 40.76082222566399], [14.032794131679212, 40.75858913063811], [14.032506641954239, 40.75839039049867], [14.032353665978892, 40.758333659454884], [14.032176880127501, 40.758326274499154], [14.032062804768016, 40.758405072617215], [14.031869539440018, 40.75949559287765], [14.031701443441023, 40.760518816421246], [14.031677220024807, 40.761076953664734], [14.031698556997837, 40.761310245543804], [14.031645457980373, 40.761476834982666], [14.031330303425456, 40.76163851031782], [14.03112849173027, 40.761649101021376], [14.030483010230807, 40.761662081427524], [14.030022831033811, 40.761633599761524], [14.029073593972901, 40.76151524989868], [14.028044130205979, 40.76131024449992], [14.02703827344829, 40.761002895191254], [14.024292620500168, 40.75972004378396], [14.02272407464923, 40.75886631828714], [14.022325694805831, 40.758531626201595], [14.022038871989832, 40.758289903314974], [14.020837229351972, 40.75718145567292], [14.020321590455074, 40.756594204736494], [14.020164895278985, 40.756279966167675], [14.020055706307827, 40.75602747342235], [14.019889448415606, 40.75526526352024], [14.019869671722633, 40.75496444555567], [14.019867101479441, 40.75459015327845], [14.019894355453403, 40.75438178432589], [14.019961932789588, 40.754173740399104], [14.019546657182971, 40.75117846584111], [14.016076317931619, 40.750220012028386], [14.015194751245891, 40.749844372358574], [14.014666176101382, 40.74959442790719], [14.014234458309486, 40.749339191751176], [14.013139997967443, 40.74863651718089], [14.012940255525804, 40.74687388699637], [14.013556025100382, 40.74450465368701], [14.013705918389137, 40.744174645649515], [14.014104053506077, 40.74346677041783], [14.014213445598633, 40.74330425980397], [14.014466177965435, 40.742929497161434], [14.014744223670634, 40.74266803457149], [14.015037922529515, 40.7424373828634], [14.015738450763182, 40.7419586480262], [14.016130621310543, 40.74161796881913], [14.01645103316711, 40.74121004456136], [14.017384648327392, 40.73992100292168], [14.017618115485245, 40.739431997627854], [14.017412353996225, 40.73928340464392], [14.017282287363033, 40.739230675387226], [14.017176623619386, 40.739233503814575], [14.016963794599793, 40.7392398290456], [14.016874705603506, 40.73924277403261], [14.016788392796338, 40.739245677205815], [14.016697368173267, 40.73924927902555], [14.014221021470686, 40.739878209742145], [14.014057570749292, 40.73992316222088], [14.013956582627257, 40.73995099301378], [14.013853114552058, 40.73997954756312], [14.013467961484743, 40.74008631977378], [14.013136250952556, 40.74019955193121], [14.012220940737413, 40.74061649140377], [14.010245223232278, 40.742083469244605], [14.00981062699251, 40.742570586918376], [14.009657437330851, 40.742779617194415], [14.009239640820187, 40.743553509648414], [14.007207998204754, 40.74840157073267], [14.001059013218544, 40.74688262279692], [13.996825602734956, 40.743262196489276], [13.99737784052394, 40.741916467222985], [13.997711471240239, 40.74011621746434], [13.997429466722796, 40.74010148331446], [13.99707427531361, 40.74012908876682], [13.996549197693396, 40.74019200247176], [13.996032100714604, 40.74026113105345], [13.993128516452915, 40.74084326471443], [13.99299639920442, 40.740894114999435], [13.992826947870606, 40.74098250393035], [13.992559347841725, 40.7411573505018], [13.990257956578699, 40.74297176652111], [13.990168063896464, 40.74305074725666], [13.991373569555982, 40.745987951150695], [13.991451523091374, 40.74616656581655], [13.99186775269527, 40.74690647830474], [13.991986567771026, 40.74704863636839], [13.993154921197043, 40.74818163009911], [13.993895574937742, 40.748801658925345], [13.994463835376191, 40.749088849979586], [13.994664230885881, 40.74917035989228], [13.994784980053911, 40.74918367023328], [13.995075735499706, 40.74915552936096], [13.99628026343625, 40.74884547038406], [13.999027195401865, 40.748091611475914], [14.001380556898399, 40.747498901428386], [14.001599165762775, 40.747481526906014], [14.001805200053683, 40.747465152075705], [14.001842128412479, 40.7474624600114], [14.001883144652997, 40.747459626339996], [14.002011987542858, 40.74747604648902], [14.002160517107459, 40.747667585312236], [14.002233721896527, 40.7477635335061], [14.003007849672032, 40.748792224602255], [14.005477676321068, 40.752344760250615], [14.006039487655041, 40.75322020170965], [14.008505488913016, 40.757149777112176], [14.009452246121596, 40.75917205960385], [14.009352984772928, 40.75971346887118], [14.008303242938176, 40.7609888978582], [14.009829510396912, 40.76883204108583], [14.016253075039884, 40.770373266767706], [14.017034729084658, 40.770010584774056], [14.018964281861754, 40.76754092772947]]], [[[14.463892703075844, 40.72986235625898], [14.464073125204242, 40.72977161324536], [14.464246825069042, 40.72965617820186], [14.464240699097676, 40.72952427170096], [14.464141587474467, 40.72940392575026], [14.463792510074814, 40.72898460638271], [14.463699830750011, 40.728885392451474], [14.463602467144863, 40.72884356718571], [14.463211511045328, 40.729001471772136], [14.462686909168484, 40.72932530879951], [14.46259001199826, 40.7293974205457], [14.462578215176254, 40.72944300421121], [14.462994150822464, 40.72984427671615], [14.463892703075844, 40.72986235625898]]], [[[15.360680063205283, 39.996088312443106], [15.360455399186979, 39.99591651030122], [15.360243950137175, 39.99594294124496], [15.36003250174032, 39.99611474370027], [15.359953208964908, 39.996194036691925], [15.359873915654523, 39.99664336521408], [15.359913562897333, 39.99678873602249], [15.360547908170913, 39.99721163259574], [15.360719709999794, 39.99723806413209], [15.360917942525138, 39.99718520161797], [15.361116175717024, 39.99711912375839], [15.3612483310254, 39.996894459868976], [15.36127476209833, 39.99680195101942], [15.360944374260024, 39.99632619200133], [15.360680063205283, 39.996088312443106]]], [[[14.900253749408652, 40.25039911805908], [14.899757960080981, 40.250199492475005], [14.899481261746958, 40.25033030270336], [14.89983591670718, 40.25140391252228], [14.899911698561354, 40.25158866253857], [14.90017068015125, 40.25177833012397], [14.900536859438619, 40.25195679518602], [14.901040985975309, 40.25196037096584], [14.900253749408652, 40.25039911805908]]], [[[15.294873535731895, 40.02368270172876], [15.294693554216177, 40.02354487383387], [15.294394145486851, 40.02358977938301], [15.294285007068655, 40.02376447797879], [15.29405301482566, 40.024018837084405], [15.293968563070564, 40.024088896132746], [15.294008619944808, 40.024254099178584], [15.29409946848524, 40.02426085341253], [15.294611294843982, 40.02413041193831], [15.294854043717326, 40.0238742734038], [15.294873535731895, 40.02368270172876]]], [[[14.430892618925737, 40.580726309907256], [14.431123437835046, 40.57959663487125], [14.431009510592789, 40.57938101961712], [14.430802109611923, 40.57932452460815], [14.430599459549226, 40.579304603618034], [14.43044540696462, 40.579311867415704], [14.430187089795476, 40.57936826269326], [14.42985146666467, 40.57947251688034], [14.429685021004696, 40.57961301022032], [14.429121574056854, 40.58014564659387], [14.428958397809751, 40.580378293730654], [14.428923331008304, 40.5805656520707], [14.429013496543424, 40.58067636238093], [14.429636626657175, 40.58073247029739], [14.430009933497246, 40.580759086220915], [14.43057918575721, 40.58077056596557], [14.430892618925737, 40.580726309907256]]], [[[14.431229270125264, 40.58225502883931], [14.431252539018177, 40.58206527878958], [14.431030386609743, 40.58175740345236], [14.430643340002947, 40.58146614544679], [14.43035770012786, 40.58137644506337], [14.430125423101964, 40.581372657631285], [14.428710892602641, 40.58175582367186], [14.428460942346602, 40.581919807933424], [14.428516166581106, 40.58207638127448], [14.428636389964629, 40.58222399497221], [14.429092481798596, 40.582556219920164], [14.430871438465056, 40.58241928752926], [14.431144457731309, 40.58235335478372], [14.431229270125264, 40.58225502883931]]], [[[14.436123226099424, 40.58322170582205], [14.436496981419825, 40.58283819549488], [14.436711493732352, 40.582525084049195], [14.437249543588326, 40.580933308753835], [14.437033073421118, 40.58076059336466], [14.4367966518766, 40.580739795733486], [14.436403344711595, 40.58076173684247], [14.436005092204589, 40.58084341849269], [14.43206255119122, 40.58289308312356], [14.432228577516456, 40.583091054099725], [14.433640433980907, 40.58404202481267], [14.433898489596757, 40.58417276676697], [14.43411973215027, 40.58421949566324], [14.43453333761508, 40.584234279466095], [14.434994677593926, 40.58409817428838], [14.435570978631267, 40.58380800856133], [14.435819466032346, 40.58363621235679], [14.436123226099424, 40.58322170582205]]], [[[15.627783168921168, 40.05383210523542], [15.627559883765636, 40.05383210490789], [15.627437077011255, 40.05396607542114], [15.62732543494352, 40.05415586839791], [15.627336598770981, 40.05428983918264], [15.627470569956332, 40.054379153201964], [15.627671526225745, 40.05432333187019], [15.627838990409991, 40.05410004701576], [15.627783168921168, 40.05383210523542]]]]}}, {"type": "Feature", "properties": {"id": "abruzzo", "name": "Abruzzo", "region": "Abruzzo", "grapes": ["Montepulciano", "Trebbiano", "Pecorino", "Passerina"], "key_appellations": ["Montepulciano d'Abruzzo", "Trebbiano d'Abruzzo", "Colline Teramane"], "desc": "Montepulciano d'Abruzzo is one of Italy's great value reds \u2014 juicy, structured and widely available."}, "geometry": {"type": "Polygon", "coordinates": [[[13.941015151497899, 41.68797275205532], [13.918534803959698, 41.71843360556933], [13.827615861881169, 41.73917880452765], [13.779391539248453, 41.74689873342521], [13.731344462192485, 41.78693918017828], [13.707355541460108, 41.7876099926438], [13.642761520780406, 41.79218442070945], [13.59296023395948, 41.76804301755808], [13.564203640345198, 41.759579376422856], [13.505681688311821, 41.80125450040846], [13.416902286200436, 41.8346655962404], [13.375482739338441, 41.82380979052816], [13.365868268481156, 41.92159835561408], [13.323928634551404, 41.94354330133195], [13.245546166037832, 41.97062689613395], [13.115901545694093, 42.02143152303784], [13.1013239605844, 42.009748279846356], [13.01896453595576, 42.07397604053908], [13.086936635236238, 42.1460807067867], [13.169252941893532, 42.151546112614035], [13.212636639383023, 42.1456906999216], [13.307745466474948, 42.14341325314861], [13.344833341981012, 42.164788087916016], [13.3537589441583, 42.19177973645889], [13.299792304876659, 42.23062617508712], [13.230103004555032, 42.28548343007542], [13.195098509243401, 42.33112392347017], [13.169506460799767, 42.37006991145305], [13.126243587820575, 42.452424602241734], [13.173264934127836, 42.51447455615508], [13.192348780079515, 42.58404167012333], [13.285349806986067, 42.579414977980996], [13.380625974013025, 42.58092507381184], [13.409088332179417, 42.63609195347122], [13.366242001813093, 42.69307970833726], [13.434456870760497, 42.69997536000787], [13.502229018314331, 42.74669089085662], [13.534471761956215, 42.81656790768305], [13.6190430082194, 42.814315153853464], [13.630488314562287, 42.80554759153743], [13.701285454923802, 42.827841262427036], [13.762927700285283, 42.85867928088626], [13.815011062830104, 42.87673776646698], [13.898103796665772, 42.89289112913911], [13.93098262644166, 42.84137959111713], [13.99110925009283, 42.71675719394156], [14.079660621051776, 42.59645807398307], [14.149925369959993, 42.524637288429176], [14.240471049576898, 42.45550795218263], [14.394702371025355, 42.368044533791256], [14.424327758563289, 42.33125083057396], [14.48823313031138, 42.28249406898399], [14.550242629621156, 42.23069531137002], [14.695836670559421, 42.17558145138582], [14.718687016268019, 42.11166604635484], [14.76078031486233, 42.077058998822096], [14.782606713272639, 42.03263853562152], [14.741730995521692, 42.00743987405376], [14.678177416396165, 41.95404332247867], [14.666799433654212, 41.93541955998488], [14.627681390273175, 41.895931315026885], [14.598991759721546, 41.86302217231806], [14.593154598729393, 41.84838981128094], [14.576241343282392, 41.82682312249942], [14.542085266367792, 41.807290218335574], [14.497397683721054, 41.770765293259934], [14.480031273936468, 41.7613714090981], [14.46329075439234, 41.776392530034045], [14.396906084682303, 41.86988601921986], [14.365975171276201, 41.87721529236481], [14.33371295000374, 41.87989592012799], [14.30338453807655, 41.89371010881075], [14.22656126657224, 41.87477771124347], [14.187069954390722, 41.843557855538016], [14.176796477384187, 41.77372469836737], [14.194499812447567, 41.7578007115903], [14.175498040111126, 41.764131591168315], [14.161177613476351, 41.75472466987339], [14.116576607211734, 41.734305720140334], [14.108743673338045, 41.70775827637559], [14.062530523113251, 41.727937353574326], [14.024194998633044, 41.697131249969374], [13.962117215597836, 41.69598193841398], [13.941015151497899, 41.68797275205532]]]}}, {"type": "Feature", "properties": {"id": "molise", "name": "Molise", "region": "Molise", "grapes": ["Montepulciano", "Tintilia", "Trebbiano"], "key_appellations": ["Biferno", "Tintilia del Molise"], "desc": "Small region with solid Montepulciano and the local Tintilia grape."}, "geometry": {"type": "Polygon", "coordinates": [[[14.419325107763703, 41.435146756726795], [14.351134277454024, 41.45052103967998], [14.327474598298268, 41.45336957591512], [14.289276951292083, 41.473232421055926], [14.241673032174127, 41.495660094291736], [14.16818812786661, 41.49550618202834], [14.120757826141032, 41.50699650265375], [14.105229949200941, 41.42325382308131], [14.083463024635549, 41.40014597024487], [14.006599690854923, 41.42435352609004], [14.007952833771345, 41.450133896773295], [13.973424070694302, 41.492348393153144], [13.998592579844082, 41.51392941065356], [14.005346324066773, 41.538483663947794], [14.00415944546183, 41.56653018495041], [13.998820063974641, 41.57487974617924], [13.993055590633858, 41.64097986651376], [13.941015151497899, 41.68797275205532], [13.958250204851087, 41.69583865266392], [14.018726567349418, 41.682106072757115], [14.05303530832393, 41.718573642287666], [14.086723518785304, 41.73912720270784], [14.122689140986681, 41.72986941348398], [14.115443515530933, 41.735397765268765], [14.16357862230832, 41.75947097929089], [14.175725023870175, 41.76340641067617], [14.194039509170253, 41.75613766014109], [14.180603301692807, 41.77341309316376], [14.147157881831246, 41.827297314866975], [14.200460578752566, 41.85043240409155], [14.27772639147564, 41.90830499949231], [14.31508030626809, 41.89341089010175], [14.34494117007574, 41.86260967229252], [14.373790602961636, 41.879462495974785], [14.397207080253581, 41.869813317042365], [14.464419328141522, 41.77700714631401], [14.459497996862055, 41.76264451054845], [14.496508398502504, 41.76855568460561], [14.533649612448446, 41.79284898165809], [14.563839772983178, 41.81954501080564], [14.5834158399363, 41.84033229555306], [14.5970378700473, 41.850339213778206], [14.600029336459832, 41.86478084769684], [14.627681390273175, 41.895931315026885], [14.667034834617617, 41.93464319357256], [14.672348815062849, 41.94962884555271], [14.723708719926188, 42.000001192727865], [14.776552938110832, 42.026359574009945], [14.762302120448853, 42.044595918484646], [14.845460137805514, 42.039944252151415], [14.995023186380143, 42.005085261083714], [15.003904492228495, 41.99164089621566], [15.058186505354257, 41.960442004378976], [15.137694599968901, 41.92644797987494], [15.13558655536647, 41.915389664577184], [15.11920519795502, 41.85589227049851], [15.109004221086202, 41.82112553139126], [15.116052222672637, 41.804204801592434], [15.103926523098778, 41.749004044568856], [15.150993724438948, 41.710828428970714], [15.117067101475632, 41.69375147679801], [15.104061741632062, 41.67801319902702], [15.094425412235514, 41.6746875096079], [15.085845399995804, 41.675062708591355], [15.054185904037912, 41.65949207697868], [15.04195836491971, 41.63662460059863], [15.009140562524744, 41.622121110189156], [14.936793882710145, 41.62320311164931], [14.940829716329597, 41.55604965241624], [14.966394418441656, 41.519007312314606], [14.983049252355283, 41.46996893290076], [14.874601773892161, 41.43350174331721], [14.823127789877182, 41.43585625929028], [14.784939317808877, 41.45209337013514], [14.772652943886161, 41.435838773655014], [14.731889460477921, 41.40575609786967], [14.703777351419287, 41.40759438304775], [14.661697455392662, 41.393714477584254], [14.62952231068191, 41.38098946946102], [14.524584086171476, 41.38513735986435], [14.497181561116243, 41.38822274915221], [14.482411269668889, 41.41398318302405], [14.438616060604563, 41.42728089531261], [14.419325107763703, 41.435146756726795]]]}}, {"type": "Feature", "properties": {"id": "puglia", "name": "Puglia", "region": "Puglia", "grapes": ["Primitivo", "Negroamaro", "Nero di Troia", "Bombino Bianco", "Verdeca"], "key_appellations": ["Primitivo di Manduria", "Salice Salentino", "Castel del Monte", "Gioia del Colle"], "desc": "Sunny southern reds. Powerful Primitivo and Negroamaro, increasingly refined and value-driven."}, "geometry": {"type": "MultiPolygon", "coordinates": [[[[15.098313051453454, 41.39056853693038], [15.08352711315906, 41.43235586455291], [15.002071208754552, 41.49211065293407], [14.948143657254587, 41.5868918590996], [15.023597708999015, 41.62902250196352], [15.0600707770129, 41.65983538746924], [15.10386398601895, 41.6729188107322], [15.12138470671029, 41.6954507479911], [15.107821645378941, 41.7483957083935], [15.108798110016153, 41.821298557201125], [15.135559628165824, 41.915139119741895], [15.23297712828728, 41.918792843808916], [15.486466669936929, 41.906740654682174], [15.823919028161844, 41.922925669246176], [16.009249337485468, 41.947902745510426], [16.14617138249337, 41.911105879218056], [16.18999559826531, 41.77739356529965], [16.102277326589167, 41.727478982132425], [16.014631167305332, 41.669627519654334], [15.91238388600332, 41.623297603704756], [15.916639643486716, 41.508764174550045], [16.13360495238565, 41.386153399532816], [16.297618225941026, 41.32146699776908], [16.50501085851199, 41.24698272096153], [16.652061776183558, 41.191239483134524], [16.84796817796687, 41.13779755380897], [16.87214133424594, 41.13412284045063], [17.16374121773359, 41.03060665063365], [17.280088834259704, 40.97090492310976], [17.468204211396564, 40.83940502105953], [17.683308586976672, 40.76652159812441], [17.92477320433049, 40.67961725975907], [17.945472145759513, 40.674485460036024], [17.93341107656957, 40.63910200435519], [18.015446233884152, 40.63845556378567], [18.03501467849081, 40.56884132281819], [18.123267269778175, 40.49645769832284], [18.259694867698414, 40.4239120282276], [18.42949416102082, 40.28652497011622], [18.457838171102328, 40.209131996657064], [18.506717141298452, 40.12630334784969], [18.423498074312313, 40.000527624230735], [18.394464436069242, 39.868340215626446], [18.36346642350307, 39.79645600927192], [18.265629756803836, 39.83568569319666], [18.04070939948559, 39.937568625925294], [18.011389354742544, 39.99915037643527], [17.974677407207093, 40.05809671498898], [17.998424304304177, 40.12140662502763], [17.910118494582214, 40.23629277828959], [17.896170614679978, 40.25962461015573], [17.843256420356173, 40.284536560175475], [17.73774153563202, 40.29703901989146], [17.49307078080292, 40.31042338870445], [17.365428462942297, 40.34938414814584], [17.227115962444863, 40.423508489658474], [17.15387630840706, 40.49990905689554], [17.040544082405898, 40.51125873642236], [16.816374792107567, 40.42921217271231], [16.719991433149303, 40.48210311795517], [16.70573511815776, 40.5543965642907], [16.721818827273594, 40.71201500011103], [16.61434846155166, 40.752904180557614], [16.561140314532498, 40.746368796149895], [16.481670949176596, 40.73917510474515], [16.24353145049869, 40.83811603260522], [16.16027632694749, 40.92544018378207], [16.10386028959797, 40.912265817527945], [16.00835316972779, 40.97209169237972], [15.991056501993167, 41.06570563736078], [15.931784628162953, 41.109014516173836], [15.846116419152581, 41.124884044190246], [15.803571825107282, 41.11089348062781], [15.750342101085385, 41.09806505467902], [15.563988422566247, 41.089400973636884], [15.477859427191449, 41.07860820702791], [15.343335954755535, 41.095490304438336], [15.215207815874926, 41.17031693521527], [15.256814763949876, 41.26555180545177], [15.198567577600178, 41.28116785847545], [15.130331125979, 41.31498957239171], [15.09636023673021, 41.390304159933834], [15.098313051453454, 41.39056853693038]], [[16.633764099740905, 40.75478101392111], [16.63376065809384, 40.754398452566136], [16.633814639743782, 40.754166665234735], [16.63495509382303, 40.75370293836504], [16.63581262059942, 40.75336696288544], [16.641187009069466, 40.75177655816227], [16.642123627319144, 40.75162951409281], [16.642293061419586, 40.75160391900164], [16.6458604120278, 40.7525493123866], [16.646456190918737, 40.754151529388096], [16.646434872308642, 40.75471075539229], [16.646290846346524, 40.754869259284106], [16.645951900799496, 40.75524227071413], [16.64544693777727, 40.75533440360027], [16.643049700732295, 40.75575054852211], [16.641493412356038, 40.755926196594864], [16.63620879591206, 40.75795094478232], [16.633764099740905, 40.75478101392111]]], [[[15.501039723033067, 42.12330216600256], [15.500916900764565, 42.123077387963086], [15.500079749045048, 42.121606160915654], [15.499689054895178, 42.12136286934233], [15.49819299340035, 42.12154022778761], [15.497842064582652, 42.1217771339256], [15.496945849831533, 42.1224868902594], [15.497243366020225, 42.122654063372345], [15.49769324293622, 42.12288499686949], [15.499827703796575, 42.12347913500913], [15.50030494694809, 42.12359374274079], [15.500633663302713, 42.1235570384284], [15.501039723033067, 42.12330216600256]]], [[[15.493115763960581, 42.12301840119156], [15.494741098447554, 42.121233379431274], [15.496849258807853, 42.11978322078117], [15.494653494604377, 42.11509414185955], [15.493153321683495, 42.112356543443774], [15.49187192490404, 42.11011073443465], [15.490791695095368, 42.109002820844495], [15.490324348769477, 42.108700275296286], [15.483121270405626, 42.10419260402675], [15.482152455489686, 42.10384929087471], [15.480828860198976, 42.10397267294661], [15.47925805579879, 42.104720014534436], [15.47729656801123, 42.10571948172002], [15.47668821379703, 42.10632157157658], [15.476498186721741, 42.10703439633062], [15.476451466628507, 42.10728681367727], [15.476268833347122, 42.111624807807566], [15.480242282388554, 42.11472823322435], [15.48553743088416, 42.11955913483887], [15.487318124903547, 42.12181396521458], [15.487094295621237, 42.12227670767821], [15.486904159931635, 42.12269253391743], [15.487158691062257, 42.122942181122475], [15.487209938662994, 42.122992445018426], [15.487871215927324, 42.12357594198375], [15.488196738238065, 42.12377347171429], [15.48981566776373, 42.12467609570787], [15.491599496354974, 42.125240802546244], [15.492516848882916, 42.12360455825238], [15.493115763960581, 42.12301840119156]]], [[[15.509841173843801, 42.121770823474904], [15.50501731711071, 42.119457504000174], [15.505196981042621, 42.122343229469], [15.513662060952102, 42.12856898068574], [15.513713141297544, 42.12858770425925], [15.51416081768708, 42.12873821229964], [15.514362152094524, 42.12875598369927], [15.515504062244093, 42.12883712269384], [15.51583524964824, 42.12879324490959], [15.515891742947446, 42.12878576016268], [15.517303204925064, 42.12821997058109], [15.51752502894074, 42.128056446501304], [15.517989769843263, 42.12755450370396], [15.517407120346983, 42.12609364095192], [15.51735039137552, 42.12595511800809], [15.517281955489793, 42.12578800970604], [15.509841173843801, 42.121770823474904]]], [[[15.51579610722597, 42.1400012460087], [15.517649185189109, 42.13845568753193], [15.51630752507034, 42.136084053888624], [15.512311474698558, 42.132857925172374], [15.508988726165768, 42.12970805100385], [15.508876991564566, 42.12941514589979], [15.508234157425498, 42.129337010380986], [15.508204020641893, 42.12936730891802], [15.508004024163995, 42.129568385455734], [15.507850417354103, 42.129779649685105], [15.507753054265264, 42.13247863745253], [15.507765135902007, 42.13280197313469], [15.507961521216782, 42.13435914623286], [15.508135598384692, 42.13481726332349], [15.509977638342853, 42.13779503036677], [15.510947586477982, 42.138871801681354], [15.511285449651854, 42.13911994233525], [15.51231680713626, 42.139549593106246], [15.513096554791487, 42.13978190956358], [15.5141632332898, 42.1400113609887], [15.51449923740983, 42.140070331904596], [15.51579610722597, 42.1400012460087]]], [[[15.744211574909569, 42.22645049054744], [15.744364047715173, 42.22643248352643], [15.746183565444573, 42.22609322849927], [15.75128517147026, 42.22595592259767], [15.751467859683078, 42.22590911827478], [15.751613043901521, 42.225794779689295], [15.75172116986261, 42.225673632068], [15.751504516838741, 42.2249506718785], [15.74970661694377, 42.223709185201294], [15.749432116277617, 42.22357690883925], [15.748854810877017, 42.22335902799251], [15.748574391810726, 42.223275142317306], [15.748356267885747, 42.223226491456565], [15.748141965990552, 42.22323240750908], [15.74743529616006, 42.22341817799583], [15.744532032638865, 42.22452124991962], [15.743788564060356, 42.22487792753167], [15.743672587337446, 42.22511878438843], [15.743588811490245, 42.22532624066612], [15.743548487403867, 42.225515377138905], [15.743626069093445, 42.22641082365261], [15.744211574909569, 42.22645049054744]]], [[[16.199020476627243, 41.81399444653311], [16.199196298272543, 41.81394170018865], [16.19916113365574, 41.81380104192332], [16.19895014698018, 41.813607637827026], [16.19882707120266, 41.81351972684522], [16.1987039964697, 41.81346697998322], [16.198528173502865, 41.8134669795897], [16.198387516118384, 41.81357247307596], [16.198088618400377, 41.813818624609155], [16.19807103561927, 41.8139592826513], [16.198299604644593, 41.81409993984936], [16.198457845207088, 41.81418785080128], [16.199020476627243, 41.81399444653311]]], [[[16.20001558649514, 41.814431334415204], [16.199657298798346, 41.814358668217885], [16.199430205123463, 41.814564737817925], [16.199581627135217, 41.81495869634962], [16.199862749355304, 41.81547671719067], [16.19999599103144, 41.815670709564046], [16.200469238925002, 41.816057570409384], [16.200600980702838, 41.81609688945622], [16.200956508166158, 41.816119030453386], [16.20130625934103, 41.81586793037523], [16.201461409592174, 41.81575016284332], [16.201507548440482, 41.81562576686098], [16.201534399274173, 41.81519993767695], [16.200301521964224, 41.81456808472412], [16.20001558649514, 41.814431334415204]]], [[[16.189099690323058, 41.84424597657799], [16.188898667044807, 41.84393015675931], [16.18881442386373, 41.84384996551211], [16.18864608548021, 41.84382456024461], [16.188263113208848, 41.8437901613872], [16.186970729936856, 41.84445632372307], [16.18669963803751, 41.8448694272065], [16.18670569819825, 41.844950039180105], [16.186713740645907, 41.84502152632462], [16.187103756642216, 41.84511848104301], [16.18752166001462, 41.84507106730323], [16.187941246664234, 41.8450207995592], [16.188063558933713, 41.84497710850158], [16.18815529552935, 41.84494433839769], [16.18867905553275, 41.84473249216277], [16.189036237835847, 41.8445109451617], [16.189099690323058, 41.84424597657799]]], [[[16.18307355773276, 41.8908943641953], [16.18313581164432, 41.89085895214587], [16.18347143927729, 41.89063086449882], [16.183593054630386, 41.890543286974456], [16.183957914724388, 41.89027180005917], [16.18462711230265, 41.88977075390538], [16.1856423145834, 41.88854600048715], [16.18567410236365, 41.88845400904518], [16.18566903842421, 41.8883823333233], [16.185663379583687, 41.888342932249614], [16.1853454561326, 41.88778174184677], [16.18530854323543, 41.88774806740702], [16.185276129892483, 41.88772760796218], [16.185237233908005, 41.887703056614015], [16.185062737040035, 41.88762404011161], [16.184952563579216, 41.887581474455025], [16.184787066349564, 41.88752888932692], [16.184743701139936, 41.88751811781776], [16.184679674852607, 41.887524394483], [16.184604400827773, 41.88756279771065], [16.18344888261563, 41.88869295266612], [16.181577827006176, 41.890686933020596], [16.18154348704476, 41.89072958866836], [16.181534575105324, 41.89078414468342], [16.18158304115132, 41.89082459407374], [16.181638802929907, 41.890854085306145], [16.18172405556531, 41.890889221594314], [16.181992192142506, 41.890917359634905], [16.18307355773276, 41.8908943641953]]], [[[16.11179965104619, 41.92850292277141], [16.11191406062579, 41.92838780621838], [16.111942399904365, 41.92834479459167], [16.111991348196497, 41.928270501034035], [16.111955439435146, 41.92819174241228], [16.111825779464844, 41.9280828227357], [16.11171856349411, 41.928040001595406], [16.111491664839402, 41.92797763288565], [16.11141682927708, 41.92797870907495], [16.111115667969614, 41.927983041981165], [16.110185649400417, 41.928126428490586], [16.109768261767552, 41.92819290506654], [16.109538374524274, 41.928238711155146], [16.109382291246618, 41.9283789176676], [16.10953067838175, 41.928493681652654], [16.109715409258513, 41.92855617066965], [16.110784650979184, 41.9288772055139], [16.11099951376804, 41.92888571249327], [16.11134858260688, 41.92877398739465], [16.11138589427072, 41.9287573653325], [16.11147773712005, 41.928716449859664], [16.11179965104619, 41.92850292277141]]], [[[17.23614361953157, 40.99413495600382], [17.235967797280534, 40.994047044515185], [17.23584472133556, 40.99413495609017], [17.235721645890383, 40.99425803189054], [17.23566889943, 40.99439868977768], [17.23572164626619, 40.99460967664806], [17.23635460621158, 40.995084396399626], [17.236530428311983, 40.99513714375609], [17.23660075801798, 40.994820663232396], [17.23660075819509, 40.99462725867904], [17.2364425181425, 40.994381107545884], [17.23614361953157, 40.99413495600382]]], [[[17.177210538128044, 40.43908821867797], [17.177561249358686, 40.43905202857197], [17.178064453908885, 40.43897118149314], [17.178392368739257, 40.4386195175487], [17.17852605295409, 40.437327238106235], [17.176382392777892, 40.4377035452076], [17.175557662430474, 40.4379034317193], [17.175138010490688, 40.43807175642971], [17.174600888001795, 40.438329958537096], [17.17403035786355, 40.43871952019904], [17.173991908446553, 40.43875901202177], [17.173657134657244, 40.439102880454534], [17.17361937787212, 40.43920001462602], [17.173515998510908, 40.43946597187072], [17.17339365435484, 40.439814232334726], [17.173352371727013, 40.44003079591587], [17.173405219539575, 40.44012265765497], [17.17362088053152, 40.44039845453923], [17.173746809891487, 40.440541775387814], [17.174632538254933, 40.44068172177571], [17.174674252545298, 40.440626813125085], [17.177210538128044, 40.43908821867797]]], [[[17.160640068320618, 40.45375035990499], [17.160703455690022, 40.45353838857953], [17.160817704927954, 40.45333953061781], [17.162296915767605, 40.451064566941255], [17.163819768289436, 40.449647549767995], [17.164503845983994, 40.44946398408016], [17.166039227025408, 40.44873414962466], [17.166992263138255, 40.448072704285906], [17.166909295578893, 40.44802899674419], [17.166825490185616, 40.447984847722886], [17.16647327493237, 40.447799301850054], [17.163735692779337, 40.44673472386671], [17.157211475306003, 40.444738367319914], [17.156720970673305, 40.444674272569216], [17.156222998051145, 40.44469390782457], [17.15354472787619, 40.44488863252621], [17.151865331356568, 40.44545537388589], [17.15101013277957, 40.44585339501923], [17.143293266896592, 40.450509368054476], [17.145882220787264, 40.45077988452937], [17.15920085807164, 40.455516690102435], [17.16075044729862, 40.45431818055452], [17.160640068320618, 40.45375035990499]]], [[[18.02724891976233, 40.642876136442005], [18.027137232041717, 40.642857905326856], [18.02709123095689, 40.642888559445694], [18.02700637348098, 40.64298065771263], [18.027087399462687, 40.64307768067526], [18.027253559789706, 40.64312753200096], [18.02751131800246, 40.64315669921012], [18.027340832429456, 40.64292280411576], [18.02724891976233, 40.642876136442005]]], [[[18.002550002233004, 40.653898088598865], [18.00245766250009, 40.6538918465663], [18.002261060753742, 40.65396576377847], [18.00221811639133, 40.65404108483576], [18.002384253697848, 40.654657495204766], [18.00241320906796, 40.65471815739068], [18.002596320743734, 40.65491510983837], [18.003062708660362, 40.65508973945454], [18.003228884474037, 40.65513962587215], [18.003366920580483, 40.65515575408196], [18.003395911070744, 40.65510853190541], [18.003409142683346, 40.65505352577717], [18.003428463198176, 40.6545214405815], [18.003426237260985, 40.65439578553738], [18.003388534052398, 40.654335800610966], [18.003179938125225, 40.65405990565522], [18.00301314318338, 40.653983111392826], [18.002912386316897, 40.65393710452998], [18.002730589868097, 40.653901943120566], [18.002655742947894, 40.653894345837216], [18.002617153377535, 40.653892828488424], [18.002550002233004, 40.653898088598865]]], [[[17.994551973805386, 40.65597888933429], [17.994564336327105, 40.65585195382359], [17.99434746085577, 40.65525305836932], [17.994260780474328, 40.65521002148181], [17.993139683702417, 40.65570764828489], [17.99307883267799, 40.65574049309809], [17.993047813650428, 40.65611802886009], [17.993061560307048, 40.656227964076365], [17.99338987211544, 40.65672658906294], [17.993414502164352, 40.65675611828366], [17.99368283673057, 40.65701746804583], [17.99375049456018, 40.65703547803841], [17.99392469442916, 40.657057702598415], [17.993975049374534, 40.657000733138446], [17.994498664100647, 40.65608644487785], [17.994551973805386, 40.65597888933429]]], [[[17.99263529325825, 40.65697463065311], [17.99251949128185, 40.65679491698042], [17.99236073888658, 40.65684333998761], [17.992209743978744, 40.65694964741372], [17.992039752053447, 40.65724177529869], [17.99201658088119, 40.65728848300767], [17.992026666263055, 40.65734171295467], [17.99204557580671, 40.657382916888885], [17.992080829775446, 40.657436304450535], [17.99217913529716, 40.65746464301773], [17.992245825840953, 40.657477321840794], [17.992603109525366, 40.65754369809126], [17.992668624730356, 40.65754758176383], [17.992776995879897, 40.65747606008757], [17.99285084844747, 40.6573894044967], [17.99288273033801, 40.65731941738109], [17.992859024522687, 40.65725384316053], [17.99263529325825, 40.65697463065311]]], [[[17.99085081064203, 40.65737490427573], [17.990762740640513, 40.657291907204495], [17.990618800269097, 40.65731392053577], [17.990537722519445, 40.657489913227714], [17.990484728717625, 40.65760691490911], [17.99049278118672, 40.65778492144221], [17.990617745384526, 40.65796890162501], [17.99075781072739, 40.65796491022849], [17.990825779521554, 40.65791893186635], [17.990872768332896, 40.65787484972283], [17.990919831600564, 40.65782590131929], [17.990953806697966, 40.657780894017264], [17.990965814304086, 40.6576938615577], [17.990947773369868, 40.65757392903835], [17.990912766353283, 40.65747586810956], [17.99085081064203, 40.65737490427573]]], [[[17.991578773758352, 40.657680850552424], [17.991576805539747, 40.657649923740486], [17.991523785325256, 40.6576288747306], [17.991423833770188, 40.65761390704475], [17.991331794146983, 40.65765591712374], [17.991313768143353, 40.65777192177981], [17.991339286309024, 40.65789440729879], [17.99134975974539, 40.6579268694679], [17.991391804908652, 40.65794892325283], [17.991427823829298, 40.65796491899427], [17.991514827552628, 40.65796293286448], [17.991585837526422, 40.65784537401624], [17.99159681757659, 40.657813930513896], [17.991578773758352, 40.657680850552424]]], [[[17.82563514013733, 40.70308702253974], [17.825389593822354, 40.7028394492475], [17.825180244938153, 40.70276992162872], [17.824961177617805, 40.70281535551781], [17.824215475114862, 40.703050718467566], [17.824029050451436, 40.70321494228049], [17.824080684666207, 40.70331435832114], [17.82469985918354, 40.7039062333378], [17.824954188407098, 40.70384380615126], [17.825403374874217, 40.70369498004991], [17.825727983375312, 40.70345581624383], [17.825721266435185, 40.703210424393575], [17.82563514013733, 40.70308702253974]]], [[[17.82392474409803, 40.7034853126351], [17.823746640815227, 40.703394980472986], [17.82359285266667, 40.70343474282701], [17.823455578816684, 40.70353097817204], [17.823369993493664, 40.70420381149791], [17.823440817110324, 40.70436015596745], [17.82357604731068, 40.70453057296008], [17.823687616805653, 40.70461715446941], [17.823838525945114, 40.704529385588614], [17.824029716866423, 40.704086357905304], [17.82415095480939, 40.70370914895185], [17.82392474409803, 40.7034853126351]]], [[[17.810083097952607, 40.71229468729665], [17.810009001532382, 40.71202609895178], [17.80921309149745, 40.71181753277281], [17.80905351010637, 40.7119062486985], [17.809021624499675, 40.712111046417455], [17.809192151189926, 40.71272744414157], [17.809342625717424, 40.71281479322276], [17.809508778430548, 40.71281999856679], [17.809643875944595, 40.712791619967504], [17.80988945975807, 40.71270527952299], [17.809964816498855, 40.7126275372924], [17.810083097952607, 40.71229468729665]]], [[[17.80355308844528, 40.71330694282447], [17.80347967185837, 40.713296454453825], [17.803427230147683, 40.71333840809047], [17.80337478894222, 40.713422313041676], [17.80332234799178, 40.71351670759686], [17.8032331985581, 40.71375793613162], [17.80320173426265, 40.713904770809464], [17.80320173332207, 40.71398867634769], [17.803275150884424, 40.71407258242804], [17.80343247465684, 40.71407258213376], [17.80362126185032, 40.71382086577404], [17.803610774296544, 40.71353768361121], [17.803600285370973, 40.713390848922785], [17.80355308844528, 40.71330694282447]]], [[[17.80542067013235, 40.71454182331696], [17.805969430183083, 40.71411292517907], [17.80609420548778, 40.713806557976014], [17.80615755928945, 40.71350491456467], [17.8059949552944, 40.713103735603475], [17.805828739920543, 40.7130535649468], [17.80517864728451, 40.713386832579474], [17.804919733748754, 40.71357311179268], [17.804697402890852, 40.71399039866458], [17.8046540165897, 40.71435345856811], [17.804714591638824, 40.714587117917645], [17.804795958935056, 40.71462133150431], [17.80526160674216, 40.71459002599322], [17.80542067013235, 40.71454182331696]]], [[[17.95028095494203, 40.052449789740635], [17.954076392597887, 40.051088661064654], [17.955142702660808, 40.04990415950922], [17.95250739565681, 40.04688844199494], [17.951281857414088, 40.045934202659204], [17.948739128431075, 40.045136154909905], [17.948497201503713, 40.04513283560239], [17.947897910982455, 40.04515702232529], [17.94659269568953, 40.04532832543591], [17.946406869950753, 40.0453607743518], [17.9460689328477, 40.04550396741133], [17.94521558371336, 40.045974995133705], [17.94505826590101, 40.04609063917862], [17.944953883428532, 40.046172792092605], [17.944896624519682, 40.0462178576442], [17.944683759634092, 40.04688852996374], [17.944858088946216, 40.04883277664311], [17.944890774373164, 40.04898757755433], [17.944904783569594, 40.04905392019572], [17.94707170124383, 40.05158031437751], [17.9482766354787, 40.052910210647674], [17.948646638399, 40.05327613127116], [17.94871939055891, 40.053317669594186], [17.94881174687831, 40.05330822965533], [17.95028095494203, 40.052449789740635]]], [[[17.969793495203284, 40.05435388909636], [17.970083296046855, 40.054045800875045], [17.968983145662797, 40.05256049497594], [17.968899188604087, 40.05256704799035], [17.968517038040968, 40.05288458858108], [17.9685569366565, 40.05314221499931], [17.968669508400883, 40.05339641617839], [17.969069432229634, 40.054275543401324], [17.969153959636927, 40.0544060583431], [17.969178342995605, 40.054435623998465], [17.96924884638588, 40.05450429661667], [17.96930066457316, 40.054498004126906], [17.969793495203284, 40.05435388909636]]], [[[18.39778533459399, 40.309573976617536], [18.397830691554326, 40.30932451060282], [18.39770973787178, 40.30917331780972], [18.39761146394018, 40.309112841561934], [18.3975509869064, 40.30909772237717], [18.397475390821214, 40.30915063932066], [18.397407354538373, 40.309218675398704], [18.39736199675522, 40.30928671254609], [18.39727128136097, 40.30954373872652], [18.397256161941463, 40.30958909574315], [18.397324199198607, 40.30965713283797], [18.39776265505245, 40.30974784744656], [18.397808013230613, 40.30968737071709], [18.397800453370014, 40.30961933443043], [18.39778533459399, 40.309573976617536]]], [[[18.385002054358175, 40.31835066930683], [18.385130567833777, 40.318154119989565], [18.385251520898503, 40.31770810364566], [18.38524396101525, 40.317473756263254], [18.38522128221104, 40.31738304086271], [18.385032292797874, 40.31734524324878], [18.384956696308343, 40.3173603625702], [18.38473746874491, 40.31793489180706], [18.38469211085261, 40.31811632219114], [18.384699670219156, 40.3184262657796], [18.384729908934958, 40.31859257701123], [18.384805505130377, 40.318592576485415], [18.384873541121568, 40.3185396596073], [18.385002054358175, 40.31835066930683]]], [[[17.920804817508863, 40.217794301427524], [17.920590744946022, 40.21776371970582], [17.92048370806994, 40.21794721032285], [17.92036138077866, 40.218191865151006], [17.920254344080004, 40.2188646654313], [17.920300216842524, 40.21915519286109], [17.92051429034039, 40.219613920755876], [17.92074365363553, 40.21965979339565], [17.92108005375779, 40.21958333931716], [17.921691690874376, 40.219094029153595], [17.92166110862451, 40.21880350205038], [17.920804817508863, 40.217794301427524]]], [[[18.503096140448076, 40.092218171512634], [18.502890961833035, 40.09196549310287], [18.50285051421091, 40.09226098364765], [18.502991944639593, 40.0926223135845], [18.50310695451706, 40.09277459086905], [18.503238671297957, 40.092774920282885], [18.503407370580142, 40.092538473492674], [18.503383412737943, 40.09243034368092], [18.503273307886946, 40.09233384100614], [18.503096140448076, 40.092218171512634]]], [[[18.122461263932895, 39.87990333418122], [18.12241936542607, 39.879895420284114], [18.122343508818314, 39.879917170375705], [18.122247234213006, 39.8799607677592], [18.12218907864538, 39.880005836311156], [18.122176686357477, 39.88008772911294], [18.122193582598104, 39.880126844157324], [18.122233486147433, 39.880141658044195], [18.122385965435555, 39.88014754258145], [18.122434060609667, 39.880114509584665], [18.122464962253204, 39.88004013853714], [18.122485122344525, 39.87995088695841], [18.122461263932895, 39.87990333418122]]], [[[18.118880573278307, 39.88260115049338], [18.11878751983319, 39.88258155903933], [18.11857555752928, 39.88265455477738], [18.118468025308204, 39.882701289352454], [18.118193996060814, 39.88285562083494], [18.118064430202804, 39.882955795192345], [18.11802753759245, 39.88305086803441], [18.118040016006947, 39.88314427377866], [18.118069562282297, 39.88316890135291], [18.118169578350127, 39.88319693051149], [18.1182996103358, 39.88314391707874], [18.11857402309737, 39.88301427765682], [18.118682658523845, 39.882953970337645], [18.1189019242419, 39.882826455545334], [18.118952611505755, 39.88279097082774], [18.11895023671499, 39.882620348223966], [18.118880573278307, 39.88260115049338]]], [[[18.096396873803975, 39.89514304223652], [18.09652880463657, 39.895125863185335], [18.096645628220966, 39.895082908408085], [18.096706545833815, 39.89499268322885], [18.09667579847671, 39.894455706963576], [18.09666682455666, 39.89436651558347], [18.09661728619543, 39.89432323663179], [18.09647305729689, 39.894291942368945], [18.096366083198305, 39.894343108006275], [18.096174421981683, 39.89445940803413], [18.095755164562085, 39.89499152603064], [18.095712756369544, 39.89508927689564], [18.095792807425067, 39.89518633162659], [18.095867740162635, 39.89522310714991], [18.096396873803975, 39.89514304223652]]], [[[17.894750312959218, 40.2508477650974], [17.894583947934475, 40.25077926167576], [17.89444694108938, 40.25087712350141], [17.894417582784232, 40.25110220539833], [17.8944175830765, 40.25132728836071], [17.89453501665829, 40.25155237015822], [17.894711168957652, 40.25171873510675], [17.89499496838782, 40.25186552852461], [17.895171119024074, 40.25191445934836], [17.895308125451475, 40.251914459350694], [17.895376629587737, 40.251836169483504], [17.89531791215828, 40.251738307864315], [17.894750312959218, 40.2508477650974]]], [[[17.890883052222108, 40.253330909714165], [17.890933118500346, 40.25327661547176], [17.890987708864124, 40.253190174677435], [17.890998087186627, 40.253135419663685], [17.890809551715225, 40.2529072445787], [17.89062805260965, 40.25293254164309], [17.890448053734506, 40.252991441721555], [17.889646008795648, 40.2533390468602], [17.889465744162163, 40.25341819771593], [17.88938754813063, 40.253581609104145], [17.889396385433024, 40.25367084345272], [17.88949208804939, 40.25377358087582], [17.889555220158563, 40.25379342043501], [17.889629826816325, 40.253816865489085], [17.89007237681802, 40.253946691801644], [17.890407573882893, 40.25395220245681], [17.890451312993694, 40.25394273282487], [17.89048566498235, 40.253921426764514], [17.890883052222108, 40.253330909714165]]], [[[17.888839454973656, 40.25556470771837], [17.888731807150453, 40.25553534945399], [17.88841864926037, 40.255603852604494], [17.88836971856652, 40.255711500268774], [17.88836971825858, 40.25585829361549], [17.888712234791136, 40.25618123737389], [17.888937317589644, 40.25603444455785], [17.889025392636334, 40.2558485070301], [17.888927531445816, 40.25565278322896], [17.888839454973656, 40.25556470771837]]], [[[17.889573419570578, 40.25599530033881], [17.889328764843423, 40.255956155495575], [17.88924068888037, 40.255995300037775], [17.88918197178211, 40.256249741156786], [17.8892406894286, 40.25645525066848], [17.88972999807459, 40.256523754311935], [17.889710425803546, 40.256151878848044], [17.889573419570578, 40.25599530033881]]], [[[17.887761139689584, 40.25938560279638], [17.88753177588317, 40.25935502030419], [17.88732446513666, 40.259389572035396], [17.88733629733319, 40.25949014382058], [17.887311243593356, 40.25964045966783], [17.88727992769973, 40.2598158280022], [17.887330034106423, 40.25988472266532], [17.88741145528207, 40.259928564681545], [17.887624402373955, 40.25988472292204], [17.88781026263689, 40.259800079542096], [17.887834365935333, 40.25977761644648], [17.887898757615158, 40.25953851157274], [17.887761139689584, 40.25938560279638]]], [[[17.883977194787175, 40.26000652641285], [17.88397651222831, 40.25992773012432], [17.88397607070077, 40.2598250021118], [17.88397646151241, 40.25961376282303], [17.888088297619507, 40.255255783206955], [17.888305053686548, 40.25509512986711], [17.888287572996195, 40.25482951545885], [17.888284919100716, 40.254790968657225], [17.888268317068043, 40.254571954066456], [17.888173209159728, 40.254540454416265], [17.88810878056618, 40.25451911661449], [17.885258032088938, 40.255506366183724], [17.884911121649854, 40.25565685534951], [17.88429307506224, 40.255931735219704], [17.88425244247269, 40.25595735971534], [17.884185020660535, 40.25600220327748], [17.883876044024866, 40.25621803081684], [17.882524467454374, 40.25778379702434], [17.882457925636544, 40.25799126301906], [17.881398431902184, 40.26175090487711], [17.881402889921024, 40.26205403541554], [17.881431698524707, 40.262092268262734], [17.881458163349002, 40.262114948386554], [17.881543685386443, 40.262118178326354], [17.882024372902265, 40.26213632736214], [17.882124745013904, 40.26207414975714], [17.882965693215734, 40.26155319780024], [17.88374512575538, 40.26069934753795], [17.884024869809046, 40.26026182508064], [17.884007567346906, 40.26020356225273], [17.883977194787175, 40.26000652641285]]], [[[17.88312799055082, 40.262673150695434], [17.883372645043615, 40.26262727738295], [17.88340322738729, 40.262367331880505], [17.883403227394822, 40.262260295753734], [17.88335735470423, 40.26219913194234], [17.883280899577787, 40.26210738669212], [17.883082118489188, 40.26210738660702], [17.88292920895741, 40.26219913177441], [17.883020954580214, 40.262627277422865], [17.88312799055082, 40.262673150695434]]], [[[17.88606384712822, 40.26351415129786], [17.886002684158154, 40.26349886029115], [17.88583448309172, 40.26351415077915], [17.885727446935018, 40.263575314430774], [17.885620410958673, 40.26391171485104], [17.885605119754356, 40.26406462439956], [17.885727447216393, 40.26415636962741], [17.88584977405356, 40.26414107869843], [17.885972102016222, 40.26401875149501], [17.886063847957693, 40.26368235110958], [17.88606384712822, 40.26351415129786]]], [[[17.878999442286705, 40.267841480720314], [17.878861824235784, 40.267826190423506], [17.87883124211277, 40.26802497239976], [17.878831242002068, 40.2683002085724], [17.879014733479295, 40.26842253600504], [17.879198224523165, 40.268483699968534], [17.87925938814994, 40.26817788154666], [17.879152351762258, 40.26790264460492], [17.878999442286705, 40.267841480720314]]], [[[17.874224853086268, 40.269807319814824], [17.874583233935333, 40.26928169477801], [17.874153176081762, 40.26909055848755], [17.87384257963756, 40.26904277431], [17.873675335121856, 40.26904277405004], [17.873412522455418, 40.269042773642084], [17.87326916980304, 40.26916223463402], [17.873197494522458, 40.269353370435184], [17.873221386198544, 40.26952061477062], [17.87362755121546, 40.26983121213591], [17.873938147402683, 40.2698312117383], [17.874224853086268, 40.269807319814824]]], [[[17.865546731296295, 40.271297615253395], [17.868926942451562, 40.26954677993099], [17.869011030469068, 40.269479622914744], [17.869061304324777, 40.26940826351659], [17.86907268264523, 40.26933376430106], [17.869080599283123, 40.26899764109627], [17.869077015339315, 40.26886079210069], [17.868981664488956, 40.26860289781072], [17.868891906642446, 40.268545275003895], [17.86885664597273, 40.268522638408186], [17.86713345555509, 40.2685508204809], [17.866586985082364, 40.26889998302711], [17.864647462713787, 40.27050005150664], [17.864341453114093, 40.2709845200531], [17.864299410125156, 40.27106644595532], [17.86428441786258, 40.27117550687837], [17.864279826451703, 40.271229813474186], [17.864310438363216, 40.27132860862305], [17.864356473135498, 40.271382834398295], [17.864410507451403, 40.27144227189754], [17.864465937041675, 40.27147096136271], [17.864548003514418, 40.271505836680554], [17.864635769701092, 40.27152603382056], [17.864726418554742, 40.27152352915683], [17.865099094556108, 40.271434051214236], [17.865546731296295, 40.271297615253395]]]]}}, {"type": "Feature", "properties": {"id": "basilicata", "name": "Basilicata", "region": "Basilicata", "grapes": ["Aglianico"], "key_appellations": ["Aglianico del Vulture"], "desc": "Aglianico del Vulture \u2014 volcanic soils and one of southern Italy's greatest red grapes."}, "geometry": {"type": "MultiPolygon", "coordinates": [[[[15.465747516683226, 40.63358642336607], [15.500278075461663, 40.66557128184374], [15.4061892129166, 40.715161813271905], [15.381130198167606, 40.73811947312575], [15.368012691759642, 40.79749336203363], [15.352133792129482, 40.825297022936084], [15.375034845629255, 40.8350854629043], [15.353537663926652, 40.875991506381745], [15.400867703069778, 40.8799709207993], [15.452921238601126, 40.86893097054525], [15.471411812887958, 40.8909355101933], [15.528569001403945, 40.91169436183896], [15.554233498686338, 40.95774307491124], [15.563089318817516, 41.03110640921507], [15.541825021580314, 41.07299534024181], [15.586516286446702, 41.098347039378346], [15.725758867085851, 41.09445586994109], [15.768975604342485, 41.083388020643795], [15.801632627192603, 41.09842431559473], [15.839701325987214, 41.12917274088732], [15.84729068040012, 41.12914711563149], [15.877696202896132, 41.137720195629214], [15.95980163432421, 41.100910464452326], [15.9813760949345, 41.082277672230404], [16.028094376511437, 41.01023782572868], [15.99915547261078, 40.9701213530052], [16.037982275626025, 40.93972681060882], [16.1209661706448, 40.89794573452031], [16.148700513704274, 40.92351770755997], [16.207488711859046, 40.912325372651736], [16.244009390300057, 40.838037350194], [16.36020387043722, 40.74525760072916], [16.52370175068203, 40.74386775357867], [16.537266090453016, 40.753097904905346], [16.56696732355608, 40.7544599181504], [16.60790227463978, 40.75524817441194], [16.662054449292015, 40.74023639196253], [16.704704884299527, 40.711068240767815], [16.725827185795357, 40.60163152639676], [16.710335449566852, 40.547983635334326], [16.731894884392585, 40.496168209773195], [16.756650892798728, 40.46760066591256], [16.84661378409398, 40.40779011574742], [16.7851412887367, 40.30020232171293], [16.7070431625017, 40.174550028861326], [16.582990916001176, 40.13211510826383], [16.52357007678322, 40.124372120674515], [16.420523455853502, 40.131265002987305], [16.413977137758312, 40.08017273785828], [16.398533903451174, 40.01761079226989], [16.362438668894566, 39.9635967008793], [16.350156451536446, 39.95136247754431], [16.349753824280327, 39.898810377017426], [16.2436881235353, 39.92745588547123], [16.214148401947316, 39.926327666683534], [16.203101824385133, 39.899177465980664], [16.101369274675587, 39.90641600795312], [16.042426677827088, 39.91116977682894], [16.014012343946753, 39.940638921391944], [16.032056808834504, 39.98004048414961], [16.002236263584788, 39.98817702524712], [15.896413914583908, 39.982503439190225], [15.818933381692688, 39.99685078764186], [15.789028582228914, 39.96843738995511], [15.772936769356965, 39.9604323993549], [15.76585507210935, 39.93060421488064], [15.74555664934589, 39.933898500091345], [15.665033715602306, 40.03907179740819], [15.671395546074947, 40.05431064864731], [15.651746238195896, 40.07885719717393], [15.68383627991953, 40.09059046025215], [15.70052965525134, 40.15690819322252], [15.734476853585246, 40.201675320596834], [15.790513408581786, 40.22930676103289], [15.797210609828618, 40.28133050988592], [15.726772713523214, 40.31646399063133], [15.667700577752532, 40.39579622039201], [15.57589744057986, 40.46958793694744], [15.536620653995666, 40.501118502875435], [15.522711745395046, 40.57029605311303], [15.488579909412486, 40.58957849531272], [15.464851017150728, 40.627923939125246], [15.465747516683226, 40.63358642336607]]], [[[15.74355219493455, 39.934176997891555], [15.743807474381658, 39.934146965429925], [15.743972655586347, 39.9340568666629], [15.744032722305628, 39.93389168459293], [15.74409278806057, 39.933711486866784], [15.744077771739313, 39.93356132197796], [15.743687343123629, 39.933170893830386], [15.743537178218915, 39.93317089345298], [15.743417046246398, 39.933200926916825], [15.743011601391421, 39.93335109194411], [15.742996584205752, 39.93342617403357], [15.742996584194332, 39.933801586218124], [15.743026617140623, 39.93389168493971], [15.74310169984317, 39.93398178367621], [15.743221831938062, 39.93408689895029], [15.74355219493455, 39.934176997891555]]], [[[15.716877228184574, 39.96765716356018], [15.716981008655454, 39.96764212326479], [15.71707734894934, 39.967596020107145], [15.717137215566968, 39.96756553784955], [15.71727016399929, 39.967490305310044], [15.717322283031464, 39.96741077994153], [15.717260714504002, 39.9673198746867], [15.717156150650792, 39.967267468624485], [15.716878837121417, 39.96715312585596], [15.715354226408287, 39.966634433527275], [15.715085273390507, 39.966605091029905], [15.715003870983788, 39.96660982821218], [15.714885152070957, 39.96666623188933], [15.71484861712515, 39.96678534520405], [15.714901802225613, 39.96693973241691], [15.714986258900867, 39.967114797495555], [15.715189411995434, 39.96738194394391], [15.715309696157295, 39.96746043422241], [15.715466761210418, 39.967541283318646], [15.71632712829504, 39.96780167265615], [15.716513019501946, 39.967759355684066], [15.716750935324649, 39.96769601191326], [15.716877228184574, 39.96765716356018]]], [[[16.633764099740905, 40.75478101392111], [16.63620879591206, 40.75795094478232], [16.641493412356038, 40.755926196594864], [16.643049700732295, 40.75575054852211], [16.64544693777727, 40.75533440360027], [16.645951900799496, 40.75524227071413], [16.646290846346524, 40.754869259284106], [16.646434872308642, 40.75471075539229], [16.646456190918737, 40.754151529388096], [16.6458604120278, 40.7525493123866], [16.642293061419586, 40.75160391900164], [16.642123627319144, 40.75162951409281], [16.641187009069466, 40.75177655816227], [16.63581262059942, 40.75336696288544], [16.63495509382303, 40.75370293836504], [16.633814639743782, 40.754166665234735], [16.63376065809384, 40.754398452566136], [16.633764099740905, 40.75478101392111]]]]}}, {"type": "Feature", "properties": {"id": "calabria", "name": "Calabria", "region": "Calabria", "grapes": ["Gaglioppo", "Greco Bianco", "Magliocco"], "key_appellations": ["Cir\u00f2", "Greco di Bianco"], "desc": "Cir\u00f2 and other coastal reds from Gaglioppo; still emerging on the international scene."}, "geometry": {"type": "MultiPolygon", "coordinates": [[[[15.974171271132523, 39.467569370111725], [15.867681476400358, 39.5747948686109], [15.816282253245669, 39.679740872609806], [15.785475164941854, 39.8166352810936], [15.784549246392965, 39.848940489779544], [15.781416106486038, 39.88830436356677], [15.771193680158552, 39.955596238280854], [15.781455331088695, 39.96654759064362], [15.81604040596512, 39.994961069948765], [15.896656712502491, 39.9823449508873], [16.00831300491623, 39.99636870174226], [16.023375885390365, 39.97753249696866], [16.01841913633644, 39.92431860762643], [16.094766145001632, 39.90474830270069], [16.212808359977696, 39.89638458949114], [16.218752177367605, 39.92816015419882], [16.340248874089184, 39.90677517580828], [16.347683958233176, 39.95003108264134], [16.36075547200962, 39.966412888213256], [16.3942500584107, 40.030521771605706], [16.417681063704958, 40.12559567063596], [16.497594561886295, 40.12614214824008], [16.58566188147178, 40.133374057912356], [16.603570217175033, 40.07417128084], [16.628623201031324, 39.967751437766964], [16.517225401420596, 39.84254688132224], [16.50103974504808, 39.74028275083613], [16.517901380479408, 39.668939694702665], [16.59330943310933, 39.629703172251794], [16.730352634715118, 39.61638196731644], [16.79139559758746, 39.60470154746918], [16.861121006986277, 39.54416774734001], [16.948646810672916, 39.4998546930279], [17.03123647555938, 39.47267801663303], [17.094478026429076, 39.41571061827502], [17.15511488473234, 39.40190018727094], [17.112315140188993, 39.31897270258469], [17.113752480944317, 39.24288264999854], [17.133793006361095, 39.17674425442624], [17.129207201564927, 39.09287826985987], [17.204832982710116, 39.02950799400226], [17.168340185471305, 38.961891656737414], [17.094154973120247, 38.89261876173863], [17.08259996841336, 38.91310914646196], [17.006017305825324, 38.91571122142251], [16.827530893603242, 38.91265596948554], [16.676312174159072, 38.84535193918396], [16.602399069323, 38.80705131794799], [16.56546070442648, 38.753230891688446], [16.536258779704948, 38.717140600741], [16.56034065746775, 38.62291588778626], [16.571645389302848, 38.54212969234983], [16.5829489468171, 38.46189063051421], [16.460940353825013, 38.33740150939714], [16.336116528840414, 38.30051609234159], [16.29404622880679, 38.26316777338287], [16.168915875737213, 38.14023987550022], [16.13002811458156, 38.006844931767475], [16.007346823165875, 37.918996989655355], [15.851264823688803, 37.921874769790406], [15.772051201336994, 37.91615375993088], [15.701498176440888, 37.944786027522476], [15.637100884702184, 38.00624021986884], [15.656962025462423, 38.04102508849917], [15.6516884720027, 38.066543199730845], [15.650721463013378, 38.159206326522174], [15.668680617224277, 38.23945096860095], [15.793509414751526, 38.28013769270334], [15.862982087522784, 38.390375105972744], [15.901939205026203, 38.43944529914117], [15.897410455900053, 38.44624116005306], [15.925982667372539, 38.522948924345556], [15.899530981323526, 38.56870934066384], [15.889950578417446, 38.676489983760206], [15.972721212629319, 38.71490425963353], [16.122419735717774, 38.71757124907807], [16.213037340819188, 38.810597204732154], [16.217727496577066, 38.92143916865535], [16.164175548777347, 38.948667426888896], [16.104290655995083, 39.02486688742788], [16.06579064120348, 39.14558637098485], [16.053111436600034, 39.2888613089947], [16.007351613402303, 39.41547039505104], [15.974171271132523, 39.467569370111725]]], [[[15.800898239993703, 39.70035594523247], [15.801226498132383, 39.70032472321115], [15.802267929230883, 39.70005746968476], [15.802655218996252, 39.69985686202038], [15.802728225007483, 39.69978505866849], [15.80285545634613, 39.69958410130584], [15.802971235538239, 39.69937032720322], [15.80310916206942, 39.69895277005098], [15.803147838739031, 39.69878402301407], [15.803173153744357, 39.69849457914798], [15.803197565092278, 39.6979892185316], [15.803079253759979, 39.69769024297733], [15.80302964873938, 39.69763017255406], [15.802941709972758, 39.697594841703705], [15.802790507633436, 39.6975677502133], [15.802531431248937, 39.69752450704481], [15.802212865120927, 39.697498272606865], [15.801327000884934, 39.6974334226668], [15.801239702009024, 39.69743406448351], [15.80107756038691, 39.69744360634011], [15.800947467411289, 39.69748275725273], [15.800657732061374, 39.697571790715216], [15.800404178323772, 39.69782068625691], [15.800278736940024, 39.69798104803533], [15.800199128221944, 39.69808921132248], [15.800075711751111, 39.698343920645364], [15.80009159238449, 39.69850497715968], [15.800324180188488, 39.70016951553411], [15.800473454943491, 39.700267849797996], [15.800648417556312, 39.70032302921136], [15.800898239993703, 39.70035594523247]]], [[[15.774351917195473, 39.87569145659586], [15.774522790650714, 39.87568389877985], [15.777912347804035, 39.875190251081975], [15.778314665622982, 39.87512807415595], [15.77912716923597, 39.87494085441484], [15.77971231236611, 39.87455776960247], [15.780641387555661, 39.873564775349344], [15.780656320845129, 39.87341038196158], [15.780638330981663, 39.873294780582924], [15.779888583141203, 39.871896749478196], [15.779391554485764, 39.87182455790886], [15.776651903995925, 39.8721933129403], [15.77066753530052, 39.871403917315114], [15.770517221207806, 39.871385622731125], [15.769953768003354, 39.8713379447699], [15.769458254775017, 39.87140229352527], [15.769317164982908, 39.87146430759536], [15.769051881966764, 39.87160590198216], [15.768670984431743, 39.87184949928939], [15.768605120196467, 39.87192707951557], [15.768715006171037, 39.87243260720928], [15.768770358995528, 39.87253511013451], [15.76997577741697, 39.87405393480903], [15.770321724031552, 39.87441165503293], [15.770806645317489, 39.87488897476094], [15.771218322957434, 39.87515946079829], [15.771406904364776, 39.875241781745], [15.772577512053411, 39.875505616980476], [15.772834934259809, 39.87553267009222], [15.774351917195473, 39.87569145659586]]], [[[15.778622448404459, 39.84749933144717], [15.77847068541076, 39.84748740786075], [15.778168349492416, 39.8475962901935], [15.778387450097354, 39.84795726739164], [15.778492062291448, 39.84808122001845], [15.778583479019268, 39.848179334131174], [15.778856523530811, 39.84823978579696], [15.779196951773928, 39.848066834263896], [15.77926754048125, 39.84801318821919], [15.77916551257756, 39.84775911300012], [15.779024209109975, 39.84761860038509], [15.778899978534058, 39.84753363285445], [15.778772163527817, 39.847490541912606], [15.778622448404459, 39.84749933144717]]], [[[15.789504999182629, 39.856832941753424], [15.789585100641867, 39.85674489894112], [15.789582912263292, 39.85652776736028], [15.789578594248082, 39.85641136379127], [15.789531953285499, 39.856364098560526], [15.789456370232546, 39.85634175842756], [15.78868541874454, 39.85619959351528], [15.7883241554572, 39.856241312466814], [15.788160404224962, 39.856533508395685], [15.78812248477632, 39.8566221072888], [15.78822012568367, 39.856665885951486], [15.788842912376023, 39.85681532726183], [15.78906260071115, 39.85685002812566], [15.789504999182629, 39.856832941753424]]], [[[15.856514484860234, 38.37895758497593], [15.856389287986042, 38.3789088380731], [15.856253581488417, 38.37904043422723], [15.856205131369624, 38.379142923219646], [15.856233301115003, 38.37920078316074], [15.856468479703572, 38.379289706749454], [15.85661182624513, 38.379285665279305], [15.856698145991661, 38.37908680359204], [15.85667287192666, 38.379019562787576], [15.85661778166913, 38.37899201698671], [15.856514484860234, 38.37895758497593]]], [[[15.857713077201375, 38.38117095935225], [15.85789062569716, 38.38100657292963], [15.857967519142594, 38.38087200855137], [15.857958660391727, 38.380741423047404], [15.85741303369596, 38.38080481205377], [15.857458630125612, 38.381138019370006], [15.857469152127674, 38.3811836160287], [15.857521763756646, 38.381215183198464], [15.85760556817389, 38.38123228700742], [15.857713077201375, 38.38117095935225]]], [[[15.857358668222572, 38.381278317544215], [15.85730079611095, 38.38124324271781], [15.857164004521785, 38.381208168077094], [15.857009677763523, 38.381246750450636], [15.856802738257217, 38.381383539872985], [15.856665705290084, 38.3815949781018], [15.85672908242821, 38.38164659836202], [15.856809753441834, 38.3816957023043], [15.856911469380588, 38.381727269329076], [15.85707982660547, 38.38165712042829], [15.85725695246182, 38.38158171059641], [15.857386160550927, 38.38145721177277], [15.85743407805391, 38.38134495792283], [15.857420048212074, 38.381306376799], [15.857358668222572, 38.381278317544215]]], [[[15.999803684433356, 38.72544250343467], [15.999357948419625, 38.7252642083126], [15.998965700217848, 38.72520180578377], [15.998707172755172, 38.725308782302065], [15.998546706928316, 38.72539792939206], [15.998475388996637, 38.72551382062854], [15.998537793056387, 38.72557622385706], [15.998680428647903, 38.72559405311704], [15.999188568254418, 38.72562971241153], [15.999634304340033, 38.7256118830913], [15.99994186365037, 38.72558959602291], [15.999937405797082, 38.725522736004315], [15.999803684433356, 38.72544250343467]]]]}}, {"type": "Feature", "properties": {"id": "sicilia", "name": "Sicily", "region": "Sicily", "grapes": ["Nero d'Avola", "Nerello Mascalese", "Frappato", "Grillo", "Catarratto", "Carricante"], "key_appellations": ["Etna", "Cerasuolo di Vittoria", "Marsala", "Noto", "Pantelleria"], "desc": "Volcanic Etna reds and whites are among Italy's most exciting wines. Nero d'Avola and ancient Marsala complete the picture."}, "geometry": {"type": "MultiPolygon", "coordinates": [[[[12.907870882941802, 38.02511339263306], [13.05069730044489, 38.07225781747133], [13.071518178195017, 38.14674577906578], [13.149977085637307, 38.18638562900174], [13.239364155285848, 38.18778907935982], [13.317618756641851, 38.22440780389741], [13.36579638112213, 38.1820960432306], [13.435167058253507, 38.09544523703549], [13.534981472490195, 38.09901161648584], [13.624664289505708, 38.00962687962827], [13.755402144535607, 37.97074207085373], [13.966057120523068, 38.0308610818606], [14.050547785629455, 38.026840829911436], [14.165306110218252, 38.02018161848823], [14.349391355108695, 38.018846143524854], [14.443365618697777, 38.03790094510549], [14.555865244891944, 38.05986381067444], [14.64139075536956, 38.076004615679494], [14.770013161926368, 38.15630086059447], [14.92684967620816, 38.186948647731676], [15.081569230977042, 38.12067716984435], [15.182105095941283, 38.15911633234072], [15.241080955279068, 38.24451478390037], [15.238101135767677, 38.269848912253515], [15.393378462487403, 38.229610867344356], [15.63186217468049, 38.272638135890425], [15.558950721360807, 38.18873553527751], [15.493602124345779, 38.07461447144966], [15.418178750814814, 37.99646628307209], [15.343724081815887, 37.90970576812373], [15.292389656114576, 37.84729852550247], [15.260535461963725, 37.80988098147373], [15.196450533770074, 37.66519859822531], [15.144268430495648, 37.544670374151394], [15.087497710554748, 37.484739437746796], [15.138879121730168, 37.30733800889778], [15.204652272750286, 37.2939878800054], [15.227869974594029, 37.242374753435676], [15.183213117124838, 37.21578149380226], [15.225961096017679, 37.158179097188246], [15.22078162447615, 37.145196933313926], [15.300686466777174, 37.09296765610207], [15.288917224501898, 37.03258322239812], [15.320244515243642, 37.00310067337198], [15.267892245211828, 36.985493838498726], [15.159096289005976, 36.919801457990864], [15.106125701726858, 36.83418955297837], [15.12134094529239, 36.72233050432528], [15.112978467747986, 36.673527612383744], [15.045476860663996, 36.68619594733493], [14.910269853410576, 36.72431366565402], [14.783088720776064, 36.703605209509526], [14.747689241020343, 36.71977376495812], [14.642253961457895, 36.75811525002067], [14.52990984412722, 36.781103696833526], [14.455317047900042, 36.841486229994445], [14.399304214563793, 36.933702958243785], [14.170564911732978, 37.09107717740089], [13.942125360181441, 37.097305316084075], [13.829640165398693, 37.14166986040446], [13.660675609018288, 37.201839765908936], [13.588617799399067, 37.260056067352586], [13.491772325273473, 37.288754792435995], [13.422482407288985, 37.31425821325968], [13.31995137935589, 37.365697080518274], [13.212588360198437, 37.46243151575515], [13.155713655535825, 37.496513858883226], [13.015057771269237, 37.504553990120655], [12.956491702245348, 37.56682034798892], [12.809670217345456, 37.58162078767391], [12.613792660038554, 37.633546903467185], [12.517943625164145, 37.66463892111133], [12.431442757556917, 37.806281822233466], [12.475127785200266, 37.85806919476023], [12.49464311334087, 37.97689703318816], [12.527015134009629, 38.02830447222944], [12.66210118630251, 38.09303860431881], [12.722468500391624, 38.12106433358827], [12.734493359596282, 38.1865471659133], [12.767276280895626, 38.15812187418776], [12.871194543792768, 38.04101432391126], [12.907870882941802, 38.02511339263306]]], [[[12.529475006055558, 38.06458592870121], [12.529524310851677, 38.064579369928914], [12.529761518763317, 38.064448351468954], [12.529764688346356, 38.06435008778336], [12.529688612083774, 38.06420321955664], [12.529576674711912, 38.064032487180214], [12.529441630071172, 38.063852427260606], [12.529393801359255, 38.06381866564138], [12.529264275329545, 38.063764463700075], [12.529097434388538, 38.06378670939818], [12.52902328365986, 38.063849738035245], [12.5289787922525, 38.063916474866325], [12.5289343007555, 38.06409073109404], [12.528978791632422, 38.064164881825384], [12.529249445865899, 38.06454305517942], [12.529475006055558, 38.06458592870121]]], [[[12.298511430232224, 37.91156334644134], [12.298348843197513, 37.91156075634615], [12.29800990957196, 37.911752620272324], [12.297966193947234, 37.911986259901674], [12.298050008582193, 37.91254885258998], [12.298175246205927, 37.91281296826464], [12.298361071896961, 37.91284405181973], [12.298543166621938, 37.91277815772538], [12.299178715353877, 37.91235628212519], [12.299240739145906, 37.912229395429534], [12.299236257038539, 37.9117253635341], [12.299102028507608, 37.91165046696781], [12.298511430232224, 37.91156334644134]]], [[[12.29048956256989, 37.914875551862934], [12.290678067417092, 37.91478446145749], [12.290724727140857, 37.914616293892344], [12.29074586021473, 37.91441546924664], [12.290728317972988, 37.91429200583922], [12.29052919761699, 37.9141450200584], [12.289240592553655, 37.913451658147274], [12.289127248678197, 37.913473898459806], [12.288986825728873, 37.91356364213546], [12.28898402173254, 37.91370973992036], [12.289006340426685, 37.91403031752953], [12.289099710016794, 37.91419897975703], [12.290085680682873, 37.91506868332669], [12.29048956256989, 37.914875551862934]]], [[[12.302002008052735, 37.91622389203987], [12.302341820801958, 37.91621853099489], [12.302434215676525, 37.91615731630587], [12.30413453407907, 37.91470687071104], [12.303926835204026, 37.91455359861995], [12.302731913563365, 37.913716262089], [12.30247574179065, 37.91366065256977], [12.302251614177274, 37.91361251658038], [12.302075554747043, 37.913575590873954], [12.300973405336098, 37.91386614107117], [12.300773157563839, 37.913997376238136], [12.300534568769296, 37.91433485363098], [12.300485422759571, 37.91502854904], [12.300684108344026, 37.91530128207291], [12.301529927843283, 37.91602779344535], [12.301736689600263, 37.91616016019401], [12.302002008052735, 37.91622389203987]]], [[[12.308116564743825, 37.95567356037806], [12.308020570686843, 37.955297442859774], [12.308046544425853, 37.9542509041497], [12.308111672255427, 37.953815985575794], [12.308427854449496, 37.95254779422301], [12.309593869133453, 37.95078636062726], [12.309794616479588, 37.95049296515254], [12.31034480255835, 37.9500769688697], [12.311031532834834, 37.949643845484346], [12.315783800308036, 37.93871503448016], [12.317121497890648, 37.93622405519839], [12.322969152948543, 37.931205318583004], [12.326441716849926, 37.931676576539964], [12.328995307973678, 37.93380703260265], [12.337629001044643, 37.93598684921431], [12.344375012996903, 37.93662244681615], [12.348976187312724, 37.93459940217968], [12.34915477540311, 37.93448202279329], [12.34921196838006, 37.934376288968444], [12.349250990239831, 37.934304146621194], [12.349634313488966, 37.93334146037496], [12.349658251598715, 37.932822848452204], [12.349656606342899, 37.93277198337419], [12.34965323490084, 37.9326678203331], [12.349644179206138, 37.93247921645824], [12.349555856035478, 37.93184922444566], [12.34953770529856, 37.93164911638606], [12.349665282321002, 37.93132996460379], [12.349833594716848, 37.931030693704734], [12.350309740457174, 37.9304913687937], [12.352893528171156, 37.92762460482838], [12.355292300688811, 37.925853153229454], [12.355795397474319, 37.92552533252424], [12.361331670332852, 37.922735708194395], [12.366272765694807, 37.9239427663442], [12.36732684088801, 37.923599149818465], [12.369179057892252, 37.92238399651935], [12.369434257889752, 37.922042208780454], [12.369652097604703, 37.9214148788579], [12.370448346776815, 37.919083890638326], [12.370581115164006, 37.91847141555917], [12.370514771210626, 37.91824964057497], [12.37039702245738, 37.91785603156678], [12.369097771263991, 37.91384534519547], [12.367037760336167, 37.907916818182244], [12.366856004850396, 37.90759461478016], [12.36677943196293, 37.90745887141589], [12.366400695705883, 37.906822374269545], [12.366215644135425, 37.90654793990992], [12.366179980882036, 37.90649505086955], [12.365811576751955, 37.90616749123752], [12.35794615198331, 37.90632713169168], [12.35073485964249, 37.90733990312914], [12.342124539920054, 37.9154871450805], [12.33771276467488, 37.91946523307146], [12.337451083606375, 37.91968958834409], [12.337267537415261, 37.91979847587846], [12.333117880588102, 37.91986384544137], [12.325439612702324, 37.91978593482973], [12.321855691884902, 37.91807623784834], [12.320689163472313, 37.91923780789758], [12.308870610937134, 37.91934033667706], [12.294290261340354, 37.91652014364608], [12.287677188199932, 37.91536900355015], [12.286375195647596, 37.91585098779862], [12.28147981897034, 37.919593358309065], [12.280804806013236, 37.92072594230224], [12.280416478772176, 37.92149223807259], [12.2794861097727, 37.92377052496661], [12.279411642713157, 37.92978249777634], [12.27362535783639, 37.93532869837039], [12.273303156501758, 37.93723566834801], [12.277922339735229, 37.944801559341684], [12.278055485149764, 37.94497788180867], [12.278267715241004, 37.945126483786524], [12.27831864837802, 37.94516214656573], [12.279738038900208, 37.94571622622941], [12.280030493222174, 37.94581091126998], [12.280314226376598, 37.945855153245], [12.280635721271086, 37.94587933617601], [12.281251142413483, 37.945814017829704], [12.281473718357748, 37.945766749981246], [12.284700796322744, 37.94484287740385], [12.28522698928522, 37.94467770387084], [12.285525290074514, 37.944461415488284], [12.286008606864717, 37.94405667406921], [12.286136393165084, 37.94385858873314], [12.286217480007714, 37.94355071925889], [12.28627098281619, 37.94281509512481], [12.289816982173406, 37.94295549749006], [12.295940821904326, 37.94600327035621], [12.301716498895052, 37.95063205110491], [12.307358239237283, 37.95548742039844], [12.307592295703886, 37.955666577585774], [12.308038448640616, 37.95585419441703], [12.30813397243053, 37.95584387825568], [12.308116564743825, 37.95567356037806]]], [[[12.063167013830446, 37.9932746203296], [12.064577869134089, 37.99294046201319], [12.064826331824428, 37.992763342947974], [12.064865501408677, 37.992255197739176], [12.064856767986573, 37.99144277456074], [12.064695163340687, 37.99113358674897], [12.064637275213304, 37.99102283308271], [12.064281760398773, 37.99035896714934], [12.063634982320588, 37.99017787577354], [12.06162102909892, 37.98808227513733], [12.064607667699814, 37.979489318081164], [12.070817475355874, 37.970726319522115], [12.077801368699348, 37.96166429129318], [12.081450073134105, 37.95165451753931], [12.081551026731239, 37.95148316471626], [12.08158084974189, 37.951432667826296], [12.081864501464972, 37.95107499863639], [12.081910202448924, 37.95101737217712], [12.08335129234259, 37.950109212288005], [12.084218393424718, 37.949820157393845], [12.085296401089094, 37.949551658196405], [12.086809689383408, 37.94926480057743], [12.087438100618698, 37.94919928766896], [12.090926423424401, 37.94928717442654], [12.091124150431801, 37.949317413815734], [12.091237189556974, 37.94924568855157], [12.09137813862238, 37.949156250274804], [12.091576897149041, 37.94902047324721], [12.091671687506466, 37.94895558392627], [12.091752192093415, 37.948900471067816], [12.09156677155064, 37.94790475962376], [12.09152622870032, 37.947812488459746], [12.091446700563798, 37.94763149100089], [12.088137173744474, 37.94651341447278], [12.087275071776721, 37.94630284853492], [12.083036759422761, 37.945657137615484], [12.080474455083634, 37.94699245822279], [12.075669018701307, 37.94943969202883], [12.064988270389247, 37.9512808454326], [12.057591885187907, 37.9525158884934], [12.054772218312214, 37.95311783493145], [12.049822986212178, 37.95534315138984], [12.049156784409387, 37.95593189055628], [12.048227772911583, 37.95681677756288], [12.045066818914355, 37.960016992807724], [12.042109089611204, 37.97012384293761], [12.037701395583035, 37.979522823598884], [12.033774747461178, 37.98863403074553], [12.033465650729973, 37.98912278947683], [12.033313727526359, 37.98933507714348], [12.03327564291221, 37.989388292038676], [12.032921093111726, 37.98964064245077], [12.032831237392982, 37.989641304730995], [12.032644939756652, 37.98964267652899], [12.031341277383037, 37.98853513138386], [12.03065814973532, 37.987813476701014], [12.030662342489693, 37.98770951846866], [12.030498637685362, 37.987534201382545], [12.030083975743826, 37.98744263375229], [12.029948218697644, 37.98742116981874], [12.029821363098497, 37.98746235228675], [12.029227273750504, 37.987655220085486], [12.028881792621215, 37.98810599705701], [12.028539700378007, 37.98952991883392], [12.028232668494043, 37.99107185782523], [12.028726402376542, 37.991814152761094], [12.029580862197777, 37.99299803813475], [12.029799380404159, 37.9930846448031], [12.030170389255964, 37.99313006488984], [12.03822914560398, 37.99302381726817], [12.04565745818031, 37.99205184043878], [12.050901312834238, 37.9911195522572], [12.060566266995357, 37.99026332723543], [12.061214919339202, 37.990625277841744], [12.061748427713084, 37.991806567050936], [12.0619242341278, 37.992892159957236], [12.061995612939352, 37.993029093591204], [12.062094004853225, 37.993202745287334], [12.062199502854181, 37.99328797814121], [12.062881614103258, 37.993294515232435], [12.063167013830446, 37.9932746203296]]], [[[12.327711282144163, 37.98711707166363], [12.32808899279973, 37.98707776853183], [12.328316090064225, 37.987037963368884], [12.328495059232035, 37.98699952128255], [12.328756097669059, 37.9869110805833], [12.329039475094978, 37.98678386676637], [12.329275587762206, 37.98667706052545], [12.32940514518731, 37.98657514287901], [12.329490881974403, 37.98649710346452], [12.329605135619786, 37.98637214401742], [12.329614366567373, 37.98630990719842], [12.328870744051745, 37.98611644655837], [12.328678237394897, 37.98612190082477], [12.327922409047018, 37.986324473307704], [12.32778942764893, 37.98644742462836], [12.327595030367002, 37.986943971250625], [12.327711282144163, 37.98711707166363]]], [[[12.424663886891706, 37.98999326457454], [12.426540673391772, 37.98963790787972], [12.426855694115696, 37.9894195295352], [12.426845565768406, 37.98930216768974], [12.426813640771991, 37.9891573057035], [12.425969365386264, 37.987742163959055], [12.425852755769235, 37.98773962400617], [12.425020401839891, 37.987937640177854], [12.424379561273287, 37.988193924844246], [12.424162788241413, 37.988288288218534], [12.423577410102006, 37.98858632938765], [12.42349353422819, 37.9887061356035], [12.423627964335601, 37.99006967886457], [12.424663886891706, 37.98999326457454]]], [[[12.417050145946678, 37.9877909939865], [12.417006864809007, 37.98772697632275], [12.416746462695528, 37.987685213179766], [12.41629741992106, 37.98774742443399], [12.416159966915869, 37.98777144040035], [12.415375249309683, 37.98828984380989], [12.413475384412239, 37.989892960489684], [12.412644394687732, 37.99076740710144], [12.411373091159254, 37.992207458903415], [12.411293573975557, 37.99231469056135], [12.411274483994072, 37.99234043410556], [12.411352210283932, 37.99239622211652], [12.41182342361048, 37.9922714285741], [12.411907800943231, 37.992219236517094], [12.413183648079821, 37.991310211156176], [12.414469880177053, 37.99034734713085], [12.417050145946678, 37.9877909939865]]], [[[12.335688232795066, 38.02035593723263], [12.336065373766372, 38.0194698646916], [12.342079157413115, 38.00417090870058], [12.34928792475038, 37.997044252101276], [12.351479939449286, 37.99530058997958], [12.352548578562178, 37.992550547177814], [12.351418623382905, 37.988856704682874], [12.339610658392818, 37.985436336407105], [12.338263343092706, 37.98477804057344], [12.329994222730614, 37.98687768269116], [12.32730794475634, 37.98897774298885], [12.323860484208657, 37.99341345981605], [12.323834168126623, 37.99345135113883], [12.323675083677852, 37.993680411883666], [12.323497031740112, 37.99393678348147], [12.32282811892556, 37.99511092447898], [12.322762059201992, 37.995239976833474], [12.32263864535915, 37.995482035767516], [12.320672741222165, 37.99939514183951], [12.320429180292294, 37.99993991132515], [12.320328872573942, 38.00027102138678], [12.320184485899324, 38.00118951277157], [12.32217169919164, 38.007375533917156], [12.324785220944712, 38.00877027297886], [12.326205105549382, 38.00844152647971], [12.328775487345458, 38.008883576589994], [12.32881701886098, 38.008916053446384], [12.329190325441303, 38.009353401291264], [12.32946529981843, 38.009736602451845], [12.329679453383848, 38.01007606664802], [12.330608133412689, 38.012841694458494], [12.33261048761746, 38.01893172730844], [12.333040570074978, 38.0201849414684], [12.333343308170317, 38.020552225811834], [12.333492148729498, 38.020609663883874], [12.333652829651289, 38.02061757658695], [12.335331855034946, 38.0205612971185], [12.335688232795066, 38.02035593723263]]], [[[12.456850671732944, 37.86247622860985], [12.456483256430886, 37.86246319173926], [12.456239728871303, 37.86265627298918], [12.456257754868986, 37.86291317736369], [12.45655289551778, 37.86305228911366], [12.456898340252337, 37.86304110748921], [12.457048974891045, 37.86303395702082], [12.45718129996068, 37.86290611723189], [12.45727136791254, 37.86277475288948], [12.45719820823455, 37.86262292927236], [12.456850671732944, 37.86247622860985]]], [[[12.471190911973018, 37.870322472997096], [12.471379919749127, 37.87029855404874], [12.471620421819809, 37.87017566791525], [12.472184082185088, 37.86911885329681], [12.472195990440504, 37.86903967479584], [12.472281433978864, 37.86812321651468], [12.472124870240979, 37.86725947845111], [12.4719683107165, 37.86664068731287], [12.471831069460347, 37.866235624369274], [12.471650337751889, 37.86594981253265], [12.471308546267572, 37.86567939790034], [12.470911394812523, 37.86539410806563], [12.46860332482449, 37.86379284374698], [12.467905672896693, 37.863558601485835], [12.467599396425078, 37.863559385884066], [12.467435486705458, 37.8635777431257], [12.467267056966946, 37.86361171268581], [12.466990833858222, 37.86366742205345], [12.46550514546987, 37.86397246970289], [12.465126234988897, 37.86405570161025], [12.464997928821358, 37.86454341213911], [12.464182357061649, 37.868483603154054], [12.46424556655931, 37.86868299164191], [12.46426877194393, 37.86875441797865], [12.464290190796728, 37.868812581618606], [12.464393728479857, 37.86908475676757], [12.464421075760036, 37.8691204340072], [12.464568227448897, 37.86931240334326], [12.465127512726678, 37.86967275435067], [12.465439460396858, 37.86980227005637], [12.466508185888845, 37.87015457336423], [12.46807834500521, 37.870455394950746], [12.469438337145471, 37.870667277278855], [12.469838257073455, 37.87066654784046], [12.470457911818581, 37.8706127910258], [12.470953666010208, 37.870482890032164], [12.471190911973018, 37.870322472997096]]], [[[12.455322467475241, 37.8873802069658], [12.455563497364084, 37.8873639901369], [12.455872145891993, 37.887246935775], [12.456883261629622, 37.88664502326215], [12.457299893652843, 37.886357138109624], [12.457413760406606, 37.886237895289305], [12.457780058390352, 37.88581726329921], [12.457836666643743, 37.88571172105136], [12.457911218816504, 37.88557272223003], [12.45784572527898, 37.88524687615272], [12.457731156560442, 37.884921830852775], [12.457687285414332, 37.884797363273066], [12.464009806324672, 37.880390277009695], [12.464316504769311, 37.8801841703736], [12.464625219589943, 37.879976694543345], [12.46518294446175, 37.87956256487751], [12.465362984766799, 37.87920698373815], [12.46537077522121, 37.87898007509617], [12.465237177713325, 37.878717974675126], [12.465177635739277, 37.878647461842945], [12.46503776188709, 37.87855117750802], [12.464835880142608, 37.87847384266108], [12.464376119207362, 37.87841554418079], [12.463950258850844, 37.87846862443804], [12.463059124697585, 37.87879727076919], [12.462547361571163, 37.879094967721144], [12.458458319746754, 37.88178060672261], [12.457027446032615, 37.884024326947795], [12.455322467475241, 37.8873802069658]]], [[[12.455374158790969, 37.904886196934136], [12.455461334278853, 37.90479478516998], [12.455607976718248, 37.90417786925158], [12.455061501321943, 37.89937179530891], [12.453531989395412, 37.897966418889354], [12.451785420886017, 37.897084690777994], [12.449981386881396, 37.89620710582585], [12.449259526605418, 37.89593858467735], [12.448768379717281, 37.895755881765254], [12.447731624524588, 37.8954848785732], [12.448491912441895, 37.88500329147402], [12.449082457645472, 37.88315705172045], [12.451830764068118, 37.873733879861454], [12.449613697673266, 37.87073805427992], [12.449512646154085, 37.87055326641934], [12.448757138318012, 37.86875621061793], [12.448563609752672, 37.868031192605535], [12.44846033454284, 37.86679941983729], [12.448515145518895, 37.8661006642116], [12.449137576131102, 37.86095887992046], [12.449928558520732, 37.856729924167276], [12.451132444646298, 37.85401519862899], [12.451428515136438, 37.853532767544365], [12.451710024333671, 37.85307405692252], [12.451808649851165, 37.852913348082154], [12.451454437215142, 37.85108163565883], [12.451312536989784, 37.8504679762921], [12.450841980647018, 37.84843293131284], [12.447212325300125, 37.84407002392689], [12.446606251590735, 37.84405133121214], [12.446487665304545, 37.84405145999137], [12.44595300425626, 37.844183742883715], [12.445874119053872, 37.84420326035343], [12.445855757670381, 37.844236715638566], [12.445823661397936, 37.84429519780808], [12.44574249593909, 37.844443090210135], [12.445655839820086, 37.84460098852596], [12.44561778279953, 37.844694138321316], [12.445521776098593, 37.844929127278796], [12.444262607892002, 37.848932855841376], [12.4434523215927, 37.85201806511047], [12.437885090080545, 37.87547186138532], [12.436835974246128, 37.88090558327182], [12.434955325101045, 37.884242955642804], [12.43376369028561, 37.886031844312164], [12.431859051417128, 37.88840872576359], [12.430602925093414, 37.88985650566039], [12.429853147425337, 37.89132764206812], [12.429270007002549, 37.89275592262408], [12.429385783084335, 37.8951319761357], [12.431011965033251, 37.89646705031264], [12.43349069153881, 37.89672840051534], [12.434146524569847, 37.89628854647663], [12.43545022109201, 37.89618200680152], [12.43777116446462, 37.8961957702277], [12.439046206122788, 37.89646892643615], [12.440367231438152, 37.89675535368767], [12.444569752708908, 37.897852847452334], [12.445588270307539, 37.89823782907898], [12.447289005820327, 37.89888119660059], [12.448883203955916, 37.89977466897625], [12.45019947703903, 37.900649817796186], [12.452758760969695, 37.90271205667853], [12.452868190055302, 37.90280343731693], [12.45304507636315, 37.90296940585521], [12.453165722120298, 37.903087486460436], [12.453967955005165, 37.90390624885149], [12.454661012748717, 37.90491290173231], [12.45528454231157, 37.90498016686486], [12.455374158790969, 37.904886196934136]]], [[[12.05328242490627, 36.75666982223024], [12.053130498239257, 36.756669822467266], [12.052881891930525, 36.756738879691646], [12.052799023148193, 36.75684937219293], [12.052799022031644, 36.75701510961375], [12.052909514816879, 36.75709797880347], [12.05313049807091, 36.757097978642676], [12.05329623634995, 36.75700129817405], [12.053392917552058, 36.75690461787287], [12.05328242490627, 36.75666982223024]]], [[[12.052185460317359, 36.79862479818164], [12.051923434559532, 36.7986247979543], [12.051726915141513, 36.79866410178446], [12.051713813933418, 36.79882131784943], [12.051740016210573, 36.798926127910995], [12.051831724635047, 36.79904404007153], [12.052381979747178, 36.79933226829234], [12.052486790480048, 36.79910954655548], [12.05247368894431, 36.799030938718225], [12.052408182647541, 36.79888682375713], [12.052329574919476, 36.798716507618934], [12.052185460317359, 36.79862479818164]]], [[[11.954556100337136, 36.83937630638082], [11.965782787662384, 36.83705158577177], [11.97337833526925, 36.83487541832335], [11.97714127280969, 36.832015646178334], [11.978174085969076, 36.8296990465789], [11.979904365605844, 36.82646301889205], [11.98280695423727, 36.82512204833202], [11.985970902066565, 36.823660790084794], [11.989297729867749, 36.82281459037467], [11.991639785818405, 36.82226893507275], [11.994746509335144, 36.8217751972408], [12.00388977418071, 36.82172244289597], [12.006006397814728, 36.824552751776366], [12.010830246739014, 36.825747240804596], [12.01123688035063, 36.82578312630357], [12.013322220306492, 36.82516285319662], [12.024897681921498, 36.81464984179145], [12.034611003191268, 36.80641439094254], [12.03737937853743, 36.80408464379654], [12.037518161252303, 36.80396944640035], [12.038017373522502, 36.80366801486488], [12.038852001674273, 36.80331033556235], [12.038963112136774, 36.80328068396786], [12.039191666678091, 36.803219691987], [12.04231427221572, 36.80301510359162], [12.046029986595228, 36.80139839142371], [12.049605723113649, 36.79762364258118], [12.0531279712322, 36.7906436572342], [12.05482221861491, 36.78113852963347], [12.055400256538213, 36.775450328378994], [12.055060778305135, 36.763076704853745], [12.051998752934688, 36.75661403409972], [12.050559604815211, 36.754496721944214], [12.047256339059517, 36.74975630987248], [12.042262363844701, 36.7457392774594], [12.040576326280535, 36.74488630291014], [12.031048070054888, 36.738552625588866], [12.029296057747557, 36.73687782185876], [12.027160966605484, 36.73570255329299], [12.023366151988542, 36.734340719934], [12.013919923550379, 36.73545199339572], [12.010011622484402, 36.73470441866176], [12.003258212244525, 36.73547186435899], [11.992925632633426, 36.737391418924425], [11.99217637280254, 36.73792901543529], [11.99006090013283, 36.74036246339744], [11.982343314155539, 36.74448415927265], [11.978342272336997, 36.752883595855444], [11.977201058667706, 36.75499699167844], [11.973162312497305, 36.76201528048321], [11.972385882041007, 36.76331789410483], [11.972083270626563, 36.76367963147952], [11.969901203756063, 36.76576416973568], [11.968739450034585, 36.76670805188807], [11.968178040259247, 36.76697771570424], [11.96742351310197, 36.76731847181968], [11.962357219952649, 36.76830209013427], [11.956079474132155, 36.77201163504105], [11.956262663693407, 36.7725479800106], [11.955527491695147, 36.77584073340154], [11.955366347474197, 36.77644484463853], [11.953178285872132, 36.780497823943925], [11.95186349818589, 36.78278280529672], [11.951088136634771, 36.7836994579412], [11.941575519120745, 36.79201508089228], [11.92792959477954, 36.80074668608352], [11.92705017451321, 36.801841204142235], [11.926593466008883, 36.80317426804055], [11.926367595369246, 36.805599136493065], [11.92737378112866, 36.82022519121336], [11.928413603090437, 36.8253416675718], [11.934379648472285, 36.83260851961398], [11.935494398297847, 36.83337135851368], [11.935431488570874, 36.83327754255854], [11.935351257857397, 36.83311858812787], [11.935340434462137, 36.833029446053594], [11.935352062473338, 36.832945710204136], [11.935642601630592, 36.83220537246224], [11.937234499071662, 36.8316311157156], [11.937358955494615, 36.83158929512038], [11.939946533738413, 36.831149884581535], [11.942266070304521, 36.83090171794061], [11.943540764680993, 36.831966894313766], [11.944052067925465, 36.83343972039277], [11.944070536149589, 36.83353933508657], [11.944092872118013, 36.83367341138986], [11.944097673846466, 36.833702237612805], [11.943981346732913, 36.83423088543504], [11.94351367848289, 36.83534748744513], [11.94465317794745, 36.83629141907752], [11.952652114080633, 36.83924751331499], [11.9528904176717, 36.83931670124468], [11.953436942256888, 36.839387046643026], [11.95350739867067, 36.83939219113204], [11.953579467305449, 36.8393974531883], [11.954556100337136, 36.83937630638082]]], [[[12.496136675150684, 38.01210352778716], [12.496281580657197, 38.01206768252627], [12.496503780101637, 38.01201153014078], [12.496727973168046, 38.01180216481784], [12.497417660931955, 38.00923532398426], [12.49741623675229, 38.00503850303039], [12.497091547589111, 38.0050172840438], [12.497289751858832, 38.00918470519253], [12.496331084710954, 38.01119629669049], [12.496071466256309, 38.01130503793824], [12.49415973167298, 38.01157058047919], [12.495760873738575, 38.012087702770046], [12.496136675150684, 38.01210352778716]]], [[[12.488883622193562, 38.01239970161226], [12.488437875030348, 38.012313750407124], [12.488047035816496, 38.012490153095484], [12.487969345745267, 38.012733177757255], [12.488185373955961, 38.01287262641877], [12.488755499167613, 38.01279598738776], [12.489031353679605, 38.012669427877036], [12.489074906714974, 38.01250213040779], [12.488939283844086, 38.01240935329499], [12.488883622193562, 38.01239970161226]]], [[[12.469578507230619, 37.73054281470994], [12.469828795483027, 37.73032155938896], [12.469319292906382, 37.730381537996166], [12.46903140955766, 37.73059770076353], [12.468957345009027, 37.730667544248476], [12.468915546398701, 37.730790093669256], [12.468912850628962, 37.730841397237064], [12.468981544206125, 37.73088989476318], [12.469162586452637, 37.73084623930352], [12.469334448325817, 37.730778590676856], [12.469578507230619, 37.73054281470994]]], [[[13.236510563248032, 38.21237698524469], [13.236726027726162, 38.21255049761528], [13.236758676238551, 38.21252264818415], [13.237296516432226, 38.21199093006009], [13.23748917647624, 38.211586174575274], [13.23757517366119, 38.211221731775645], [13.237761255870398, 38.20808093010303], [13.2374788196127, 38.20764026436817], [13.235551660932932, 38.20808843563363], [13.235406678816956, 38.208142608631825], [13.234952565275867, 38.2083127328492], [13.234498877438059, 38.208657868413056], [13.234180750739023, 38.20905215018815], [13.233774861082853, 38.2102921155671], [13.233816354090296, 38.21075563661005], [13.233819029239406, 38.21078550366173], [13.233936603213715, 38.212073710963985], [13.235252897476698, 38.21250506394292], [13.235630099680812, 38.21248970356569], [13.236510563248032, 38.21237698524469]]], [[[13.537768880256166, 38.11339600606494], [13.537559283406889, 38.11330285214398], [13.537361329655543, 38.11331449633471], [13.537244886887253, 38.11336107389424], [13.537209955010672, 38.113442583269126], [13.53758257145768, 38.11367546952966], [13.537873678331277, 38.11375697873278], [13.538118208933012, 38.11379191176902], [13.538001765920814, 38.113582314656206], [13.537768880256166, 38.11339600606494]]], [[[13.155533043608935, 38.715544772985986], [13.155384879674346, 38.7155190048896], [13.155378437848123, 38.71568005261375], [13.155462182472283, 38.71573802965672], [13.155918056168884, 38.716015535521], [13.156299629392999, 38.71617607855172], [13.15635116508151, 38.71612454312226], [13.15628674587709, 38.715750913088876], [13.155908717558155, 38.71563425722847], [13.155533043608935, 38.715544772985986]]], [[[13.180665297160417, 38.72067034557467], [13.180728468534921, 38.72060612493456], [13.182657098605615, 38.71904527538807], [13.18318893657823, 38.71861572283341], [13.185260663560435, 38.71742245013413], [13.186484661437493, 38.716772892015975], [13.189960131769, 38.71578326823304], [13.19431651926899, 38.71462970024833], [13.194583016375587, 38.71466534925064], [13.194959299919832, 38.714680176278], [13.195251737222288, 38.714673516396864], [13.195751718699464, 38.714616621353926], [13.197260156591325, 38.714002906862554], [13.198159087915073, 38.713460620383586], [13.19885539923665, 38.71278263746689], [13.200394289724626, 38.71109659921554], [13.200668858956075, 38.70978632629983], [13.200348788982733, 38.70930695294278], [13.199719318403629, 38.70863377491769], [13.190501038467367, 38.700647736247234], [13.1824103228958, 38.69547619099966], [13.173850830496926, 38.691789023096995], [13.169343407362126, 38.69094714070989], [13.160375189647311, 38.691635345435394], [13.15877020332856, 38.69179029525278], [13.15819786038222, 38.691916430754326], [13.156531682181916, 38.69243983689146], [13.155490301084706, 38.69286861612471], [13.153627994915707, 38.69369154844911], [13.152664475995596, 38.698965625058996], [13.15507871223511, 38.700988083452025], [13.159859659929392, 38.70758072449342], [13.160401079172372, 38.70991853559215], [13.163217605622572, 38.71344096396965], [13.16983089753179, 38.71713525929998], [13.172350070594316, 38.71825286469119], [13.172710490265713, 38.718382958929375], [13.17820234449962, 38.72024038701658], [13.180665297160417, 38.72067034557467]]], [[[14.825912007657868, 38.1650178933769], [14.825726298005025, 38.164832184251885], [14.825331664043823, 38.164901825240975], [14.825145954829116, 38.16501789358433], [14.825099527623028, 38.165226817715485], [14.825331664949994, 38.16531967235049], [14.825587015630234, 38.16536610007251], [14.82579593953796, 38.16527324461251], [14.825912007657868, 38.1650178933769]]], [[[14.846747449495133, 38.5379374025832], [14.841890871424944, 38.54063455129221], [14.83684780830377, 38.54317803466523], [14.828442106602159, 38.54723078559958], [14.820959754224223, 38.54821054635868], [14.80663868264496, 38.55332459808282], [14.805282730039663, 38.553962186245094], [14.80334607524168, 38.5550043535899], [14.803251230166609, 38.55505825677917], [14.803096697140347, 38.55517604435287], [14.797280219920523, 38.5602389609617], [14.796651826370086, 38.56079701433323], [14.796466042126438, 38.56099456442459], [14.796175063540394, 38.56140861071686], [14.796065354571718, 38.56164271647699], [14.796007586383181, 38.561777805052586], [14.795883254277294, 38.56211102805739], [14.795791986307124, 38.56244550419403], [14.795827097930808, 38.562687694548615], [14.795876511094628, 38.56289327720826], [14.796149134371221, 38.563472309418394], [14.796209104721791, 38.563576033834146], [14.798730079284653, 38.56612176766071], [14.799445659035934, 38.571272445843675], [14.800158090034726, 38.57272548284496], [14.800749211788192, 38.573794397795034], [14.806307239358167, 38.58084954308098], [14.807806323301929, 38.58244414193843], [14.81399319717372, 38.58301739908256], [14.820239105049282, 38.58297759229613], [14.834680961269957, 38.58242210222418], [14.83796909648842, 38.58177325962633], [14.839379820168153, 38.580744016991986], [14.844451826677105, 38.57957872293542], [14.844676066597312, 38.57953278836296], [14.84483308206009, 38.57950062423572], [14.84567771821849, 38.57943615597416], [14.846392269529867, 38.57949115276577], [14.84657304273263, 38.57950943026481], [14.848063014254173, 38.57970224121721], [14.848595962203943, 38.57977339470857], [14.848651006888298, 38.5797828704201], [14.849281691560812, 38.57989144695711], [14.851057525563187, 38.580290239940524], [14.854751844597065, 38.581538527078756], [14.856302746909293, 38.58221139627682], [14.859373789945124, 38.5825895535122], [14.865506484338418, 38.58320057262851], [14.86608600261708, 38.58324264155398], [14.867559019304732, 38.58305872738766], [14.868028413493656, 38.58290566266], [14.868305382386229, 38.5827993389047], [14.868673491614729, 38.58262741020544], [14.869845593411801, 38.58206996549664], [14.872242017469436, 38.58059466170017], [14.872509972892548, 38.58016690821701], [14.871417128741465, 38.57771810795168], [14.871265969541634, 38.57747544800857], [14.871099469399025, 38.57588915557313], [14.871571615687126, 38.570636306419566], [14.87170142027388, 38.569860818317174], [14.87297747191975, 38.567176647595886], [14.874109241319305, 38.56159946063535], [14.872473142850211, 38.55863276325918], [14.869459726431792, 38.55421356092438], [14.869396734681434, 38.55413239078788], [14.869193525979657, 38.55385278196364], [14.869070518974937, 38.553654379252364], [14.868914870625037, 38.55339983796833], [14.868641459282527, 38.55293294533977], [14.868564308542709, 38.55276163944511], [14.868453172035753, 38.552346951471804], [14.868395770295443, 38.55206975494474], [14.868374354772055, 38.551517768140044], [14.868396468954108, 38.550400310940034], [14.868446018404741, 38.54936856671456], [14.869523687513897, 38.54104259994935], [14.86958174385791, 38.540659661795175], [14.86964242120881, 38.54042541689382], [14.869855484707392, 38.53998405776724], [14.86996485311849, 38.539785929005006], [14.870232421639281, 38.539344629224445], [14.870560115894493, 38.53897550019343], [14.870775652414531, 38.53875044138827], [14.866881944426298, 38.53621369529496], [14.8591596948465, 38.53493397266786], [14.855310745977555, 38.53464990601007], [14.85011865986664, 38.536220479813515], [14.846747449495133, 38.5379374025832]]], [[[14.938966486725628, 38.40006878729117], [14.939072516345083, 38.39995618028335], [14.93907545598428, 38.39985705700855], [14.93884517315743, 38.399536986545314], [14.938583343858427, 38.399455749446936], [14.938428757741057, 38.399451167181695], [14.93834285333867, 38.39945111090758], [14.938254106686829, 38.399460084186174], [14.93813915246873, 38.39950431547609], [14.938085463753616, 38.39957662280466], [14.938033416946622, 38.3997123151469], [14.938019058926645, 38.39977539120184], [14.938039039059108, 38.399842987178616], [14.938155083502053, 38.399909230134774], [14.938474023146508, 38.40008204924661], [14.938539849301185, 38.40010460142717], [14.938669683509334, 38.40011260058023], [14.938966486725628, 38.40006878729117]]], [[[14.951151073502801, 38.41996263388267], [14.951031189965585, 38.41995407071313], [14.950988374511722, 38.42000544952392], [14.950894181468911, 38.42016814842177], [14.95088561836165, 38.42022808978946], [14.950894181194935, 38.42036509958098], [14.950979811604938, 38.42039935162849], [14.951133946944058, 38.42043360391834], [14.951356587276118, 38.42029659441552], [14.951416529797104, 38.4201424591759], [14.951356588012665, 38.41999688675774], [14.951151073502801, 38.41996263388267]]], [[[14.959983720060565, 38.43227843648493], [14.960086838323626, 38.43224692273542], [14.960505110416054, 38.43211188650476], [14.960811663824279, 38.43200384362083], [14.961098151370607, 38.431900290743116], [14.962650992094192, 38.43117532260198], [14.963135222148084, 38.43083300889925], [14.9648060195373, 38.42964063612032], [14.968169779693309, 38.42625629831405], [14.968599901079173, 38.4251163736679], [14.967861980971465, 38.42284510360594], [14.967489101177778, 38.42242301045626], [14.966722927856665, 38.421968839419065], [14.964847164954294, 38.42088408872752], [14.96420293272402, 38.420568462199874], [14.963069076250786, 38.42009497032436], [14.962373314940756, 38.419833394345396], [14.96364872382862, 38.41213287846477], [14.971077049923123, 38.41059602295843], [14.98064893165045, 38.40968340106084], [14.985306942814201, 38.406616132883634], [14.996992522198592, 38.39626795090334], [14.999028126837134, 38.39161317825211], [14.999886085009871, 38.38876621370753], [15.00057109870827, 38.38646718862619], [15.000464130394157, 38.385626018851006], [15.005302126812458, 38.37599482110132], [15.005104478394996, 38.373755276736865], [15.00254895816498, 38.37122965067844], [14.992341789844247, 38.36671879442462], [14.992135020131906, 38.366661755562546], [14.992103019782265, 38.36665346439969], [14.991121451209118, 38.366468630149235], [14.990903972476904, 38.36643257508036], [14.990870235324497, 38.366430801169415], [14.99064642157926, 38.36641903481551], [14.982767869607157, 38.367085050372644], [14.977626387115249, 38.36875524523781], [14.974797150642837, 38.370701394401046], [14.968043029849834, 38.37589595494576], [14.956889932241848, 38.381965991910896], [14.948832531206076, 38.388033156468516], [14.948496548889834, 38.389529051191865], [14.948450599108671, 38.38971827836714], [14.947518809643297, 38.3917005579238], [14.941520475772908, 38.39969991014459], [14.939517312794768, 38.40215989837773], [14.938940004920948, 38.40771112356708], [14.939039300358916, 38.40880616518408], [14.939544020067242, 38.41133435539284], [14.945504440845397, 38.41706452523518], [14.953201590129412, 38.41796907114962], [14.953382008660682, 38.41795111683336], [14.953519475372481, 38.4179601835904], [14.953805831009067, 38.41799635135208], [14.95393754827998, 38.418018927158535], [14.954097890268562, 38.41805053234635], [14.954255373567433, 38.41811369533355], [14.955366234971146, 38.418582754848664], [14.955540864905027, 38.418681946300275], [14.955692562539468, 38.41880367222907], [14.955741022688283, 38.41884578067285], [14.95583154845286, 38.41892444138238], [14.95585858288908, 38.41894793272418], [14.955987365592911, 38.419096672008045], [14.956105744806582, 38.41925280515802], [14.95615089551287, 38.41935820733116], [14.95618762234778, 38.41944822952704], [14.956241752353485, 38.41989436160061], [14.956224435666856, 38.42013317516368], [14.956215781030162, 38.420232295399124], [14.956017909373049, 38.42065579424421], [14.955831627268175, 38.42088554854245], [14.955691208245357, 38.421016164950665], [14.955522156951107, 38.421169311421934], [14.955371436373298, 38.421257265307446], [14.955207062321188, 38.42124579091266], [14.953395000106445, 38.42448947416583], [14.953568014185644, 38.426686288193], [14.954108273218491, 38.428797580473024], [14.955313294061769, 38.430127340009214], [14.95675050247064, 38.431204838500946], [14.958394205875218, 38.43193091310045], [14.95882089135601, 38.43208877941809], [14.95954833919037, 38.43227828101499], [14.959780337270633, 38.432278365841626], [14.959983720060565, 38.43227843648493]]], [[[14.899515655434625, 38.49253480239202], [14.899421461502113, 38.49247486087449], [14.899258762634664, 38.492543365067306], [14.89919025813241, 38.4925947437479], [14.899087501081269, 38.49269750073276], [14.899104626573912, 38.49290301502844], [14.89913031606577, 38.49296295651203], [14.8992073838255, 38.4930400239832], [14.899382926982536, 38.4930528685946], [14.899541344448354, 38.492920140692725], [14.899567033649067, 38.492834510099364], [14.899515655434625, 38.49253480239202]]], [[[14.951628666471677, 38.521963773980644], [14.951551659604695, 38.5217471882535], [14.95140611434936, 38.52161954850593], [14.951369466139106, 38.521620967766], [14.951273286019806, 38.52163019325121], [14.951207280775671, 38.521693250381595], [14.951132564490472, 38.52190048365685], [14.951166962261654, 38.52194105457901], [14.951436496255706, 38.52200876733689], [14.951628666471677, 38.521963773980644]]], [[[14.960486816592745, 38.523386503891075], [14.960595862304222, 38.52330542600871], [14.961178334688338, 38.52279193401107], [14.962168281091952, 38.521791914734216], [14.962363459606618, 38.52149458737061], [14.962432353056636, 38.521363944469684], [14.962466814598427, 38.52129185653738], [14.962466841312615, 38.52123776998072], [14.962294870073602, 38.52103944972836], [14.961779999970327, 38.51306362781817], [14.96344273087503, 38.502592144145126], [14.96211376766339, 38.49995118070411], [14.96160153693662, 38.498117062121885], [14.962559880786328, 38.49109696169485], [14.96261442168955, 38.49092124427275], [14.962990276177027, 38.49029501991008], [14.963191091596265, 38.490020210243884], [14.963601280622054, 38.48947061174151], [14.963962678199302, 38.48908769868792], [14.964427303738194, 38.48860569832705], [14.964619458985988, 38.48841199724207], [14.965023820982948, 38.488060657620984], [14.966529309812552, 38.48683093416362], [14.96704543799026, 38.4865201623598], [14.968132082844553, 38.48592567419085], [14.96976624318434, 38.48530877663915], [14.969949698633808, 38.48525926108738], [14.971044754251574, 38.485088303100184], [14.971351440281417, 38.485119912862814], [14.971398488990134, 38.48513097848394], [14.971521221738858, 38.48515984542283], [14.971598786144634, 38.485178088763526], [14.972027826920854, 38.48541296932442], [14.972265672713647, 38.485561729152536], [14.97313692625098, 38.48594945727167], [14.973532479993846, 38.486044166876695], [14.975044338189107, 38.48621704801166], [14.975478724293422, 38.48626539543663], [14.976914912474022, 38.48602686630239], [14.977456749476968, 38.485806165011525], [14.979807630876259, 38.48445479664623], [14.980574218037605, 38.48385376177252], [14.980599117662132, 38.483826763446174], [14.980690772035734, 38.48333293654316], [14.980676478737381, 38.48315268347303], [14.980662188021855, 38.48303101376631], [14.980607837087923, 38.482643494282605], [14.980306526432747, 38.480626153497404], [14.980235849902323, 38.480313796654954], [14.980012406984581, 38.47982260375011], [14.979917880041427, 38.479669375485365], [14.979576909452337, 38.47923224288595], [14.979508152570986, 38.47916013033542], [14.97837610146995, 38.47879944906662], [14.977265239325389, 38.47847193747106], [14.977006200340563, 38.47842066823629], [14.9761014972089, 38.47824648376686], [14.975515518172264, 38.478146722710505], [14.971318361892953, 38.477540735050994], [14.968924093850635, 38.47725173336186], [14.96287650608107, 38.476765224631144], [14.962613942353524, 38.4771072932634], [14.962631770075324, 38.477234986312745], [14.962675068961982, 38.477868650002755], [14.961805702039058, 38.47838494938914], [14.961666644494823, 38.478360140539934], [14.95811867126358, 38.47750972055686], [14.957941007138125, 38.47743305277203], [14.95725905149366, 38.47710387819934], [14.95706422051692, 38.476995658518824], [14.956892405141001, 38.47677029469378], [14.955297419450513, 38.474422033466894], [14.95509704881199, 38.47403442833471], [14.954733564082602, 38.47325023403698], [14.954647698296457, 38.473042934067635], [14.954527568576742, 38.47267339056965], [14.954510592382656, 38.47234443123487], [14.954513607352997, 38.47209661294418], [14.954545268134861, 38.4718623013604], [14.95466850631256, 38.47138466007832], [14.956954980315206, 38.46311694646216], [14.95676216583748, 38.459669737326436], [14.958656694140789, 38.455900089931234], [14.95902414332289, 38.455226078582925], [14.959091464111248, 38.45512846126106], [14.960215070959611, 38.454344789791975], [14.962234956858044, 38.4535641508438], [14.962156453939276, 38.45123173359799], [14.959212617889525, 38.44350283486623], [14.959095320423694, 38.443205375263794], [14.958505738507622, 38.44224538451939], [14.958273872645787, 38.44191635052777], [14.957775727165803, 38.441370938508875], [14.956493115202486, 38.4401132663382], [14.955729693829053, 38.439529693585364], [14.954050164211566, 38.43915705916538], [14.953205043398691, 38.43922430450135], [14.953058958523766, 38.43924227914642], [14.945356584137935, 38.44102740685321], [14.942325680993742, 38.442589655775365], [14.942148614048396, 38.44324053607559], [14.9414664217386, 38.44936747905221], [14.93458108444561, 38.45946569078952], [14.919661409413665, 38.46262482655739], [14.918090163715032, 38.46292169252118], [14.917155879254496, 38.463196482021054], [14.913172080412917, 38.46500761413359], [14.899611367157727, 38.47817714707894], [14.899338204051254, 38.480867023050614], [14.89943257219161, 38.48570089655674], [14.899897572499619, 38.49155175331465], [14.902240049279257, 38.49483820827614], [14.903446889359433, 38.49920555869779], [14.903702233261978, 38.50337835881977], [14.903639939943684, 38.50493739485272], [14.903773867793577, 38.50663017856007], [14.903931381334656, 38.50797240352842], [14.904141578383394, 38.50937174606786], [14.904522338606998, 38.51087921812841], [14.904652430254158, 38.51119258791239], [14.905001667499759, 38.511912840847835], [14.9051215182147, 38.51208967900625], [14.905830103374363, 38.51282703301536], [14.90671601667414, 38.513674913657304], [14.907808086755992, 38.51456562153304], [14.912532147289745, 38.518367819780856], [14.914269143897926, 38.51909458038429], [14.923014249076022, 38.52198439136876], [14.924578140263312, 38.522485697544056], [14.92596951151049, 38.522930847519326], [14.926189399854673, 38.523000411142355], [14.92770402422716, 38.522640870211305], [14.927873309426431, 38.522550862372086], [14.928292312565521, 38.52226723413273], [14.92848488979351, 38.52212810845796], [14.928969675941252, 38.52172691839111], [14.92981575472751, 38.521095737995715], [14.930499254202608, 38.52068244297069], [14.930764506605346, 38.52056091329403], [14.930913191181961, 38.520508965142305], [14.931095991323783, 38.52044848401404], [14.931234886416286, 38.52041220469917], [14.931440208819815, 38.520358574892356], [14.931473079134093, 38.52035125295435], [14.932028856233822, 38.52022809681614], [14.933445062310046, 38.52010287816509], [14.939433427049616, 38.51968707478769], [14.942502034927323, 38.51962552620736], [14.945590633444487, 38.5196405229723], [14.94767816166893, 38.51997942814462], [14.95413245127289, 38.52182059717628], [14.957234872206795, 38.522889695739075], [14.960486816592745, 38.523386503891075]]], [[[14.36187562283207, 38.55433602305283], [14.362204228362959, 38.554272116254154], [14.362303868261893, 38.554252737685246], [14.36298282151662, 38.55404466385333], [14.364497033411864, 38.55281827281517], [14.364823653042992, 38.55254517951312], [14.365070430099768, 38.55221308195821], [14.365538780287887, 38.55148113971876], [14.365867756344494, 38.550937719509605], [14.36621836126237, 38.55021865463179], [14.366317719315841, 38.550011927262794], [14.366435991630025, 38.54975045241325], [14.366450705556506, 38.54971723389459], [14.366468583609828, 38.54967676998401], [14.366493285718397, 38.54962085346165], [14.366353327697924, 38.548570212480556], [14.365922935744887, 38.54563451954653], [14.363971994676811, 38.53913988686805], [14.363553210694983, 38.53783539537413], [14.36260622182728, 38.536220853224265], [14.360306847729984, 38.532658576683914], [14.359964209373457, 38.5322672332883], [14.359834645635514, 38.532124123202195], [14.35969608245223, 38.53197813182364], [14.359524727058545, 38.53181600922057], [14.359378410530951, 38.53171499336724], [14.359351213082782, 38.531697146019134], [14.35919350594325, 38.531647475142975], [14.35602424121634, 38.53066582586277], [14.35586052340374, 38.53064808147298], [14.355717647200164, 38.53063259583497], [14.353635359965084, 38.53063013793744], [14.349429532004507, 38.53074651746792], [14.349002547440277, 38.53076279189065], [14.348821130275343, 38.53078368553842], [14.34835565024066, 38.53087572266013], [14.347479272741738, 38.53105107732182], [14.345553070935697, 38.53161930491816], [14.344503039335203, 38.532052999207245], [14.343268217773051, 38.53273505846957], [14.342751121940774, 38.53308835862096], [14.342612012779503, 38.53321411888509], [14.342444119952622, 38.53341556957683], [14.342327771393261, 38.533565947364885], [14.341703407876027, 38.53443425080584], [14.340039901128463, 38.537843872275275], [14.339996019905227, 38.5379663173756], [14.33970065754679, 38.53889736975821], [14.339591353441707, 38.539559134142365], [14.339341010569601, 38.54183772322215], [14.339204361843061, 38.54327434607786], [14.339508709394204, 38.545772358295544], [14.339841579698325, 38.5470178724724], [14.339978305441234, 38.54743769714092], [14.34017449553701, 38.54794347388241], [14.340292241668324, 38.54824602875103], [14.341293322640572, 38.54920691979284], [14.34386445990981, 38.55166808267244], [14.345000968774553, 38.55257562783564], [14.3451520777915, 38.55268011420929], [14.34567195282708, 38.55293535699728], [14.346003307717632, 38.55309490502897], [14.347816281575572, 38.55367747292004], [14.348400634220193, 38.553803095661124], [14.349025889644455, 38.553891287201175], [14.349571348491455, 38.5539278145203], [14.351114677173685, 38.553884847678226], [14.354093568573289, 38.55412212494692], [14.358214591938237, 38.554584792997], [14.360140340325952, 38.55459689846964], [14.360590499011444, 38.55463091541968], [14.360869197671745, 38.55458737732268], [14.36107769363225, 38.55454078042141], [14.361125065071228, 38.55453019301839], [14.36187562283207, 38.55433602305283]]], [[[14.553199311624972, 38.58584053197426], [14.553890307941977, 38.58578989894831], [14.557720893596642, 38.58525840527958], [14.561383738668134, 38.58474950566095], [14.575020890618905, 38.58147030642752], [14.575692918084522, 38.581274092898774], [14.576015742430336, 38.58104096127847], [14.576208890124564, 38.58089747156844], [14.576926777126396, 38.580354851466154], [14.57744141675359, 38.57971235307782], [14.580609577927902, 38.57486634717395], [14.580731395183205, 38.574645987912334], [14.581377431284452, 38.57261611356752], [14.581411600742456, 38.57167448908406], [14.58127288025151, 38.571345055467305], [14.58109417295335, 38.570988440932794], [14.580716235493062, 38.57032381020834], [14.580616885487345, 38.570153139349955], [14.580369018690954, 38.56981072327302], [14.58006051806953, 38.56959691879595], [14.58000948863162, 38.569488589754485], [14.579823843538183, 38.56884356423462], [14.579776361779041, 38.568618101451236], [14.57970134792567, 38.56819426370965], [14.579591831986486, 38.56729267768325], [14.57977210652429, 38.56491418664373], [14.579799593920383, 38.56463041819542], [14.58001180771255, 38.56366689498597], [14.580374757796273, 38.56244257922591], [14.58126228018971, 38.56130575113802], [14.581507566002124, 38.561067815465904], [14.58301365372188, 38.5601359411924], [14.583382127082855, 38.559929977855525], [14.584162250523228, 38.55949568200896], [14.584524782348964, 38.55932123272088], [14.585255021444812, 38.55907598971797], [14.585982237103233, 38.55885327251319], [14.586341351723455, 38.55877343252855], [14.587088176204919, 38.558636384375774], [14.587653984854034, 38.55853924945365], [14.587946632027366, 38.5585447797164], [14.588207456076782, 38.558595270066064], [14.588417371549516, 38.55864051061771], [14.588717567555287, 38.558705207985305], [14.588849028167013, 38.558795779354064], [14.589486021512252, 38.55930268603793], [14.590676103259007, 38.55970644788968], [14.591031165475398, 38.55977554046863], [14.59124221638536, 38.5597819648911], [14.5915681918637, 38.55977172718206], [14.591629649146222, 38.55976979688112], [14.592737053819915, 38.55921066997707], [14.592922042430782, 38.55905333190483], [14.593480441521757, 38.55823520099996], [14.593758555656686, 38.557763030493845], [14.593692588728905, 38.55701116837466], [14.593408567222557, 38.556129265947895], [14.593332738409002, 38.555932139675605], [14.593256093219718, 38.5557876726709], [14.593073319932921, 38.55563383880063], [14.592622542626318, 38.55530424043556], [14.592421809777973, 38.55516295314771], [14.592175629006578, 38.555058450611966], [14.591135833352897, 38.55475743993266], [14.58708260076796, 38.553594189270726], [14.584055512362506, 38.55461533057371], [14.584009575430732, 38.55468666679873], [14.583772155396613, 38.554992835800775], [14.583630604371637, 38.555159051580695], [14.583385084047885, 38.55544204255696], [14.583047559452122, 38.55572684387252], [14.582598664683967, 38.5559844713401], [14.578604154918745, 38.55706060202606], [14.577408503415048, 38.55738037958258], [14.576284356269642, 38.55759683020058], [14.568511146604838, 38.55879467151999], [14.567698668807838, 38.558872784052504], [14.564525975117585, 38.558739374398726], [14.564445672586617, 38.558734556541026], [14.564144558633537, 38.558706398719345], [14.563912755872963, 38.55865043236076], [14.561864030990563, 38.55813465642853], [14.560202083419695, 38.55771336992638], [14.553732644428173, 38.56041549645379], [14.546324746581812, 38.56711892135267], [14.54113619850168, 38.57203483990288], [14.539350849966235, 38.57754998506571], [14.539546764188149, 38.57849841412505], [14.541508133471476, 38.582449325414], [14.544071224475683, 38.5854133131182], [14.546843122329816, 38.58555474856888], [14.553199311624972, 38.58584053197426]]], [[[15.063816850405487, 38.62460710253102], [15.063805274384409, 38.62450796150677], [15.063228180232246, 38.624238310571386], [15.062992197779444, 38.624174968290525], [15.06238896166695, 38.624022099859054], [15.062303428359742, 38.62403302516626], [15.062232946696605, 38.624042028134134], [15.062178512424772, 38.62406067433887], [15.062127848023838, 38.6242925874588], [15.06226845308895, 38.62439392653623], [15.06246690017426, 38.6244816488413], [15.062662223492191, 38.624517593247795], [15.063544060866247, 38.62466131294825], [15.063676151607126, 38.62465223033167], [15.063816850405487, 38.62460710253102]]], [[[15.106595560853544, 38.634718807446085], [15.106477743926677, 38.63468286086967], [15.106426130658523, 38.63474598903036], [15.10647233381076, 38.63491267417667], [15.1065906844582, 38.63530007771607], [15.106639584856346, 38.63534057468111], [15.106720039149074, 38.63536303178885], [15.106797911097138, 38.63538234430999], [15.106901062283008, 38.63540792426903], [15.10694123872044, 38.63537634475063], [15.106926533282321, 38.63514657198434], [15.10666551095802, 38.63479328603055], [15.106617821050026, 38.634742030182565], [15.106595560853544, 38.634718807446085]]], [[[15.111262795648935, 38.6371090442187], [15.111147268972298, 38.63707964386358], [15.111019859501887, 38.637120861604274], [15.110655520454673, 38.63741408394073], [15.110543671956677, 38.63754035489968], [15.110196818442185, 38.63799577304259], [15.11012364816156, 38.63811961625224], [15.110089001335073, 38.63830271519941], [15.110132531319909, 38.638396676831846], [15.110218712820208, 38.638498533480536], [15.110370957284209, 38.63851452307307], [15.111069280963967, 38.638096822741744], [15.111211566165275, 38.63798552097546], [15.111349123519886, 38.63781874589323], [15.111468016456762, 38.6375845662387], [15.111262795648935, 38.6371090442187]]], [[[15.097619902231708, 38.64033938159263], [15.097911575190787, 38.64029572599305], [15.098070345467022, 38.64019940757335], [15.09816458545549, 38.6400931642005], [15.09820841347069, 38.640019428132966], [15.09823647293503, 38.63915477567339], [15.098238185153994, 38.638975174875654], [15.098188044427095, 38.63887611779856], [15.098136184299316, 38.63877704175087], [15.098003961249386, 38.638714061573225], [15.09712487536832, 38.638647206201526], [15.09673267476911, 38.63865305995382], [15.096045423961222, 38.6391031951464], [15.095933491128132, 38.6391798886339], [15.09582463643134, 38.63940527069017], [15.097037991661372, 38.64024237526598], [15.097619902231708, 38.64033938159263]]], [[[15.114251104890515, 38.64040669289432], [15.114574014584303, 38.64027663483204], [15.114993596330825, 38.6399450365406], [15.115707204832669, 38.63896693239497], [15.115580198883771, 38.63881285140801], [15.115162489518442, 38.63863234908105], [15.114785626487402, 38.638574726034555], [15.11408128531063, 38.63851926062721], [15.112674533910505, 38.63902978842791], [15.112436574342105, 38.63933497791009], [15.112551998538214, 38.63953134463312], [15.112885086495341, 38.63978773821507], [15.113206577028787, 38.63999711052051], [15.11394926531765, 38.640411877294135], [15.114251104890515, 38.64040669289432]]], [[[15.099581580008728, 38.642740265933924], [15.099652825219914, 38.64265805946439], [15.10001453053326, 38.64215386546884], [15.099861079750665, 38.64200589471943], [15.099729550673397, 38.64207165926002], [15.099318522239175, 38.64271834370223], [15.099499374938803, 38.642745745516905], [15.099581580008728, 38.642740265933924]]], [[[15.064730863100515, 38.64672985567343], [15.064676085202809, 38.64651360605631], [15.064611414525686, 38.64652856158203], [15.064480769617298, 38.646558775277725], [15.063814566208546, 38.64689257782181], [15.063607835945055, 38.647009843657735], [15.063584892430006, 38.647068438142895], [15.063622281903312, 38.647104466347365], [15.063650008425153, 38.64711867709667], [15.063780347157287, 38.64718547914328], [15.064036138016535, 38.647279969338086], [15.06419028928191, 38.64727642828579], [15.064237213143253, 38.647275350338504], [15.064366427122856, 38.64718066121851], [15.064730863100515, 38.64672985567343]]], [[[15.072865804957539, 38.64666285082458], [15.07387479261145, 38.64623020392096], [15.074715031562542, 38.64580104737144], [15.076874090987578, 38.64397763739296], [15.077031023579345, 38.64359165181836], [15.07707069779672, 38.643432976370505], [15.07710539453172, 38.64329420278936], [15.077418656202498, 38.641295915887774], [15.07789460994582, 38.636743956146546], [15.077865994554154, 38.636001434976855], [15.075231336257417, 38.6312961373616], [15.073652488143916, 38.62937310383397], [15.073224102631682, 38.628927289883386], [15.072410969768896, 38.6286213916381], [15.063214563770025, 38.625549158639814], [15.057069501724499, 38.62481885657636], [15.056762365526493, 38.62492054920987], [15.05636491260976, 38.62510313991521], [15.055856963514286, 38.6254153058328], [15.055339936811425, 38.62612539876666], [15.055308941371283, 38.626225579637314], [15.05513078622106, 38.626801401974795], [15.054938829339845, 38.627427810134165], [15.054625980378622, 38.629072139368404], [15.05712034885683, 38.636681957956895], [15.057687608513353, 38.63814915116131], [15.059342442369106, 38.64218710308757], [15.060125062440779, 38.64370970394856], [15.060277484720352, 38.64388535908016], [15.06044711567698, 38.64406549984672], [15.060662769919176, 38.64429067777708], [15.060760398157873, 38.644388337144385], [15.06086400411036, 38.6444573033144], [15.061030655504391, 38.64448874811661], [15.061090383179515, 38.64446306890154], [15.061306377335654, 38.64436933734936], [15.061816778985648, 38.64402993405032], [15.06693585739774, 38.646287890933564], [15.068743775359808, 38.64722408293954], [15.069186278510749, 38.64730942849502], [15.069743687898095, 38.647367681193906], [15.069945739548753, 38.64738778683173], [15.07001376336247, 38.64739455527502], [15.072865804957539, 38.64666285082458]]], [[[15.108595210857741, 38.66497533243354], [15.108714892396954, 38.66491419755439], [15.109133869075398, 38.664323583565555], [15.108886320319519, 38.6642652073845], [15.108771381530884, 38.664265315151326], [15.108636626666057, 38.664291208892635], [15.108530090870422, 38.66431960864871], [15.107967362982073, 38.664635531689456], [15.107806583367976, 38.664725795849456], [15.107675887768181, 38.664827055933145], [15.107597415130746, 38.6649657476077], [15.107838724346935, 38.66499744804514], [15.1079967761659, 38.6649972927284], [15.108595210857741, 38.66497533243354]]], [[[15.114320251702885, 38.66599159694809], [15.114763357632786, 38.665923362451764], [15.117835645154576, 38.66457616876464], [15.118108237130071, 38.66311200841752], [15.118132782463666, 38.662009090643394], [15.117955959749066, 38.661072036506525], [15.117761334061193, 38.66099524408356], [15.11765979581776, 38.6609551812517], [15.112163901708767, 38.66157338119776], [15.1102712220078, 38.66205979198287], [15.109617823489957, 38.66333309866898], [15.110413179043714, 38.66432993670962], [15.112641483594722, 38.665335769221706], [15.114320251702885, 38.66599159694809]]], [[[15.221400721905823, 38.81195274217498], [15.22324329956845, 38.811386732458175], [15.233401662291094, 38.808622863860116], [15.239395175442233, 38.806315366589935], [15.239843367507415, 38.806117778894766], [15.242266308138076, 38.8049686399047], [15.242602125244536, 38.804661552837445], [15.242976558631657, 38.8038542258692], [15.243127998415742, 38.803515979807116], [15.243165100033307, 38.80341677851969], [15.243181816528937, 38.80325454714948], [15.243195627491602, 38.803078792263534], [15.243150817091378, 38.80260577298001], [15.241949628583692, 38.799868741953105], [15.241479788252631, 38.79928065040033], [15.23612871344365, 38.79417553592248], [15.232476105369125, 38.79050689417458], [15.232034190531047, 38.79005466232667], [15.231687566778229, 38.78967938639532], [15.2313148282255, 38.78924756665544], [15.230817679619296, 38.788617732245676], [15.230641171012469, 38.78832971974464], [15.229988695519364, 38.78683957208008], [15.229661731693648, 38.785411884237206], [15.229762300095516, 38.784456443000956], [15.229429899493685, 38.78219746532515], [15.226875837606483, 38.77722850834124], [15.226415743865614, 38.77695857807868], [15.217216308631766, 38.77240035296956], [15.207479239314754, 38.77498186063348], [15.194528056755656, 38.78126721467978], [15.189772220873943, 38.785637124544685], [15.189583561917065, 38.7858471895952], [15.18843413890314, 38.78828890710814], [15.18753433791926, 38.7902181763411], [15.18745960964521, 38.790654524390256], [15.187536473432846, 38.791263442068704], [15.187702028659034, 38.79194939631517], [15.187729131870892, 38.792051732643074], [15.189004111291876, 38.79521725434388], [15.189596333734002, 38.795991287136516], [15.189638195834753, 38.79602533523644], [15.189662683349313, 38.79604525053419], [15.190160992444959, 38.79614807323086], [15.192269127581758, 38.79645102034413], [15.194003029758615, 38.79669071942697], [15.19518258760436, 38.79707529165362], [15.198701803835597, 38.79876282818885], [15.199934703199718, 38.79955856542113], [15.204435207648194, 38.802508694990806], [15.204668966558634, 38.80268800695866], [15.20588685413032, 38.80362220262745], [15.20707080407941, 38.8049373112411], [15.20792036948133, 38.80602412859284], [15.209028974168847, 38.80719556489915], [15.209808858375768, 38.80784307653209], [15.212847901438552, 38.81023012623059], [15.213140280404428, 38.810416746848624], [15.213213236549327, 38.81045604253752], [15.216180953079915, 38.811701901269025], [15.21628178681019, 38.81171974054454], [15.216664916882978, 38.8117730963532], [15.220287665973187, 38.81211033110174], [15.220464020125078, 38.81212645308037], [15.220613742753434, 38.81212165693922], [15.220913033132367, 38.81206252587454], [15.221111593114854, 38.812021590683244], [15.221400721905823, 38.81195274217498]]], [[[15.25254607157081, 38.81747829023293], [15.252606012476061, 38.81739265869948], [15.252596427039595, 38.817267668372516], [15.25258513989411, 38.81715877985599], [15.25207670686641, 38.81698484232612], [15.251903839251048, 38.81697306766806], [15.25178395587601, 38.81702444617799], [15.251724014773218, 38.8170758245092], [15.25129586059921, 38.81752966888749], [15.251235918528188, 38.81765811451398], [15.251587005379335, 38.817700929927014], [15.251672636596847, 38.81768380401303], [15.25254607157081, 38.81747829023293]]], [[[14.800708327424513, 38.57897114428808], [14.80058790793411, 38.57894438428659], [14.800159753654636, 38.57925212067357], [14.800173134366824, 38.579426058305785], [14.800427350578744, 38.57978731398689], [14.80076184574853, 38.57981407289855], [14.801297039138943, 38.57959999647741], [14.801430837781169, 38.57953309704239], [14.801497736168196, 38.57945281763312], [14.801551256299188, 38.579372539250905], [14.80149773680019, 38.579305640270505], [14.80085550516469, 38.579011284091905], [14.800708327424513, 38.57897114428808]]], [[[15.224414163745909, 38.26795380416316], [15.224440142092906, 38.267901847268995], [15.224388185415389, 38.26784989004438], [15.224050466106553, 38.267784943609136], [15.223673778009315, 38.267992771971805], [15.223647799263487, 38.2680966854532], [15.223790680794206, 38.268239566870385], [15.223946551684442, 38.26831750192325], [15.224128401183572, 38.26827853424342], [15.224245304595392, 38.26818760954573], [15.224362206701835, 38.26808369585809], [15.224414163745909, 38.26795380416316]]], [[[14.99005940073302, 38.160822206001804], [14.989948636596337, 38.16078311224956], [14.989635890336565, 38.16080265939024], [14.989564219067525, 38.16089387707148], [14.989564218963034, 38.16098509497513], [14.98977923220362, 38.16121313933021], [14.989876965881884, 38.16121965416654], [14.990000761248988, 38.161200108193114], [14.990105010528051, 38.16099161018665], [14.990131072112092, 38.16088736140328], [14.99005940073302, 38.160822206001804]]], [[[15.300782105142748, 37.85073729834842], [15.300914927669796, 37.85072129788108], [15.301250578645103, 37.850583147867866], [15.301498362059256, 37.85035437382117], [15.3015204615083, 37.85027431516781], [15.301577611125476, 37.85005447951546], [15.301562451632956, 37.84992305028025], [15.301376151977813, 37.84967990846117], [15.301247920492317, 37.84956350174548], [15.301165725541061, 37.849502570349884], [15.30097512862402, 37.849402519380774], [15.30060488959447, 37.84949626376364], [15.300268991296193, 37.84964019384719], [15.300086573083169, 37.8497547374471], [15.30000430018062, 37.849913481438556], [15.299878825103576, 37.85023476806469], [15.30004371960011, 37.8506518370136], [15.300782105142748, 37.85073729834842]]], [[[12.558767455799844, 35.51115306762047], [12.56010477358306, 35.50894091968058], [12.560013924501686, 35.5088565399333], [12.559776028184007, 35.50883982400309], [12.559578896425839, 35.508869392965636], [12.557693755961832, 35.50925354041149], [12.55762660720977, 35.509267395135524], [12.557079724878907, 35.51003545863397], [12.557027654814496, 35.510171548907714], [12.557143301125056, 35.51048868892115], [12.557327440358725, 35.51071278381804], [12.558338553246976, 35.51135965018695], [12.558550716483444, 35.51134151199001], [12.55870930404379, 35.511206231679346], [12.558767455799844, 35.51115306762047]]], [[[12.52835515413317, 35.528702604447716], [12.528310144190804, 35.52859067444711], [12.52818296883351, 35.5286003601863], [12.528044228699734, 35.528678928973896], [12.527904729253951, 35.52890653223874], [12.527844147406844, 35.529021554851866], [12.527944543486715, 35.52906629842279], [12.528201233009453, 35.52901705737778], [12.528276129618975, 35.528979100564314], [12.528371307218729, 35.528904787450244], [12.528408749279368, 35.52884408615138], [12.528434199046927, 35.52879030067239], [12.528404965745034, 35.52875777005449], [12.52835515413317, 35.528702604447716]]], [[[12.540912715782799, 35.52890096124985], [12.54364656010897, 35.52872520121103], [12.544340178819855, 35.52858081730406], [12.5482886540074, 35.52737739504123], [12.552686780831912, 35.52541468475796], [12.555457000321972, 35.52485816329009], [12.565352740118573, 35.52576304532153], [12.583642971671187, 35.523073394754135], [12.591304921304395, 35.52113937126319], [12.594169794183125, 35.52093977680333], [12.596344089464848, 35.521572317738716], [12.599301723176383, 35.52326675099958], [12.607504755346097, 35.52449145473975], [12.608142009788168, 35.523638762926645], [12.609606848247738, 35.522207543814716], [12.610921491693361, 35.52165670854878], [12.611432487095062, 35.52162177369786], [12.6125608095986, 35.521590026010294], [12.61464481405118, 35.52161126444448], [12.61693714886218, 35.52165659961563], [12.619040201016169, 35.52246632501962], [12.619473347177113, 35.52254700072692], [12.621032174376879, 35.52240649847633], [12.622787184408677, 35.52206252685287], [12.62791893973143, 35.52040587792642], [12.632170846379376, 35.518028299797], [12.632946506804144, 35.51750299246412], [12.633180555848897, 35.517011176964765], [12.633219038740577, 35.516709110837375], [12.633099690406468, 35.51587350847682], [12.631788753191355, 35.515255025824125], [12.628931398777214, 35.514755948974546], [12.628328527486932, 35.514918503174314], [12.62595630113415, 35.514683296876946], [12.624560888522343, 35.5121862167986], [12.625425066779405, 35.50547280100417], [12.62794173526222, 35.50456312089062], [12.630470494227986, 35.5036538560586], [12.630573259158147, 35.50359379532661], [12.630888296609385, 35.50340966997274], [12.631256656325808, 35.50315918731575], [12.631596907565124, 35.50292781560445], [12.63316737385211, 35.5018138541758], [12.633157603612817, 35.50043591802424], [12.632176798373546, 35.4941595041568], [12.631396604872208, 35.49370623277274], [12.629169575653991, 35.49345147127003], [12.628660643533875, 35.493478718100356], [12.627206622250869, 35.49355825603835], [12.62016012944393, 35.49405820033734], [12.608431890150454, 35.493633956256495], [12.60681224078134, 35.49785369352901], [12.605421179521876, 35.5016176314398], [12.605387820961344, 35.50167929510384], [12.604810784795625, 35.50249790238582], [12.604343280524546, 35.50265086597055], [12.604097467574938, 35.502548397423915], [12.602756345198863, 35.501897108917525], [12.60165803013612, 35.501335530197146], [12.601502958521452, 35.50098992597947], [12.60016942714034, 35.4975297746084], [12.59373801431109, 35.49843898047652], [12.580010652531627, 35.504906548665204], [12.563588358291378, 35.51163075067585], [12.547431753946583, 35.5136899770959], [12.531610346572688, 35.51550280081521], [12.529426095097959, 35.515700322477876], [12.518267477687479, 35.518735139537704], [12.517718261422083, 35.51951411964065], [12.517304676626374, 35.520193768634186], [12.517253078849787, 35.52114895296296], [12.517880957414356, 35.521642905855664], [12.518110373642235, 35.52164122024212], [12.518526108039886, 35.521638163882436], [12.525356653480074, 35.52746626703126], [12.526511206260636, 35.52801901833698], [12.527995738072352, 35.528331658751235], [12.53236833772961, 35.528673641585684], [12.540912715782799, 35.52890096124985]]], [[[12.32111770346479, 35.55049538092433], [12.320791913998955, 35.55050840531343], [12.32064572735449, 35.55057190826039], [12.320436614707088, 35.5506627470589], [12.320111387373053, 35.55088842890568], [12.319946268927863, 35.5512287005787], [12.320071805000293, 35.55193001137255], [12.320162424392109, 35.552272285865556], [12.320400049140622, 35.55300313391814], [12.320663895203456, 35.553277162095945], [12.322128982669172, 35.55258639662346], [12.322708357951543, 35.552078753152045], [12.322734856583226, 35.55186303066003], [12.32164056271687, 35.55077514722596], [12.321441692758173, 35.55061975227541], [12.32111770346479, 35.55049538092433]]], [[[12.875432938076619, 35.87537604812954], [12.87726694125658, 35.874824531333644], [12.878481139543206, 35.87383642176758], [12.879449338144644, 35.87272677011084], [12.882351157647525, 35.86294360332895], [12.883340566034095, 35.85957173308424], [12.883357740667739, 35.858093723913285], [12.883303088885235, 35.85785839132622], [12.883154933885805, 35.857287904655365], [12.883042425997365, 35.85704252394978], [12.88150156725306, 35.8551314112781], [12.881237598393104, 35.85485633271084], [12.881061836011483, 35.85469999584609], [12.880939241041753, 35.85462572747924], [12.880737759724651, 35.85460414303736], [12.876703497980078, 35.8553711993894], [12.864934138328767, 35.855531516125005], [12.859511324889416, 35.85502998650582], [12.859177310065464, 35.85511720737418], [12.85903463683081, 35.85515446404021], [12.858874992848321, 35.85521901440571], [12.858516893514357, 35.855363807117634], [12.858198540320556, 35.85556200141239], [12.858108667491946, 35.855617953360266], [12.856573484781025, 35.857014770403524], [12.854295611887737, 35.86121070472282], [12.850607022952634, 35.86692885683582], [12.850179095559948, 35.8713726211473], [12.858645872528594, 35.874746309074865], [12.864419174004933, 35.87494152085267], [12.865312736358726, 35.87465776588778], [12.86618363142059, 35.87450189744243], [12.871784950150595, 35.8747094744025], [12.873381696982001, 35.87505326437579], [12.874040768395107, 35.875337887822674], [12.874639107694213, 35.87545410529415], [12.875090463826606, 35.87545308524665], [12.875432938076619, 35.87537604812954]]], [[[13.857435801639067, 37.11265819932375], [13.857516452390835, 37.11252383868128], [13.857544033956975, 37.11237378888737], [13.85753452400535, 37.11222526144711], [13.857474608044356, 37.11210263054936], [13.856025201016099, 37.11176900102843], [13.855594340668627, 37.112823158617566], [13.855750499479992, 37.11282589211408], [13.856332372675833, 37.11273329200956], [13.857198926209294, 37.112775417196005], [13.857341073765324, 37.11280505036975], [13.857435801639067, 37.11265819932375]]], [[[15.16581127861142, 37.55935827955337], [15.165784079164814, 37.55931204067022], [15.16549353334892, 37.559277833762565], [15.165360405693894, 37.559315422299306], [15.165200653544794, 37.55947047609417], [15.165105114931388, 37.55961300052987], [15.165077579275179, 37.5598734344916], [15.165067258915432, 37.56003029484537], [15.165120303936275, 37.56014769787898], [15.165245099021703, 37.56019646553229], [15.16531158850461, 37.560208566477], [15.16596623997149, 37.55955854147302], [15.165969032484059, 37.55946707493949], [15.165920074950787, 37.559382758622924], [15.16581127861142, 37.55935827955337]]], [[[15.166497965378097, 37.56036406232395], [15.1661751496223, 37.56035296335832], [15.16583245338728, 37.56054952787509], [15.1656862930493, 37.56077150693414], [15.165717583915205, 37.56087866042567], [15.166046268787765, 37.5607745757211], [15.166172264729317, 37.5607143180265], [15.166429734173091, 37.56056093177378], [15.166561207961882, 37.56045136980442], [15.166579709632542, 37.56036626531827], [15.166497965378097, 37.56036406232395]]], [[[15.166835111619012, 37.562007143658974], [15.167026844004203, 37.561946884132574], [15.167344572779983, 37.56182088868436], [15.167678735287883, 37.5615250724801], [15.167684213152334, 37.561481247858396], [15.167267879601827, 37.560539018739824], [15.166210611285374, 37.56082387887789], [15.165980531730563, 37.560917006329326], [15.165788798433786, 37.561021089499995], [15.165665007859243, 37.56111162293794], [15.165599733633705, 37.56146690904702], [15.165845134763186, 37.562263684477884], [15.166062456311762, 37.562359449100676], [15.166404981045172, 37.562341489973115], [15.166616337141864, 37.56218926994753], [15.166835111619012, 37.562007143658974]]], [[[14.932211581870398, 36.68581009454922], [14.932083245955008, 36.68573999135375], [14.932019584024411, 36.685738676451], [14.931941660285664, 36.68575156803243], [14.931814998175515, 36.68577591081808], [14.931757597178988, 36.68579227496479], [14.93172262390911, 36.68580978428856], [14.931543742078711, 36.685917737076366], [14.93149394473482, 36.68603274788584], [14.931565943398219, 36.68630001091758], [14.931601982833037, 36.68638394422828], [14.93169656849573, 36.686460187183336], [14.931826136268336, 36.68652991864432], [14.931936933315782, 36.68658629925707], [14.932073530337155, 36.68659375894329], [14.932368341732518, 36.6864300638162], [14.932546893352441, 36.686281626952876], [14.93258988409558, 36.6862232162643], [14.93263201030305, 36.68615360557931], [14.932638659836218, 36.68608576700791], [14.932639912840562, 36.68601145198895], [14.932603102645189, 36.685914283725374], [14.932553020236224, 36.68584476602971], [14.932425368200263, 36.68582865963914], [14.932211581870398, 36.68581009454922]]], [[[15.205087114899698, 37.23620301827677], [15.205566155991482, 37.23616837981621], [15.205683957456984, 37.235958605598285], [15.205624017762121, 37.23567927447409], [15.203590728575401, 37.23523434578093], [15.203329355054699, 37.23551422673858], [15.203708329111981, 37.235993572941965], [15.20446516502166, 37.23654662086071], [15.204558058166134, 37.23650138730102], [15.205087114899698, 37.23620301827677]]], [[[15.105563225904298, 36.7900350678798], [15.105238049742109, 36.790039021312964], [15.104600466455912, 36.79058385430702], [15.103822413983911, 36.79140977301679], [15.103467556038032, 36.79234486246663], [15.104641912909567, 36.79296304400289], [15.105118437816653, 36.79299802586259], [15.105869427917275, 36.79294742336133], [15.106326686509304, 36.7925547549776], [15.106336908926504, 36.7921255900831], [15.106261133161794, 36.791546070528156], [15.106054557411685, 36.7909971049198], [15.105752912505832, 36.79036969156649], [15.105563225904298, 36.7900350678798]]], [[[15.11941751309457, 36.738498163218864], [15.119492589398476, 36.73832640672033], [15.119434615769634, 36.73821152463639], [15.11935953083688, 36.73810466917598], [15.11923724409046, 36.73801811083748], [15.119134904508496, 36.73795909749909], [15.118806043754223, 36.73783075647819], [15.118598346565049, 36.73787297638324], [15.118439157061884, 36.73798019216986], [15.118358900248124, 36.73806082841939], [15.118355722642638, 36.73811724628054], [15.118365911703878, 36.738341723345904], [15.11839916014921, 36.738434509445625], [15.118417887162623, 36.73848530126411], [15.119092486028332, 36.73860122157606], [15.119170801713492, 36.738601695678454], [15.119236177600845, 36.7385803128563], [15.11941751309457, 36.738498163218864]]], [[[15.2635454342191, 36.97978047902682], [15.263669135304065, 36.97972643125935], [15.26423814138665, 36.979458932560156], [15.264877023269086, 36.979011291038766], [15.264918997975636, 36.978963874077444], [15.264896297862395, 36.9788963111577], [15.264853910601154, 36.978822032764434], [15.264769429834965, 36.978759124441815], [15.264713102021695, 36.978718685836206], [15.264648433366776, 36.9787008055064], [15.26453320911639, 36.97868304132947], [15.264283104818325, 36.97865428753922], [15.263738410074579, 36.97872312000273], [15.263567181797114, 36.97875729349675], [15.262885950002016, 36.97896732010136], [15.262845454026085, 36.979106379841696], [15.263120732741154, 36.97974661334556], [15.263244300118757, 36.97980554913216], [15.263472271577584, 36.97987086097099], [15.2635454342191, 36.97978047902682]]], [[[15.302753076360526, 37.044018617306364], [15.302775911871937, 37.043986647445195], [15.302785046025956, 37.04392727447778], [15.302771344613776, 37.04388616979238], [15.302739375075701, 37.043845065764685], [15.302469914066592, 37.04360300739428], [15.302314631309903, 37.04349796360734], [15.302214154333468, 37.04352536649915], [15.302168483533952, 37.04355733652111], [15.30213194599713, 37.043781125825035], [15.302150214750968, 37.04384049877608], [15.302493079362712, 37.04420510239066], [15.302618503862323, 37.044278266984094], [15.302785737136011, 37.044246910637995], [15.302789613448034, 37.044201301915066], [15.302753076360526, 37.044018617306364]]], [[[15.078748220818525, 36.64563272487854], [15.078768218238583, 36.64538772698936], [15.078278565901039, 36.6443563734431], [15.078037651538512, 36.64408166902894], [15.077702917291687, 36.64410197105772], [15.077148239229274, 36.64428588516066], [15.07657971431751, 36.64500704106052], [15.076558338417147, 36.645102249714], [15.076499410966298, 36.64536471786322], [15.076783423289069, 36.64578916646774], [15.077308575730006, 36.64622812555289], [15.077459432496445, 36.646315371944034], [15.077881827930018, 36.64655665119364], [15.078694055269018, 36.646794631096085], [15.078790447527055, 36.64663905198035], [15.078748220818525, 36.64563272487854]]], [[[15.151918144367244, 36.68929657942712], [15.152192241235559, 36.68927205945318], [15.15389668331864, 36.68908349582317], [15.154025145964155, 36.68906261969351], [15.154179097438417, 36.68892953455601], [15.154149218628183, 36.68884491787257], [15.154107868824475, 36.68875249304405], [15.153026940976527, 36.68682041357571], [15.15154124584306, 36.68495158199897], [15.144099536776908, 36.68175435785965], [15.143962204441141, 36.681609574451414], [15.143900604211462, 36.681580336912845], [15.143776902187835, 36.681521624008965], [15.143619353548075, 36.681492630718346], [15.143482903856635, 36.681817224968256], [15.143185493505129, 36.68312227828501], [15.143220281515077, 36.6833983561047], [15.143332619861171, 36.683929756889746], [15.143582109391053, 36.684498952687946], [15.144950471611658, 36.68693958720889], [15.145379521264971, 36.687546199600774], [15.145747380750388, 36.687954748615816], [15.146142179384096, 36.68833393368418], [15.146288036972273, 36.68845799774425], [15.147805408461078, 36.688994560730464], [15.147947684536, 36.6890382515834], [15.148216635669481, 36.68910893816369], [15.151918144367244, 36.68929657942712]]]]}}, {"type": "Feature", "properties": {"id": "sardegna", "name": "Sardinia", "region": "Sardinia", "grapes": ["Cannonau", "Vermentino", "Carignano", "Nuragus", "Monica"], "key_appellations": ["Cannonau di Sardegna", "Vermentino di Gallura", "Carignano del Sulcis"], "desc": "Island character. Robust Cannonau (Grenache) and aromatic Vermentino thrive in the Mediterranean climate."}, "geometry": {"type": "MultiPolygon", "coordinates": [[[[8.337731387701771, 40.49931329325829], [8.337443751035044, 40.499192464532484], [8.337201600046726, 40.499208953295934], [8.336390043299296, 40.49997300694168], [8.336653971399356, 40.500123496511854], [8.337385065972638, 40.49960329911757], [8.337731387701771, 40.49931329325829]]], [[[8.153139207613911, 40.572066617745854], [8.153297531029843, 40.5716776550382], [8.153455845713724, 40.57102094905087], [8.15233585427165, 40.56961119573525], [8.150098685981948, 40.56902299535045], [8.150053674341624, 40.57013788090459], [8.15008563097467, 40.570576693861454], [8.150390460208367, 40.571189129940386], [8.150635195245558, 40.57161043860229], [8.152333467926983, 40.57213840399985], [8.152883413335198, 40.57227869475034], [8.153012172931142, 40.57222513684307], [8.153139207613911, 40.572066617745854]]], [[[8.300356180937293, 40.571723288143666], [8.30031544405834, 40.57166448508115], [8.299984053990219, 40.571721828330695], [8.299913042429838, 40.57173411662869], [8.299534637010748, 40.57183692486209], [8.299433121841957, 40.572014982687875], [8.299472965654425, 40.57215936428064], [8.299969658929877, 40.57310309432736], [8.300414000516572, 40.5722686673906], [8.300457998795423, 40.571872549140316], [8.300356180937293, 40.571723288143666]]], [[[8.142511192557027, 40.605356272729956], [8.143681708687211, 40.60532892328944], [8.143966852683286, 40.60521392485402], [8.144174009994726, 40.60503528784124], [8.14420587952583, 40.60500780511476], [8.144277586474736, 40.604945968275345], [8.144595949840387, 40.60454293860823], [8.144392127586979, 40.60419009213408], [8.14420193053019, 40.6039274323816], [8.140325008301454, 40.60174332418925], [8.138795064326487, 40.601842282106546], [8.138364034756783, 40.60200910484813], [8.13773117587341, 40.60296985003087], [8.138382017074026, 40.603830109609895], [8.139545726830256, 40.605253140411286], [8.140276525289805, 40.605411728713854], [8.140760979097877, 40.60542434255939], [8.142511192557027, 40.605356272729956]]], [[[8.367878417460572, 40.49643398377335], [8.306525466812802, 40.58585464089405], [8.230188154705393, 40.56942232522189], [8.182181021278199, 40.59934919755882], [8.143052565748237, 40.62119122311175], [8.201868341754295, 40.678771602810535], [8.147439598762059, 40.725233348478135], [8.177592761092853, 40.93926969815636], [8.247595267526675, 40.89313804752425], [8.36191088000734, 40.85268883256398], [8.51969455630357, 40.82324269548479], [8.625591478835897, 40.86550737795037], [8.718833276081273, 40.91311111581146], [8.876468441838965, 41.00875669256536], [8.8874369074069, 41.015919269777434], [9.042268430026175, 41.13734995601362], [9.12549461840217, 41.15580967580132], [9.158141392351142, 41.23602950601135], [9.271314122386283, 41.2361607537984], [9.290042890734885, 41.193320827222244], [9.332871235586284, 41.18544286502738], [9.37023831963949, 41.18324348533831], [9.432003499385283, 41.147447255690714], [9.526440725303186, 41.13601603398214], [9.567384770290053, 41.10238789887545], [9.525325697334587, 41.04436862515446], [9.554691338244055, 41.00416380128063], [9.646833306397237, 41.003370365850905], [9.593879554214656, 40.968475864672385], [9.539125450982523, 40.925874916352065], [9.563478708103672, 40.919538337832236], [9.64153366504336, 40.91983986490473], [9.677738416595856, 40.8616624177778], [9.685046541216744, 40.808136766281145], [9.715517200045248, 40.752147117147615], [9.747873501797821, 40.61940586458755], [9.791801432244142, 40.552309298020496], [9.750401896680062, 40.380966800410945], [9.628593094187394, 40.22260414681718], [9.735460826677109, 40.07640997775268], [9.689787390361825, 39.94397052384086], [9.689986243233617, 39.86160206241361], [9.675084226180422, 39.72916854760792], [9.655421518062619, 39.60801177591915], [9.64453381919529, 39.46923747391648], [9.625734790704739, 39.30710423133735], [9.563319169103606, 39.201309811657424], [9.529159354895246, 39.12675362121058], [9.502533961916805, 39.131296660208754], [9.392060045906625, 39.14523633788703], [9.306968940074345, 39.205329101256595], [9.189379394820321, 39.22006300760991], [9.102729144020039, 39.21096050076112], [9.014455598769825, 39.13193385816513], [9.018237101774371, 38.99671243994436], [8.827079250663337, 38.88398810679178], [8.77494434539136, 38.91466340606057], [8.667908641949275, 38.90385005124145], [8.658507690396478, 38.88194997788925], [8.643191969339508, 38.895622941334146], [8.598021397184821, 38.962264825336725], [8.575903685110918, 39.019518400948094], [8.535015407186433, 39.05286609963543], [8.409335036067636, 38.956989890079726], [8.350742684308244, 39.08256924337181], [8.410238326693587, 39.102067725512796], [8.486062776096768, 39.08099381890265], [8.396698612628855, 39.198318728959805], [8.433977080646807, 39.2837281224352], [8.373135085662982, 39.374528010401704], [8.413527883243395, 39.49750459967507], [8.44507595539842, 39.68220778464372], [8.496356298191667, 39.7220094987336], [8.53334281962797, 39.77299436459938], [8.540118353089609, 39.86880063486594], [8.441401239503849, 39.87288488215733], [8.3997840426464, 39.90146075739295], [8.397151125193814, 40.03274986522884], [8.440217987311774, 40.05134776058512], [8.461914666028092, 40.187320233271244], [8.46567052602904, 40.31046913844141], [8.399752736232104, 40.403627060568816], [8.367878417460572, 40.49643398377335]]], [[[8.710547840517961, 40.91943516694938], [8.710710693057335, 40.91915831752784], [8.71072046429954, 40.9190687485998], [8.71058591326849, 40.918983250566896], [8.710363122052575, 40.91901084141001], [8.7102396377214, 40.91908710217017], [8.710185614078158, 40.91913014703526], [8.710130937057118, 40.91918763061609], [8.710095109468222, 40.91930488511075], [8.710082080781364, 40.919363512022784], [8.710225391553085, 40.9194416809364], [8.710287275872828, 40.91945145283538], [8.7105087561702, 40.919474251554796], [8.710547840517961, 40.91943516694938]]], [[[8.22511667186084, 40.966617261978236], [8.224730963089343, 40.96657226286521], [8.224520520373275, 40.96678322601541], [8.224189823647661, 40.967114739504716], [8.224078464615777, 40.96723672552471], [8.224036679702154, 40.967285988337906], [8.223991097481647, 40.96733973056237], [8.223918741508454, 40.96742932432553], [8.223769507879465, 40.967614111372995], [8.22391650959283, 40.96761981142705], [8.223980359348724, 40.967622286989496], [8.224209114041445, 40.96762382656821], [8.224496178457214, 40.96762171327488], [8.224582206459422, 40.967604942194], [8.224741621264126, 40.96756547843728], [8.22486379464137, 40.9675347713413], [8.225106804419479, 40.96746073002551], [8.225348321616728, 40.967387142086984], [8.225562316726794, 40.96725345900667], [8.225694259120464, 40.96702238659102], [8.225263537749584, 40.966634396175685], [8.22511667186084, 40.966617261978236]]], [[[8.21318547683118, 40.9720434147789], [8.213316499155288, 40.97192907292311], [8.21327830343134, 40.97189277962337], [8.212168507255722, 40.97139538554177], [8.211983288549577, 40.971546131480224], [8.211835055576609, 40.97170726326507], [8.211806387696939, 40.971738595834026], [8.21178248142364, 40.97199966727942], [8.211977587818165, 40.97220831403031], [8.212366207696741, 40.97226038767172], [8.21318547683118, 40.9720434147789]]], [[[8.215422777243166, 40.9823661961911], [8.216223143070264, 40.98254609606073], [8.218012167082437, 40.98202980985009], [8.219116959304968, 40.981458529843316], [8.224390836803328, 40.977856916137775], [8.224627087924375, 40.975722919691215], [8.2247618621472, 40.969993297626786], [8.220980281032123, 40.96831932385818], [8.216763545913992, 40.967752518464025], [8.213908598412198, 40.96946939778435], [8.212517879174728, 40.9771321653829], [8.211857912356667, 40.97939244433315], [8.212084980655904, 40.9804130353575], [8.213107056666601, 40.981552783127626], [8.214230721569013, 40.98264907428399], [8.215422777243166, 40.9823661961911]]], [[[8.214598496763985, 40.98571567729096], [8.214196341882127, 40.985545335636075], [8.213841497903578, 40.985395234941905], [8.21285491369248, 40.98538850151854], [8.212775630277463, 40.985433000823306], [8.212567600859133, 40.98555769307049], [8.212610368604539, 40.98558500962604], [8.212827177170663, 40.98572161154408], [8.214598496763985, 40.98571567729096]]], [[[8.211726013149685, 40.98535376303592], [8.211493260558656, 40.98543324447437], [8.211287573192783, 40.98548588529937], [8.211034447391839, 40.98552919385012], [8.211124957630249, 40.98566493448907], [8.21115854147565, 40.98571470818285], [8.211220269101506, 40.98580521197762], [8.211285822573194, 40.98588222880356], [8.211432473941683, 40.98604537771849], [8.211804881975304, 40.985984867672755], [8.212135717589577, 40.98588804063671], [8.212008479817523, 40.98566467167411], [8.211726013149685, 40.98535376303592]]], [[[8.253016609854615, 41.0295069387772], [8.25308012578623, 41.02941276642681], [8.253107345658814, 41.02937240644267], [8.253277520600093, 41.02905034675138], [8.253303968348598, 41.028815183646856], [8.25315504004019, 41.02830976941183], [8.252470151637986, 41.02707573425011], [8.251955474325955, 41.02709491515204], [8.251076499047695, 41.02829628162944], [8.251511674214, 41.02925846258063], [8.252409434928348, 41.0296831618071], [8.252667022199935, 41.02978392130889], [8.252902838052144, 41.029635458350384], [8.252927740468092, 41.02960776226826], [8.253016609854615, 41.0295069387772]]], [[[8.318602387213172, 41.120709138509895], [8.319945974456733, 41.11979376853161], [8.326931600962284, 41.10834070532065], [8.326482781230132, 41.10287477922767], [8.333217320859267, 41.099621553759576], [8.342656110686686, 41.09767062662513], [8.347890765935118, 41.08972474061419], [8.340242410382224, 41.08492253968138], [8.33533833755625, 41.07940196149785], [8.336776716758656, 41.074870235266985], [8.34018214424218, 41.06762935755646], [8.332303780520933, 41.05502796509908], [8.311156166758002, 41.05713435646913], [8.295292627938606, 41.060362124062934], [8.281872551917719, 41.06571108047608], [8.280227420327932, 41.063424464168406], [8.280219379003059, 41.06314475570435], [8.27492532373783, 41.05631392067293], [8.271571156936593, 41.05480982893539], [8.269514958425514, 41.05512110042284], [8.264919036142178, 41.05521122969113], [8.259646536547276, 41.05050233343819], [8.256022292263205, 41.03777546730999], [8.247338766361972, 41.03218253621098], [8.238872713066902, 41.028361586913626], [8.234991783227125, 41.02438812841991], [8.235293184908853, 41.02378208710884], [8.236182452638014, 41.02343216433811], [8.236345059988313, 41.02341409065089], [8.2367570983302, 41.02339212520314], [8.237976385488958, 41.02356565009783], [8.241171200851312, 41.0250178790836], [8.243865897031991, 41.02642057209497], [8.24822886118747, 41.02439318045369], [8.248551384803267, 41.017732573443034], [8.255894265053085, 41.01163560395356], [8.256811467345356, 41.01057632006092], [8.26131450280613, 40.99275354043434], [8.255099751430024, 40.985296519395], [8.247592075852973, 40.98562046927437], [8.230586571434563, 40.987694928442735], [8.214171652431215, 40.98762489734453], [8.211361306193403, 40.98740398301638], [8.209481949823346, 40.98880650291304], [8.210840129057894, 40.99285367369836], [8.21445359720246, 40.99288623725572], [8.214794231843733, 40.9916629306319], [8.215317762141913, 40.99159270997681], [8.216635696594492, 40.99233528266961], [8.217020340110508, 40.9950318556254], [8.211416443150966, 41.003726959114935], [8.215444003176382, 41.00827648029309], [8.223566152093474, 41.01501375343164], [8.224435210698593, 41.024783152765366], [8.2210731064458, 41.02948464093291], [8.222979574028631, 41.0373063217847], [8.220672510635806, 41.04009568154551], [8.220507290602912, 41.040391753552235], [8.221039483250818, 41.041568039896056], [8.224070235418877, 41.043332134433285], [8.226204007135841, 41.04400293873553], [8.245091244733368, 41.047208942837756], [8.250820451334533, 41.0506175695075], [8.256791525820429, 41.06073503469157], [8.261263597534125, 41.06736437819714], [8.27383699843479, 41.076223681098746], [8.279778315298952, 41.07629787146766], [8.281805405424052, 41.07598311738353], [8.283671575725473, 41.07541259393279], [8.284242627878644, 41.07516842368584], [8.284872265006364, 41.080730238834136], [8.279622648723652, 41.09055367453674], [8.276671349961886, 41.093740553690516], [8.275123859992004, 41.09471719618426], [8.272930876533971, 41.09665809582154], [8.272762291273605, 41.10047188445688], [8.275523228867925, 41.10454914411969], [8.277208425347107, 41.10509840201216], [8.280659195791477, 41.10467939907566], [8.30030487266059, 41.105078094820904], [8.304829075854109, 41.106326804841316], [8.311416918927454, 41.11440142136169], [8.316373940627114, 41.12051014805312], [8.318330743371964, 41.12077171232966], [8.318602387213172, 41.120709138509895]]], [[[8.187576398314658, 40.824759337709736], [8.187350829724862, 40.824684147839754], [8.187219248547262, 40.82511648794137], [8.187087666658579, 40.825586422519585], [8.187407221413892, 40.82575559904166], [8.187933549206493, 40.825548827017975], [8.18800873777944, 40.825266866982155], [8.188008738305186, 40.8249661087102], [8.18785835874114, 40.824834526863185], [8.187576398314658, 40.824759337709736]]], [[[8.213515694634113, 40.87963728242896], [8.213069904899958, 40.8793466065207], [8.21270377308721, 40.87937951227512], [8.2125215904333, 40.879396285136444], [8.212114996081635, 40.87965474732495], [8.211729568100527, 40.880129550201396], [8.211889462271635, 40.88041615475743], [8.212013154427758, 40.880611176571435], [8.212218506343559, 40.880934623487306], [8.21270177798266, 40.88121717896759], [8.213162278964601, 40.88141850236128], [8.213529225639725, 40.88150207898459], [8.213979248433708, 40.88158622154819], [8.214441545195728, 40.8816362135108], [8.214720065844778, 40.88116788135855], [8.214747726961704, 40.881086994969976], [8.214818522600329, 40.88087127949567], [8.214800727558274, 40.880745043008126], [8.214774563939095, 40.880573708925034], [8.213515694634113, 40.87963728242896]]], [[[8.17430245274041, 40.93972700411032], [8.174361905788196, 40.93965086105777], [8.174388067518668, 40.93952943859649], [8.174309183171049, 40.93918656481808], [8.17417757529205, 40.93901446736884], [8.174122161832251, 40.938942005763245], [8.173765896625417, 40.938933168338735], [8.173611515225218, 40.9389293387779], [8.173469477361612, 40.939126499278885], [8.17339389206441, 40.939234054923745], [8.173531770285086, 40.93960888089175], [8.174006802944609, 40.9399324029893], [8.17430245274041, 40.93972700411032]]], [[[8.207356543914607, 40.97122614793727], [8.207806248810884, 40.970762508152], [8.207984243585955, 40.970340678083566], [8.207900697688666, 40.97009580539746], [8.207275196030487, 40.96981145659499], [8.20627344170845, 40.97016474903119], [8.205588449089563, 40.970795101787], [8.205549285498602, 40.97108759445238], [8.205678496439898, 40.97121459816189], [8.205807707875215, 40.97134160172835], [8.20680723305272, 40.971470659039134], [8.207083573938332, 40.97137126506187], [8.207356543914607, 40.97122614793727]]], [[[9.119310325495388, 41.158203346663775], [9.119444691218872, 41.15835634231182], [9.119599840877537, 41.15846878027549], [9.119754776433014, 41.158463296483376], [9.119993138224185, 41.158454859265944], [9.120168473741037, 41.15836361743678], [9.12041991860838, 41.157904557280915], [9.120411619921068, 41.157678145650046], [9.12004856276023, 41.15745806306293], [9.119819823575034, 41.15739871697554], [9.119551764540661, 41.15739303671175], [9.119073739380642, 41.157546013687714], [9.119121969026287, 41.157852232750365], [9.119157846061354, 41.15791939073584], [9.119177280128937, 41.15795576650847], [9.119260199214702, 41.158110617192435], [9.119310325495388, 41.158203346663775]]], [[[9.119310325495388, 41.158203346663775], [9.118836386495099, 41.158111956001285], [9.11882609086324, 41.158185831226945], [9.118801105943874, 41.15837502385035], [9.118908424050954, 41.15840193708158], [9.11904257617887, 41.158437829571376], [9.11915884260312, 41.158469647178364], [9.119206542169362, 41.15848269994362], [9.119242201094176, 41.15842861510786], [9.119310325495388, 41.158203346663775]]], [[[9.766874961278658, 40.68518796289752], [9.767022303994379, 40.685182068978655], [9.767069453498433, 40.68507008949747], [9.767108540692739, 40.68494606860638], [9.767090593493295, 40.68490120065997], [9.76701880568512, 40.684809222259005], [9.76692009796268, 40.68478454489443], [9.76661499789802, 40.68493709520606], [9.766607181193653, 40.684991081658524], [9.766733512645168, 40.68516438815836], [9.766874961278658, 40.68518796289752]]], [[[9.718319242531425, 40.73614888581362], [9.717720017762895, 40.73610188732868], [9.717355782511504, 40.736172385123986], [9.717203039133869, 40.73632512835475], [9.71728528569398, 40.73639562531875], [9.71830749239577, 40.73681860737048], [9.718424988154819, 40.73686560515448], [9.718601229973626, 40.7368303566144], [9.71870697627016, 40.73646612231598], [9.718742223918705, 40.73631337914237], [9.718319242531425, 40.73614888581362]]], [[[9.589165661697654, 40.95818942673011], [9.588296659105268, 40.95769334306171], [9.587873192656847, 40.9578027569225], [9.587668191373599, 40.95815506652248], [9.587665496777069, 40.95826993437806], [9.587664570725794, 40.95833299585543], [9.58774218559028, 40.958983224590135], [9.588325392431855, 40.95915900768276], [9.589294581641107, 40.95923450063355], [9.58938086218337, 40.95917645644115], [9.58943616807093, 40.959121174825796], [9.58979878156638, 40.95867479371263], [9.589165661697654, 40.95818942673011]]], [[[9.6437917062224, 40.982846152404214], [9.645024889774032, 40.981920431231195], [9.645493411543931, 40.98149886233179], [9.646058358667467, 40.980751701515054], [9.646498411414122, 40.98004749664857], [9.646507453514914, 40.979783207825854], [9.646287028646288, 40.97906998080497], [9.646100988239024, 40.97888206150985], [9.645640541586568, 40.97862001294795], [9.644923802619006, 40.97825469167056], [9.644542146360985, 40.97812170415315], [9.642945800798483, 40.97775227773327], [9.642726023491637, 40.97792935939819], [9.642698126961108, 40.97795183722695], [9.640459882037005, 40.97982897596199], [9.640286127897864, 40.98028034706536], [9.640181870737335, 40.98078538020054], [9.639948480041062, 40.982546876895285], [9.640811316856116, 40.98297986457612], [9.641944952410837, 40.98297355740704], [9.643051526236576, 40.98292158162353], [9.6437917062224, 40.982846152404214]]], [[[9.582107763744633, 41.06926983383427], [9.582202763188823, 41.06924458171864], [9.58479596035812, 41.06822593253717], [9.584859653333329, 41.06819408195289], [9.584794962747367, 41.06811333766275], [9.5842400993796, 41.067787360414684], [9.58399518481632, 41.06768388398976], [9.583238775156364, 41.06744675088985], [9.583188220898371, 41.067450274877785], [9.582994926345966, 41.06746374895108], [9.580797820671656, 41.06731382619852], [9.580624689053264, 41.06727416236459], [9.580571062420962, 41.06726655049668], [9.580212517363524, 41.067437256750146], [9.580129339181804, 41.067622339142], [9.580057219156817, 41.06788055636278], [9.580036248610382, 41.0680337981833], [9.580135139718438, 41.06828214644684], [9.58056304085056, 41.068722509131426], [9.580991154515065, 41.06901761494195], [9.582107763744633, 41.06926983383427]]], [[[9.576966774246943, 41.068700036096466], [9.57716438049294, 41.06866864429762], [9.577271942305108, 41.068648886795856], [9.577580301715747, 41.0685922437862], [9.578289650733145, 41.06821372893624], [9.5785300804596, 41.068064886177005], [9.578918038543616, 41.06759577753502], [9.5789950419633, 41.06738482793585], [9.57907139176315, 41.06709956678776], [9.579605354150711, 41.06308391821801], [9.578750938445882, 41.06237076061792], [9.576267274072658, 41.06117622128602], [9.57573306414269, 41.061024843383336], [9.575216953638282, 41.061001309014046], [9.57487953761591, 41.06103339502369], [9.574386050838918, 41.06108089529257], [9.5731057596476, 41.06123727305892], [9.57070912996653, 41.06183331775653], [9.569243316637106, 41.06402275773879], [9.569184839101208, 41.064142402707716], [9.569245773135393, 41.06430762422745], [9.56958521985207, 41.06468090538741], [9.569884046374634, 41.06482918542404], [9.57007280175411, 41.064807494496016], [9.570160490572842, 41.06479741661986], [9.570516500547619, 41.064676298515515], [9.57209977026493, 41.064713488575805], [9.57341055175142, 41.065066167894635], [9.57404873774137, 41.06557306820406], [9.574689149028071, 41.06633443096327], [9.574809998708442, 41.06654439008957], [9.574832467078936, 41.06690347215955], [9.574781306030127, 41.06710302912866], [9.574539882814422, 41.067474687280104], [9.576966774246943, 41.068700036096466]]], [[[9.586619359429626, 41.070830109513466], [9.586869710386063, 41.0708738750795], [9.58729955520437, 41.07085704700976], [9.587449753166917, 41.07084839935038], [9.587648377246413, 41.07076406292665], [9.588477369492326, 41.06945705111851], [9.58771105113583, 41.06877973163225], [9.585503349763169, 41.06897338257737], [9.585144520120005, 41.0691114513306], [9.584596659400933, 41.069409243453975], [9.584390524844565, 41.069551658894575], [9.584252477190555, 41.069757797731214], [9.584163457437002, 41.07005438646065], [9.584144641338249, 41.07028193366215], [9.584204621893978, 41.070334551964656], [9.585003053983016, 41.07077622930217], [9.585841759456784, 41.071060391224975], [9.586619359429626, 41.070830109513466]]], [[[9.587262087128398, 41.074337699974286], [9.587150326000783, 41.0743191282806], [9.587004744028626, 41.074345767256034], [9.586773676236358, 41.074464047964035], [9.58667056455824, 41.07458167681774], [9.586594005733675, 41.0746732731482], [9.586586179312492, 41.07479717286461], [9.586716436675076, 41.074887715377244], [9.587156988389587, 41.07506788271383], [9.587302802371594, 41.07506713962394], [9.587421386229305, 41.07501623688568], [9.587594815337408, 41.074941791060816], [9.58768013122807, 41.07483100819191], [9.587740321798687, 41.07473949553385], [9.587705053763727, 41.07469463513448], [9.587653031960722, 41.07462846693313], [9.587415545436246, 41.0743601135318], [9.587262087128398, 41.074337699974286]]], [[[9.601395858239178, 41.07888026532075], [9.601239322702249, 41.07884842803351], [9.601152124999084, 41.07886545238444], [9.601112638922432, 41.078989838806635], [9.601365196860417, 41.07943441568421], [9.601592941308068, 41.079442234921196], [9.601856193684089, 41.07942734813419], [9.602040303136107, 41.079382473025106], [9.602053518688106, 41.07919999194755], [9.601982455544976, 41.07910787130872], [9.601780836116811, 41.07899648511487], [9.601667359536215, 41.07895428947346], [9.601395858239178, 41.07888026532075]]], [[[9.609724256021133, 41.08223700574521], [9.60998889607541, 41.081244728763245], [9.609931408422941, 41.07953351764112], [9.608968839150064, 41.07367693202388], [9.608382447359565, 41.07276798655655], [9.607238945788641, 41.071550902587845], [9.606608749289236, 41.07129974601405], [9.603199419154553, 41.07172300301534], [9.597596182455705, 41.07469781064158], [9.597537249121201, 41.07476245898922], [9.59734866287102, 41.074969333853694], [9.596763036696393, 41.07602630232253], [9.596794139507697, 41.07617477229652], [9.596837553337638, 41.07636821965204], [9.596911580656949, 41.07665609114013], [9.597176066190125, 41.0769429765705], [9.597427507371428, 41.07710381720522], [9.597953200168048, 41.07715063381981], [9.599214346406793, 41.07723866611502], [9.599641809846466, 41.07711933867491], [9.602873211138176, 41.079012169082006], [9.60301211948951, 41.07911953787915], [9.603208907784252, 41.079271642850635], [9.606373101323776, 41.08127732548348], [9.608659993584538, 41.08237099609781], [9.609098823290243, 41.08251393095672], [9.609517127176016, 41.082482442859856], [9.609632361173245, 41.08243791995127], [9.609724256021133, 41.08223700574521]]], [[[9.618818415671294, 41.08615905178206], [9.61881841503497, 41.08611634380792], [9.61878282497444, 41.08603092711462], [9.618740116944572, 41.085973983384655], [9.618654700705072, 41.085924157395084], [9.618462514519516, 41.08583162268576], [9.618369979611378, 41.085852976525686], [9.61828456339017, 41.085917038807494], [9.618099494923724, 41.08610210725146], [9.61821338282615, 41.086201760155944], [9.618697408623811, 41.08634412031795], [9.61879706111005, 41.086301412287774], [9.618818415547691, 41.08623023234512], [9.618818415671294, 41.08615905178206]]], [[[9.579237477935866, 41.091952429307575], [9.579176323448555, 41.091937423973576], [9.579038328647366, 41.09198540970739], [9.578762565706532, 41.09210727672939], [9.578644210953044, 41.092188538992026], [9.578564320534216, 41.0922433919234], [9.578530117031416, 41.092585866133305], [9.578662052596753, 41.09263867797285], [9.57890698138601, 41.092621130483955], [9.579319403221492, 41.09246817489486], [9.579555273463736, 41.092210261647466], [9.579477619034018, 41.09201135043282], [9.579237477935866, 41.091952429307575]]], [[[9.58103724971757, 41.09351353461446], [9.580819775861311, 41.09349428466097], [9.580550082256842, 41.09362963738191], [9.580233325574524, 41.093829407783794], [9.580212283853474, 41.094313691638526], [9.58028372234908, 41.09448223058427], [9.58035607363174, 41.094585458488716], [9.58054626428601, 41.0945484682423], [9.580688906836771, 41.09452072535375], [9.581092068859773, 41.094329526008515], [9.581226574272083, 41.09422300415412], [9.581326936728964, 41.09412678754043], [9.581345593672005, 41.094094040208766], [9.581469110477174, 41.09387722517078], [9.58124113911726, 41.09368020060897], [9.58103724971757, 41.09351353461446]]], [[[9.56978225335604, 41.117641142293536], [9.56982286099341, 41.11751595644259], [9.569914844848915, 41.11582538900089], [9.569909144069843, 41.115770844057224], [9.569896386301545, 41.11568810926606], [9.569657581885167, 41.11562060522775], [9.569403051540114, 41.115628619489385], [9.569173929693166, 41.115647767659816], [9.568796468879555, 41.11573070291154], [9.568669659128869, 41.11578592277955], [9.56847803333893, 41.11592481874725], [9.56835575274997, 41.116075179095795], [9.568282272092448, 41.116187014625446], [9.568217676902487, 41.116293176285396], [9.56807693197312, 41.117065174564985], [9.568068804513942, 41.11715867168447], [9.56816942776085, 41.11743179151306], [9.56826131709943, 41.11755519732309], [9.568649975540264, 41.11773343768196], [9.569348904859933, 41.11791002038544], [9.56948061746584, 41.1178847217219], [9.569734142757873, 41.1177596092373], [9.56978225335604, 41.117641142293536]]], [[[9.57107810510343, 41.11821235913547], [9.571017989241101, 41.11797619910981], [9.570825517387455, 41.117586433927904], [9.570559727023118, 41.11732652053582], [9.57052702911831, 41.117333288027766], [9.570470552101225, 41.117344978123214], [9.569995140439463, 41.11746556024454], [9.569911423955196, 41.11749776001235], [9.569873563417604, 41.11757200471379], [9.56970267372656, 41.11790839494311], [9.569671134571617, 41.11801147622902], [9.569678764622749, 41.11807065614463], [9.569739089985783, 41.11833158781593], [9.56983891370788, 41.1185112521536], [9.570394909123564, 41.119098519680456], [9.570542290845959, 41.11909559554397], [9.570773039458848, 41.11909101691992], [9.570944727076265, 41.11897193721061], [9.570985097583627, 41.1189176900877], [9.571033035530377, 41.118853270550694], [9.571106563220823, 41.11874706308203], [9.571134419613362, 41.11869700630227], [9.57115494534819, 41.118660122212646], [9.571203052832832, 41.11854165471233], [9.571179475832, 41.118452318643634], [9.57107810510343, 41.11821235913547]]], [[[9.566169561326452, 41.123121131467244], [9.566770279516307, 41.12302134274264], [9.566878355779874, 41.12298606899124], [9.566866189276478, 41.12274612908604], [9.566603217608256, 41.12264157980216], [9.565561726641759, 41.122392223555345], [9.564559579921978, 41.12238925692505], [9.56450330846483, 41.12242556461733], [9.564023748273382, 41.12293674491384], [9.564183371376375, 41.123318916227106], [9.564220962968145, 41.12336151915806], [9.564307672190372, 41.12345359566533], [9.564560546337509, 41.12354451833075], [9.564709561996583, 41.12355729995914], [9.564822610941897, 41.123543233781376], [9.566169561326452, 41.123121131467244]]], [[[9.570909607815219, 41.12814892565772], [9.571320257483638, 41.12810747995606], [9.571635071011835, 41.12783342966783], [9.571805507227362, 41.12684734344507], [9.571804666608761, 41.12675051274567], [9.571683943762824, 41.126601355135854], [9.571120886353999, 41.1260670507007], [9.571024904075786, 41.12598870756883], [9.570920534166895, 41.12597346088489], [9.570733254815316, 41.12601379876178], [9.569213163228904, 41.12639289598739], [9.56914528969779, 41.12646529426743], [9.569096746397602, 41.12659865310485], [9.569235683354371, 41.12693100699161], [9.569488779180467, 41.127486558203245], [9.569845877277375, 41.12792809388327], [9.570094445310414, 41.128080899586166], [9.570909607815219, 41.12814892565772]]], [[[9.568863359481673, 41.12796087444391], [9.568411934586862, 41.12690129531172], [9.566640823880583, 41.1249361618082], [9.566405623175896, 41.12477175079856], [9.565043700911131, 41.124320207988454], [9.564692640435027, 41.12436193286589], [9.564189863183891, 41.124424605588004], [9.5639258688453, 41.12454863103208], [9.563794868734416, 41.12472717898816], [9.563736543048423, 41.12480853536583], [9.56363447246114, 41.1249509096322], [9.563533260129548, 41.12513043663704], [9.56350378877681, 41.12526006965267], [9.563490208105478, 41.12531981396722], [9.563521606196232, 41.12550882622306], [9.56361041421555, 41.12561986466365], [9.565021118140479, 41.1268954558265], [9.566621982757011, 41.1279389341676], [9.567907525875887, 41.12833041074294], [9.568504519009654, 41.12848397891274], [9.568863359481673, 41.12796087444391]]], [[[9.567816935377392, 41.132159217560535], [9.567950548517716, 41.131087856921134], [9.567751434070475, 41.13078020452283], [9.567206044027577, 41.130049873524726], [9.567009185722615, 41.130017062707815], [9.566525343844319, 41.13020770799386], [9.566445703180047, 41.13029795416386], [9.56640155121081, 41.130358974179245], [9.566294537733429, 41.13055654791449], [9.566265448263788, 41.130639889456525], [9.566094172903714, 41.13115543243334], [9.566086873467585, 41.131345760834556], [9.566123901251517, 41.13149533462378], [9.566288585973965, 41.13194266912507], [9.566460830617203, 41.132056673033304], [9.566884200021716, 41.132278661952554], [9.567327216351796, 41.13244684612476], [9.567487766922747, 41.132499761767654], [9.567541144470868, 41.13247247489784], [9.567613591762761, 41.13241131505353], [9.567816935377392, 41.132159217560535]]], [[[9.501397595750689, 41.1539452979982], [9.501546299842003, 41.15390974480988], [9.501864443271945, 41.15382278450503], [9.50299122461662, 41.153730908791196], [9.503632517819206, 41.15378916979395], [9.503781220322, 41.15375361372839], [9.5039399539735, 41.1536662187704], [9.503961445884865, 41.15355465225307], [9.503982334085062, 41.153364268798654], [9.50395953157941, 41.153304691787], [9.50368126693158, 41.152762057389666], [9.503373273159761, 41.15261702629617], [9.502527968064392, 41.15253401649339], [9.502376021787533, 41.15253467927576], [9.502288130602402, 41.15253506256139], [9.501751850135221, 41.152537399779796], [9.5005464159917, 41.152896203637695], [9.50021735173349, 41.15311382214597], [9.500093595011544, 41.15329564273667], [9.500116984473893, 41.15343291155506], [9.500164021038099, 41.15354530582252], [9.500392603903014, 41.15363101459744], [9.501158918148192, 41.15390354890653], [9.501194718935322, 41.153909811305574], [9.501397595750689, 41.1539452979982]]], [[[9.518319630364703, 41.16426922299072], [9.518664300435306, 41.16414156133495], [9.51876965876835, 41.16408704017501], [9.518961077978219, 41.16398709064208], [9.51911914937423, 41.16381522853471], [9.519175493248273, 41.16375191906095], [9.519280128697076, 41.16363434516449], [9.519043576311473, 41.16349016025699], [9.518665963287937, 41.16359657756181], [9.518410727403667, 41.163728340711934], [9.517888334402612, 41.163992240494785], [9.517627026802701, 41.16411019572212], [9.517617992546532, 41.16422621254201], [9.517688253659747, 41.16431710118358], [9.517978887947352, 41.164328181375346], [9.518121833930746, 41.16431627854467], [9.518200719950277, 41.16430578974669], [9.518319630364703, 41.16426922299072]]], [[[9.525575266436947, 41.16597486026705], [9.527447223017187, 41.16426269149717], [9.527933843638156, 41.163569249422956], [9.527597153848495, 41.162521235673076], [9.527541654875485, 41.162497317985085], [9.527473059874977, 41.162467756419886], [9.527011998751297, 41.162384292415936], [9.526193032742166, 41.16226080043617], [9.524101684267652, 41.16195280833569], [9.523047723071729, 41.16187990661827], [9.52239212348388, 41.161876125850014], [9.522243434698652, 41.16196999618585], [9.520416389970878, 41.16328391590462], [9.516764566441863, 41.16603724709178], [9.516664035893823, 41.16613791038618], [9.51659349050816, 41.166262084924654], [9.516667326006067, 41.16655676070327], [9.516710330161576, 41.1666567800934], [9.518103466575447, 41.167091906858154], [9.518452551849887, 41.16714438365836], [9.525575266436947, 41.16597486026705]]], [[[9.459549752234382, 41.173915443163196], [9.459383270181942, 41.173871776573804], [9.459096085653758, 41.17393259824881], [9.459017524126535, 41.1739925888809], [9.458930002397487, 41.17447711010389], [9.459010287049198, 41.174663702848456], [9.459284967545507, 41.17473241928831], [9.459402070164437, 41.17464299900221], [9.45953074776824, 41.174503990623194], [9.459645222079804, 41.174038502338625], [9.45960572196751, 41.17393056574184], [9.459549752234382, 41.173915443163196]]], [[[9.461789405981008, 41.17525612043291], [9.46185601814824, 41.17500363324796], [9.461933138253771, 41.17367798511148], [9.461942320188575, 41.17325013298708], [9.46192897055536, 41.173084689272315], [9.461878680185757, 41.17292610549981], [9.461803035164827, 41.172764267006784], [9.461537458071321, 41.17271803988569], [9.46113330014083, 41.17267236795837], [9.460969448389672, 41.17268203176824], [9.4607197631931, 41.17271147241772], [9.459760860079376, 41.17288728703309], [9.45940562202094, 41.17346408140355], [9.459918484985371, 41.17436282104975], [9.460004296319472, 41.17530717735964], [9.459904854141106, 41.17536499909408], [9.459942841788841, 41.17546956362783], [9.460082958519031, 41.17568744527903], [9.460196552498749, 41.17573540815928], [9.460918389822625, 41.17602752948097], [9.461145098633514, 41.17605477087486], [9.46125822919034, 41.17603630202366], [9.461409021802114, 41.17586342329987], [9.461517263148071, 41.17570760384174], [9.461594913613716, 41.17559582051086], [9.461770373667813, 41.17532825923464], [9.461789405981008, 41.17525612043291]]], [[[9.488240314917396, 41.184406989224925], [9.488130969282937, 41.18371895591122], [9.48809897959234, 41.18363864907604], [9.487993876201454, 41.18353437843172], [9.487898391172617, 41.183521271104475], [9.487607634579874, 41.183504486626745], [9.487540752121713, 41.183529541511064], [9.487503626061612, 41.183547714477776], [9.487337313263861, 41.18363061457467], [9.487229851362887, 41.18381122647079], [9.487216332770416, 41.18399819592185], [9.487264558458532, 41.18407005515519], [9.48824155404622, 41.18457381488802], [9.488240314917396, 41.184406989224925]]], [[[9.48620583312193, 41.183597113980156], [9.486606792462608, 41.183400625531284], [9.487219343381156, 41.18239366221679], [9.487115960356716, 41.18131428441439], [9.48673575209096, 41.180558106682774], [9.485940677344265, 41.18079341589595], [9.484148580226265, 41.18191463366773], [9.483951990519248, 41.182338753291425], [9.483924519109527, 41.18245371866799], [9.483732551439351, 41.18350619033738], [9.483968650109366, 41.18417290420524], [9.484416278568485, 41.184668705585196], [9.484665892793938, 41.18476482372096], [9.484728670438555, 41.18478899707323], [9.484880409257668, 41.184750074749836], [9.48620583312193, 41.183597113980156]]], [[[9.39708339211209, 41.19711096200256], [9.397180593294072, 41.19697994920451], [9.397468492710445, 41.19633377131965], [9.397466678058086, 41.19612329353557], [9.397363858519803, 41.19599723323852], [9.397306586991453, 41.195927134057044], [9.397119660466787, 41.19584936497125], [9.396058040639375, 41.19577768043175], [9.39598822102982, 41.19579441038463], [9.395888075800176, 41.195831184437104], [9.395641073616716, 41.19622666135013], [9.395596288042034, 41.196365802624385], [9.395562795117835, 41.196497657334156], [9.395549312857513, 41.196659093714906], [9.395574681307417, 41.196986291569445], [9.395758840464334, 41.19711897401135], [9.396238378441094, 41.197286897970386], [9.396356097534465, 41.19727861097903], [9.39708339211209, 41.19711096200256]]], [[[9.442772419588692, 41.202037913293445], [9.443073328521818, 41.20176341258794], [9.443185725386328, 41.201646735133444], [9.443270770275243, 41.20143585027342], [9.443307402095925, 41.201341127358255], [9.443226429095693, 41.2012716278966], [9.442885198039008, 41.201296586367285], [9.442785534585617, 41.20132962318783], [9.442699418413262, 41.20138174870569], [9.442588431275544, 41.201456175986124], [9.441865914027138, 41.202149562566326], [9.441824261195329, 41.20226224618291], [9.441811542794575, 41.20235984407381], [9.441837672086708, 41.202482886129964], [9.441912810585851, 41.20257155069856], [9.44201335519791, 41.20266912469202], [9.44225426847957, 41.20257924691886], [9.442391074690269, 41.20252692703293], [9.442468678985431, 41.20248947137049], [9.442772419588692, 41.202037913293445]]], [[[9.419231814339648, 41.20761530482529], [9.419267581734541, 41.207612772211036], [9.419547294800193, 41.20752054872687], [9.41976759148869, 41.20738845788186], [9.420102592795043, 41.20715708583425], [9.42015411095192, 41.20708581579242], [9.420351386415064, 41.20679710669449], [9.420980671831913, 41.204723025395886], [9.422171675911907, 41.193464319887916], [9.420158602950211, 41.1901965223797], [9.41903116021661, 41.18870534577499], [9.418767742136966, 41.18853515717082], [9.41742870481087, 41.188026013222924], [9.416938816558654, 41.187900838323756], [9.41106570190742, 41.18711349612204], [9.405168056809888, 41.190302904482586], [9.40239350192229, 41.19020678982337], [9.399859227120738, 41.19015819096096], [9.397604737077796, 41.190281973063584], [9.39696114047439, 41.19033711373395], [9.396853820049053, 41.19036727545227], [9.396765217168836, 41.19047515860642], [9.39675257022637, 41.19060243801897], [9.396769051144036, 41.19111019860299], [9.39697651861415, 41.192882902221854], [9.398224559228172, 41.19786443030069], [9.39918091815844, 41.1984849119228], [9.406237308264712, 41.20099368823357], [9.409836889585755, 41.20445795329644], [9.412077987366972, 41.207430786693045], [9.415444433783247, 41.20780115444021], [9.419231814339648, 41.20761530482529]]], [[[9.44680818230871, 41.20862054814811], [9.446947707939346, 41.20830923772544], [9.446941511083512, 41.20805591707006], [9.446610987182998, 41.20790631833709], [9.446104566606657, 41.207981470187136], [9.44601527780994, 41.208006586793104], [9.445979739653712, 41.20804275593056], [9.445915683171771, 41.20827045104952], [9.445920515343484, 41.20832335360909], [9.44680818230871, 41.20862054814811]]], [[[9.41780367762238, 41.215058540954786], [9.418041904338757, 41.21505767729935], [9.41832084816055, 41.21464005306561], [9.418889308861129, 41.21366852177664], [9.418905917001224, 41.21355698985055], [9.418949947458335, 41.2125119245492], [9.418858914572516, 41.21133110716266], [9.418378854180053, 41.21087232728979], [9.418058329575079, 41.21064595326053], [9.417928396347895, 41.21055418602026], [9.417459224408363, 41.21022282328705], [9.417222579299889, 41.21005568577538], [9.417173377397171, 41.21005586402187], [9.417228308170436, 41.21010633433108], [9.417716588848904, 41.21055495449751], [9.416763455390853, 41.212892556337295], [9.416041943169878, 41.214164139362026], [9.417401806239798, 41.21502959762245], [9.41780367762238, 41.215058540954786]]], [[[9.518671661801903, 41.21535674263249], [9.518516361681453, 41.21535138783131], [9.518425322914949, 41.21536745336313], [9.518344994409544, 41.21541029509641], [9.518248601696126, 41.21546384644196], [9.518125431674894, 41.21556024062843], [9.518109366100902, 41.21561914769447], [9.518109365679923, 41.21567805454158], [9.51821646936584, 41.21590297337386], [9.518259311942305, 41.21597259051433], [9.518323573414609, 41.21602614301509], [9.518393191963074, 41.21602614311074], [9.518580623761446, 41.215897618322245], [9.518628820410378, 41.21586013128531], [9.51869547853618, 41.21580660096322], [9.518689031985822, 41.21553463702599], [9.518671661801903, 41.21535674263249]]], [[[9.517913576722911, 41.21639090770039], [9.517648976076527, 41.21618981083727], [9.516902035137768, 41.21582369372796], [9.516857118376711, 41.21580241701587], [9.516795652804111, 41.21579532445339], [9.51674837166547, 41.21579768860656], [9.516630168295446, 41.215811873069], [9.516561609619885, 41.21584497010653], [9.516507236295613, 41.215963173614945], [9.516478867115543, 41.216043551802336], [9.5165001444414, 41.21615229913728], [9.516559246280302, 41.21628468635317], [9.516765161179746, 41.216363227947745], [9.517643684273859, 41.21658142029838], [9.517844780529918, 41.216528500332785], [9.517945329134188, 41.21649674765372], [9.517913576722911, 41.21639090770039]]], [[[9.519414101971, 41.217776767288406], [9.519342582963878, 41.217704904565416], [9.518916336073977, 41.21754506137964], [9.518836414681973, 41.217545062082735], [9.518720972114954, 41.21757170221347], [9.518490087550926, 41.21767826444897], [9.51819704295947, 41.21788250781855], [9.518205922901, 41.21807787150004], [9.518352291874233, 41.2182896538134], [9.518519246951255, 41.218280933828225], [9.518773146952984, 41.218191846674635], [9.519249766750915, 41.217964672576656], [9.519361127429462, 41.2178844932669], [9.519414101971, 41.217776767288406]]], [[[9.51943854798078, 41.21833705143102], [9.519432806504122, 41.218210733264385], [9.51938687312803, 41.21811886583521], [9.519317971389018, 41.2180958985044], [9.519226103779637, 41.21807293199649], [9.519157202766069, 41.218101639885084], [9.519030885457084, 41.21817054102564], [9.51877250708143, 41.218314084244554], [9.518663413165887, 41.21837724415445], [9.518554320257637, 41.218451886258784], [9.518462452581312, 41.21853801227876], [9.518491160725107, 41.21865284746989], [9.518893083473456, 41.21887103392286], [9.519260554900873, 41.21897438465677], [9.519340938791384, 41.21899160997753], [9.519472999023474, 41.21884232450245], [9.519507449685635, 41.21875045660011], [9.519536158427314, 41.218658589369745], [9.51943854798078, 41.21833705143102]]], [[[9.449402550275243, 41.2223518461074], [9.449703199372665, 41.22226509778506], [9.44993660153588, 41.222158344679265], [9.450156158059032, 41.22198971713178], [9.450270119486024, 41.22186316252782], [9.450223758754682, 41.22170987158218], [9.450055111209599, 41.22143780542587], [9.449995161300109, 41.221341231396266], [9.449884977112658, 41.221274856062436], [9.449748369096216, 41.22128307248163], [9.448008834863728, 41.221573598928565], [9.447878183264722, 41.22162139929475], [9.44781836360118, 41.22170157484914], [9.447783370569574, 41.22175125412698], [9.4473259470858, 41.2224668989643], [9.447258512042076, 41.22260452976592], [9.44723916718697, 41.2226440133572], [9.447207363813801, 41.22279163956598], [9.44721432615863, 41.2229379892352], [9.447308345258243, 41.22294775789475], [9.449402550275243, 41.2223518461074]]], [[[9.455622418312622, 41.226423130024735], [9.45575500805141, 41.22640233767433], [9.455849952812533, 41.22611483856169], [9.455995851920735, 41.225610201613534], [9.4560223140539, 41.22537889690894], [9.455861758871668, 41.22495166255368], [9.455700198533506, 41.224952302021286], [9.455506655725092, 41.225000358982435], [9.455013112797435, 41.22522975659031], [9.455030116175903, 41.22639169265375], [9.455357097972469, 41.226444447171346], [9.455622418312622, 41.226423130024735]]], [[[9.338063461774187, 41.228236108654905], [9.33788818896486, 41.22808574232995], [9.337566752944007, 41.22793467922104], [9.337433890163677, 41.22791029701374], [9.33732090784659, 41.2279815640372], [9.337313942604057, 41.228077292058664], [9.337451411697218, 41.22870743498475], [9.337721196957473, 41.229196442797615], [9.337786605358696, 41.229232282380615], [9.337842046996766, 41.229262520355725], [9.337942129682498, 41.229292628202074], [9.33811971221227, 41.22922736381837], [9.338240243997436, 41.228968598688425], [9.338063461774187, 41.228236108654905]]], [[[9.455476798428784, 41.228178532419115], [9.455305053492012, 41.22814543221398], [9.455166296403956, 41.22816624842285], [9.455043325610966, 41.22825568598628], [9.454657778085155, 41.228576985542816], [9.454574167184207, 41.22869329071359], [9.454633537667256, 41.228953155969975], [9.454724863051513, 41.229218523999], [9.45482555048641, 41.22932802110945], [9.454987775174322, 41.22927828839585], [9.455229267343775, 41.22904538382129], [9.45557613008546, 41.228307626314646], [9.455476798428784, 41.228178532419115]]], [[[9.35768770837661, 41.245419028149136], [9.357686529491446, 41.245202845669475], [9.357671255268768, 41.24513758724188], [9.357562759703583, 41.24493862774517], [9.357483368747966, 41.2448791973727], [9.357376162444519, 41.244916687471175], [9.357082867563859, 41.245025690493826], [9.35689092786429, 41.245118614952254], [9.356848051277003, 41.24518968361343], [9.356848755723997, 41.24531916810255], [9.356877726356416, 41.245434163262814], [9.357243561364847, 41.24549584760768], [9.357544881813281, 41.2454904084152], [9.35768770837661, 41.245419028149136]]], [[[9.471145615919252, 41.245181812771335], [9.470951998692613, 41.2429408018195], [9.473383261615586, 41.240828648402946], [9.474867208818717, 41.240509518026435], [9.476804395070904, 41.240091659408805], [9.478875461240248, 41.239353436519714], [9.482041386695245, 41.23658723089363], [9.481605924363343, 41.23212908591867], [9.48128570147609, 41.227920419022915], [9.481385163664653, 41.22521374418126], [9.48196145848109, 41.22448652732686], [9.485396366437959, 41.22150539152294], [9.485502346344598, 41.21728409422823], [9.485293070951379, 41.217820517631466], [9.48471895766726, 41.218399433793046], [9.484064571242515, 41.21840218731841], [9.48133030615049, 41.217732366502325], [9.479684033519206, 41.216101012108325], [9.47891731731771, 41.21402118711009], [9.47883511675238, 41.21379066915719], [9.478345885244941, 41.2068105324927], [9.478396862605072, 41.20377919333342], [9.47890268579105, 41.2013821391507], [9.478932465659756, 41.20117258387476], [9.478882426451598, 41.20064808645511], [9.478842106227528, 41.20048526999182], [9.478070775266746, 41.19932956257427], [9.477140680619453, 41.19852947145779], [9.476084801489296, 41.197648823554374], [9.474255592757704, 41.196193725654474], [9.472524265859251, 41.19499311551648], [9.469004523180033, 41.19265315643059], [9.465174341027641, 41.18968770365007], [9.463835107752505, 41.18456571226651], [9.463813776526234, 41.18447651717346], [9.463807935016163, 41.184450645658835], [9.463798960569694, 41.18438784892411], [9.463856335517338, 41.184255663689086], [9.464002840517102, 41.18392943848865], [9.464041049865966, 41.18385550795612], [9.46407727397885, 41.183806927365275], [9.464257935248387, 41.18358993373998], [9.46430204767433, 41.18354186625766], [9.46435541604827, 41.18350795250415], [9.464438225683944, 41.18345866781211], [9.464535863762217, 41.18340237635163], [9.464572151670122, 41.18338264858624], [9.464626770495194, 41.18335682507259], [9.464753882963581, 41.18331638374502], [9.46504817048355, 41.18323184474245], [9.466901474669164, 41.18312300847476], [9.4673652418968, 41.1831579887586], [9.467411469881288, 41.18316147548749], [9.468249720805762, 41.18387869800478], [9.468522765229135, 41.18454754545905], [9.468532537154504, 41.184687127393936], [9.468552634519659, 41.18497417001813], [9.468570841551475, 41.18501926069739], [9.468618451844254, 41.185137169673496], [9.468716497496679, 41.185379982412236], [9.469769647311956, 41.18592051325392], [9.471562425646862, 41.18650673038198], [9.47261992030739, 41.18662140724842], [9.47756751565928, 41.18710915640604], [9.47971742300006, 41.18719142571982], [9.479913981966092, 41.18716583600512], [9.480039066376543, 41.1871495508874], [9.480277403759901, 41.18688589399527], [9.480505931518104, 41.18658404167834], [9.480917724729032, 41.18603003930265], [9.480948149396696, 41.18598712470958], [9.481077051632969, 41.18580530407371], [9.48136546902489, 41.1848909297729], [9.481513304025952, 41.184183195624875], [9.481672149609219, 41.183012187954304], [9.481401278731267, 41.182454158969726], [9.481049413314315, 41.18202888299541], [9.48039942120107, 41.18139203878408], [9.48021045641888, 41.18123068529496], [9.479673938970768, 41.18123292100375], [9.479350833935364, 41.18127480180622], [9.479191003692272, 41.18139758536295], [9.475585746962025, 41.18060018437618], [9.47345564443322, 41.179512255714556], [9.470748683877511, 41.17698441560282], [9.471112312411352, 41.1748625531532], [9.470842882434832, 41.169285216187525], [9.469996358313995, 41.1688476100101], [9.469054392144294, 41.16923331503901], [9.46925617473404, 41.17433191135543], [9.469448201705548, 41.17680716272474], [9.455513086474271, 41.186329240802394], [9.455764317000227, 41.18666378877495], [9.455974980470295, 41.18695120527839], [9.456057365602918, 41.18713891824324], [9.45609770356619, 41.187667968520515], [9.456082150715243, 41.187787383967404], [9.455769892536503, 41.18940214934652], [9.453533779062738, 41.19216962591875], [9.449196518954317, 41.19179816124042], [9.447456705743184, 41.19088275713927], [9.444490637561449, 41.18672586548078], [9.443950407690542, 41.18530245896455], [9.444687597888857, 41.18523779820892], [9.444751773510614, 41.18500773784962], [9.444552033595246, 41.184123487839024], [9.444358455230608, 41.183929440521034], [9.4420810667051, 41.181712140357135], [9.441983702767589, 41.1816393255994], [9.441790472258129, 41.18149481517886], [9.441645501012744, 41.18143456772171], [9.440235668617314, 41.18119562717774], [9.437870140642216, 41.180951299631836], [9.43647638747022, 41.18122592492348], [9.435893388277124, 41.18257695153169], [9.435873971044964, 41.1826636073185], [9.43584565293474, 41.18311298074515], [9.435749773389352, 41.18740818963021], [9.440729156707045, 41.19569523614014], [9.44804621052863, 41.2005323519235], [9.449358660750818, 41.19995905236149], [9.45124400810723, 41.19952337620391], [9.453657701028714, 41.19932360458871], [9.453863369170659, 41.19931491233955], [9.454198785939505, 41.1993135899863], [9.45439571193079, 41.19933420600064], [9.454958648560357, 41.199465974946285], [9.456356325975369, 41.2000121735745], [9.456457568585392, 41.20020769298131], [9.456456472815717, 41.200487528217735], [9.456424817390554, 41.20064357568437], [9.454933065645593, 41.20454349600292], [9.452745293763003, 41.20429162777973], [9.449307509389726, 41.20650299801924], [9.446997499479814, 41.21545917191935], [9.451052836133908, 41.221402349898575], [9.45559350067444, 41.22307516405819], [9.458586090724047, 41.22812790833646], [9.459176068475765, 41.232087850953974], [9.460714554037557, 41.24259939162638], [9.469102401915158, 41.24526334372023], [9.471145615919252, 41.245181812771335]]], [[[9.356756074670297, 41.24665598217466], [9.357256503126584, 41.246502424344094], [9.35729926357871, 41.24640996231243], [9.357290638808657, 41.24632681528325], [9.357240051563725, 41.246220983421836], [9.356779532231842, 41.24575738568567], [9.356728871425636, 41.24576880243976], [9.356664865676434, 41.245880847347394], [9.356603134470125, 41.24623984743956], [9.356611885346558, 41.24647740003808], [9.356625960857286, 41.246596709279345], [9.356756074670297, 41.24665598217466]]], [[[9.397998550482171, 41.250104766889095], [9.39807111447949, 41.25001556473562], [9.398189765508494, 41.249817735517375], [9.398252690607892, 41.24969741394], [9.398126468140454, 41.24954922234887], [9.398030528664304, 41.249442686181865], [9.397711295628122, 41.249234260222856], [9.397566371232099, 41.24919985542161], [9.397297443521172, 41.24913660297064], [9.397193010890692, 41.24913696327333], [9.39712803006511, 41.24924640722695], [9.397089098674423, 41.24946948322235], [9.397089575890785, 41.249548299092], [9.397117030138515, 41.24964728951248], [9.397349360018195, 41.250072104692], [9.397894732313766, 41.25025544276514], [9.397998550482171, 41.250104766889095]]], [[[9.32440291061804, 41.25229145473349], [9.32493315705645, 41.25146124597858], [9.325098781721758, 41.25116352200937], [9.325337044201857, 41.25048726745259], [9.325387467796892, 41.250036737206706], [9.325393539043796, 41.24982954091139], [9.32536436064626, 41.24936121989925], [9.32530100902319, 41.249221778455265], [9.325243713441392, 41.2491003355244], [9.323307642188537, 41.24858333853351], [9.32224200956241, 41.24861451942395], [9.32139615315381, 41.25033619528843], [9.321612942991585, 41.2510381950531], [9.323455766342557, 41.251996862991774], [9.32440291061804, 41.25229145473349]]], [[[9.3405054237667, 41.25301061782393], [9.340524211580433, 41.25289346148541], [9.342819176866962, 41.25151747308409], [9.346271166084218, 41.25143620669915], [9.349974106789782, 41.25197223159785], [9.354890568411232, 41.247908196377345], [9.357518198501957, 41.24415283816197], [9.359908733873352, 41.241555658155164], [9.35857110088264, 41.23725524228585], [9.358518088397, 41.23712592050593], [9.358450265505722, 41.23696159258097], [9.358412610578865, 41.23688256507495], [9.3582649734106, 41.23662253568264], [9.358144633068859, 41.23642785417461], [9.356418117311453, 41.23497732891956], [9.350772886232061, 41.23115535600683], [9.349219911346239, 41.23032767028786], [9.347672307348304, 41.22951607582055], [9.346994832552356, 41.22926128458261], [9.345603737352722, 41.22896832408197], [9.340702105313735, 41.22940742276507], [9.335047408838717, 41.23339081938405], [9.333121342333534, 41.235649480027725], [9.333606404929204, 41.24831975715594], [9.336969403643627, 41.252435516839064], [9.339159328819505, 41.25352803301205], [9.339505807224876, 41.25359186818899], [9.340208756788778, 41.25334478236044], [9.3405054237667, 41.25301061782393]]], [[[9.400515489022899, 41.25353136847577], [9.400521249942656, 41.25300889980757], [9.400421603152516, 41.25296776091369], [9.40036768238675, 41.25294811141763], [9.398748690872633, 41.25250836628947], [9.398604548010416, 41.25250288510805], [9.39837679616355, 41.2525096536373], [9.398267581001749, 41.25264064387021], [9.398184749518624, 41.252759157013124], [9.398063519853006, 41.25296112422763], [9.398003561072263, 41.2531426128478], [9.397951528161771, 41.25366524133837], [9.397998716350644, 41.25381933611616], [9.399743440058957, 41.25415446004918], [9.400130891446826, 41.25407654871958], [9.400315129191394, 41.253949799842275], [9.400515489022899, 41.25353136847577]]], [[[9.413956000038818, 41.25421926565091], [9.413963298334126, 41.25406599675813], [9.413766238454704, 41.25394192261149], [9.413656760941144, 41.253912728032574], [9.413364820128056, 41.25416817597944], [9.413350223415707, 41.254277654349195], [9.41335022384086, 41.25441632596478], [9.413459701523324, 41.254584191543266], [9.413525387360847, 41.254569594496495], [9.413956000038818, 41.25421926565091]]], [[[9.421131730737073, 41.26833294600065], [9.421303347162793, 41.26833231812155], [9.421861501033435, 41.26810282948288], [9.422015546118995, 41.268015565883914], [9.423404454850411, 41.26692728721422], [9.430764919029928, 41.260395280093185], [9.428872801183896, 41.25876798770405], [9.431331632321335, 41.25150252361192], [9.435640759175028, 41.246834925499236], [9.437077336404736, 41.24077739594003], [9.435118730021221, 41.237182836015606], [9.43273828073306, 41.2329176209096], [9.431316815505733, 41.231098880715045], [9.43054930504371, 41.23005572531486], [9.432667336341334, 41.22577697325487], [9.435125037283676, 41.22881321370105], [9.437127802150355, 41.232611943422164], [9.438934269607067, 41.23538706806421], [9.44171336430112, 41.23675237737207], [9.44384224030461, 41.235476347645104], [9.446088832716312, 41.23375619008648], [9.444525538148783, 41.2297729195103], [9.441056884988564, 41.228737351914944], [9.441373832806741, 41.22885273862715], [9.441588478192664, 41.22904459888076], [9.44160946153739, 41.229194817890594], [9.441620076789318, 41.22927170776935], [9.441347669041576, 41.229397808971555], [9.440701917180384, 41.229627728448925], [9.438073099335986, 41.230394412873835], [9.437907773772091, 41.23042882112653], [9.437063056729144, 41.23012464050424], [9.436896749361953, 41.23001154850051], [9.436156270980549, 41.229029277581034], [9.436124317093054, 41.22895268509751], [9.436012389284341, 41.22867342977528], [9.43599886223802, 41.228631925099734], [9.437048599889952, 41.22549019332904], [9.438467163480192, 41.2221808931276], [9.43982409564275, 41.21639202212756], [9.439562355481812, 41.21585069490978], [9.439044822996902, 41.2152022913944], [9.436828485892912, 41.21455015147733], [9.430364104738773, 41.21415397073491], [9.418974366928177, 41.21488316873174], [9.415303579979822, 41.216177796187566], [9.407619241302694, 41.212903443258654], [9.399031864728247, 41.210268784360956], [9.386999929518042, 41.20987972378311], [9.382867000437145, 41.21016721049289], [9.383215891360322, 41.21220963823223], [9.381342505574212, 41.21570187924118], [9.374603962287352, 41.22536909770081], [9.374381462089126, 41.2253191529904], [9.374184394300519, 41.22580621434008], [9.374015839040966, 41.22684787760216], [9.37402030335594, 41.22763191958989], [9.375279651375942, 41.230067837416144], [9.377437958362151, 41.23399380466283], [9.377548205853746, 41.23412827897911], [9.378022150409144, 41.23442426217838], [9.378247243967914, 41.2345609601909], [9.37878105581182, 41.234628946884044], [9.380607963805842, 41.23473234644094], [9.381040049644138, 41.23475548451484], [9.381909633209148, 41.23449700787735], [9.389891259830922, 41.23578088898102], [9.397814859721981, 41.241465837580755], [9.398560047692794, 41.241708567263345], [9.398762505751305, 41.24177557906236], [9.399163544910037, 41.241981056132644], [9.39923836518056, 41.24201939168308], [9.400544598062572, 41.24290774906944], [9.402274898583066, 41.245314670504236], [9.40229679065783, 41.25204563672093], [9.40032546637677, 41.258330903270384], [9.40473755304679, 41.257585851161316], [9.40451385765602, 41.25615440689037], [9.404523460011998, 41.25577604792718], [9.404731159077787, 41.255099737764795], [9.40486886677886, 41.25492923211208], [9.408364553974502, 41.25130703328047], [9.410804671248393, 41.250209057788105], [9.41154434207305, 41.24994434025292], [9.411744508587592, 41.24998599829109], [9.412120987086972, 41.25006746923277], [9.412342312910223, 41.250149998221154], [9.412662338408747, 41.250269330322354], [9.413131291080854, 41.25058292036292], [9.41332916067475, 41.25073083736057], [9.41347445769374, 41.25102089155912], [9.415278994078474, 41.25494845318939], [9.416024923890438, 41.256814865721765], [9.415778973927903, 41.25962316195638], [9.41490498869108, 41.26610812808322], [9.414701697741283, 41.268177258717], [9.417223682541756, 41.26921920235682], [9.417449975491003, 41.26925050472461], [9.421131730737073, 41.26833294600065]]], [[[9.402822325522042, 41.27618221819289], [9.403003662277595, 41.27605528102115], [9.403067131171833, 41.2759555454153], [9.403284736725983, 41.27554753544668], [9.403275669822943, 41.275429665308266], [9.403194068037783, 41.27526646175645], [9.403048996793936, 41.27515765854232], [9.402940194364135, 41.275193926386315], [9.402804191049283, 41.275284595392336], [9.402722589642268, 41.27539339846962], [9.402323646326726, 41.27602808059335], [9.402323645477901, 41.27619128439503], [9.402378047353954, 41.27625475312522], [9.402523117654521, 41.276309154701096], [9.402822325522042, 41.27618221819289]]], [[[9.40343556142968, 41.27652460930238], [9.403553441340216, 41.276519692268664], [9.40367280108211, 41.276486356698], [9.403740872837895, 41.27641769853151], [9.40375045742109, 41.2763082276454], [9.403598578986552, 41.27609391931558], [9.403534027909506, 41.276033344003054], [9.403416121141932, 41.27603375722218], [9.403319233015994, 41.27605436418587], [9.4032075983149, 41.276346379277534], [9.40343556142968, 41.27652460930238]]], [[[9.363763795314343, 41.28363413719891], [9.364233364610886, 41.28361013307694], [9.364255640625341, 41.283589514070975], [9.364322467385506, 41.28352765613021], [9.364314258767275, 41.28339369242247], [9.364094205040022, 41.28328066638243], [9.363984951756532, 41.28322921717848], [9.363676014866908, 41.28310383251876], [9.363354472342952, 41.28312762037404], [9.363320685341396, 41.28322568561761], [9.363293298642553, 41.283401422675105], [9.363328204859323, 41.28350490097746], [9.363493029857635, 41.283618102872225], [9.363538448692008, 41.28363484902558], [9.363617177831161, 41.2836638756388], [9.363720147006877, 41.283659046478135], [9.363763795314343, 41.28363413719891]]], [[[9.364768536166425, 41.28324640371716], [9.364707044224483, 41.28319390398022], [9.364604374230048, 41.28325255360538], [9.364570557706234, 41.2833449894488], [9.36456490658164, 41.283402431881896], [9.364730711463341, 41.28369127861863], [9.36485032890347, 41.28372746572764], [9.36488172881712, 41.28373696488959], [9.364990838154045, 41.28376251635446], [9.365196426236025, 41.283689802205316], [9.365204905225157, 41.28363910750211], [9.365222428264099, 41.283534337485264], [9.365015171746622, 41.28330755040914], [9.36484775883638, 41.28326604453221], [9.364768536166425, 41.28324640371716]]], [[[9.365702538829561, 41.285432015805846], [9.365627891494665, 41.28535005703405], [9.365538272655467, 41.28534020879142], [9.365373986216758, 41.285324966727636], [9.365048433524752, 41.285300665159646], [9.36462008493168, 41.28531271936685], [9.36446355058419, 41.285349246113626], [9.36438216477867, 41.28547786262708], [9.364396062871709, 41.28556114048306], [9.364484653968853, 41.28565431471367], [9.364677903570215, 41.285777558602234], [9.364951417858173, 41.28583861934575], [9.36517845572119, 41.2858637967104], [9.365431842818365, 41.285795435311925], [9.365677129621172, 41.28561337602964], [9.365751363768766, 41.28554107897091], [9.365764451317563, 41.28547910899146], [9.365702538829561, 41.285432015805846]]], [[[9.402190490760022, 41.28651629807427], [9.402749815469038, 41.28522736774366], [9.402840211713357, 41.28172193188786], [9.401756880563015, 41.28104676153427], [9.400591264210412, 41.28053738501232], [9.399835895944586, 41.28178773470233], [9.399744686181213, 41.28396325320347], [9.399908630128646, 41.28465515028676], [9.40075998785377, 41.286201513124276], [9.40106902699078, 41.286451526416414], [9.40114687603628, 41.286488412185534], [9.401308512068436, 41.28655653211445], [9.401441463077397, 41.2865718321554], [9.402064127017605, 41.28660118632603], [9.402190490760022, 41.28651629807427]]], [[[9.337185971452758, 41.286127164037254], [9.336949308879737, 41.285970221894594], [9.336826492811047, 41.285890638239714], [9.336660834401902, 41.28589787863528], [9.336441606159836, 41.285937928528426], [9.336365135971107, 41.28604280335708], [9.336356351186906, 41.28619602326499], [9.336813264036556, 41.286801580420295], [9.33693607601715, 41.28688003901688], [9.337110623916848, 41.28685926054065], [9.337207484250191, 41.28682632370228], [9.337324598937128, 41.28668748705366], [9.337389120881584, 41.28644296404319], [9.337348830503705, 41.2863491112652], [9.337185971452758, 41.286127164037254]]], [[[9.366727889437314, 41.28723599468899], [9.366936845978115, 41.286697119417816], [9.366983137894715, 41.28643349652601], [9.366761996321863, 41.286129065004516], [9.366514743644826, 41.285959832668844], [9.366469098262586, 41.28594421439075], [9.366351721451222, 41.285904053030244], [9.366048610074772, 41.28588925363097], [9.365993386166958, 41.285890532662684], [9.365823234332757, 41.28589447391309], [9.365461337157583, 41.28604537656309], [9.365397313718049, 41.28607505050078], [9.365358603040013, 41.286092993426266], [9.36526367036132, 41.286201386965324], [9.365256665005067, 41.28628360415589], [9.365637278532649, 41.28707845086742], [9.36588127090927, 41.28719815361176], [9.36600088975742, 41.287233330622385], [9.366108546707506, 41.28726498928497], [9.36645820488371, 41.287326930217475], [9.366596888605617, 41.287280731930295], [9.366727889437314, 41.28723599468899]]], [[[9.400580854662303, 41.28742155311449], [9.400948507857077, 41.287003667943225], [9.400947763443838, 41.28688206667727], [9.400908414272097, 41.28679437805619], [9.400802621034472, 41.28671958928368], [9.400609157008414, 41.28667944581644], [9.400443511256832, 41.28668790391763], [9.400068792009034, 41.28692678462883], [9.39981539566426, 41.28718618586319], [9.400370251974472, 41.287402018289505], [9.400513660736543, 41.28741840899728], [9.400580854662303, 41.28742155311449]]], [[[9.399418262070606, 41.28711400886113], [9.399268183925852, 41.28709282887358], [9.399174264849117, 41.28711342203037], [9.399140795964719, 41.2872554093935], [9.399163853025136, 41.287364547633786], [9.399330104786792, 41.287455173724204], [9.399440832579552, 41.28749811690116], [9.399479737393085, 41.28751320501744], [9.399591391547013, 41.287463274836284], [9.399634523772281, 41.287437227805235], [9.399678750213397, 41.28734587160369], [9.399684157843533, 41.28725352419429], [9.399616653787264, 41.28719971198152], [9.399505730516196, 41.28712465788633], [9.399418262070606, 41.28711400886113]]], [[[9.362186767530245, 41.288003264507324], [9.362289751063178, 41.28799956254842], [9.362371765863262, 41.287983540828755], [9.36254616500124, 41.28793682694213], [9.362640692375056, 41.287717304560054], [9.362548075450901, 41.28747292468011], [9.36250529614858, 41.28738545978731], [9.362306844366982, 41.287311545270036], [9.362193306678515, 41.28729613985033], [9.36198478803283, 41.28738124259514], [9.361904993231136, 41.28742090244325], [9.3617899203017, 41.287505711031336], [9.361785889788642, 41.28758679267673], [9.3618280981833, 41.2879312042953], [9.36189198823123, 41.28798505005154], [9.362146637830275, 41.28803491702619], [9.362186767530245, 41.288003264507324]]], [[[9.354165052512274, 41.288971029143255], [9.355788690671202, 41.288869189152], [9.356302204561821, 41.2885917409026], [9.357445119483167, 41.287117691120926], [9.358342584798901, 41.285536301627175], [9.35788219580646, 41.27921545084387], [9.356756967223031, 41.27787979728252], [9.354372138412385, 41.2770295535657], [9.34922145146302, 41.27592932658274], [9.348939519559892, 41.27595846588065], [9.348521323477145, 41.276184925435636], [9.347752350578668, 41.27668717914971], [9.347712382104692, 41.276749228380936], [9.341497599948687, 41.2802186488025], [9.336772254747983, 41.28114824001867], [9.336096934082676, 41.28131347771259], [9.335665745891623, 41.281641265848215], [9.335063783349906, 41.2830178203971], [9.335146893814509, 41.283507372608675], [9.335770546004968, 41.283740881631005], [9.339268837827746, 41.28477664474385], [9.345402612153086, 41.28792010823395], [9.354165052512274, 41.288971029143255]]], [[[9.334062925452022, 41.29486810365907], [9.334083240732358, 41.294753196709046], [9.334097301211216, 41.29459689474432], [9.334046077424151, 41.294492081409196], [9.333943920224282, 41.29436739607245], [9.333879667785697, 41.29435632274737], [9.333475084750452, 41.29435749546218], [9.333439393109524, 41.294384622120674], [9.333411250925575, 41.29442861644778], [9.33347695202173, 41.294598670947764], [9.333607247539744, 41.294804119769545], [9.333890020417924, 41.29492265182626], [9.333997482762312, 41.29491671024129], [9.334062925452022, 41.29486810365907]]], [[[9.338253424733306, 41.294823213726524], [9.338130440431065, 41.294714356888136], [9.337790903572193, 41.294591047560765], [9.337738816810196, 41.29462317792304], [9.337638098070023, 41.29477885626826], [9.337638574158909, 41.29487118347068], [9.337854398332823, 41.2950282391302], [9.338050172519564, 41.2950715222533], [9.338296745516173, 41.29511696265709], [9.338336179699795, 41.295034088010176], [9.338253424733306, 41.294823213726524]]], [[[9.336117044254511, 41.29454009982873], [9.336080826515012, 41.29446476560783], [9.335877002763153, 41.29431223041536], [9.335754502556389, 41.29429682419212], [9.335569480566942, 41.29428762269361], [9.335372227465243, 41.29428104896368], [9.335293160857699, 41.294292538977636], [9.33514879126239, 41.29437965814118], [9.335098198562576, 41.29441245854281], [9.33507782754705, 41.294516106143284], [9.335095038107196, 41.2945900313483], [9.335420094639, 41.29505571618733], [9.33563676966423, 41.295211447582965], [9.335766603530022, 41.295200935239876], [9.336117044254511, 41.29454009982873]]], [[[9.335211310072134, 41.295218317117666], [9.335275505923141, 41.29521813016707], [9.335254299013934, 41.295158516448396], [9.3351229610599, 41.29487515635283], [9.334980081793427, 41.29463123861267], [9.334782009334663, 41.294474179968944], [9.33470274095109, 41.29444626212812], [9.33459367599721, 41.29443081560633], [9.334269987017066, 41.294485801606726], [9.33416136574551, 41.29455705304785], [9.334148090933661, 41.294596724810404], [9.334127505921838, 41.294943355291466], [9.334128060063458, 41.29505194758881], [9.334229865537168, 41.29510744879678], [9.334778384412095, 41.29522520679267], [9.335211310072134, 41.295218317117666]]], [[[9.332569239799422, 41.295018803684705], [9.332482512652293, 41.294992030934], [9.33233175448859, 41.29499809610349], [9.332258708497214, 41.29501970037792], [9.33218022307895, 41.29514603456807], [9.332382483850806, 41.29528619603849], [9.332527688273519, 41.29536234171671], [9.332642840544974, 41.29540029199213], [9.332715771207761, 41.29535616841898], [9.332779636499984, 41.2952906784863], [9.332786660636545, 41.295203958529505], [9.33269940561982, 41.29507359917405], [9.332569239799422, 41.295018803684705]]], [[[9.405863360891225, 41.29601777434545], [9.406945422961948, 41.29427997570512], [9.406693198343811, 41.29381246776305], [9.40664522112215, 41.29377977338046], [9.406556763258514, 41.29371949519832], [9.406357740680228, 41.29364475801384], [9.406096134064972, 41.293589383643564], [9.40433534082078, 41.29397052651204], [9.404149423846714, 41.29408377532715], [9.403891053701214, 41.294553081407265], [9.40366989010495, 41.29513485234505], [9.403578813096532, 41.296213841149715], [9.403591964462212, 41.29640971259398], [9.40387971091516, 41.29658660456171], [9.405096071141909, 41.296517025337664], [9.405863360891225, 41.29601777434545]]], [[[9.39925074783431, 41.29867902158577], [9.399765046426575, 41.298547751316406], [9.399979316584744, 41.29842878129744], [9.400104292733229, 41.29835679488747], [9.400150413618919, 41.2983302283799], [9.400250053237755, 41.29826570181646], [9.400334561691336, 41.298168575623], [9.400774350033691, 41.29757366477619], [9.400873257131607, 41.297389789416435], [9.400972100416514, 41.297195779576], [9.402227855092546, 41.294544267179866], [9.402036470176938, 41.29376802372954], [9.401489521475527, 41.29295023366506], [9.401248317487182, 41.29271281963878], [9.400671465209033, 41.29264010773956], [9.400415850268342, 41.29266234910427], [9.398231610682908, 41.2931338223182], [9.39696483940348, 41.29399054959852], [9.396737468174168, 41.2941636048356], [9.39663809846552, 41.294272039347995], [9.396497725532214, 41.29451256771922], [9.396298449377129, 41.2948879834576], [9.396385244010949, 41.29516804898217], [9.396501823613221, 41.2951893183402], [9.399722372902572, 41.29620465294623], [9.399269360860586, 41.296834635099415], [9.399002374142048, 41.29761247334045], [9.39906199736231, 41.298086295546796], [9.399121559695047, 41.2985499841837], [9.39925074783431, 41.29867902158577]]], [[[9.40108489959121, 41.30196044515034], [9.401134961142748, 41.30184542297145], [9.401225022306651, 41.30119205356202], [9.401212652466116, 41.30114142815153], [9.401203580949064, 41.30110430375118], [9.40071773676326, 41.30100838457854], [9.400375032026417, 41.3011240771038], [9.400049089245345, 41.30129523044897], [9.399969702283036, 41.30149817860411], [9.400226340160135, 41.301957803561066], [9.400322201357747, 41.30200701278143], [9.400452333915357, 41.30204484303376], [9.40083493545457, 41.302051352649606], [9.40108489959121, 41.30196044515034]]], [[[9.379609609417306, 41.30817874936125], [9.379943858123138, 41.308137112710455], [9.380039332875784, 41.308121034010775], [9.380570995737967, 41.3078749446131], [9.380747078243221, 41.307597376420034], [9.384817749394044, 41.29948369440427], [9.384839583099035, 41.29938111510355], [9.384534310269121, 41.298253967599486], [9.384368392203958, 41.2980462194207], [9.383664766313313, 41.29738762783936], [9.378555701498474, 41.293630221280935], [9.370167716314056, 41.29048577068418], [9.367201045854467, 41.288291077260034], [9.364971597602587, 41.28923903221803], [9.361408207551582, 41.29275426643049], [9.362834923946467, 41.29751259153265], [9.367046167478511, 41.29980971085525], [9.374281713987774, 41.303749787910725], [9.376093457191095, 41.30488335250859], [9.377822456427728, 41.30512314951913], [9.378000142879754, 41.30512256617582], [9.378046508460502, 41.305135987668315], [9.378188599123757, 41.30517711955063], [9.378293941290698, 41.305318644328985], [9.378802560183976, 41.30625376881069], [9.378502685771144, 41.30681548207555], [9.37796887094127, 41.30707665698107], [9.377865740930503, 41.3071891409225], [9.378659322653549, 41.307821573682205], [9.378808628788988, 41.30797308608578], [9.379075077661591, 41.30818839265779], [9.379306666201943, 41.30821127506026], [9.379400739360927, 41.308210965035734], [9.379609609417306, 41.30817874936125]]], [[[9.341833526946393, 41.308546384927716], [9.343105412452505, 41.3076241533509], [9.346434918452609, 41.30556193226298], [9.348582107135627, 41.30443399569366], [9.353556664600088, 41.30281095437028], [9.358865649937751, 41.29681567991473], [9.359426126619162, 41.295507120989534], [9.359457252257064, 41.295252126927686], [9.359453364315845, 41.29454390987692], [9.359205252267243, 41.2942204069941], [9.358525434443813, 41.29385095906808], [9.357739941762512, 41.29348556745281], [9.355244308367748, 41.293088722356075], [9.354875314758603, 41.29304369659387], [9.354336319813557, 41.293034097198216], [9.34441816423113, 41.296871071867436], [9.342715855543418, 41.2976722070856], [9.340976674012545, 41.30018497598048], [9.333673935204484, 41.301737591586736], [9.334442231390613, 41.30453137728132], [9.335049010049856, 41.3063883121285], [9.33780260168462, 41.30843176020127], [9.340454425553318, 41.30889097972306], [9.34165561763609, 41.3087919550015], [9.341833526946393, 41.308546384927716]]], [[[9.369711153280184, 41.30930681482868], [9.369565197956156, 41.308576246783545], [9.36810732560706, 41.308763323744344], [9.367964499445824, 41.30885723469703], [9.36778315176899, 41.3090053149369], [9.367738873840182, 41.30909778473061], [9.367739291404195, 41.30917209626717], [9.368047948041434, 41.30962261862733], [9.36823646097372, 41.309686195796594], [9.368894329266647, 41.30983159004834], [9.368985279831609, 41.309806527287165], [9.369711153280184, 41.30930681482868]]], [[[9.37629837840713, 41.312736304833415], [9.376537007910677, 41.31268253745436], [9.37744311723825, 41.31236092434872], [9.37930023542837, 41.311577791039674], [9.379974464037318, 41.3110937757074], [9.380358735728006, 41.30842640399419], [9.38022005786117, 41.3083850374555], [9.379735831113615, 41.3083145740493], [9.376705456862505, 41.30796084752566], [9.376120008607128, 41.30794474648897], [9.375726002943296, 41.30798206323864], [9.371292662775064, 41.30860583229487], [9.371007013021936, 41.30871910943668], [9.370763433570675, 41.308821005119675], [9.370291916870475, 41.309061879884815], [9.370243976226298, 41.309122272383846], [9.37018122927347, 41.30924646378297], [9.37013473220604, 41.309474057564564], [9.370139696005413, 41.309559614127565], [9.371180833179475, 41.31119452942208], [9.374112860866434, 41.31234815090772], [9.375887665759432, 41.31272969834244], [9.376131337868394, 41.312773940082565], [9.37629837840713, 41.312736304833415]]], [[[9.36972795079519, 41.313097005853464], [9.369887116033546, 41.31295631270659], [9.370014671006084, 41.312801647284665], [9.370014339934295, 41.31274309814375], [9.369994652650254, 41.31269474581128], [9.369930387780043, 41.31268594463747], [9.36973484545528, 41.312666305519514], [9.369545050488203, 41.312677048686766], [9.36926333004761, 41.312770281053105], [9.369129660359024, 41.31284727453672], [9.369135721797884, 41.31307019535933], [9.36914219372577, 41.313142235491455], [9.369251447488521, 41.31331077898136], [9.369363505623864, 41.31332055224587], [9.369472303702695, 41.3132819211553], [9.369567662600222, 41.31324333220987], [9.36972795079519, 41.313097005853464]]], [[[9.708158680364907, 40.875478525444265], [9.708226544611787, 40.87544320145718], [9.70829980113202, 40.87535717333701], [9.707699620354424, 40.874998274723964], [9.707477001868497, 40.874942212314956], [9.707293544615107, 40.874896012182155], [9.707232558453526, 40.87488065399313], [9.70722751311907, 40.874943742375635], [9.707212919902537, 40.875126249740156], [9.707382992404856, 40.8756341740963], [9.707697441929152, 40.87590812264602], [9.70789770060975, 40.87590689372363], [9.707936269175368, 40.87590665700095], [9.708094584532953, 40.875867399754654], [9.708158680364907, 40.875478525444265]]], [[[9.778186487088703, 40.87548672012133], [9.778418426091584, 40.87538606444731], [9.77848850526781, 40.875352969655], [9.778776136956262, 40.875167451973866], [9.779104152542677, 40.874796525524175], [9.779053618789776, 40.874503702086244], [9.778626519857776, 40.87342688096684], [9.77843470363596, 40.87313501085791], [9.777887642160584, 40.87307434810974], [9.777551063662216, 40.87329112906885], [9.777401528792748, 40.8733922419715], [9.77724637135846, 40.87361934414876], [9.77697465955667, 40.87435985134513], [9.776958873378375, 40.874495081516024], [9.776931511236487, 40.874729480222655], [9.776914627140345, 40.875254617438706], [9.777465142771867, 40.87558166701767], [9.778093133242525, 40.87562247374064], [9.778186487088703, 40.87548672012133]]], [[[9.729635793015321, 40.87635696062227], [9.735207623579825, 40.87553448130962], [9.739130262227636, 40.87342850222412], [9.740667569325174, 40.87213946768947], [9.741899918609217, 40.8697150806158], [9.741142779128625, 40.864470380060936], [9.740966130281752, 40.864058260892875], [9.739910991405827, 40.86254150976241], [9.739077629120391, 40.86168205763914], [9.736987148136688, 40.85995683563262], [9.735739314070594, 40.859451330164134], [9.732798760128789, 40.85914800294293], [9.732635729475186, 40.859158191036485], [9.732197027726306, 40.859185605460425], [9.731117153763089, 40.859575307410935], [9.729592850901513, 40.8602831007975], [9.713566070158564, 40.86609236075008], [9.710975673794769, 40.86771408202721], [9.710347481627888, 40.868878893879725], [9.710363850795313, 40.86971656266319], [9.71056437970043, 40.87029748797396], [9.71074569533328, 40.87060715680488], [9.714421527252538, 40.87517303186053], [9.715327370548879, 40.875938749547494], [9.716793825456564, 40.8762296209313], [9.718449889582471, 40.87605446557284], [9.728039028091704, 40.876851244735875], [9.729635793015321, 40.87635696062227]]], [[[9.671412908503882, 40.87876830600342], [9.671546769889579, 40.87875311334004], [9.671657829485824, 40.8787326492047], [9.673221579248848, 40.87800850075028], [9.673421894959548, 40.87785362744873], [9.673356956123788, 40.87778759530148], [9.673133965511198, 40.87756084988915], [9.672045232969316, 40.87699179546888], [9.671794730796258, 40.87686601286949], [9.67165360389121, 40.876923349514556], [9.67122178725301, 40.87712946264199], [9.670235851382529, 40.877726804562], [9.670201997132391, 40.87780425771867], [9.670151614715424, 40.87792029323398], [9.670084563148903, 40.878075188459434], [9.670932167383649, 40.87856571518711], [9.671412908503882, 40.87876830600342]]], [[[9.64089467694157, 40.88641158630061], [9.640992946267115, 40.8864470726304], [9.641156941679666, 40.886220954492096], [9.641193423295746, 40.886157694232125], [9.641387084582558, 40.885777143974444], [9.64128494751232, 40.885033403503215], [9.639559210173864, 40.884396643175215], [9.639305632949254, 40.88456470240381], [9.639139038154191, 40.884736782352775], [9.63911692285958, 40.884804043149124], [9.639044573065902, 40.88503457915813], [9.639111218185828, 40.885330356271886], [9.639459778175729, 40.88593535644196], [9.639512441880083, 40.886011634399374], [9.640096994932803, 40.88647006525887], [9.640352651261896, 40.88651726858772], [9.640452238153294, 40.886535655647265], [9.640702596114906, 40.8864948536652], [9.64089467694157, 40.88641158630061]]], [[[9.651070601896237, 40.89009639650243], [9.65518670059921, 40.88874324159381], [9.655211383704872, 40.88868836046297], [9.65535222063893, 40.888375214505835], [9.654828174188896, 40.88774536137269], [9.654451196313435, 40.88758422605109], [9.653595580209048, 40.88733459538866], [9.653185291347018, 40.88725584479494], [9.649056736422873, 40.88672176762451], [9.648201327432117, 40.88679413998242], [9.648071317062408, 40.88685149427444], [9.64787039386977, 40.88694013185308], [9.646973890409694, 40.88797323214902], [9.646869454831924, 40.888219293168106], [9.646785239789093, 40.88856095330024], [9.646890107180955, 40.88869774129383], [9.650356204278673, 40.8901781231257], [9.651070601896237, 40.89009639650243]]], [[[9.668495782421596, 40.8935651024284], [9.668323710932466, 40.89351205069267], [9.667725237429055, 40.8935639360407], [9.667626545492903, 40.89359716254678], [9.667536055481886, 40.89374744871715], [9.667548820146148, 40.89383633106273], [9.667620857275756, 40.8939169880259], [9.667949922926564, 40.89417632203031], [9.668458179700698, 40.89395717945957], [9.668569214642552, 40.893784252684846], [9.668582862584035, 40.89366594030931], [9.668561576268974, 40.893641290835916], [9.668495782421596, 40.8935651024284]]], [[[9.674832129277773, 40.89649979424117], [9.674584994805686, 40.896421292206995], [9.674437820703256, 40.89654151219552], [9.674441327974133, 40.89675205914614], [9.67457232408328, 40.89692695325115], [9.674882300410067, 40.897056044883435], [9.675231164775026, 40.89692309768645], [9.675203824436698, 40.89675547978217], [9.675193181586002, 40.896690231841596], [9.674832129277773, 40.89649979424117]]], [[[9.584030534144905, 40.9054381434284], [9.58429888921463, 40.90525909138647], [9.584079895027953, 40.90499671006751], [9.582265114133888, 40.904134220256466], [9.582206519956229, 40.90415083195161], [9.581943495658907, 40.90423843040444], [9.581776267700466, 40.90443235130242], [9.581752609545894, 40.90446449883506], [9.581607353732592, 40.904663514551196], [9.581642770207571, 40.90480972025345], [9.581987045235703, 40.90537730474098], [9.582364638199678, 40.905405125142785], [9.583239260755567, 40.90560339144334], [9.583489381167622, 40.905692208507645], [9.5839281288381, 40.905628055602826], [9.584030534144905, 40.9054381434284]]], [[[9.50870269977183, 40.918188310069915], [9.508831481178722, 40.918140698674314], [9.509188146495529, 40.917945629331825], [9.509218651390267, 40.91782632181141], [9.509219851497292, 40.91768156547313], [9.508886589551013, 40.917583946017984], [9.508268741974867, 40.917541630172096], [9.508033309479227, 40.917812914419706], [9.508130449344558, 40.918091742444894], [9.508440169331948, 40.91821649282306], [9.50870269977183, 40.918188310069915]]], [[[9.647946572666047, 40.9178604868565], [9.64738486623959, 40.91734341766815], [9.647217423036214, 40.91722162057562], [9.647176517152872, 40.917200337466014], [9.646998138141306, 40.917111374470096], [9.646611111317533, 40.91714343657958], [9.646375693765501, 40.91721508137821], [9.64634851241219, 40.917639745604106], [9.646346061478537, 40.91767804455527], [9.647308452385742, 40.9181838620145], [9.647599210637255, 40.918164213852556], [9.648014567556272, 40.91798284176055], [9.647946572666047, 40.9178604868565]]], [[[9.512544196239991, 40.91818698262517], [9.512456549520254, 40.91802648903752], [9.51111942023822, 40.916781109526234], [9.510701600564987, 40.91658632527567], [9.510237159291389, 40.91645729121855], [9.510064033433567, 40.916416346780814], [9.509340066576602, 40.91624674639326], [9.50881904714849, 40.91621236187435], [9.508000238122687, 40.91628803833426], [9.507755180789548, 40.916486122329054], [9.50766188066603, 40.916611664052404], [9.507766049627286, 40.916721465447395], [9.507849539464042, 40.91677064355077], [9.508099192963085, 40.91689836188886], [9.511278999266676, 40.91798511497544], [9.512544196239991, 40.91818698262517]]], [[[9.56614147387823, 40.92012437939763], [9.565818603105235, 40.92006578952239], [9.565740931204612, 40.9201414782028], [9.566237849116687, 40.920447974418316], [9.56654904463835, 40.920611041086275], [9.566680780474371, 40.92062932112887], [9.56680643183322, 40.920624890375066], [9.566854109176733, 40.92061512163397], [9.56695433020798, 40.92057649410011], [9.567026419921547, 40.92054324043282], [9.56712612697855, 40.920494525079754], [9.567081440307733, 40.920395653538314], [9.56614147387823, 40.92012437939763]]], [[[9.638228776240885, 40.920256817528355], [9.638039963901258, 40.920227460329286], [9.637874259574753, 40.92059433586926], [9.638114485553585, 40.92072137301774], [9.638306124511185, 40.92058147493047], [9.638400468939471, 40.92051260141436], [9.638411130897609, 40.9203864273226], [9.638303512158085, 40.92030993649209], [9.638228776240885, 40.920256817528355]]], [[[9.63288029735603, 40.91989046874293], [9.632753844746574, 40.919810125943236], [9.632464507552209, 40.91978311191414], [9.631771212976666, 40.92025184074236], [9.631998901783371, 40.92046679102864], [9.632250344126568, 40.920681609719836], [9.632607376709323, 40.92076072527863], [9.633111742880903, 40.920100357888884], [9.633051149307844, 40.920013470529284], [9.63288029735603, 40.91989046874293]]], [[[9.641548349232744, 40.92013029854259], [9.641388516635212, 40.920027593297114], [9.641270430554963, 40.920097257991245], [9.641066733851867, 40.92021742873057], [9.640952011384483, 40.920481556916634], [9.640979671153154, 40.92073250724216], [9.641142734838951, 40.92086221992118], [9.641265869013491, 40.92095626993093], [9.6414866158961, 40.920961649716716], [9.641699349475239, 40.92037868601649], [9.641651426016205, 40.92019728625526], [9.641548349232744, 40.92013029854259]]], [[[9.513002648932039, 40.92186006080229], [9.513044131922902, 40.92153572663297], [9.512839902887992, 40.921131447574496], [9.511493855032183, 40.920164976872144], [9.510580078344208, 40.92057623901752], [9.510563198263597, 40.92090797187202], [9.511492531858979, 40.921623656272104], [9.51234912516938, 40.92197705560965], [9.512748353604836, 40.92213468767905], [9.512872639044645, 40.92207084980494], [9.513002648932039, 40.92186006080229]]], [[[9.641961728990328, 40.9215828237768], [9.642240664288261, 40.92141349316084], [9.642286737339994, 40.92126572684929], [9.642302019726937, 40.92115754325472], [9.642173661780287, 40.92108619278899], [9.642021716584313, 40.92103186313209], [9.641920885134944, 40.92104368482661], [9.641387090648346, 40.921108587001484], [9.641047239137661, 40.921272624044555], [9.641088407034097, 40.92138499779409], [9.641961728990328, 40.9215828237768]]], [[[9.633165936772699, 40.9220458342858], [9.633615240712047, 40.92199269478576], [9.633774786640334, 40.9219107443809], [9.633916518711462, 40.921828891684434], [9.634112626346809, 40.92168931201446], [9.634157200218814, 40.92138278708526], [9.633669026994951, 40.920862994767276], [9.633239299153352, 40.92071108941401], [9.633152300883598, 40.920849956887736], [9.632939975303051, 40.92139060157811], [9.632919856905426, 40.921615917276576], [9.632999831062493, 40.92176749126739], [9.633064996436476, 40.92189099651658], [9.633165936772699, 40.9220458342858]]], [[[9.635308055924463, 40.92328056336393], [9.635160349048704, 40.92320368153509], [9.635041785399553, 40.92322460316756], [9.634901827210717, 40.92333685040778], [9.634949538280548, 40.92351337339031], [9.635090707031287, 40.923682626354974], [9.635256401389011, 40.923777425731544], [9.635358021110543, 40.92375434516882], [9.635371064492642, 40.92362815829545], [9.63535843507915, 40.92342554340032], [9.635308055924463, 40.92328056336393]]], [[[9.735498386251072, 40.924163501837626], [9.735248447824072, 40.923863321146364], [9.735691937626683, 40.920117996973396], [9.736821468193797, 40.92058443564273], [9.736876622168893, 40.920604914802325], [9.737128539720887, 40.9206984535219], [9.737399837704565, 40.92079918696412], [9.737472736156617, 40.920813479898634], [9.737761357123768, 40.92087006574078], [9.739195733452117, 40.92036880835703], [9.739816223924976, 40.919781199531165], [9.740990722007837, 40.91680201757308], [9.742745224292115, 40.91230223837081], [9.742215429121792, 40.91163285798592], [9.742072833083316, 40.91149077031631], [9.741631867171362, 40.91108035634266], [9.741519943085933, 40.91102632382801], [9.740520092503282, 40.91054363027597], [9.737878457500884, 40.90977459786591], [9.735510726023815, 40.90974243112785], [9.732604529564997, 40.90925759749894], [9.725664146767077, 40.90688390172541], [9.720581725819505, 40.90505332383642], [9.716744720339115, 40.90322041639795], [9.710599600898144, 40.89952791535146], [9.708373419968455, 40.89790774342637], [9.705736645972234, 40.895914433672345], [9.704537201455175, 40.89485830996569], [9.704450323284508, 40.89477889195995], [9.703955986937537, 40.894326292825916], [9.698558040970294, 40.89061970865476], [9.69736644577542, 40.88985425344569], [9.696781813899335, 40.88950027941653], [9.694451952974822, 40.888529387720666], [9.692782277534587, 40.88784678957953], [9.691820350614005, 40.8882309104083], [9.687874478129526, 40.89061503391447], [9.686246874069932, 40.89160091440706], [9.685945249886704, 40.891882815111884], [9.685551314567261, 40.892388493412824], [9.673994588861023, 40.889862236208344], [9.67362737243871, 40.89037672538062], [9.673540615329141, 40.89177125872211], [9.6736442420307, 40.892039962565214], [9.676916065924601, 40.893592556586995], [9.678340779299404, 40.894087521493354], [9.681939288666317, 40.89524863070222], [9.689145473957295, 40.898703914203736], [9.705268771348644, 40.90774821297982], [9.706979286190423, 40.908694213650016], [9.709449834100885, 40.910056739058085], [9.71117288172433, 40.910952432691445], [9.716015973515882, 40.91339693053325], [9.724104469257846, 40.917045956548506], [9.727527077097513, 40.92030902181567], [9.727374697034099, 40.920496460374025], [9.72922568072151, 40.92244315776154], [9.730745230555442, 40.92393361071403], [9.731157180933799, 40.92426880615447], [9.732773179660219, 40.9254150662035], [9.736954129879424, 40.92758219439249], [9.736949273785445, 40.92714511201014], [9.735498386251072, 40.924163501837626]]], [[[9.527321911035692, 40.93036304434598], [9.526841060938583, 40.92996482273211], [9.525987497583332, 40.93012126044442], [9.525920155773829, 40.93060216187627], [9.525905594714953, 40.93149435734722], [9.525906925663678, 40.93175687542072], [9.52620455483688, 40.93201515547985], [9.527163203810877, 40.93157838151956], [9.52765556368632, 40.93121955973682], [9.527321911035692, 40.93036304434598]]], [[[9.529645290278264, 41.042024777252266], [9.529061777493608, 41.04140252358425], [9.528824061497494, 41.04143227663378], [9.528734918687839, 41.04144343412302], [9.528679965583526, 41.04145269434179], [9.528642931743937, 41.04147088046137], [9.528597081785833, 41.041502618284845], [9.52764084452659, 41.042252489651894], [9.52861854837246, 41.042326756479966], [9.529645290278264, 41.042024777252266]]], [[[9.333876375402578, 41.19112841587626], [9.334247442340697, 41.19108374214389], [9.334984330892752, 41.19071708044729], [9.335274667716723, 41.19056586641729], [9.335340069153283, 41.19052964523188], [9.335469859040757, 41.1902590314655], [9.33511563552302, 41.19005024571921], [9.335069859435286, 41.190026462876794], [9.334210685991291, 41.189744740461315], [9.333785673980536, 41.189705438253135], [9.333448789183723, 41.18970191014433], [9.333141851307461, 41.189725317292876], [9.332772423863455, 41.18977142489849], [9.331509985784031, 41.19008133312406], [9.331506656760398, 41.190563664591416], [9.331663391559857, 41.19104221576834], [9.331760978908001, 41.191139349940045], [9.33232903692186, 41.1911899923542], [9.33341925397883, 41.19126913678721], [9.333876375402578, 41.19112841587626]]], [[[9.317833219600685, 41.20300110536412], [9.31792446241628, 41.20293329515006], [9.31814430111696, 41.202766042761894], [9.318393408777291, 41.20248611115149], [9.318464008767297, 41.202287743880554], [9.318377081481371, 41.202193402142875], [9.318056836525155, 41.202252837492146], [9.31767701505873, 41.202324147479544], [9.317355569534097, 41.202443937140686], [9.317345655783, 41.202552058393515], [9.317302387856595, 41.20285393964839], [9.317274692422663, 41.20298462963373], [9.317376484281164, 41.203069924226305], [9.317502216089148, 41.20317316763192], [9.317833219600685, 41.20300110536412]]], [[[9.708547665268245, 40.827146892055154], [9.708584221362218, 40.82674099545978], [9.707461642103613, 40.82670284282442], [9.707061468017137, 40.82685867778752], [9.70700502557697, 40.82690886992976], [9.706935053394766, 40.826971180186014], [9.70682389460312, 40.82707043219559], [9.706659284558521, 40.82721741196211], [9.706656026738232, 40.82765364879261], [9.706655892084944, 40.827743740906755], [9.707539657670074, 40.82888238287402], [9.70831243946386, 40.82892268194062], [9.708582364961476, 40.82879478596652], [9.708639890434561, 40.828767529023814], [9.708547665268245, 40.827146892055154]]], [[[9.724797460062906, 40.846465856723285], [9.724821706020828, 40.84641563493527], [9.724783224531576, 40.846286189463974], [9.724683625172064, 40.84612711114044], [9.724511593877054, 40.846009957723126], [9.724328247385362, 40.84590075652252], [9.724186271248541, 40.845826203672935], [9.724134586441288, 40.84581864580216], [9.72399987977594, 40.84583976017499], [9.7239224100913, 40.84594271573374], [9.723906395287976, 40.84596984135986], [9.724499609758162, 40.84638612902618], [9.724797460062906, 40.846465856723285]]], [[[9.723948769350423, 40.847683405034516], [9.724594698522464, 40.84749242754984], [9.72478749425724, 40.8473313186411], [9.724712984005263, 40.847052529912645], [9.724357832466412, 40.846575068292715], [9.72354167146912, 40.845701880118405], [9.722819264590504, 40.84526725423929], [9.722260695948128, 40.84503429468284], [9.722115488089178, 40.84504532827102], [9.72176787895976, 40.84526032483864], [9.721701368369798, 40.84555351140517], [9.721759480729565, 40.846126301237014], [9.721820717216026, 40.8464687065705], [9.72187153642934, 40.84675055158063], [9.722114684852507, 40.84692581729271], [9.722384163899081, 40.84712006039229], [9.722420013407262, 40.84714418912533], [9.72275879537695, 40.84737219849285], [9.72291295948657, 40.8474759539091], [9.723176571022794, 40.84758127511976], [9.72349341503667, 40.84767275020993], [9.723948769350423, 40.847683405034516]]], [[[9.676954949586202, 40.86375460918376], [9.676557423697968, 40.86375247969218], [9.676231672785622, 40.864682243813206], [9.676260115636246, 40.86501538365318], [9.676267034403951, 40.86509641741943], [9.676375257936217, 40.86509104085805], [9.676883755265322, 40.865065774883135], [9.677557539250206, 40.86466719967017], [9.677452219776098, 40.86411489867484], [9.677359890872335, 40.86375677753691], [9.676954949586202, 40.86375460918376]]], [[[9.279151484196795, 41.23304410414335], [9.27974626617075, 41.23299162307642], [9.279824987459653, 41.232965382875136], [9.279816240266602, 41.23287791439591], [9.279654424834293, 41.232663617772964], [9.279562583243672, 41.232584896800695], [9.279435754707736, 41.23254116251721], [9.279225831045613, 41.232479935480484], [9.278540304256333, 41.23234586983159], [9.278525190662648, 41.232671692768534], [9.278604808292693, 41.23276857966855], [9.278959053867379, 41.23303098392778], [9.279151484196795, 41.23304410414335]]], [[[9.154376017696652, 41.245902743487754], [9.154317947896123, 41.24569949795866], [9.153534000158954, 41.244871997601436], [9.153185578572588, 41.24477037478854], [9.153083955467359, 41.24485747983985], [9.152880709676769, 41.2453220415076], [9.152953297897671, 41.24543818240204], [9.154201807045565, 41.245975331570904], [9.154376017696652, 41.245902743487754]]], [[[9.183687555477611, 41.25225063293146], [9.183935218938059, 41.252247985598686], [9.184354871853294, 41.25186110701209], [9.184683703899143, 41.25154305554932], [9.184960102487583, 41.25125935048783], [9.185249690294109, 41.25067402215139], [9.185302072570751, 41.25049702749209], [9.18506510389805, 41.24923532813104], [9.184823541906447, 41.248751548215644], [9.184477882614653, 41.248916493867306], [9.184378095390487, 41.248971633967905], [9.184179982050448, 41.249088118875214], [9.182840640370689, 41.2499009529286], [9.182918688689151, 41.25100428127303], [9.183424437848064, 41.2520618896082], [9.183687555477611, 41.25225063293146]]], [[[9.185770685936033, 41.252784677608425], [9.185729333618097, 41.25266889183428], [9.185613548406847, 41.25267716217872], [9.18550603345048, 41.25275159605345], [9.185398519380673, 41.25286738119841], [9.185365437284185, 41.25296662605135], [9.185406789735733, 41.25335533315557], [9.185464682447769, 41.253421496149805], [9.185580467907704, 41.25349592959284], [9.18577895579277, 41.25351247036723], [9.185770685936033, 41.252784677608425]]], [[[9.239137278163657, 41.25428365792801], [9.239160919550562, 41.25422055491546], [9.239300488647968, 41.2537968996064], [9.238821058988993, 41.25295116520262], [9.238032673443788, 41.25250240974947], [9.236712675564231, 41.25261772807134], [9.236494831289598, 41.253028029394], [9.236916239734278, 41.25403715802001], [9.237136868685802, 41.254397014331595], [9.237731061393026, 41.25490810570589], [9.237862666857382, 41.2549922813946], [9.238780799497327, 41.25472577870627], [9.238868615654537, 41.254667045665094], [9.23904274023385, 41.25454507949665], [9.239121223007487, 41.25438165052015], [9.239137278163657, 41.25428365792801]]], [[[9.239597732250102, 41.25616532236973], [9.239441735020304, 41.255940453014944], [9.239319659453585, 41.25585726551392], [9.238982730271918, 41.2556413360995], [9.238916444467808, 41.25565329643823], [9.238611390658281, 41.25573387260306], [9.238696298296322, 41.25610504158718], [9.239219968457755, 41.2565506420696], [9.23951605149364, 41.25667893481854], [9.239626999533249, 41.256552595299624], [9.239706247360962, 41.2564623529781], [9.23965649944585, 41.25632283612865], [9.239597732250102, 41.25616532236973]]], [[[9.241227962067455, 41.257215826798365], [9.241620314709975, 41.25719698844899], [9.242337550641928, 41.25666740090678], [9.24235926605447, 41.2564872004818], [9.241835935346833, 41.25618879245361], [9.241686671793786, 41.25617365114242], [9.24145531276565, 41.256150182043875], [9.240732066518957, 41.2562620423666], [9.24032113998512, 41.25691145887959], [9.240281945261698, 41.256989607902995], [9.240310243199195, 41.25719522632091], [9.240496834920307, 41.257216731142314], [9.24064610813962, 41.257233933160535], [9.240952007285903, 41.257238923291375], [9.241168319431495, 41.257227210622666], [9.241227962067455, 41.257215826798365]]], [[[8.864021345778664, 41.01563729188057], [8.86402750537233, 41.0155337056196], [8.864009883287835, 41.01470493564482], [8.863979841906009, 41.01413288317967], [8.863875244128145, 41.01294818852601], [8.86379577458942, 41.01260578516219], [8.8637630720423, 41.01255620132815], [8.863679899208146, 41.01252007103227], [8.863581859527113, 41.01248392218162], [8.863369328201305, 41.01246114991798], [8.863205796380246, 41.012465700590276], [8.862462383210133, 41.01252763294077], [8.862276921949674, 41.01259347144842], [8.862139451220386, 41.01269389735543], [8.862124492712537, 41.01273892054173], [8.861699507298564, 41.01485532545191], [8.862592979081523, 41.01554101268447], [8.862970174108817, 41.015694600401346], [8.863053378523174, 41.01571721981285], [8.863145532037654, 41.015726337473424], [8.86381143424437, 41.01578117453283], [8.86391857207488, 41.0157522216623], [8.864021345778664, 41.01563729188057]]], [[[9.821468753045398, 40.54005114731739], [9.821373139020647, 40.539896894413346], [9.820715660847075, 40.53914477757795], [9.820605229795275, 40.53905617740122], [9.820518737123708, 40.53900911973371], [9.817395564009855, 40.53781562749334], [9.817239003656349, 40.53778694013534], [9.816973322322019, 40.5377769013136], [9.81647442761924, 40.537857894768024], [9.816360941347753, 40.538039529807484], [9.816339295027724, 40.538080221535985], [9.816310707779708, 40.53815699847554], [9.816296878230443, 40.53823367024134], [9.816882810280735, 40.53883761973436], [9.816966336609658, 40.538909098786775], [9.817188877973477, 40.53909022108686], [9.818359553648483, 40.53962444323535], [9.819024437482344, 40.5399215244924], [9.820723262418985, 40.54051755879924], [9.821390849564946, 40.54043006865552], [9.821468753045398, 40.54005114731739]]], [[[8.376806879507562, 40.36075299357226], [8.376964473875805, 40.3607448335012], [8.377653982706905, 40.36068548271852], [8.377743985438675, 40.36066344411642], [8.378036572364532, 40.360543395296034], [8.378103218663291, 40.360499909741925], [8.37816281511166, 40.36042245146543], [8.37817428314258, 40.360327917912834], [8.378155348445054, 40.36027376118425], [8.378095408640293, 40.36022839401786], [8.377689926946468, 40.35997846298308], [8.377571104032988, 40.35993277779041], [8.377480127338204, 40.35990075609532], [8.377203755070179, 40.35985872787082], [8.37715051215783, 40.35988546770756], [8.376648707199713, 40.36018456902176], [8.376604855016723, 40.36063028213657], [8.376613106625571, 40.360693389782455], [8.376694961087559, 40.36075689502784], [8.376806879507562, 40.36075299357226]]], [[[8.275929035424637, 39.88227901693258], [8.276305653206787, 39.88219126993785], [8.276343576884264, 39.881921212650866], [8.276346702275173, 39.881623909544885], [8.276207044726707, 39.88142031805421], [8.276150841760371, 39.88134338349627], [8.275730715195209, 39.88125967280964], [8.275072120508437, 39.88147179291443], [8.274963268756077, 39.881813484368045], [8.274998911267517, 39.881899299923944], [8.275075900107684, 39.88208448233819], [8.275378655902498, 39.88234765746845], [8.275716342957358, 39.88248671573704], [8.275929035424637, 39.88227901693258]]], [[[8.311828190610386, 39.99673620529115], [8.312129063510007, 39.99668545408429], [8.313022625885866, 39.99648651691847], [8.313452257315967, 39.99635391821807], [8.312123467951656, 39.990219492522506], [8.310904019095101, 39.98918064569385], [8.302433203068254, 39.98408007173313], [8.29977291835559, 39.98495598455388], [8.30034140912627, 39.99211306453581], [8.305719319786386, 39.9941185138928], [8.310615694482049, 39.994915623609465], [8.310843390793023, 39.99570892548695], [8.31116788640413, 39.996144238886224], [8.311828190610386, 39.99673620529115]]], [[[8.486954038265434, 40.09245626817391], [8.487142494247768, 40.09235461946315], [8.487232859183942, 40.09223226466776], [8.48717003228688, 40.09220225576373], [8.486786851564407, 40.092264075434414], [8.486554762619045, 40.09231822978702], [8.48639197991186, 40.09251571833853], [8.486357675779788, 40.092642825871046], [8.486343711772427, 40.09269456822469], [8.486506889254253, 40.09264348743399], [8.486712634846493, 40.09257907975502], [8.486954038265434, 40.09245626817391]]], [[[8.486798032989814, 40.09350856636128], [8.487326839262034, 40.093504149950476], [8.487616358927406, 40.09349642139822], [8.487853869202196, 40.092915231176114], [8.487863553463336, 40.09279702394801], [8.487490032930582, 40.09274356761803], [8.487329486242203, 40.092838706648884], [8.487274989406977, 40.09287100269133], [8.487161280852916, 40.09297748736373], [8.48703995168257, 40.09312222805407], [8.486763086290539, 40.09347575174279], [8.486798032989814, 40.09350856636128]]], [[[8.485953610246225, 40.0942604945202], [8.485920580197442, 40.09416800050233], [8.485545277962709, 40.09438931988502], [8.485565019751881, 40.094571850918484], [8.485579557597893, 40.09466651530505], [8.485780320489235, 40.09448946817952], [8.485900288936746, 40.09433120842305], [8.485953610246225, 40.0942604945202]]], [[[8.486535853706082, 40.09444552032492], [8.486518915536235, 40.09435647640773], [8.486354077901973, 40.09443652828645], [8.486262035398884, 40.09458620640229], [8.486213266904477, 40.09483149879192], [8.486516647214987, 40.09465828501675], [8.486545717143558, 40.0944973683068], [8.486535853706082, 40.09444552032492]]], [[[8.455479794364663, 40.21034471373496], [8.455551262997028, 40.21040811485263], [8.455708787218013, 40.210363809534236], [8.455948999761208, 40.210265835333345], [8.456220259771897, 40.21001665115845], [8.456383001378358, 40.20981290292224], [8.456497416356424, 40.209620413642725], [8.456512920278389, 40.209430978953726], [8.456485768056199, 40.20932715858709], [8.45633730726992, 40.20922992019451], [8.456054004382546, 40.209081989072466], [8.45596997644645, 40.209092320784244], [8.454527943267435, 40.20997985864111], [8.454744043733937, 40.21050792253096], [8.455479794364663, 40.21034471373496]]], [[[8.403792953319241, 40.053257189028805], [8.403607252113902, 40.05325305557422], [8.403479680522022, 40.05326140845844], [8.403270803103336, 40.05335042828075], [8.402883481250882, 40.053607614704525], [8.402863502867678, 40.05364889659155], [8.402871909519419, 40.053717765414326], [8.403052833983002, 40.054313328151174], [8.403104996649393, 40.05438831378752], [8.40329098091793, 40.054397443550485], [8.403401724486242, 40.05436460794351], [8.403454906508978, 40.0543486842658], [8.40350136830877, 40.05433354674231], [8.403535673668557, 40.054318887195016], [8.403574551504766, 40.05430194020515], [8.403602770209492, 40.05428599696541], [8.404106473567566, 40.05398539835012], [8.404234752477311, 40.05389596261121], [8.404256094674134, 40.05382992091709], [8.404271286929646, 40.05377888827993], [8.404304438581773, 40.05363504423403], [8.404211705257238, 40.05336397023427], [8.404185830609867, 40.05333347921051], [8.404157837854452, 40.053300920388196], [8.404046726917874, 40.053273336226724], [8.403792953319241, 40.053257189028805]]], [[[9.70286140052431, 39.97520061520275], [9.703609618586757, 39.974934795671714], [9.705069758992924, 39.974718701378855], [9.705561757538742, 39.97473372706849], [9.7063680504067, 39.973602610094545], [9.705522283726854, 39.97317262833212], [9.703753430507394, 39.97296988851519], [9.703601372991407, 39.97298876168308], [9.70340112376351, 39.97301700530228], [9.702866163642412, 39.973236481963376], [9.702736909635876, 39.973336372620174], [9.702465695042907, 39.97362632504583], [9.702326798100598, 39.97388394204996], [9.702283820197616, 39.974118453464826], [9.70228126222117, 39.97472661987024], [9.702498853712218, 39.97524786162893], [9.70286140052431, 39.97520061520275]]], [[[9.707492852982815, 39.97575806519614], [9.70745465826668, 39.97546098027633], [9.70672039325517, 39.97567719956763], [9.706678349824788, 39.976267574493555], [9.706687167576924, 39.97630355960923], [9.706745586431374, 39.97654195916789], [9.707161809659542, 39.97630066485176], [9.707240341061135, 39.976255137122266], [9.707413577365344, 39.976019829097524], [9.70746551732262, 39.97584832923441], [9.707492852982815, 39.97575806519614]]], [[[9.707895641638503, 39.976206088331324], [9.707770711158272, 39.97644110211458], [9.707723335895036, 39.97653148856561], [9.70773479051331, 39.97664854315794], [9.707744869550018, 39.97674758851243], [9.707749451570095, 39.97679260822235], [9.707855493516739, 39.97685502870916], [9.707984677315483, 39.976890277696654], [9.708054939037629, 39.97688984851738], [9.7082782330824, 39.976747933597984], [9.708369067966858, 39.97668971722279], [9.708567742758, 39.97650831033982], [9.708624271757486, 39.976453906456854], [9.707895641638503, 39.976206088331324]]], [[[9.671674666806181, 39.70411195139693], [9.67156620759141, 39.70411195075906], [9.67143364573656, 39.70413605279404], [9.671048010481902, 39.7046783522944], [9.67090339758744, 39.704931425278346], [9.670927499183694, 39.70505193639236], [9.671035959133206, 39.70511219117759], [9.671325185178285, 39.705148344767935], [9.671554156310663, 39.7050398846028], [9.671710820864513, 39.70488322085714], [9.671927740503081, 39.70453373884297], [9.671951842806749, 39.704437330432974], [9.671759024745057, 39.70420835940716], [9.671674666806181, 39.70411195139693]]], [[[8.86576643304748, 38.88195453713502], [8.865611227811037, 38.8814355339127], [8.865250386456207, 38.88125963286171], [8.864859917174096, 38.881266811718405], [8.86406895497853, 38.881418488747606], [8.863648251594766, 38.88192156466534], [8.863783616158614, 38.882600772372015], [8.864228374325284, 38.88288444981786], [8.865218623169746, 38.88257191897321], [8.865638960112145, 38.88225958237376], [8.86576643304748, 38.88195453713502]]], [[[8.89131836465065, 38.8975805420503], [8.891222838432789, 38.897203323997104], [8.891058838492096, 38.89699027590667], [8.89099590250461, 38.89692263172221], [8.890907692613187, 38.896854962991604], [8.890739132422114, 38.8967962314498], [8.890512859917195, 38.89677349071666], [8.890420482810416, 38.89685384713849], [8.890276144315523, 38.89697940508232], [8.890099920432414, 38.8972169162061], [8.890039174881554, 38.89734977792783], [8.889842917676978, 38.89823721875696], [8.890085017479237, 38.89846949151485], [8.89042326264383, 38.89848475411972], [8.890735474643016, 38.89824256315358], [8.891227705619123, 38.89779245165387], [8.89131836465065, 38.8975805420503]]], [[[9.62760710370264, 39.30849130628596], [9.628038027630012, 39.30832226777461], [9.628073077723633, 39.30826111450919], [9.628081499341173, 39.30822306704774], [9.628035456357518, 39.30815269172442], [9.627846236942805, 39.30799442894947], [9.627511785480992, 39.30773558660792], [9.627419739299174, 39.30773078798975], [9.62734155963508, 39.30775238732398], [9.62720952437699, 39.30784839758026], [9.627192865889473, 39.307890843363424], [9.62734184697955, 39.308284961130425], [9.627381803220409, 39.308378950718605], [9.62742121166977, 39.3084562661086], [9.627467804777005, 39.308478541014175], [9.62760710370264, 39.30849130628596]]], [[[9.024377265625155, 38.984697188809584], [9.023789142519663, 38.98451849014961], [9.022895634293693, 38.984643843274725], [9.022406881379366, 38.98472738714003], [9.022063265116088, 38.984912233678635], [9.022267757661117, 38.985071757544254], [9.022643776036949, 38.985174391487114], [9.023208924668122, 38.98515043814104], [9.023697665635813, 38.98502516553073], [9.024239830563138, 38.984798549514586], [9.024377265625155, 38.984697188809584]]], [[[9.031729925415135, 39.00247195537593], [9.031670738744921, 39.00247197145686], [9.031432577889609, 39.002546379524254], [9.031369125995125, 39.002695082121846], [9.031273952533706, 39.002930527456016], [9.031321934866964, 39.00371111662818], [9.031464990362958, 39.0040208406224], [9.031909755106835, 39.00430570198586], [9.032052708131415, 39.00438000553923], [9.032307229309108, 39.00450384050112], [9.03249740945476, 39.004516178290594], [9.03268794119639, 39.00445417203415], [9.032880379488143, 39.004354994010406], [9.033005441922814, 39.00424344414021], [9.033053030200577, 39.004131916107696], [9.033082422431256, 39.003965199592365], [9.033116381647842, 39.00377257413433], [9.03307314199398, 39.003514638271064], [9.033068610279763, 39.00348760550103], [9.032798374175366, 39.002880547346095], [9.032623607015646, 39.00268234838849], [9.032067743569588, 39.002509034847925], [9.031877172020032, 39.00247191523895], [9.031729925415135, 39.00247195537593]]], [[[9.658684647617555, 39.524360385542266], [9.658655010423923, 39.52430198568307], [9.65862184684693, 39.52427364025895], [9.6585585190755, 39.52424847069405], [9.658503783590316, 39.524240183919254], [9.658078016592643, 39.52434129524605], [9.658011375992269, 39.524368703773234], [9.657974118046617, 39.52442748155535], [9.657981814482202, 39.524472490137356], [9.65799566808379, 39.52455350468159], [9.65799547190875, 39.52499501319032], [9.657981439414792, 39.525049154287515], [9.657994867975349, 39.52508511998993], [9.658032849072763, 39.52510292585163], [9.658076477181865, 39.52510267887646], [9.658179133808153, 39.52503902558536], [9.658297574498171, 39.524952755847664], [9.658402885136061, 39.5248620560438], [9.658529284922455, 39.52469464893474], [9.658661118094491, 39.52448666306838], [9.658684647617555, 39.524360385542266]]], [[[9.659654289699262, 39.524616186927716], [9.659719163587575, 39.52456626141654], [9.659748935691262, 39.524484999495016], [9.659764506219208, 39.524439859882506], [9.65976527838498, 39.524367772071386], [9.659741626660747, 39.524327360278924], [9.65934312778414, 39.52417193963181], [9.659268790614595, 39.524154340387895], [9.6591583965368, 39.524168482060304], [9.659022976302944, 39.52427136776176], [9.658497788804546, 39.524789647698796], [9.658476583476352, 39.524812082145075], [9.658465115715481, 39.524906755700464], [9.658481228331702, 39.524944537062254], [9.658536200787683, 39.524964919903596], [9.658927260798992, 39.52510236460023], [9.658979571939108, 39.525097562852764], [9.659037528649, 39.52507470821948], [9.659654289699262, 39.524616186927716]]], [[[9.536967608775486, 39.08092382703464], [9.536955159694761, 39.0808067403158], [9.536562154099343, 39.08081756055951], [9.536203831674843, 39.08082821999449], [9.535900644837982, 39.080987271074854], [9.535726420439115, 39.08114393120969], [9.535664007791581, 39.08129927639735], [9.53572373666459, 39.0815873569718], [9.535748001768898, 39.08170438952194], [9.535853210656818, 39.08185709380941], [9.535935025859619, 39.08197386182887], [9.536244015160518, 39.08193639664907], [9.536316203801485, 39.081927054394725], [9.536515953749145, 39.081777452431965], [9.536569116240052, 39.081736657641294], [9.536778742198237, 39.08155547166027], [9.537001634419212, 39.081110505713724], [9.536967608775486, 39.08092382703464]]], [[[9.540199714389379, 39.083287821283704], [9.540441197151885, 39.08311549143031], [9.540017568263695, 39.08214425845699], [9.539532684217068, 39.08223661362267], [9.539522152415886, 39.08237182865467], [9.539307222466544, 39.082920860128844], [9.539089271229756, 39.08322087131666], [9.539518690046686, 39.0834351508797], [9.53971592021359, 39.08352434868023], [9.53990350627983, 39.08346040314048], [9.540004200587024, 39.083423892273835], [9.540094031064367, 39.08336310245074], [9.540199714389379, 39.083287821283704]]], [[[9.541643957366844, 39.083310406738576], [9.541373505597871, 39.083133694421555], [9.54106622884907, 39.083206473616265], [9.540650755390702, 39.08330487860088], [9.54056417242109, 39.08336723164842], [9.540022639633314, 39.0837572165285], [9.540224800862896, 39.08392411174065], [9.540494405100594, 39.084027615984304], [9.540656748048193, 39.08408994045641], [9.541285249761478, 39.08387751725725], [9.541343406899783, 39.08381417016241], [9.54145867967947, 39.083688606212654], [9.541622994022326, 39.083360091543355], [9.541643957366844, 39.083310406738576]]], [[[9.536743994188686, 39.08497983923195], [9.536884224877976, 39.08496884703727], [9.537186789538833, 39.08467048856052], [9.537256543102288, 39.08459249923246], [9.537273418023076, 39.08449876415214], [9.537171356054788, 39.08439039958689], [9.537038340061914, 39.08439101230035], [9.536604031421879, 39.084420657997086], [9.536267440302282, 39.084648622326355], [9.536037913037926, 39.08487495452907], [9.53631583653894, 39.084932248067254], [9.536385308376605, 39.08494544522191], [9.536452627996672, 39.08495414666506], [9.536547308576367, 39.08496272216963], [9.536743994188686, 39.08497983923195]]], [[[9.530051973323262, 39.08996050390345], [9.53138905438552, 39.08993302541743], [9.531693899973456, 39.08990376604715], [9.532805367901469, 39.089757467111625], [9.534222506572434, 39.08945189676829], [9.534486402879907, 39.08918035593586], [9.534906671515795, 39.088554117185474], [9.535082214038441, 39.08826750544555], [9.53513605883107, 39.08814044096932], [9.53514895141942, 39.0881043543617], [9.535214638574965, 39.08790142117234], [9.535316765408242, 39.084425013283585], [9.533705241113989, 39.08232889164576], [9.527651667351973, 39.084372542611376], [9.526887688131488, 39.084641823436286], [9.526986927666448, 39.0851595122881], [9.527649288749462, 39.08715697378438], [9.528163288025004, 39.0881987090998], [9.528905978399601, 39.08876612169262], [9.529149497154814, 39.089862505975], [9.5292826717056, 39.09008267260036], [9.529313392897159, 39.090132094398804], [9.530051973323262, 39.08996050390345]]], [[[9.606898738164848, 39.14426787815595], [9.606944835559014, 39.144251279487015], [9.607006402820643, 39.14422653806421], [9.607111325117454, 39.14418388483329], [9.607189160546257, 39.14415194075984], [9.607456880100555, 39.14377962830121], [9.608263807556593, 39.142606009706604], [9.607996956807403, 39.138931022383986], [9.607882892337306, 39.13786775970889], [9.606416586540291, 39.13421236392203], [9.604784656016331, 39.133680003451886], [9.604063496045367, 39.13452657415082], [9.604039445557301, 39.13458514623387], [9.604011367979743, 39.134684412336284], [9.603977697879998, 39.134806235023014], [9.60364518391863, 39.13892597053884], [9.603877313134326, 39.14015476489248], [9.6046596197347, 39.1437427379761], [9.605553311935306, 39.14462523589235], [9.606524561782797, 39.14444578162562], [9.606898738164848, 39.14426787815595]]], [[[9.603542899109645, 39.14672548548311], [9.603463372845592, 39.14672920973235], [9.603272508167079, 39.1467381491595], [9.602885778619052, 39.14684803390401], [9.602852588789656, 39.14685746441466], [9.602675725100363, 39.147151234790286], [9.602557762368528, 39.14739739339438], [9.602441392785066, 39.14783052062403], [9.602654225738892, 39.14819211136284], [9.603213675883122, 39.1486577868526], [9.603919363307433, 39.148630478354], [9.604533400440797, 39.14837378690549], [9.605090858058643, 39.14792943222923], [9.604872064826365, 39.147548728459604], [9.604386189119332, 39.14706015267246], [9.604160890208702, 39.146932914559066], [9.603542899109645, 39.14672548548311]]], [[[9.605922293329273, 39.149240711263005], [9.605934450159634, 39.14897144555702], [9.605661490113103, 39.14851668491634], [9.605177600114459, 39.14826126067885], [9.60487947881829, 39.148414867534996], [9.604870430256184, 39.14883167164645], [9.604995149488264, 39.14976027791133], [9.605720273395116, 39.150142856365115], [9.605806038479365, 39.150022605457586], [9.605971849006623, 39.149790121457706], [9.606000515218277, 39.149590605351094], [9.605922293329273, 39.149240711263005]]], [[[9.605451961297598, 39.151243586031526], [9.605442952676894, 39.15103638117776], [9.60524744456476, 39.15078599009848], [9.60478170848969, 39.15085058388218], [9.604494309579287, 39.15090614103057], [9.60440043896335, 39.15092464991887], [9.60395466326705, 39.1515757488858], [9.603936088959884, 39.151602878198254], [9.603932134345529, 39.15164795288777], [9.603908403585228, 39.15199049188682], [9.6039705106003, 39.152075773824116], [9.60417414742186, 39.1522053772058], [9.604221998970276, 39.152218645658124], [9.604290142345423, 39.15223631438731], [9.60452064735651, 39.1522936896943], [9.604601116162582, 39.15223019604372], [9.604783595417938, 39.1520850738528], [9.605451961297598, 39.151243586031526]]], [[[8.34584398395487, 39.07626027952538], [8.345798435396372, 39.07622991424609], [8.345669384425968, 39.07622991465273], [8.345525149655476, 39.076252688196654], [8.345434054725189, 39.07632101009547], [8.34525186391185, 39.07647283559948], [8.345153177545777, 39.07656393079519], [8.345039308568062, 39.07671575574965], [8.344993760961458, 39.07683721665526], [8.34504690025168, 39.07689035542136], [8.345517558767622, 39.07660947770306], [8.345623837021966, 39.07650320052148], [8.345752888355932, 39.076374148360806], [8.34584398395487, 39.07626027952538]]], [[[8.208248984219328, 39.14731214072351], [8.208140178372524, 39.147233558585825], [8.208007193125525, 39.14716102148341], [8.207910477720958, 39.147154976558525], [8.207837940560278, 39.1471670664383], [8.207596149208506, 39.14729400631035], [8.207342269650418, 39.147523707254024], [8.20729391165941, 39.14760228905186], [8.207451075809807, 39.14762646831861], [8.2076505530619, 39.14765064670304], [8.208031372618102, 39.14760228902225], [8.208134133187164, 39.14755997529788], [8.20826107414792, 39.14746930447832], [8.20826107334398, 39.147396767209045], [8.208248984219328, 39.14731214072351]]], [[[8.243137306937486, 39.166866554647065], [8.243297133367259, 39.166804516047335], [8.243489562012453, 39.166670603181394], [8.243443397354811, 39.16652275025842], [8.242545090647319, 39.166096783257466], [8.24236127163951, 39.166102623117276], [8.242191925564393, 39.166108003535086], [8.241440380625905, 39.166433135742516], [8.241593774435444, 39.16656591822984], [8.2423605532064, 39.16686299113241], [8.242768654064957, 39.166972290007244], [8.24303419540623, 39.166901927740184], [8.243137306937486, 39.166866554647065]]], [[[8.263105131269004, 39.175102417344924], [8.263141735135513, 39.17497839615672], [8.263059633144422, 39.17494183410616], [8.263001045426966, 39.174951794595174], [8.262735412529072, 39.1750693567765], [8.262495320220205, 39.17517566675452], [8.26222060947198, 39.17543523035487], [8.262147357828928, 39.17564457167658], [8.262106658858121, 39.175787362502305], [8.262138332471263, 39.17580472890036], [8.262444340867432, 39.17583336834326], [8.262523328838297, 39.175778556482335], [8.262984460457725, 39.17526649837241], [8.263068963557075, 39.17515259397426], [8.263105131269004, 39.175102417344924]]], [[[8.319420778708583, 39.18516508331557], [8.318624078966694, 39.18523589272809], [8.31783628621432, 39.18573251301928], [8.317849121293518, 39.185800169305985], [8.317902390001068, 39.18608094482879], [8.318010931362787, 39.18653099713854], [8.318137094664344, 39.18665955388585], [8.318881993811237, 39.18637856769814], [8.319060622489284, 39.18628661619045], [8.319171845626483, 39.186195599671024], [8.319725161013846, 39.1855689713504], [8.319420778708583, 39.18516508331557]]], [[[8.309285717920021, 39.187785949873906], [8.309428606552741, 39.187678889133515], [8.309580678793836, 39.18755363909856], [8.309768894605094, 39.187366651912996], [8.309794848250299, 39.1871043649188], [8.309818684319138, 39.18686346543086], [8.307843702880417, 39.17248391584797], [8.30636978296316, 39.16313461895002], [8.309614453770786, 39.154174873942566], [8.311401565367046, 39.14881473358088], [8.311144579583827, 39.14754439489245], [8.310149667424803, 39.146644486090594], [8.308664883757732, 39.14621618303926], [8.308136823793527, 39.14539854104791], [8.307974547077299, 39.14436395039763], [8.307952296174877, 39.14353478382893], [8.309279567802214, 39.14075920370439], [8.309415394957572, 39.14062484440252], [8.309550869526893, 39.14052652686913], [8.310837022119854, 39.139660610998334], [8.311177321400896, 39.13956296991228], [8.311697605941832, 39.139432878023854], [8.31220874234084, 39.139397854524724], [8.312778780125056, 39.13941868299782], [8.307951023957916, 39.1288757393001], [8.309342539419587, 39.12278688371277], [8.310001818384976, 39.11595718215492], [8.310181349464784, 39.113171316801086], [8.310179694979505, 39.113064946918335], [8.310174467540133, 39.11293295280218], [8.310143229763588, 39.112766241991075], [8.310100240324264, 39.112558855136086], [8.30967204032154, 39.111249728991666], [8.306114049062069, 39.10298355355776], [8.297264627055153, 39.09694725006751], [8.289751507800712, 39.09559400205351], [8.279337121646448, 39.09585798758189], [8.255218698827875, 39.10389501267427], [8.247908587801764, 39.10847633585538], [8.247835658818294, 39.10866610977994], [8.247737599977519, 39.1089212749216], [8.247489403040037, 39.10982865233593], [8.24727005292124, 39.11076602740278], [8.2511813109499, 39.11379518487038], [8.254937776047074, 39.11504485688289], [8.253475255979458, 39.12000331730561], [8.249004854378208, 39.125853299763676], [8.251016839078593, 39.12691809230964], [8.25196332643599, 39.1279424043488], [8.252186989028855, 39.12880888920283], [8.252187117766747, 39.12907020630796], [8.252098162052825, 39.12927688674289], [8.250566278562834, 39.13258982513507], [8.247345879019717, 39.13513943770971], [8.23993699717322, 39.14061955046703], [8.232722082612241, 39.142783324116934], [8.230053573556464, 39.14197276702716], [8.226096551464135, 39.14152358344542], [8.223738373196063, 39.142909556122504], [8.220674359297178, 39.145444949873685], [8.220446742530651, 39.14575430305541], [8.219604972962818, 39.14758013159249], [8.219609527388357, 39.14771146795034], [8.219612208680978, 39.1477855532652], [8.219639790206854, 39.14781824587533], [8.219778947741695, 39.14795857255273], [8.219816565935778, 39.14797618939924], [8.219988402091719, 39.148038636621244], [8.220128754391594, 39.14800391232233], [8.220389028111345, 39.14793273701499], [8.220951990949345, 39.1473914323022], [8.224596465436113, 39.15323117014192], [8.225290809483088, 39.15502904883565], [8.225735096426316, 39.15907846010664], [8.22663797455108, 39.160928193007145], [8.230033356812609, 39.164962248778586], [8.236760528298067, 39.16648254914277], [8.23882670672298, 39.166084012508705], [8.240637111147182, 39.164974647820465], [8.242118734629285, 39.16414466007058], [8.243098846647937, 39.164852714040826], [8.244578869170073, 39.16617815655664], [8.253256529766912, 39.17020278553448], [8.257032919864765, 39.1696772618794], [8.263222141750743, 39.173374971675344], [8.265213550513902, 39.17501851206096], [8.267232694031549, 39.17804198079356], [8.267494123430147, 39.17864847875541], [8.281849157430822, 39.180581686241815], [8.289180624504, 39.18102086875604], [8.291416965903377, 39.179972739439435], [8.295067691527303, 39.179302895229135], [8.295834463023297, 39.17918137930107], [8.296641176553587, 39.17926284379512], [8.302871810141083, 39.183366349851156], [8.303563975058681, 39.18436402859664], [8.304436624409403, 39.18572684947426], [8.304713812987947, 39.18643438346831], [8.304927642315171, 39.18691323509841], [8.3051266538518, 39.18698650869998], [8.306973142563251, 39.18746070512784], [8.308341817928282, 39.18766117905575], [8.309285717920021, 39.187785949873906]]], [[[8.324752366438553, 39.19169744275259], [8.324743849284424, 39.190167799997965], [8.320337215295108, 39.189018792540935], [8.320274067298481, 39.1890179456774], [8.318904605580624, 39.1893104440409], [8.317615821026601, 39.190121764409966], [8.31715364054777, 39.19046822751153], [8.317291686562266, 39.19160890931568], [8.318821198761318, 39.194501335256504], [8.319060223572402, 39.194781840521095], [8.319688368267661, 39.195389466444894], [8.31995337829418, 39.19537749720352], [8.320579782281673, 39.19462924769334], [8.324752366438553, 39.19169744275259]]], [[[8.432624433277006, 39.304678576179], [8.432497470972399, 39.3046725310562], [8.432382599902326, 39.30472089787128], [8.43193520609995, 39.304968777908485], [8.431850564881259, 39.30510783216967], [8.43180824388024, 39.30518642863937], [8.431808242962513, 39.305258978153], [8.431814289407498, 39.305331529246516], [8.431941252699511, 39.305385941465794], [8.432158902474034, 39.30544639972184], [8.432255636433817, 39.305440353996666], [8.432376554084875, 39.30537989547525], [8.432582113147813, 39.30496877797526], [8.432666755107235, 39.3047571727519], [8.432624433277006, 39.304678576179]]], [[[8.426847787425912, 39.312377510181356], [8.427030675064472, 39.31233178867453], [8.427188161575286, 39.3122809859661], [8.427467571620735, 39.31215398112564], [8.427523453700964, 39.31206253788193], [8.427508213960172, 39.31199141471179], [8.427432010920395, 39.31195077345369], [8.427076396763736, 39.31197109398421], [8.426578537624355, 39.31213874110566], [8.42639057003989, 39.31225558511484], [8.426349928615712, 39.3123571895798], [8.426390570752421, 39.31243847247057], [8.426497254385056, 39.31244863241525], [8.426578537704643, 39.31244355246358], [8.426690301318683, 39.31242323215], [8.426847787425912, 39.312377510181356]]], [[[8.424704611615688, 39.31599430189398], [8.424508151109173, 39.31594305160215], [8.424311691820522, 39.31599430217287], [8.424115232414552, 39.31608826168793], [8.424046898116302, 39.31620784533536], [8.424106691081478, 39.316344512938045], [8.424294609014316, 39.31634451341979], [8.424499610114845, 39.31632742982189], [8.424755861546071, 39.31625909623393], [8.424815653527105, 39.316139511410945], [8.424704611615688, 39.31599430189398]]], [[[8.40009745792244, 39.33431332234168], [8.400319409299215, 39.334455257981844], [8.400667674593283, 39.33460482699111], [8.400868808932099, 39.33465970074784], [8.400945695819411, 39.33465784380187], [8.401094565229938, 39.334633830356715], [8.401178236836813, 39.33460159781907], [8.401652461882879, 39.33426726286063], [8.401725812124559, 39.3341696489927], [8.401778087329033, 39.334027123553554], [8.401762434022512, 39.33395696025688], [8.40171692615536, 39.333850850137786], [8.401694144626225, 39.333801174858394], [8.401674205005866, 39.333758271338205], [8.401642634088855, 39.3337186879515], [8.401560553060058, 39.3336495590625], [8.401511482489264, 39.33362114909376], [8.401430562739016, 39.33358581636668], [8.400507178974124, 39.3331879732844], [8.39850832146289, 39.33321933585508], [8.39789672714243, 39.333673464389115], [8.397741313856306, 39.333868643061734], [8.39774307425684, 39.334001558788884], [8.398112841447173, 39.33468715592995], [8.398222709503198, 39.33472939867976], [8.398321401204363, 39.33475164098481], [8.398637048060852, 39.33478447820727], [8.39868639689219, 39.33478022778982], [8.398734364075521, 39.33476808581727], [8.40009745792244, 39.33431332234168]]], [[[8.369556474092814, 39.19959141744946], [8.369566919086079, 39.19948696512327], [8.369347570307182, 39.199434739126104], [8.36921178253469, 39.199445184785915], [8.368699967844975, 39.1997167595403], [8.368647742040107, 39.19993610909325], [8.369065549759988, 39.20013456760317], [8.3692535630546, 39.20017634841552], [8.369556473930134, 39.20018679344565], [8.369598255245633, 39.20014501234906], [8.369556474092814, 39.19959141744946]]], [[[8.356685888451198, 39.225957156753296], [8.356515345130031, 39.22592017208366], [8.356316012756878, 39.22602269510066], [8.356189413326977, 39.22608957623058], [8.356175512661382, 39.22611653207418], [8.35612454617354, 39.226215369265255], [8.356103614302137, 39.226287339788385], [8.35605868955823, 39.226449286581506], [8.355984323729201, 39.22698051348105], [8.356013401239794, 39.227016717803544], [8.356031574707227, 39.2270393446004], [8.356190543046468, 39.22723395657573], [8.356481231962826, 39.22711842221497], [8.357041802872025, 39.226310543932556], [8.357115686968127, 39.22614875748491], [8.356988907798643, 39.22607669144266], [8.356827552544186, 39.22598497172683], [8.356685888451198, 39.225957156753296]]], [[[8.355784046756645, 39.2273443443338], [8.355761412477415, 39.227285648368586], [8.355538865322309, 39.227392547063815], [8.355409190987546, 39.227455543736006], [8.355319212562325, 39.22749946134934], [8.355274450096202, 39.22764338691993], [8.355235645974265, 39.22776932367364], [8.355184358866014, 39.228309688556244], [8.355229671791442, 39.2284220735801], [8.35528631459444, 39.22856255506705], [8.355357479265265, 39.22854042261908], [8.355485326000704, 39.22849607565537], [8.355600098184, 39.228456161663715], [8.355885879747095, 39.22761072601821], [8.355817991391561, 39.22743313794091], [8.355784046756645, 39.2273443443338]]], [[[8.410408972225026, 38.86316791424274], [8.411044123272038, 38.86302017866532], [8.412029398168313, 38.86234478267186], [8.412179902832248, 38.86208871612034], [8.412403410183602, 38.861540145716106], [8.412400720121544, 38.861463534689335], [8.412394072667567, 38.86127426217862], [8.412149168287712, 38.86064223223166], [8.411963460010496, 38.860379966503324], [8.411127282874723, 38.85992518351359], [8.410256393519337, 38.85948824220293], [8.408912754436344, 38.85925165911842], [8.40851130773204, 38.85919105306564], [8.408316420924686, 38.85958656706665], [8.408242671411717, 38.85979345545606], [8.407828926911332, 38.86098987398085], [8.408252642213435, 38.86310969929607], [8.408331305334597, 38.863353404704284], [8.408925753813849, 38.863424000702445], [8.409302150395899, 38.863380847704484], [8.409756641807101, 38.8633020432358], [8.410408972225026, 38.86316791424274]]], [[[8.449623576026655, 38.93449007739076], [8.449590525784615, 38.93447446975807], [8.44923094366825, 38.93453585236881], [8.448140797281917, 38.935073784574556], [8.448098549362848, 38.935314486652594], [8.448063094913516, 38.93598115484293], [8.448131176943619, 38.93631489462843], [8.449337839172104, 38.93914743513384], [8.449576992037338, 38.93942160470836], [8.45020582876026, 38.939397535140436], [8.450454451512336, 38.939326615025244], [8.45123970377284, 38.93793355959969], [8.451329191455057, 38.93773766316214], [8.45144508494528, 38.93748396027576], [8.451609018006929, 38.93661063516957], [8.45162195882689, 38.936241233483024], [8.450848739849686, 38.935516694319794], [8.449623576026655, 38.93449007739076]]], [[[8.450151982262087, 38.940767047258994], [8.449967719158842, 38.940721072743415], [8.449806303392908, 38.94089152605059], [8.449800812150105, 38.94094556742857], [8.449779765938391, 38.94115272860695], [8.449838182406195, 38.94143235341504], [8.450023452648704, 38.941721587320785], [8.450288119985451, 38.94200218441585], [8.45049518462549, 38.94208426074355], [8.45067821826691, 38.9421031450001], [8.450889490067189, 38.942014026409005], [8.450992396602471, 38.94176219421633], [8.450968936905303, 38.94143767762065], [8.450836124797908, 38.94126583879608], [8.45022540011772, 38.940785365341625], [8.450151982262087, 38.940767047258994]]], [[[8.462995629107855, 39.08131789192057], [8.462874195165991, 39.08132296457963], [8.462785562784536, 39.081385634313314], [8.46292334713328, 39.08177825038864], [8.463104194089777, 39.08205730062583], [8.463200156702603, 39.08217150638135], [8.463337978267084, 39.082292663979416], [8.463441416003269, 39.08237424032933], [8.463500858833198, 39.082412810320285], [8.463644986392067, 39.08240108304188], [8.463733286715192, 39.08238234138607], [8.463864160736454, 39.08227593673081], [8.46386497918307, 39.082167807619314], [8.462995629107855, 39.08131789192057]]], [[[8.43784163771744, 39.10505158034709], [8.437407430008488, 39.10493346875662], [8.43732406726762, 39.104933066449256], [8.437190302191981, 39.10496846519537], [8.437086740152587, 39.10508398227503], [8.437051132441274, 39.10519870102196], [8.437174769168811, 39.10546737560539], [8.437254872708872, 39.10557476824665], [8.43749349426036, 39.105746003500926], [8.437593185023976, 39.10579705837595], [8.43772126887999, 39.10582707491581], [8.437882834841808, 39.10579845530547], [8.438031267761907, 39.10574859697344], [8.438192304906575, 39.10567728518033], [8.438353690335845, 39.10556204570822], [8.43837586648871, 39.105500201198865], [8.43784163771744, 39.10505158034709]]], [[[8.82540356545015, 38.8816350334094], [8.825560930651438, 38.88152037245449], [8.825534032034051, 38.88132320681381], [8.825482404773227, 38.8812848306606], [8.825370040494292, 38.88120130691475], [8.824789679852003, 38.88103147317787], [8.824435078940613, 38.88106473295541], [8.824452040015267, 38.881199930535416], [8.824546839582478, 38.88132848643482], [8.824715695330832, 38.88142504805222], [8.824945300723261, 38.88162758870528], [8.824884656276506, 38.881674808321556], [8.824901454525863, 38.88174005356736], [8.825212855680578, 38.881830747126344], [8.825314102510893, 38.88174121856726], [8.82540356545015, 38.8816350334094]]], [[[8.827609069771347, 38.88200263095249], [8.827681252855301, 38.881950438166186], [8.82779531792083, 38.88186161845496], [8.827821389206195, 38.8818075886099], [8.827818299182384, 38.881738871125734], [8.827813182697017, 38.88162509389508], [8.827509543396094, 38.88144216407272], [8.827310866454058, 38.881359641113995], [8.826314530355138, 38.88156880626288], [8.82620908064497, 38.88167002820878], [8.826200153839899, 38.88178491104854], [8.826269045540743, 38.88190103612342], [8.826348013018832, 38.882022808345795], [8.826477340429845, 38.88205944231781], [8.82671101737732, 38.88209093316034], [8.827283087861392, 38.882118815258515], [8.827412823866512, 38.88210548977221], [8.827559984430994, 38.88203812158758], [8.827609069771347, 38.88200263095249]]], [[[8.813776535823513, 38.89072711715931], [8.813176839526644, 38.88991227868606], [8.81224812629124, 38.88955821621229], [8.811763454294816, 38.889707250601816], [8.81178010796367, 38.889950586614304], [8.812276654676038, 38.891861811958], [8.812380838324746, 38.892255103096495], [8.812466782900653, 38.89245912484912], [8.81259329064096, 38.892585488240265], [8.81265654525683, 38.89264866943419], [8.813168923205675, 38.89293423615562], [8.813608115484879, 38.89309738497793], [8.813789770731658, 38.89298165248019], [8.814181293177928, 38.89273220940157], [8.814406919121199, 38.892435190991456], [8.813776535823513, 38.89072711715931]]], [[[8.765818226920468, 38.91407698811916], [8.765638248381256, 38.91398164963748], [8.764996607764052, 38.91399387706752], [8.764909476653665, 38.91418294080429], [8.764891234772401, 38.91446788922362], [8.764972753060494, 38.914520995762395], [8.765203436961814, 38.9146712747654], [8.765721592608134, 38.914943783610745], [8.76581983989647, 38.91488167179204], [8.766000442053034, 38.914767494483726], [8.766018404278986, 38.91452388457454], [8.765916024917006, 38.91413089533528], [8.765818226920468, 38.91407698811916]]], [[[8.718794273317863, 38.91581115951078], [8.718823361075538, 38.91577067797927], [8.718998693015314, 38.91552666593894], [8.719089869937672, 38.91531725795207], [8.719103467345802, 38.915282646089835], [8.719116618715855, 38.915238284549424], [8.7168615946705, 38.91270206336478], [8.716250435593118, 38.912211459589976], [8.715262703416851, 38.912333213070326], [8.715018413136407, 38.91249144327089], [8.714491846965924, 38.91307392239662], [8.71436600908705, 38.913392115011135], [8.714243562464246, 38.91372523605744], [8.714242631982556, 38.91395727724649], [8.714242293209654, 38.91404175891578], [8.715065356331062, 38.915534803117524], [8.715349070067678, 38.91597740568021], [8.715640043140738, 38.91604704434523], [8.716216229089397, 38.91618494026127], [8.716281050668366, 38.91620045334165], [8.717739986837993, 38.9162524263333], [8.717946145220838, 38.916258874848445], [8.718286377170026, 38.91626951521916], [8.718794273317863, 38.91581115951078]]]]}}]}