{"type":"FeatureCollection","features":[{"type":"Feature","properties":{"id":"nizza","name":"Nizza","full_name":"Nizza","region":"Piedmont","grapes":["Barbera"],"key_appellations":["Nizza"],"desc":"Nizza is a protected wine appellation in Piedmont.","level":"appellation"},"geometry":{"type":"Polygon","coordinates":[[[8.3202,44.7138],[8.3254,44.7189],[8.3288,44.6933],[8.3412,44.6879],[8.3634,44.6958],[8.3653,44.7074],[8.3816,44.7116],[8.4009,44.7152],[8.4088,44.7068],[8.4296,44.7084],[8.4332,44.7115],[8.4253,44.7133],[8.4287,44.7201],[8.4205,44.7331],[8.3915,44.7305],[8.3932,44.7453],[8.4028,44.7559],[8.4003,44.7658],[8.4035,44.7684],[8.4095,44.7593],[8.4308,44.7633],[8.4457,44.7567],[8.4577,44.7602],[8.4607,44.7526],[8.4665,44.7556],[8.4671,44.7639],[8.4832,44.7703],[8.4913,44.7806],[8.5135,44.7871],[8.502,44.7857],[8.4861,44.7959],[8.49,44.7996],[8.4794,44.8072],[8.4588,44.802],[8.4532,44.81],[8.4206,44.8197],[8.4283,44.8382],[8.4234,44.8496],[8.4034,44.842],[8.3884,44.8468],[8.3579,44.8383],[8.3527,44.8447],[8.3347,44.8407],[8.3269,44.8525],[8.3114,44.8541],[8.2742,44.8344],[8.2701,44.8166],[8.2758,44.8012],[8.2397,44.8111],[8.2198,44.7846],[8.2311,44.7649],[8.2507,44.769],[8.2615,44.7549],[8.3151,44.735],[8.317,44.7311],[8.31,44.7284],[8.3202,44.7138]]]}},{"type":"Feature","properties":{"id":"aglianico-del-vulture","name":"Aglianico del Vulture","full_name":"Aglianico del Vulture","region":"Basilicata","grapes":["Aglianico"],"key_appellations":["Aglianico del Vulture"],"desc":"Volcanic Aglianico from the slopes of Monte Vulture. Dark, structured and long-lived.","level":"appellation"},"geometry":{"type":"MultiPolygon","coordinates":[[[[15.6685,40.8281],[15.682,40.8335],[15.6848,40.8588],[15.704,40.8805],[15.7178,40.8841],[15.7219,40.8712],[15.7531,40.8617],[15.7731,40.842],[15.7996,40.8494],[15.8228,40.8339],[15.8315,40.8356],[15.8418,40.8161],[15.8372,40.8099],[15.8304,40.8145],[15.8164,40.8103],[15.8191,40.7918],[15.8679,40.7858],[15.8839,40.7925],[15.9186,40.7738],[15.9033,40.7677],[15.9167,40.7569],[15.9425,40.7598],[15.9572,40.7557],[15.9641,40.7611],[15.9625,40.7691],[15.9695,40.7802],[15.9871,40.787],[16.0376,40.7859],[16.0586,40.7919],[16.0723,40.7804],[16.0897,40.7832],[16.0905,40.7768],[16.1072,40.776],[16.1042,40.7721],[16.1124,40.7667],[16.1215,40.7755],[16.1222,40.797],[16.1689,40.8057],[16.2154,40.8304],[16.2441,40.838],[16.2419,40.8474],[16.2313,40.8549],[16.214,40.9082],[16.1995,40.9192],[16.163,40.9286],[16.1381,40.9183],[16.1344,40.9065],[16.1211,40.8977],[16.0921,40.9209],[15.983,40.9545],[15.9719,40.9721],[15.886,40.9929],[15.8966,41.005],[15.9157,41.0145],[15.9114,41.0228],[15.9168,41.0294],[15.915,41.0413],[15.8974,41.0635],[15.933,41.0742],[15.9291,41.0824],[15.9531,41.0919],[15.96,41.1],[15.9534,41.1108],[15.921,41.1111],[15.9008,41.1264],[15.8931,41.1231],[15.8787,41.1395],[15.8703,41.1399],[15.8651,41.1309],[15.8498,41.1341],[15.8426,41.1237],[15.8337,41.13],[15.8295,41.1181],[15.8225,41.1204],[15.799,41.1115],[15.8036,41.103],[15.7985,41.0916],[15.7685,41.0832],[15.7436,41.0993],[15.7304,41.099],[15.726,41.091],[15.7081,41.0867],[15.6754,41.0898],[15.6699,41.086],[15.6658,41.0926],[15.6515,41.0891],[15.62,41.0989],[15.5876,41.0983],[15.5598,41.0882],[15.5494,41.0741],[15.5397,41.0714],[15.5511,41.0394],[15.5632,41.031],[15.5596,41.0169],[15.5724,40.9971],[15.5667,40.9688],[15.5423,40.9464],[15.5441,40.9409],[15.5342,40.924],[15.5368,40.9049],[15.5596,40.8808],[15.5518,40.8744],[15.5772,40.8597],[15.5891,40.8736],[15.6145,40.8784],[15.614,40.8639],[15.6011,40.8456],[15.6086,40.8323],[15.622,40.8342],[15.6259,40.8432],[15.6363,40.8477],[15.6352,40.8435],[15.6468,40.8393],[15.6633,40.8452],[15.6667,40.84],[15.662,40.8332],[15.6685,40.8281]]],[[[15.6912,40.7686],[15.7052,40.7685],[15.6981,40.7777],[15.6822,40.7819],[15.6755,40.8038],[15.661,40.8031],[15.6666,40.7832],[15.6912,40.7686]]],[[[15.6703,40.8181],[15.6745,40.8224],[15.6697,40.8215],[15.6703,40.8181]]],[[[15.5987,40.8585],[15.6002,40.862],[15.5939,40.8573],[15.5987,40.8585]]]]}},{"type":"Feature","properties":{"id":"fiano-di-avellino","name":"Fiano di Avellino","full_name":"Fiano di Avellino","region":"Campania","grapes":["Fiano"],"key_appellations":["Fiano di Avellino"],"desc":"One of Italy's greatest white grapes. Complex, honeyed and mineral with excellent ageing potential.","level":"appellation"},"geometry":{"type":"Polygon","coordinates":[[[14.7359,40.842],[14.7359,40.8362],[14.7622,40.8434],[14.7725,40.8495],[14.7704,40.8551],[14.7744,40.8505],[14.7884,40.8605],[14.8207,40.8576],[14.8302,40.8719],[14.849,40.8674],[14.8631,40.8715],[14.8764,40.8638],[14.9072,40.8783],[14.9084,40.8842],[14.8974,40.8866],[14.8994,40.8898],[14.9255,40.8921],[14.9151,40.8973],[14.9199,40.9043],[14.9115,40.9128],[14.9128,40.9179],[14.8996,40.9243],[14.8997,40.9439],[14.9221,40.9603],[14.9374,40.9588],[14.9456,40.9731],[14.9638,40.9714],[14.9682,40.9772],[14.961,40.9825],[14.9621,40.992],[14.9474,41.0047],[14.9267,40.9892],[14.9178,40.99],[14.9153,40.9797],[14.8963,40.9809],[14.886,40.9915],[14.8713,40.9966],[14.8707,41.0017],[14.8458,40.989],[14.8381,40.9698],[14.8148,40.9795],[14.7936,40.9783],[14.7645,40.9931],[14.747,40.9827],[14.7263,40.981],[14.7262,40.9762],[14.7094,40.9685],[14.6893,40.9752],[14.6823,40.966],[14.7084,40.9532],[14.7074,40.9488],[14.6883,40.9251],[14.6613,40.9325],[14.6541,40.9299],[14.6688,40.9114],[14.6733,40.8954],[14.7029,40.876],[14.7062,40.8649],[14.6989,40.8571],[14.7069,40.8385],[14.7359,40.842]]]}},{"type":"Feature","properties":{"id":"greco-di-tufo","name":"Greco di Tufo","full_name":"Greco di Tufo","region":"Campania","grapes":["Greco"],"key_appellations":["Greco di Tufo"],"desc":"Volcanic white from the village of Tufo. Smoky, citrusy and structured.","level":"appellation"},"geometry":{"type":"Polygon","coordinates":[[[14.7765,40.9848],[14.8381,40.9698],[14.8418,40.9847],[14.8616,40.9968],[14.8605,41.0022],[14.8891,41.0291],[14.8775,41.0346],[14.8817,41.0414],[14.8777,41.0475],[14.8714,41.0402],[14.8478,41.0477],[14.8322,41.0339],[14.8063,41.0406],[14.8054,41.0592],[14.7969,41.0603],[14.7916,41.0482],[14.7748,41.0546],[14.7766,41.0408],[14.7682,41.0206],[14.776,41.0144],[14.7604,41.0093],[14.758,41.0022],[14.7644,40.9913],[14.7765,40.9848]]]}},{"type":"Feature","properties":{"id":"taurasi","name":"Taurasi","full_name":"Taurasi","region":"Campania","grapes":["Aglianico"],"key_appellations":["Taurasi"],"desc":"The 'Barolo of the South'. Powerful, age-worthy Aglianico from the hills of Irpinia.","level":"appellation"},"geometry":{"type":"Polygon","coordinates":[[[14.9393,40.9615],[14.9729,40.9245],[14.9685,40.9199],[14.9601,40.9221],[14.9496,40.9309],[14.9456,40.8959],[14.9522,40.894],[14.9563,40.9025],[14.9683,40.9037],[14.9624,40.8863],[14.9715,40.8766],[15.0157,40.894],[15.036,40.8912],[15.0379,40.8972],[15.056,40.9049],[15.084,40.9073],[15.0818,40.9159],[15.0605,40.931],[15.0579,40.9471],[15.0651,40.967],[15.03,40.9887],[15.0482,41.017],[15.0474,41.0277],[15.0557,41.0316],[15.0421,41.035],[15.044,41.0421],[15.0234,41.0597],[15.0267,41.0677],[15.013,41.0697],[15.0124,41.0763],[15.0198,41.0808],[15.0087,41.09],[15.0186,41.1042],[15.0109,41.1181],[14.9848,41.1061],[14.9745,41.0932],[14.9488,41.0886],[14.9515,41.086],[14.9452,41.0802],[14.9271,41.084],[14.9179,41.0735],[14.8698,41.0584],[14.8573,41.0456],[14.8714,41.0402],[14.8777,41.0475],[14.8817,41.0414],[14.8775,41.0346],[14.8891,41.0291],[14.8605,41.0022],[14.8624,40.9984],[14.8729,41.001],[14.8713,40.9966],[14.8822,40.988],[14.8559,40.9768],[14.8604,40.9653],[14.8997,40.9439],[14.9221,40.9603],[14.9393,40.9615]]]}},{"type":"Feature","properties":{"id":"aversa","name":"Aversa","full_name":"Aversa","region":"Campania","grapes":["Asprinio Bianco","Bellone","Biancolella","Bombino Bianco","Coda Di Volpe Bianca","Falanghina"],"key_appellations":["Aversa"],"desc":"Aversa is a protected wine appellation in Campania.","level":"appellation"},"geometry":{"type":"Polygon","coordinates":[[[14.1596,40.9158],[14.1573,40.9199],[14.1817,40.9239],[14.2208,40.9181],[14.2134,40.9242],[14.2187,40.9237],[14.2232,40.9325],[14.2375,40.9285],[14.2405,40.9392],[14.2458,40.9376],[14.2641,40.9519],[14.2588,40.9587],[14.2845,40.9603],[14.293,40.9697],[14.2943,40.9805],[14.2893,40.9864],[14.2976,41.0047],[14.2901,41.0017],[14.2643,41.0122],[14.213,41.0433],[14.175,41.0359],[14.1401,41.0427],[14.1232,41.0387],[14.1168,41.0458],[14.0799,41.0489],[14.0808,41.0325],[14.0315,41.0237],[13.9962,41.0006],[13.9972,40.9813],[14.0093,40.9597],[14.0232,40.9511],[14.0184,40.943],[14.0288,40.9248],[14.027,40.9159],[14.0408,40.8779],[14.0586,40.8754],[14.0621,40.8688],[14.0632,40.8735],[14.0798,40.8784],[14.0998,40.8786],[14.0976,40.8851],[14.1149,40.9131],[14.1596,40.9158]]]}},{"type":"Feature","properties":{"id":"campi-flegrei","name":"Campi Flegrei","full_name":"Campi Flegrei","region":"Campania","grapes":["Aglianico","Aglianicone","Alicante","Ancellotta","Asprinio Bianco","Barbera"],"key_appellations":["Campi Flegrei"],"desc":"Campi Flegrei is a protected wine appellation in Campania.","level":"appellation"},"geometry":{"type":"MultiPolygon","coordinates":[[[[14.0407,40.7913],[14.0816,40.7862],[14.09,40.7785],[14.0886,40.787],[14.0781,40.7898],[14.0874,40.7942],[14.0815,40.8006],[14.0824,40.8123],[14.0716,40.8186],[14.0863,40.83],[14.108,40.8315],[14.1194,40.8252],[14.1133,40.8212],[14.1592,40.8168],[14.1534,40.8382],[14.1606,40.8461],[14.1544,40.8519],[14.1385,40.8487],[14.1323,40.8555],[14.144,40.8681],[14.1766,40.8745],[14.1884,40.8707],[14.1853,40.8785],[14.2026,40.8855],[14.2042,40.8995],[14.1596,40.9052],[14.1539,40.9108],[14.1422,40.9045],[14.112,40.9023],[14.1017,40.8936],[14.0998,40.8786],[14.0798,40.8784],[14.0632,40.8735],[14.0621,40.8688],[14.0586,40.8754],[14.0408,40.8779],[14.048,40.8343],[14.0397,40.7988],[14.0436,40.7943],[14.04,40.7945],[14.0388,40.7913],[14.041,40.7942],[14.0453,40.791],[14.0407,40.7913]]],[[[14.037,40.7643],[14.0095,40.7692],[14.0042,40.7502],[13.9943,40.7489],[13.9903,40.7428],[13.9975,40.7399],[13.996,40.7475],[14.0069,40.7488],[14.0174,40.7394],[14.0129,40.7486],[14.0248,40.75],[14.0206,40.7571],[14.0323,40.7584],[14.037,40.7643]]]]}},{"type":"Feature","properties":{"id":"capri","name":"Capri","full_name":"Capri","region":"Campania","grapes":["Aglianico","Aglianicone","Alicante","Ancellotta","Barbera","Biancolella"],"key_appellations":["Capri"],"desc":"Capri is a protected wine appellation in Campania.","level":"appellation"},"geometry":{"type":"Polygon","coordinates":[[[14.1972,40.5362],[14.2445,40.5465],[14.2534,40.5418],[14.2663,40.5566],[14.2603,40.5613],[14.2417,40.5557],[14.2138,40.5622],[14.1984,40.5596],[14.2024,40.5514],[14.1967,40.5491],[14.1972,40.5362]]]}},{"type":"Feature","properties":{"id":"casavecchia-di-pontelatone","name":"Casavecchia di Pontelatone","full_name":"Casavecchia di Pontelatone","region":"Campania","grapes":["Aglianico","Aglianicone","Alicante","Ancellotta","Barbera","Cabernet Sauvignon"],"key_appellations":["Casavecchia di Pontelatone"],"desc":"Casavecchia di Pontelatone is a protected wine appellation in Campania.","level":"appellation"},"geometry":{"type":"Polygon","coordinates":[[[14.4205,41.1369],[14.429,41.1372],[14.4361,41.1547],[14.4637,41.1568],[14.4587,41.1635],[14.4683,41.1752],[14.4594,41.1747],[14.4577,41.1848],[14.4627,41.1906],[14.4541,41.1904],[14.4467,41.1974],[14.4421,41.2108],[14.4347,41.2142],[14.4352,41.2226],[14.4185,41.2216],[14.4209,41.2372],[14.4167,41.2436],[14.4248,41.2486],[14.4211,41.2541],[14.4123,41.2472],[14.3932,41.2473],[14.3991,41.2399],[14.3904,41.2293],[14.3946,41.2189],[14.3828,41.2161],[14.3798,41.2073],[14.3591,41.2183],[14.3435,41.2123],[14.3317,41.2219],[14.3233,41.2195],[14.2697,41.2529],[14.2535,41.256],[14.224,41.2492],[14.2184,41.2428],[14.2015,41.2429],[14.1969,41.2366],[14.1957,41.2175],[14.2221,41.1949],[14.2464,41.1659],[14.2549,41.1425],[14.267,41.1398],[14.2697,41.1331],[14.3049,41.1385],[14.2946,41.1483],[14.3177,41.1402],[14.3276,41.1455],[14.3446,41.1406],[14.3554,41.1565],[14.3794,41.1615],[14.3831,41.155],[14.4042,41.143],[14.4213,41.1405],[14.4205,41.1369]]]}},{"type":"Feature","properties":{"id":"castel-san-lorenzo","name":"Castel San Lorenzo","full_name":"Castel San Lorenzo","region":"Campania","grapes":["Aglianico","Aglianicone","Albaranzeuli Nero","Alicante Bouschet","Alicante","Ancellotta"],"key_appellations":["Castel San Lorenzo"],"desc":"Castel San Lorenzo is a protected wine appellation in Campania.","level":"appellation"},"geometry":{"type":"Polygon","coordinates":[[[15.2761,40.3328],[15.2755,40.3441],[15.2883,40.3679],[15.3082,40.3864],[15.308,40.3978],[15.3296,40.4133],[15.3422,40.4149],[15.3348,40.4205],[15.3412,40.4243],[15.3307,40.4235],[15.3212,40.4416],[15.3168,40.4327],[15.3143,40.4399],[15.3055,40.4322],[15.2953,40.4373],[15.3312,40.4606],[15.3319,40.4841],[15.3541,40.5156],[15.3418,40.5255],[15.3158,40.5398],[15.2607,40.5542],[15.2314,40.5391],[15.2316,40.5335],[15.2186,40.5224],[15.2203,40.5074],[15.2124,40.4999],[15.2006,40.4998],[15.1893,40.5148],[15.166,40.4982],[15.1726,40.482],[15.153,40.4882],[15.1367,40.4868],[15.1389,40.4779],[15.1167,40.4704],[15.1117,40.4634],[15.0815,40.4716],[15.0703,40.4664],[15.0669,40.4542],[15.0731,40.4484],[15.0851,40.4533],[15.1134,40.4524],[15.1043,40.4279],[15.1332,40.4163],[15.156,40.4146],[15.1558,40.4055],[15.1816,40.3968],[15.206,40.3716],[15.2108,40.358],[15.1935,40.3424],[15.1969,40.3308],[15.2403,40.3361],[15.269,40.3277],[15.2761,40.3328]]]}},{"type":"Feature","properties":{"id":"cilento","name":"Cilento","full_name":"Cilento","region":"Campania","grapes":["Aglianico","Aglianicone","Ancellotta","Asprinio Bianco","Barbera","Biancolella"],"key_appellations":["Cilento"],"desc":"Cilento is a protected wine appellation in Campania.","level":"appellation"},"geometry":{"type":"Polygon","coordinates":[[[15.0895,40.1739],[15.1182,40.1772],[15.1325,40.1713],[15.1803,40.1244],[15.2042,40.1239],[15.2421,40.09],[15.2635,40.0823],[15.2799,40.0603],[15.2852,40.0421],[15.2805,40.0302],[15.2684,40.0316],[15.2711,40.0224],[15.3151,40.0318],[15.3536,39.9998],[15.4103,39.9974],[15.4189,39.9906],[15.4603,40.0339],[15.4845,40.0384],[15.5034,40.0639],[15.5243,40.0721],[15.5718,40.0783],[15.6177,40.0687],[15.6266,40.0737],[15.6327,40.0681],[15.6249,40.0649],[15.6268,40.0562],[15.6421,40.0431],[15.6763,40.0549],[15.672,40.0703],[15.6517,40.0785],[15.6779,40.0844],[15.7018,40.1113],[15.7096,40.1377],[15.7012,40.1606],[15.7166,40.1695],[15.7014,40.1917],[15.691,40.1937],[15.6799,40.2052],[15.6594,40.2132],[15.6439,40.2107],[15.6483,40.2276],[15.6232,40.2209],[15.5949,40.1996],[15.5914,40.1794],[15.5773,40.1607],[15.557,40.1662],[15.5483,40.1554],[15.5285,40.1503],[15.5154,40.1559],[15.5137,40.1707],[15.4935,40.1805],[15.4893,40.1699],[15.4956,40.1644],[15.49,40.1632],[15.4814,40.1794],[15.4909,40.1838],[15.4974,40.2002],[15.4629,40.2261],[15.4477,40.2543],[15.4306,40.2612],[15.4057,40.262],[15.3957,40.2695],[15.4064,40.2585],[15.4148,40.2565],[15.408,40.2377],[15.4105,40.2303],[15.3842,40.2333],[15.3544,40.2704],[15.3519,40.2863],[15.3261,40.2952],[15.325,40.3155],[15.3058,40.3244],[15.3063,40.3331],[15.2936,40.3334],[15.2756,40.3438],[15.2796,40.3539],[15.2496,40.359],[15.2286,40.3752],[15.2011,40.3736],[15.1816,40.3968],[15.1558,40.4055],[15.156,40.4146],[15.1332,40.4163],[15.1043,40.4279],[15.1134,40.4524],[15.0851,40.4533],[15.0731,40.4484],[15.0669,40.4542],[15.0703,40.4664],[15.0815,40.4716],[15.0642,40.4768],[15.0654,40.4839],[15.0468,40.4836],[15.0245,40.5081],[15.0155,40.4973],[15.0039,40.495],[14.9959,40.5083],[14.9884,40.5018],[14.9908,40.4943],[14.9733,40.5006],[14.9631,40.4853],[14.9424,40.4821],[14.9942,40.4028],[15.0011,40.3798],[14.9988,40.3593],[14.9794,40.3507],[14.9827,40.3547],[14.9698,40.3409],[14.9458,40.3367],[14.9383,40.3185],[14.9469,40.3023],[14.9435,40.2754],[14.9047,40.2528],[14.9089,40.2435],[14.9256,40.2323],[14.9361,40.2284],[14.9405,40.2335],[14.9522,40.2332],[14.9692,40.2219],[14.992,40.2185],[15.0161,40.1973],[15.0242,40.1845],[15.0241,40.179],[15.0254,40.1765],[15.0271,40.1755],[15.0251,40.179],[15.0663,40.1642],[15.0895,40.1739]]]}},{"type":"Feature","properties":{"id":"falanghina-del-sannio","name":"Falanghina del Sannio","full_name":"Falanghina del Sannio","region":"Campania","grapes":["Asprinio Bianco","Biancolella","Coda Di Volpe Bianca","Falanghina","Fiano","Forastera"],"key_appellations":["Falanghina del Sannio"],"desc":"Falanghina del Sannio is a protected wine appellation in Campania.","level":"appellation"},"geometry":{"type":"MultiPolygon","coordinates":[[[[14.5232,41.0224],[14.5312,41.0133],[14.5406,41.0198],[14.5632,41.0166],[14.572,41.0095],[14.5681,41.0206],[14.5888,41.0347],[14.5935,41.0432],[14.5903,41.0475],[14.5974,41.0494],[14.5967,41.0588],[14.6045,41.0509],[14.6402,41.0425],[14.6591,41.0484],[14.6673,41.058],[14.7014,41.0554],[14.7091,41.0613],[14.7275,41.0461],[14.7283,41.0274],[14.7376,41.0232],[14.7367,41.0166],[14.7487,41.0095],[14.7656,41.0099],[14.776,41.0144],[14.7682,41.0206],[14.7766,41.0408],[14.7748,41.0546],[14.7916,41.0482],[14.7969,41.0603],[14.8054,41.0592],[14.8063,41.0406],[14.8322,41.0339],[14.8478,41.0477],[14.8629,41.0479],[14.8707,41.0588],[14.9179,41.0735],[14.9271,41.084],[14.9452,41.0802],[14.9515,41.086],[14.9488,41.0886],[14.9745,41.0932],[14.9848,41.1061],[15.0109,41.1181],[14.9957,41.133],[15.0013,41.1376],[14.9941,41.1422],[14.999,41.1442],[14.993,41.1434],[14.9995,41.146],[14.9954,41.1504],[14.957,41.1474],[14.9626,41.177],[15.0049,41.2081],[14.9835,41.2402],[14.9875,41.2471],[14.981,41.2612],[14.9846,41.2696],[15.0087,41.2711],[15.0203,41.2628],[15.0342,41.2643],[15.051,41.2582],[15.0665,41.2709],[15.0826,41.2528],[15.0991,41.2609],[15.1222,41.2562],[15.1364,41.2632],[15.1492,41.2804],[15.1363,41.2868],[15.1399,41.2927],[15.1268,41.3029],[15.1307,41.3175],[15.0722,41.3324],[15.0683,41.3505],[15.0612,41.3575],[15.0585,41.3721],[15.0712,41.3777],[15.0785,41.388],[15.0984,41.3905],[15.0866,41.4046],[15.0918,41.4179],[15.1035,41.4212],[15.0988,41.4337],[15.0763,41.4327],[15.0468,41.4433],[15.0432,41.4567],[15.0303,41.4554],[15.0239,41.4769],[15.0052,41.4862],[14.9834,41.4794],[14.9823,41.469],[14.9605,41.4654],[14.9469,41.4561],[14.8845,41.4447],[14.8679,41.428],[14.8561,41.4247],[14.8132,41.4397],[14.8056,41.4476],[14.7843,41.4518],[14.7737,41.4452],[14.7656,41.4185],[14.7539,41.41],[14.7173,41.4008],[14.6985,41.4112],[14.6637,41.4069],[14.6629,41.3941],[14.6528,41.3977],[14.6434,41.394],[14.6031,41.3639],[14.5855,41.3711],[14.5863,41.3804],[14.567,41.3921],[14.5518,41.3794],[14.5223,41.3852],[14.5012,41.3828],[14.4954,41.374],[14.4779,41.3798],[14.4736,41.3734],[14.4562,41.3717],[14.4566,41.3648],[14.4478,41.3614],[14.4395,41.3442],[14.4712,41.3432],[14.4768,41.3216],[14.4903,41.3075],[14.4891,41.3006],[14.4537,41.2937],[14.4354,41.2811],[14.4326,41.2647],[14.42,41.2544],[14.4248,41.2486],[14.4167,41.2436],[14.4209,41.2372],[14.4185,41.2216],[14.4352,41.2226],[14.4347,41.2142],[14.4421,41.2108],[14.4467,41.1974],[14.4541,41.1904],[14.4627,41.1906],[14.4577,41.1837],[14.4594,41.1747],[14.4683,41.1752],[14.4587,41.1635],[14.4637,41.1568],[14.4361,41.1547],[14.429,41.1372],[14.4231,41.1352],[14.4213,41.1405],[14.4042,41.143],[14.3831,41.155],[14.3794,41.1615],[14.3521,41.152],[14.3666,41.1369],[14.3882,41.1343],[14.3972,41.1214],[14.3938,41.1158],[14.4342,41.1078],[14.437,41.0962],[14.4294,41.082],[14.44,41.0704],[14.413,41.0572],[14.4213,41.0523],[14.4332,41.0545],[14.4509,41.0447],[14.4565,41.0493],[14.4592,41.0424],[14.464,41.0464],[14.474,41.0425],[14.4781,41.0513],[14.4933,41.0475],[14.5078,41.0555],[14.5183,41.0487],[14.5143,41.0378],[14.5259,41.0303],[14.5232,41.0224]]],[[[14.6798,40.9816],[14.6936,40.9751],[14.7157,41.007],[14.6957,41.0338],[14.6789,41.0195],[14.6862,41.0096],[14.6797,40.9981],[14.6798,40.9816]]]]}},{"type":"Feature","properties":{"id":"falerno-del-massico","name":"Falerno del Massico","full_name":"Falerno del Massico","region":"Campania","grapes":["Aglianico","Aglianicone","Alicante","Ancellotta","Asprinio Bianco","Barbera"],"key_appellations":["Falerno del Massico"],"desc":"Falerno del Massico is a protected wine appellation in Campania.","level":"appellation"},"geometry":{"type":"Polygon","coordinates":[[[13.8872,41.1013],[13.9027,41.0753],[13.9109,41.0747],[13.9339,41.0465],[13.9471,41.0847],[13.9675,41.0894],[13.9731,41.1014],[13.9921,41.1005],[14.0151,41.1118],[14.0209,41.1047],[14.0317,41.1084],[14.0227,41.1206],[14.0242,41.1293],[14.0162,41.1338],[14.0272,41.1574],[14.0411,41.1725],[14.0373,41.1839],[14.0283,41.187],[14.0308,41.1935],[14.0083,41.2139],[13.9977,41.2364],[13.9882,41.2349],[13.989,41.2645],[13.9684,41.2683],[13.9631,41.2741],[13.9597,41.2672],[13.9594,41.2743],[13.945,41.2896],[13.9461,41.306],[13.9347,41.3186],[13.8943,41.3234],[13.8878,41.3196],[13.8948,41.3105],[13.8841,41.2917],[13.8688,41.2932],[13.8614,41.2867],[13.8547,41.2918],[13.8281,41.2807],[13.8317,41.2738],[13.8267,41.2659],[13.8401,41.2625],[13.8311,41.2624],[13.8313,41.2504],[13.8244,41.2525],[13.8169,41.2436],[13.8131,41.2489],[13.7864,41.2411],[13.7754,41.2438],[13.7608,41.2232],[13.8302,41.1694],[13.8872,41.1013]]]}},{"type":"Feature","properties":{"id":"galluccio","name":"Galluccio","full_name":"Galluccio","region":"Campania","grapes":["Aglianico","Aglianicone","Ancellotta","Asprinio Bianco","Barbera","Bellone"],"key_appellations":["Galluccio"],"desc":"Galluccio is a protected wine appellation in Campania.","level":"appellation"},"geometry":{"type":"Polygon","coordinates":[[[13.9413,41.3156],[13.9461,41.306],[13.9721,41.3174],[13.9891,41.3086],[14.0473,41.3358],[14.0555,41.3443],[14.0649,41.3446],[14.0289,41.3666],[14.0467,41.3754],[14.0372,41.4014],[14.0278,41.4061],[14.0298,41.4125],[14.0166,41.4241],[14.0057,41.4245],[13.982,41.4378],[13.9669,41.4354],[13.9442,41.4411],[13.9113,41.4334],[13.9026,41.4227],[13.8991,41.4267],[13.8751,41.4263],[13.8618,41.4181],[13.8693,41.4049],[13.8886,41.4008],[13.8756,41.3961],[13.8863,41.3844],[13.8769,41.3794],[13.8688,41.3627],[13.8777,41.3606],[13.8708,41.3571],[13.8785,41.3287],[13.8878,41.3196],[13.8943,41.3234],[13.9413,41.3156]]]}},{"type":"Feature","properties":{"id":"ischia","name":"Ischia","full_name":"Ischia","region":"Campania","grapes":["Aglianico","Aglianicone","Alicante","Ancellotta","Asprinio Bianco","Barbera"],"key_appellations":["Ischia"],"desc":"Ischia is a protected wine appellation in Campania.","level":"appellation"},"geometry":{"type":"Polygon","coordinates":[[[13.8943,40.6994],[13.9224,40.6972],[13.9395,40.7067],[13.9541,40.7007],[13.9545,40.7089],[13.9653,40.7125],[13.9598,40.7309],[13.9669,40.7319],[13.9575,40.7336],[13.9545,40.7414],[13.9437,40.7467],[13.9412,40.7428],[13.9232,40.7513],[13.9065,40.749],[13.9118,40.7528],[13.8903,40.7525],[13.8854,40.7592],[13.8762,40.7568],[13.8714,40.7616],[13.8635,40.7584],[13.8687,40.7525],[13.8656,40.7438],[13.8541,40.7371],[13.8609,40.7159],[13.8513,40.7105],[13.873,40.6973],[13.8912,40.6992],[13.8932,40.6921],[13.8943,40.6994]]]}},{"type":"Feature","properties":{"id":"vesuvio","name":"Vesuvio","full_name":"Vesuvio","region":"Campania","grapes":["Aglianico","Coda Di Volpe Bianca","Falanghina","Greco","Piedirosso","Sciascinoso"],"key_appellations":["Vesuvio"],"desc":"Vesuvio is a protected wine appellation in Campania.","level":"appellation"},"geometry":{"type":"Polygon","coordinates":[[[14.4139,40.7517],[14.4375,40.7547],[14.4497,40.7441],[14.4442,40.7496],[14.4469,40.7547],[14.47,40.7289],[14.4752,40.7291],[14.4799,40.7371],[14.4732,40.7566],[14.4821,40.7641],[14.5073,40.7692],[14.5204,40.7782],[14.5449,40.7781],[14.5508,40.7894],[14.5416,40.7936],[14.5279,40.7898],[14.5207,40.7988],[14.5319,40.8088],[14.5269,40.8103],[14.5322,40.83],[14.5269,40.8475],[14.5138,40.8584],[14.4903,40.8667],[14.4752,40.8641],[14.4882,40.8762],[14.4743,40.8816],[14.4656,40.8995],[14.4267,40.9106],[14.4252,40.9012],[14.4196,40.9034],[14.4135,40.8934],[14.3877,40.8954],[14.3871,40.8999],[14.3808,40.8925],[14.3766,40.9004],[14.3649,40.8928],[14.3694,40.8871],[14.3582,40.8861],[14.3626,40.8769],[14.3468,40.8668],[14.3537,40.8575],[14.3469,40.8556],[14.3471,40.8472],[14.3564,40.8393],[14.351,40.828],[14.32,40.8215],[14.3586,40.7907],[14.3609,40.7831],[14.3605,40.7874],[14.3945,40.7601],[14.4139,40.7517]],[[14.3955,40.8306],[14.3903,40.8363],[14.3648,40.8513],[14.3694,40.8542],[14.4152,40.8325],[14.3955,40.8306]],[[14.3896,40.887],[14.3926,40.8922],[14.395,40.8875],[14.3896,40.887]]]}},{"type":"Feature","properties":{"id":"aglianico-del-taburno","name":"Aglianico del Taburno","full_name":"Aglianico del Taburno","region":"Campania","grapes":["Aglianico","Aglianicone","Ancellotta","Barbera","Cabernet Sauvignon","Lambrusco Maestri"],"key_appellations":["Aglianico del Taburno"],"desc":"Aglianico del Taburno is a protected wine appellation in Campania.","level":"appellation"},"geometry":{"type":"Polygon","coordinates":[[[14.6045,41.0509],[14.6402,41.0425],[14.6591,41.0484],[14.6673,41.058],[14.7014,41.0554],[14.709,41.0608],[14.7165,41.08],[14.7419,41.084],[14.7436,41.099],[14.754,41.0956],[14.7571,41.1007],[14.7689,41.0996],[14.7722,41.0908],[14.7819,41.0954],[14.8027,41.0901],[14.8016,41.0972],[14.8112,41.1018],[14.8289,41.091],[14.8347,41.1043],[14.8654,41.118],[14.8688,41.1374],[14.8609,41.1376],[14.8599,41.1502],[14.8524,41.1444],[14.8413,41.1471],[14.8436,41.1551],[14.8559,41.1609],[14.8416,41.164],[14.8412,41.1774],[14.8337,41.1776],[14.8321,41.1875],[14.8159,41.1858],[14.817,41.193],[14.7964,41.1991],[14.7913,41.2152],[14.7521,41.2264],[14.7246,41.2136],[14.7186,41.238],[14.7079,41.2412],[14.6799,41.2351],[14.6538,41.2406],[14.6508,41.2229],[14.6333,41.2124],[14.62,41.2095],[14.6073,41.2221],[14.5913,41.1911],[14.5933,41.1795],[14.5709,41.1745],[14.5651,41.1653],[14.5633,41.1528],[14.5788,41.1514],[14.5758,41.1419],[14.5678,41.1467],[14.5659,41.1383],[14.5587,41.1384],[14.5592,41.1325],[14.5764,41.1211],[14.5729,41.1028],[14.601,41.096],[14.5914,41.0725],[14.6045,41.0509]]]}},{"type":"Feature","properties":{"id":"costa-d-amalfi","name":"Costa d'Amalfi","full_name":"Costa d'Amalfi","region":"Campania","grapes":["Aglianico","Aglianicone","Ancellotta","Asprinio Bianco","Barbera","Biancolella"],"key_appellations":["Costa d'Amalfi"],"desc":"Costa d'Amalfi is a protected wine appellation in Campania.","level":"appellation"},"geometry":{"type":"Polygon","coordinates":[[[14.5285,40.6072],[14.5696,40.6158],[14.5721,40.6113],[14.5846,40.6246],[14.6072,40.6327],[14.6267,40.6489],[14.6624,40.6417],[14.6786,40.6329],[14.6924,40.6341],[14.7142,40.6627],[14.7348,40.6706],[14.7362,40.6851],[14.7227,40.6831],[14.7206,40.6892],[14.721,40.6852],[14.6821,40.6814],[14.6749,40.6723],[14.6677,40.6779],[14.6698,40.6926],[14.6584,40.7023],[14.6606,40.7129],[14.6224,40.7224],[14.5762,40.682],[14.5723,40.67],[14.5552,40.6679],[14.5725,40.6484],[14.5717,40.64],[14.5806,40.6367],[14.5772,40.6271],[14.5654,40.6234],[14.5553,40.6297],[14.554,40.6236],[14.5445,40.6213],[14.5333,40.6256],[14.5179,40.6219],[14.5103,40.6305],[14.511,40.645],[14.502,40.6482],[14.4822,40.6474],[14.4807,40.6369],[14.4658,40.6343],[14.4622,40.6277],[14.4686,40.6202],[14.4955,40.6269],[14.5285,40.6072]]]}},{"type":"Feature","properties":{"id":"irpinia","name":"Irpinia","full_name":"Irpinia","region":"Campania","grapes":["Aglianico","Aglianicone","Ancellotta","Asprinio Bianco","Barbera","Biancolella"],"key_appellations":["Irpinia"],"desc":"Irpinia is a protected wine appellation in Campania.","level":"appellation"},"geometry":{"type":"Polygon","coordinates":[[[14.6543,40.8265],[14.676,40.8215],[14.6743,40.8298],[14.687,40.8416],[14.7022,40.8376],[14.7359,40.842],[14.7418,40.8284],[14.7303,40.8213],[14.7452,40.8015],[14.7626,40.8059],[14.7729,40.8014],[14.7814,40.8068],[14.7839,40.7999],[14.7979,40.7985],[14.8084,40.8051],[14.8343,40.7935],[14.8484,40.8002],[14.8743,40.7966],[14.9187,40.8104],[14.9185,40.8012],[14.941,40.7897],[14.9737,40.7852],[14.9882,40.7885],[14.9913,40.7804],[15.0092,40.7731],[15.0273,40.7817],[15.055,40.7726],[15.1323,40.7611],[15.1397,40.7568],[15.153,40.7198],[15.169,40.7066],[15.1956,40.7089],[15.2153,40.7176],[15.2471,40.7176],[15.2395,40.7229],[15.2442,40.7275],[15.2392,40.7739],[15.2516,40.7875],[15.2801,40.7977],[15.2839,40.8182],[15.2956,40.8381],[15.3185,40.8386],[15.3308,40.8324],[15.361,40.8391],[15.3776,40.8361],[15.3735,40.8611],[15.3791,40.8676],[15.3549,40.8711],[15.3563,40.8834],[15.3753,40.8858],[15.3882,40.8756],[15.401,40.8769],[15.4028,40.8816],[15.43,40.8796],[15.4444,40.8769],[15.4569,40.8673],[15.4725,40.8732],[15.4677,40.8896],[15.5273,40.9078],[15.5381,40.9373],[15.5441,40.9409],[15.5423,40.9464],[15.5667,40.9688],[15.5722,40.9984],[15.5596,41.0169],[15.5632,41.031],[15.5514,41.0389],[15.5494,41.0524],[15.5429,41.0558],[15.4849,41.071],[15.4784,41.0786],[15.4461,41.078],[15.4257,41.0961],[15.4123,41.0949],[15.3964,41.1068],[15.3675,41.0848],[15.3517,41.0947],[15.3144,41.1039],[15.293,41.0918],[15.2626,41.1067],[15.2634,41.1148],[15.2552,41.1169],[15.2365,41.1408],[15.2329,41.138],[15.2108,41.1486],[15.2094,41.1677],[15.2213,41.1746],[15.2222,41.1807],[15.2625,41.1976],[15.2449,41.2249],[15.2462,41.2361],[15.2801,41.2411],[15.2504,41.2704],[15.2357,41.2723],[15.2205,41.2652],[15.2158,41.2759],[15.1998,41.2794],[15.2011,41.2862],[15.1534,41.2834],[15.1364,41.2632],[15.1222,41.2562],[15.0991,41.2609],[15.0818,41.2528],[15.0665,41.2709],[15.051,41.2582],[15.0342,41.2643],[15.0203,41.2628],[15.0087,41.2711],[14.9862,41.2711],[14.981,41.2612],[14.9875,41.2471],[14.9835,41.2402],[15.0049,41.2081],[14.9626,41.177],[14.957,41.1474],[14.9954,41.1504],[14.9995,41.146],[14.993,41.1434],[14.999,41.1442],[14.9941,41.1422],[15.0013,41.1376],[14.9957,41.133],[15.0111,41.1193],[14.9848,41.1061],[14.9751,41.0935],[14.9488,41.0886],[14.9515,41.086],[14.9452,41.0802],[14.9271,41.084],[14.9179,41.0735],[14.8707,41.0588],[14.8629,41.0479],[14.8478,41.0477],[14.8322,41.0339],[14.8063,41.0406],[14.8054,41.0592],[14.7969,41.0603],[14.7916,41.0482],[14.7748,41.0546],[14.7766,41.0408],[14.7682,41.0206],[14.776,41.0144],[14.7656,41.0099],[14.7487,41.0095],[14.7367,41.0166],[14.7376,41.0232],[14.7283,41.0274],[14.7275,41.0461],[14.7091,41.0613],[14.7014,41.0554],[14.6673,41.058],[14.6591,41.0484],[14.6402,41.0425],[14.5949,41.0568],[14.5974,41.0494],[14.5903,41.0475],[14.5935,41.0432],[14.5888,41.0347],[14.5681,41.0206],[14.5811,40.9946],[14.5768,40.963],[14.5811,40.9617],[14.5783,40.9534],[14.5863,40.9431],[14.5853,40.9339],[14.6147,40.9284],[14.6207,40.9117],[14.6641,40.9152],[14.6703,40.9069],[14.6518,40.9031],[14.6322,40.9123],[14.6268,40.9104],[14.6274,40.9036],[14.6178,40.9128],[14.6103,40.9092],[14.5929,40.9145],[14.5743,40.9091],[14.5726,40.8951],[14.5595,40.8879],[14.588,40.8724],[14.6056,40.8476],[14.6516,40.8356],[14.6543,40.8265]],[[14.6936,40.9751],[14.6798,40.9816],[14.6797,40.9981],[14.6863,41.0087],[14.6789,41.0195],[14.6957,41.0338],[14.7157,41.007],[14.6936,40.9751]]]}},{"type":"Feature","properties":{"id":"penisola-sorrentina","name":"Penisola Sorrentina","full_name":"Penisola Sorrentina","region":"Campania","grapes":["Aglianico","Aglianicone","Alicante","Ancellotta","Asprinio Bianco","Barbera"],"key_appellations":["Penisola Sorrentina"],"desc":"Penisola Sorrentina is a protected wine appellation in Campania.","level":"appellation"},"geometry":{"type":"Polygon","coordinates":[[[14.3471,40.5795],[14.4082,40.5996],[14.4192,40.6104],[14.4685,40.6197],[14.4624,40.6259],[14.4646,40.6327],[14.4807,40.6369],[14.4822,40.6474],[14.5107,40.6454],[14.5103,40.6305],[14.5179,40.6219],[14.5333,40.6256],[14.5445,40.6213],[14.554,40.6236],[14.5553,40.6297],[14.5702,40.6235],[14.5806,40.6367],[14.5717,40.64],[14.5725,40.6484],[14.5552,40.6679],[14.5723,40.67],[14.5762,40.682],[14.5907,40.694],[14.577,40.7014],[14.5799,40.7095],[14.5717,40.7105],[14.5607,40.7317],[14.55,40.7272],[14.5462,40.7389],[14.5205,40.7347],[14.5208,40.7104],[14.4992,40.7076],[14.498,40.7224],[14.4792,40.7418],[14.4764,40.7302],[14.4706,40.7287],[14.4816,40.705],[14.4792,40.6959],[14.4711,40.6916],[14.4733,40.6992],[14.4491,40.6879],[14.439,40.6819],[14.4298,40.6657],[14.4036,40.6562],[14.4087,40.6502],[14.4015,40.6384],[14.3772,40.6288],[14.3654,40.6275],[14.3516,40.6346],[14.347,40.627],[14.3395,40.628],[14.3421,40.6188],[14.3204,40.5876],[14.3273,40.5864],[14.3222,40.5802],[14.3235,40.5703],[14.3368,40.577],[14.3408,40.5762],[14.3376,40.57],[14.3454,40.5721],[14.3471,40.5795]]]}},{"type":"Feature","properties":{"id":"sannio","name":"Sannio","full_name":"Sannio","region":"Campania","grapes":["Aglianico","Aglianicone","Ancellotta","Asprinio Bianco","Barbera","Biancolella"],"key_appellations":["Sannio"],"desc":"Sannio is a protected wine appellation in Campania.","level":"appellation"},"geometry":{"type":"MultiPolygon","coordinates":[[[[14.5232,41.0224],[14.5312,41.0133],[14.5406,41.0198],[14.5632,41.0166],[14.572,41.0095],[14.5681,41.0206],[14.5888,41.0347],[14.5935,41.0432],[14.5903,41.0475],[14.5974,41.0494],[14.5967,41.0588],[14.6045,41.0509],[14.6402,41.0425],[14.6591,41.0484],[14.6673,41.058],[14.7014,41.0554],[14.7091,41.0613],[14.7275,41.0461],[14.7283,41.0274],[14.7376,41.0232],[14.7367,41.0166],[14.7487,41.0095],[14.7656,41.0099],[14.776,41.0144],[14.7682,41.0206],[14.7766,41.0408],[14.7748,41.0546],[14.7916,41.0482],[14.7969,41.0603],[14.8054,41.0592],[14.8063,41.0406],[14.8322,41.0339],[14.8478,41.0477],[14.8629,41.0479],[14.8707,41.0588],[14.9179,41.0735],[14.9271,41.084],[14.9452,41.0802],[14.9515,41.086],[14.9488,41.0886],[14.9745,41.0932],[14.9848,41.1061],[15.0109,41.1181],[14.9957,41.133],[15.0013,41.1376],[14.9941,41.1422],[14.999,41.1442],[14.993,41.1434],[14.9995,41.146],[14.9954,41.1504],[14.957,41.1474],[14.9626,41.177],[15.0049,41.2081],[14.9835,41.2402],[14.9875,41.2471],[14.981,41.2612],[14.9846,41.2696],[15.0087,41.2711],[15.0203,41.2628],[15.0342,41.2643],[15.051,41.2582],[15.0665,41.2709],[15.0826,41.2528],[15.0991,41.2609],[15.1222,41.2562],[15.1364,41.2632],[15.1492,41.2804],[15.1363,41.2868],[15.1399,41.2927],[15.1268,41.3029],[15.1307,41.3175],[15.0722,41.3324],[15.0683,41.3505],[15.0612,41.3575],[15.0585,41.3721],[15.0712,41.3777],[15.0785,41.388],[15.0984,41.3905],[15.0866,41.4046],[15.0918,41.4179],[15.1035,41.4212],[15.0988,41.4337],[15.0763,41.4327],[15.0468,41.4433],[15.0432,41.4567],[15.0303,41.4554],[15.0239,41.4769],[15.0052,41.4862],[14.9834,41.4794],[14.9823,41.469],[14.9605,41.4654],[14.9469,41.4561],[14.8845,41.4447],[14.8679,41.428],[14.8561,41.4247],[14.8132,41.4397],[14.8056,41.4476],[14.7843,41.4518],[14.7737,41.4452],[14.7656,41.4185],[14.7539,41.41],[14.7173,41.4008],[14.6985,41.4112],[14.6637,41.4069],[14.6629,41.3941],[14.6528,41.3977],[14.6434,41.394],[14.6031,41.3639],[14.5855,41.3711],[14.5863,41.3804],[14.567,41.3921],[14.5518,41.3794],[14.5223,41.3852],[14.5012,41.3828],[14.4954,41.374],[14.4779,41.3798],[14.4736,41.3734],[14.4562,41.3717],[14.4566,41.3648],[14.4478,41.3614],[14.4395,41.3442],[14.4712,41.3432],[14.4768,41.3216],[14.4903,41.3075],[14.4891,41.3006],[14.4537,41.2937],[14.4354,41.2811],[14.4326,41.2647],[14.42,41.2544],[14.4248,41.2486],[14.4167,41.2436],[14.4209,41.2372],[14.4185,41.2216],[14.4352,41.2226],[14.4347,41.2142],[14.4421,41.2108],[14.4467,41.1974],[14.4541,41.1904],[14.4627,41.1906],[14.4577,41.1837],[14.4594,41.1747],[14.4683,41.1752],[14.4587,41.1635],[14.4637,41.1568],[14.4361,41.1547],[14.429,41.1372],[14.4231,41.1352],[14.4213,41.1405],[14.4042,41.143],[14.3831,41.155],[14.3794,41.1615],[14.3521,41.152],[14.3666,41.1369],[14.3882,41.1343],[14.3972,41.1214],[14.3938,41.1158],[14.4342,41.1078],[14.437,41.0962],[14.4294,41.082],[14.44,41.0704],[14.413,41.0572],[14.4213,41.0523],[14.4332,41.0545],[14.4509,41.0447],[14.4565,41.0493],[14.4592,41.0424],[14.464,41.0464],[14.474,41.0425],[14.4781,41.0513],[14.4933,41.0475],[14.5078,41.0555],[14.5183,41.0487],[14.5143,41.0378],[14.5259,41.0303],[14.5232,41.0224]]],[[[14.6798,40.9816],[14.6936,40.9751],[14.7157,41.007],[14.6957,41.0338],[14.6789,41.0195],[14.6862,41.0096],[14.6797,40.9981],[14.6798,40.9816]]]]}},{"type":"Feature","properties":{"id":"colli-bolognesi-classico-pignoletto","name":"Colli Bolognesi Classico Pignoletto","full_name":"Colli Bolognesi Classico Pignoletto","region":"Emilia-Romagna","grapes":["Albana","Alionza","Bervedino","Biancame","Bombino Bianco","Durella"],"key_appellations":["Colli Bolognesi Classico Pignoletto"],"desc":"Colli Bolognesi Classico Pignoletto is a protected wine appellation in Emilia-Romagna.","level":"appellation"},"geometry":{"type":"Polygon","coordinates":[[[11.2783,44.3353],[11.294,44.3377],[11.3066,44.3586],[11.2888,44.3739],[11.2762,44.3764],[11.2912,44.3872],[11.2872,44.3952],[11.3201,44.3995],[11.3131,44.4092],[11.3333,44.4177],[11.3134,44.4211],[11.2948,44.4334],[11.2934,44.4276],[11.2823,44.4258],[11.2811,44.4433],[11.2866,44.4591],[11.2922,44.4606],[11.288,44.4755],[11.2967,44.4831],[11.2946,44.4898],[11.2617,44.4914],[11.2552,44.4934],[11.2569,44.4974],[11.2476,44.4964],[11.2501,44.5011],[11.2357,44.5032],[11.2325,44.5089],[11.2413,44.5217],[11.2281,44.5316],[11.2061,44.5271],[11.1978,44.5328],[11.1935,44.5239],[11.1804,44.5231],[11.1821,44.5499],[11.1317,44.5674],[11.1046,44.5394],[11.1143,44.5361],[11.1082,44.5247],[11.0775,44.5313],[11.073,44.5222],[11.0577,44.5343],[11.055,44.5263],[11.0309,44.5275],[11.0397,44.5075],[11.0273,44.4776],[11.0069,44.474],[10.9862,44.4563],[10.9539,44.451],[10.9426,44.443],[10.9893,44.4409],[10.9967,44.4295],[11.0389,44.4267],[11.0496,44.4069],[11.0224,44.3735],[11.0261,44.3499],[11.0377,44.3426],[11.0757,44.3346],[11.0815,44.3251],[11.103,44.3118],[11.1195,44.3176],[11.127,44.3484],[11.1495,44.3519],[11.1668,44.348],[11.1538,44.3638],[11.1778,44.3863],[11.2199,44.3702],[11.244,44.3847],[11.2679,44.3436],[11.2752,44.3424],[11.2783,44.3353]]]}},{"type":"Feature","properties":{"id":"romagna-albana","name":"Romagna Albana","full_name":"Romagna Albana","region":"Emilia-Romagna","grapes":["Albana","Alionza","Bervedino","Biancame","Bombino Bianco","Durella"],"key_appellations":["Romagna Albana"],"desc":"Romagna Albana is a protected wine appellation in Emilia-Romagna.","level":"appellation"},"geometry":{"type":"Polygon","coordinates":[[[11.5886,44.1242],[11.5846,44.1122],[11.5991,44.1186],[11.6226,44.1171],[11.6404,44.1112],[11.6487,44.0991],[11.676,44.1139],[11.6788,44.1229],[11.7159,44.1225],[11.7236,44.1452],[11.7197,44.1572],[11.727,44.1611],[11.7286,44.1718],[11.7445,44.1787],[11.7529,44.1935],[11.7714,44.1989],[11.7787,44.1809],[11.8061,44.1995],[11.8222,44.1945],[11.8294,44.199],[11.8886,44.1706],[11.8972,44.1913],[11.9059,44.1938],[11.914,44.2083],[11.9215,44.2109],[11.9371,44.2022],[11.9374,44.1901],[11.9498,44.2074],[11.9565,44.2079],[11.9707,44.1931],[11.9651,44.1855],[11.9713,44.179],[11.9687,44.1701],[11.9802,44.169],[11.9869,44.157],[12.005,44.1526],[12.0004,44.1457],[12.007,44.1418],[11.9971,44.1225],[12.0125,44.1081],[11.9966,44.0828],[11.9983,44.0775],[12.025,44.0714],[12.0272,44.064],[12.0517,44.0596],[12.0591,44.0669],[12.0558,44.0692],[12.0824,44.0671],[12.09,44.071],[12.0854,44.0612],[12.0903,44.0589],[12.0926,44.0375],[12.0995,44.0345],[12.0946,44.0242],[12.099,44.0207],[12.1181,44.0224],[12.1183,44.0313],[12.1465,44.028],[12.1785,44.0525],[12.1884,44.0478],[12.1874,44.0357],[12.199,44.0302],[12.1942,44.0215],[12.1978,44.0184],[12.2532,44.0096],[12.2578,44.018],[12.2819,44.033],[12.2879,44.0254],[12.3083,44.0221],[12.3635,44.0572],[12.3624,44.0641],[12.4011,44.0663],[12.408,44.0768],[12.423,44.083],[12.4244,44.0942],[12.409,44.0987],[12.4057,44.1087],[12.4263,44.1487],[12.4451,44.1669],[12.4322,44.165],[12.4094,44.1466],[12.3896,44.1032],[12.3734,44.1001],[12.3465,44.1106],[12.336,44.1043],[12.3223,44.1164],[12.3258,44.1234],[12.3622,44.1329],[12.3619,44.148],[12.3356,44.1471],[12.3486,44.1527],[12.3478,44.1568],[12.335,44.1557],[12.3329,44.1787],[12.3494,44.1907],[12.2803,44.2332],[12.2471,44.2308],[12.2387,44.224],[12.2397,44.2176],[12.2161,44.2132],[12.2159,44.2206],[12.2073,44.2204],[12.201,44.2277],[12.21,44.238],[12.2088,44.2556],[12.1889,44.2542],[12.1756,44.2425],[12.1033,44.2719],[12.108,44.2885],[12.087,44.3005],[12.0728,44.2992],[12.0546,44.3056],[12.0471,44.3165],[12.0485,44.3258],[12.0292,44.3281],[12.0161,44.3383],[12.0159,44.3444],[12.0306,44.353],[12.0231,44.3571],[12.0144,44.3515],[12.0052,44.3567],[11.9884,44.3796],[11.9779,44.3707],[11.9648,44.3693],[11.9404,44.3798],[11.9257,44.3746],[11.9028,44.3444],[11.8705,44.3538],[11.8589,44.3412],[11.858,44.3293],[11.8518,44.3308],[11.8491,44.3254],[11.7959,44.35],[11.8009,44.3596],[11.7944,44.3676],[11.8029,44.3655],[11.7989,44.3784],[11.8079,44.3775],[11.81,44.3833],[11.7552,44.4025],[11.7989,44.4608],[11.7804,44.4673],[11.7967,44.4857],[11.7498,44.4976],[11.7631,44.5103],[11.7787,44.5035],[11.7919,44.564],[11.7807,44.5685],[11.7742,44.5663],[11.7613,44.5142],[11.7332,44.4894],[11.7038,44.4405],[11.6764,44.4198],[11.6671,44.419],[11.6595,44.4081],[11.6609,44.4023],[11.652,44.39],[11.6585,44.3845],[11.6583,44.3686],[11.6634,44.362],[11.617,44.3512],[11.6097,44.3443],[11.5909,44.3567],[11.6075,44.3598],[11.6071,44.3683],[11.6158,44.3774],[11.6262,44.3792],[11.632,44.3939],[11.6278,44.399],[11.639,44.4217],[11.605,44.4319],[11.622,44.462],[11.5644,44.4726],[11.5312,44.4908],[11.5196,44.4822],[11.5057,44.4837],[11.5082,44.4907],[11.4965,44.4902],[11.4996,44.4953],[11.479,44.4774],[11.4699,44.478],[11.4861,44.4704],[11.4616,44.4594],[11.4582,44.4519],[11.4654,44.449],[11.4552,44.4401],[11.4535,44.4281],[11.4419,44.4117],[11.4117,44.3978],[11.4155,44.3782],[11.4057,44.3772],[11.4026,44.3649],[11.4353,44.358],[11.4558,44.3791],[11.4547,44.3639],[11.4894,44.3442],[11.4828,44.3311],[11.4858,44.3179],[11.4769,44.282],[11.4616,44.2681],[11.4473,44.2648],[11.4309,44.2483],[11.4388,44.2432],[11.476,44.2424],[11.4906,44.2284],[11.5022,44.2306],[11.5542,44.2142],[11.5492,44.205],[11.5617,44.1855],[11.5357,44.1904],[11.5362,44.1798],[11.525,44.1576],[11.5448,44.1526],[11.5525,44.1653],[11.5632,44.1678],[11.5732,44.1607],[11.5903,44.1625],[11.6026,44.1569],[11.6083,44.1623],[11.6154,44.1582],[11.6167,44.1434],[11.6037,44.1385],[11.603,44.1265],[11.5886,44.1242]]]}},{"type":"Feature","properties":{"id":"bosco-eliceo","name":"Bosco Eliceo","full_name":"Bosco Eliceo","region":"Emilia-Romagna","grapes":["Albana","Alicante","Alionza","Ancellotta","Barbera","Bervedino"],"key_appellations":["Bosco Eliceo"],"desc":"Bosco Eliceo is a protected wine appellation in Emilia-Romagna.","level":"appellation"},"geometry":{"type":"Polygon","coordinates":[[[12.3494,44.1907],[12.3843,44.2247],[12.3567,44.2716],[12.3249,44.3614],[12.315,44.4068],[12.289,44.4627],[12.2798,44.5181],[12.2845,44.5565],[12.2777,44.6172],[12.2546,44.6493],[12.2397,44.6941],[12.2488,44.761],[12.2744,44.8054],[12.2866,44.8167],[12.2659,44.8233],[12.2844,44.8406],[12.3172,44.8428],[12.3398,44.8173],[12.3473,44.8201],[12.3495,44.8113],[12.3712,44.7968],[12.3381,44.8056],[12.3434,44.7993],[12.3323,44.795],[12.3085,44.803],[12.3057,44.7997],[12.38,44.7828],[12.3991,44.7926],[12.3552,44.8151],[12.3406,44.85],[12.2941,44.8603],[12.286,44.8723],[12.2819,44.91],[12.2948,44.9274],[12.2819,44.9413],[12.2722,44.9432],[12.262,44.9374],[12.2562,44.9425],[12.2543,44.9351],[12.2396,44.9351],[12.2251,44.923],[12.1877,44.9264],[12.1707,44.942],[12.1599,44.9376],[12.1581,44.9305],[12.1425,44.9279],[12.1271,44.933],[12.115,44.9591],[12.1013,44.9618],[12.0992,44.9585],[12.1136,44.9508],[12.109,44.9262],[12.0883,44.921],[12.0881,44.9281],[12.0527,44.9277],[12.0534,44.9092],[12.0326,44.9081],[12.0296,44.8881],[12.0443,44.8674],[12.0053,44.8666],[12.0254,44.8341],[12.0365,44.8365],[12.0423,44.8294],[12.0542,44.8355],[12.0939,44.8336],[12.0982,44.7978],[12.1135,44.7592],[12.1015,44.7523],[12.0939,44.7208],[12.1064,44.7191],[12.1009,44.7008],[12.0924,44.7002],[12.0959,44.6894],[12.1184,44.6763],[12.0198,44.6668],[11.976,44.6749],[11.9633,44.6587],[11.8549,44.6489],[11.8531,44.6541],[11.8266,44.6624],[11.8204,44.6569],[11.8115,44.6652],[11.7917,44.6656],[11.7822,44.6743],[11.764,44.6757],[11.7572,44.6854],[11.7454,44.6892],[11.7475,44.6954],[11.7421,44.7009],[11.7503,44.7024],[11.7148,44.7223],[11.7122,44.7283],[11.7011,44.7252],[11.7045,44.7215],[11.6987,44.7167],[11.7076,44.7113],[11.6895,44.6927],[11.6976,44.6817],[11.6966,44.6745],[11.692,44.6745],[11.6855,44.6966],[11.6687,44.7061],[11.6549,44.6954],[11.6501,44.7007],[11.6342,44.7018],[11.6146,44.6901],[11.6741,44.6323],[11.6907,44.6287],[11.6958,44.6372],[11.7247,44.6362],[11.7229,44.6463],[11.7281,44.6542],[11.7355,44.6484],[11.7537,44.6512],[11.7719,44.6408],[11.7766,44.644],[11.7837,44.6369],[11.8003,44.6345],[11.7908,44.6327],[11.8064,44.6235],[11.7913,44.618],[11.7946,44.6129],[11.7853,44.6057],[11.7896,44.5923],[11.7856,44.585],[11.7456,44.5799],[11.7531,44.5731],[11.7636,44.5758],[11.7592,44.5693],[11.7736,44.5637],[11.7807,44.5685],[11.7904,44.5655],[11.7892,44.5543],[11.8319,44.5616],[11.8461,44.5543],[11.8603,44.5596],[11.8717,44.5786],[12.0022,44.6002],[12.0075,44.5959],[12.0044,44.5825],[12.0251,44.5785],[12.0252,44.5699],[12.0347,44.5682],[12.0281,44.5605],[12.0615,44.548],[12.0739,44.5611],[12.1067,44.5527],[12.1142,44.5472],[12.1045,44.5438],[12.0648,44.4926],[12.0713,44.4904],[12.0696,44.4792],[12.0814,44.4691],[12.0743,44.4587],[12.0424,44.4367],[12.0281,44.4117],[12.0635,44.4],[12.0808,44.402],[12.1058,44.3896],[12.0967,44.3694],[12.0787,44.3758],[12.0744,44.3709],[12.1034,44.362],[12.0593,44.3464],[12.0486,44.3346],[12.0356,44.3308],[12.0493,44.3251],[12.0486,44.312],[12.0686,44.3003],[12.0968,44.2961],[12.108,44.2885],[12.1033,44.2719],[12.1711,44.2433],[12.1889,44.2542],[12.2088,44.2556],[12.21,44.238],[12.201,44.2277],[12.2073,44.2204],[12.2159,44.2206],[12.2161,44.2132],[12.2397,44.2176],[12.2387,44.224],[12.2471,44.2308],[12.2803,44.2332],[12.3494,44.1907]]]}},{"type":"Feature","properties":{"id":"colli-bolognesi","name":"Colli Bolognesi","full_name":"Colli Bolognesi","region":"Emilia-Romagna","grapes":["Albana","Alicante","Alionza","Ancellotta","Barbera","Bervedino"],"key_appellations":["Colli Bolognesi"],"desc":"Colli Bolognesi is a protected wine appellation in Emilia-Romagna.","level":"appellation"},"geometry":{"type":"Polygon","coordinates":[[[11.1544,44.3193],[11.1654,44.3111],[11.1777,44.3135],[11.1768,44.2919],[11.201,44.2819],[11.2128,44.2918],[11.243,44.2993],[11.2206,44.3137],[11.2243,44.3263],[11.2322,44.331],[11.2704,44.323],[11.2772,44.3336],[11.294,44.3377],[11.2982,44.3485],[11.3134,44.3466],[11.3201,44.3423],[11.3041,44.3311],[11.3113,44.3241],[11.3189,44.3257],[11.3253,44.3135],[11.3621,44.3156],[11.3688,44.308],[11.3648,44.2704],[11.374,44.2606],[11.3673,44.2575],[11.3635,44.2441],[11.3736,44.2257],[11.3892,44.2124],[11.4204,44.2353],[11.4282,44.2498],[11.438,44.2524],[11.4473,44.2648],[11.472,44.2762],[11.4829,44.294],[11.4828,44.3311],[11.4888,44.3463],[11.4547,44.3639],[11.4562,44.3789],[11.4353,44.358],[11.4022,44.3656],[11.4057,44.3772],[11.4155,44.3782],[11.4117,44.3978],[11.4419,44.4117],[11.4535,44.4281],[11.4552,44.4401],[11.4654,44.449],[11.4582,44.4519],[11.4616,44.4594],[11.4862,44.4706],[11.4433,44.485],[11.4427,44.4907],[11.4384,44.4867],[11.4173,44.4906],[11.4337,44.5131],[11.427,44.5154],[11.4304,44.5197],[11.4247,44.5196],[11.4199,44.5293],[11.4075,44.5286],[11.4149,44.54],[11.3889,44.5415],[11.391,44.5455],[11.3643,44.5562],[11.3439,44.5533],[11.3359,44.543],[11.3112,44.5482],[11.3086,44.5291],[11.2908,44.5356],[11.2929,44.539],[11.2817,44.5485],[11.2691,44.5325],[11.2512,44.5557],[11.2451,44.5556],[11.2298,44.531],[11.2061,44.5271],[11.1978,44.5328],[11.1935,44.5239],[11.1804,44.5231],[11.1821,44.5499],[11.1317,44.5674],[11.1046,44.5394],[11.1143,44.5361],[11.1082,44.5247],[11.0775,44.5313],[11.073,44.5222],[11.0577,44.5343],[11.055,44.5263],[11.0309,44.5275],[11.0397,44.5075],[11.0273,44.4776],[11.0069,44.474],[10.9862,44.4563],[10.9539,44.451],[10.9426,44.443],[10.9893,44.4409],[10.9967,44.4295],[11.0389,44.4267],[11.0496,44.4069],[11.0224,44.3735],[11.0222,44.3614],[11.0261,44.3499],[11.0377,44.3426],[11.0757,44.3346],[11.0815,44.3251],[11.1037,44.3116],[11.1173,44.3148],[11.1238,44.3336],[11.1383,44.3253],[11.154,44.3257],[11.1544,44.3193]]]}},{"type":"Feature","properties":{"id":"colli-d-imola","name":"Colli d'Imola","full_name":"Colli d'Imola","region":"Emilia-Romagna","grapes":["Albana","Alicante","Alionza","Ancellotta","Barbera","Bervedino"],"key_appellations":["Colli d'Imola"],"desc":"Colli d'Imola is a protected wine appellation in Emilia-Romagna.","level":"appellation"},"geometry":{"type":"Polygon","coordinates":[[[11.6337,44.2571],[11.6298,44.2621],[11.64,44.2741],[11.6655,44.2787],[11.6716,44.2882],[11.6677,44.3119],[11.6738,44.3168],[11.6976,44.3093],[11.6912,44.2895],[11.7086,44.29],[11.7139,44.2983],[11.7325,44.3049],[11.7589,44.3323],[11.7766,44.3375],[11.7944,44.3676],[11.8029,44.3655],[11.7989,44.3784],[11.8079,44.3775],[11.81,44.3833],[11.7552,44.4025],[11.7989,44.4608],[11.7804,44.4673],[11.7967,44.4857],[11.7498,44.4976],[11.7631,44.5103],[11.7787,44.5035],[11.7904,44.5655],[11.7742,44.5663],[11.7613,44.5142],[11.7332,44.4894],[11.7038,44.4405],[11.677,44.4206],[11.6488,44.4281],[11.6385,44.4217],[11.605,44.4319],[11.622,44.462],[11.5644,44.4726],[11.5312,44.4908],[11.5196,44.4822],[11.5057,44.4837],[11.5082,44.4907],[11.4965,44.4902],[11.4996,44.4953],[11.479,44.4774],[11.4699,44.478],[11.4861,44.4704],[11.4616,44.4594],[11.4582,44.4519],[11.4654,44.449],[11.4552,44.4401],[11.4535,44.4281],[11.4419,44.4117],[11.4117,44.3978],[11.4155,44.3782],[11.4057,44.3772],[11.4026,44.3649],[11.4353,44.358],[11.4558,44.3791],[11.4547,44.3639],[11.4894,44.3442],[11.4828,44.3311],[11.4858,44.3179],[11.4769,44.282],[11.4308,44.2505],[11.4353,44.245],[11.476,44.2424],[11.4906,44.2284],[11.4954,44.2317],[11.5413,44.2214],[11.5181,44.238],[11.5259,44.2456],[11.5243,44.2505],[11.5333,44.247],[11.5378,44.2519],[11.5332,44.2496],[11.5231,44.2574],[11.5049,44.2358],[11.4956,44.2368],[11.4933,44.2459],[11.5012,44.2447],[11.4956,44.252],[11.4992,44.269],[11.5046,44.2747],[11.5189,44.2623],[11.519,44.2749],[11.5282,44.2846],[11.5206,44.2911],[11.536,44.2956],[11.5369,44.2858],[11.5753,44.2691],[11.5703,44.2649],[11.5758,44.2575],[11.5915,44.2506],[11.5904,44.2449],[11.5966,44.2482],[11.6011,44.2386],[11.626,44.2471],[11.6337,44.2571]]]}},{"type":"Feature","properties":{"id":"colli-di-faenza","name":"Colli di Faenza","full_name":"Colli di Faenza","region":"Emilia-Romagna","grapes":["Ancellotta","Cabernet Sauvignon","Chardonnay","Ciliegiolo","Merlot","Pignoletto"],"key_appellations":["Colli di Faenza"],"desc":"Colli di Faenza is a protected wine appellation in Emilia-Romagna.","level":"appellation"},"geometry":{"type":"Polygon","coordinates":[[[11.8079,44.0725],[11.7949,44.0833],[11.8061,44.0875],[11.8101,44.0998],[11.8285,44.0948],[11.8299,44.0847],[11.8376,44.089],[11.8394,44.111],[11.8334,44.1119],[11.8314,44.1187],[11.8686,44.1459],[11.8662,44.1559],[11.8882,44.1696],[11.8972,44.1913],[11.9283,44.2156],[11.9263,44.241],[11.9475,44.2359],[11.9771,44.2568],[12.0017,44.2961],[12.0277,44.3223],[12.0292,44.3281],[12.0161,44.3383],[12.0159,44.3444],[12.0306,44.353],[12.0231,44.3571],[12.0144,44.3515],[12.0052,44.3567],[11.987,44.3801],[11.9779,44.3707],[11.9648,44.3693],[11.9401,44.3798],[11.9257,44.3746],[11.9028,44.3444],[11.8705,44.3538],[11.8589,44.3412],[11.858,44.3293],[11.8439,44.3249],[11.7959,44.35],[11.8009,44.3596],[11.7938,44.3647],[11.7766,44.3375],[11.7589,44.3323],[11.7325,44.3049],[11.7139,44.2983],[11.7086,44.29],[11.6912,44.2895],[11.6976,44.3093],[11.6738,44.3168],[11.6677,44.3119],[11.6716,44.2882],[11.6651,44.2784],[11.64,44.2741],[11.626,44.2471],[11.5787,44.2321],[11.578,44.2249],[11.5655,44.2183],[11.5555,44.2232],[11.5492,44.205],[11.5617,44.1855],[11.5357,44.1904],[11.5362,44.1798],[11.5278,44.1701],[11.525,44.1576],[11.5423,44.1528],[11.5527,44.1592],[11.553,44.1657],[11.5632,44.1678],[11.5732,44.1607],[11.5903,44.1625],[11.6026,44.1569],[11.6083,44.1623],[11.6154,44.1582],[11.6167,44.1434],[11.6037,44.1385],[11.602,44.1255],[11.5878,44.1237],[11.5846,44.1122],[11.6129,44.1195],[11.6404,44.1112],[11.6487,44.0991],[11.676,44.1139],[11.6788,44.1229],[11.7044,44.1197],[11.7442,44.1261],[11.7527,44.1214],[11.7489,44.1041],[11.7401,44.0993],[11.7371,44.0881],[11.6967,44.0521],[11.6955,44.0361],[11.6819,44.0212],[11.6894,44.0129],[11.7241,44.0134],[11.7309,44.0178],[11.7261,44.0215],[11.7295,44.0258],[11.754,44.0259],[11.7619,44.0375],[11.7567,44.0411],[11.7627,44.0532],[11.7685,44.0504],[11.7651,44.0435],[11.7743,44.037],[11.7782,44.0501],[11.7923,44.0514],[11.7927,44.0586],[11.799,44.0523],[11.8175,44.0523],[11.8262,44.0589],[11.8255,44.0694],[11.8101,44.076],[11.8079,44.0725]]]}},{"type":"Feature","properties":{"id":"colli-di-parma","name":"Colli di Parma","full_name":"Colli di Parma","region":"Emilia-Romagna","grapes":["Albana","Alicante","Alionza","Ancellotta","Barbera","Bervedino"],"key_appellations":["Colli di Parma"],"desc":"Colli di Parma is a protected wine appellation in Emilia-Romagna.","level":"appellation"},"geometry":{"type":"Polygon","coordinates":[[[10.0651,44.5453],[10.0731,44.5413],[10.0859,44.5517],[10.096,44.5523],[10.0966,44.5584],[10.1132,44.5636],[10.1335,44.5564],[10.1402,44.5658],[10.1543,44.5654],[10.1669,44.5721],[10.1737,44.5608],[10.1918,44.5545],[10.2295,44.5638],[10.2417,44.541],[10.256,44.5377],[10.2494,44.5249],[10.2398,44.5265],[10.2328,44.5054],[10.2721,44.5102],[10.2771,44.5004],[10.2706,44.4901],[10.2911,44.4844],[10.3032,44.4701],[10.3322,44.4854],[10.3291,44.4941],[10.3399,44.5055],[10.3425,44.5257],[10.3527,44.5293],[10.3633,44.5429],[10.3844,44.5448],[10.4016,44.5629],[10.4005,44.6055],[10.4026,44.6164],[10.4145,44.6289],[10.4154,44.6668],[10.3864,44.6749],[10.3766,44.6692],[10.3596,44.6709],[10.354,44.6836],[10.346,44.6846],[10.3406,44.6791],[10.3312,44.681],[10.3089,44.6626],[10.2946,44.6725],[10.298,44.7042],[10.2524,44.7142],[10.2543,44.7221],[10.242,44.7243],[10.2864,44.7667],[10.2572,44.776],[10.2326,44.7749],[10.2429,44.7992],[10.2136,44.8055],[10.2238,44.8227],[10.1049,44.8545],[10.1017,44.8769],[10.1083,44.8839],[10.1029,44.8885],[10.1073,44.8933],[10.1018,44.896],[10.1076,44.9079],[10.0744,44.9173],[10.0552,44.9087],[10.0648,44.9185],[10.0657,44.9275],[10.0538,44.927],[10.0331,44.9389],[10.0142,44.9201],[10.0124,44.9009],[10.0218,44.8981],[10.0206,44.8908],[10.0124,44.8879],[10.0105,44.8751],[9.9835,44.8576],[9.9867,44.8456],[9.9651,44.8361],[9.9552,44.8404],[9.9369,44.8368],[9.9004,44.8078],[9.9061,44.7986],[9.9232,44.8001],[9.9237,44.7907],[9.9373,44.7853],[9.9418,44.7614],[9.9836,44.7512],[9.9865,44.7256],[9.9696,44.729],[9.9667,44.7077],[9.9489,44.7046],[9.9376,44.7106],[9.9187,44.7065],[9.9167,44.7125],[9.8999,44.7164],[9.9007,44.7087],[9.8879,44.7071],[9.8763,44.698],[9.884,44.6875],[9.8985,44.6874],[9.9093,44.6804],[9.9472,44.6793],[9.9527,44.6677],[9.9631,44.6688],[9.9778,44.6577],[9.9904,44.661],[9.988,44.683],[9.9986,44.6823],[9.9993,44.6734],[10.0113,44.6787],[10.0081,44.6742],[10.0162,44.6623],[10.0393,44.6612],[10.0533,44.6823],[10.0905,44.6897],[10.0888,44.6827],[10.0466,44.654],[10.037,44.6395],[10.0059,44.6269],[9.9777,44.6065],[9.9981,44.5732],[10.0213,44.563],[10.0467,44.576],[10.0451,44.5704],[10.0681,44.5557],[10.0651,44.5453]]]}},{"type":"Feature","properties":{"id":"alto-adige","name":"Alto Adige","full_name":"Alto Adige / dell'Alto Adige / Südtirol / Südtiroler","region":"Trentino-Alto Adige","grapes":["Bronner","Cabernet Franc","Cabernet Sauvignon","Chardonnay","Diolinoir","Kerner"],"key_appellations":["Alto Adige"],"desc":"Alto Adige is a protected wine appellation in Trentino-Alto Adige.","level":"appellation"},"geometry":{"type":"Polygon","coordinates":[[[11.1532,46.5273],[11.2095,46.4948],[11.2123,46.4774],[11.2197,46.4679],[11.2191,46.4572],[11.2107,46.453],[11.2179,46.4428],[11.2157,46.4352],[11.2051,46.4269],[11.2119,46.4206],[11.2074,46.4166],[11.2153,46.4068],[11.2147,46.3972],[11.1995,46.3721],[11.2057,46.3672],[11.1938,46.365],[11.1916,46.3598],[11.2036,46.3424],[11.1885,46.3264],[11.1906,46.3211],[11.1629,46.2906],[11.1389,46.2833],[11.1498,46.28],[11.1671,46.2622],[11.2024,46.2556],[11.195,46.2451],[11.1883,46.2527],[11.1836,46.2513],[11.1724,46.2379],[11.1837,46.2258],[11.2065,46.2198],[11.2467,46.2303],[11.2908,46.2616],[11.3057,46.2588],[11.3159,46.2733],[11.3116,46.2832],[11.3234,46.2918],[11.3185,46.3157],[11.3382,46.3331],[11.3551,46.3403],[11.3866,46.3209],[11.3969,46.3277],[11.4205,46.3254],[11.4545,46.3347],[11.4621,46.35],[11.4796,46.3561],[11.4661,46.3717],[11.4405,46.3721],[11.4027,46.3886],[11.378,46.384],[11.3396,46.4012],[11.3425,46.4044],[11.326,46.4145],[11.3151,46.4143],[11.313,46.4214],[11.3249,46.4324],[11.3085,46.447],[11.3223,46.4454],[11.3224,46.4574],[11.3305,46.4644],[11.3443,46.4642],[11.3588,46.4732],[11.381,46.4494],[11.3937,46.4575],[11.4095,46.4532],[11.4165,46.4599],[11.447,46.4509],[11.4814,46.4326],[11.5053,46.4385],[11.5288,46.4536],[11.5284,46.4638],[11.4947,46.4736],[11.5152,46.4837],[11.541,46.4829],[11.5463,46.4918],[11.5913,46.5002],[11.6386,46.5025],[11.6661,46.4974],[11.6982,46.5032],[11.7159,46.5139],[11.6949,46.5447],[11.7064,46.5581],[11.6728,46.5732],[11.6432,46.5762],[11.6507,46.598],[11.6553,46.6035],[11.6744,46.6035],[11.6909,46.6133],[11.7189,46.6169],[11.7282,46.6125],[11.723,46.6121],[11.7258,46.6006],[11.7558,46.6031],[11.7838,46.6134],[11.7955,46.6272],[11.8082,46.6288],[11.8083,46.6432],[11.7921,46.6493],[11.7939,46.6696],[11.7782,46.6808],[11.7804,46.6856],[11.7335,46.6954],[11.7326,46.701],[11.7411,46.7087],[11.7365,46.7137],[11.7387,46.7211],[11.7223,46.7307],[11.7224,46.7414],[11.7149,46.7454],[11.7053,46.7445],[11.703,46.7394],[11.6875,46.7446],[11.7011,46.7611],[11.6985,46.7696],[11.6827,46.7704],[11.6816,46.7783],[11.6614,46.79],[11.6588,46.7779],[11.6339,46.789],[11.6227,46.7807],[11.6385,46.7742],[11.6079,46.7649],[11.5985,46.7719],[11.5919,46.7645],[11.5771,46.7617],[11.5738,46.7741],[11.5651,46.771],[11.5429,46.7818],[11.5299,46.7805],[11.5279,46.7736],[11.5187,46.7712],[11.5025,46.7801],[11.4861,46.7758],[11.489,46.7586],[11.5073,46.746],[11.5106,46.7182],[11.4936,46.7076],[11.4913,46.6946],[11.4821,46.6873],[11.4471,46.6699],[11.4303,46.6743],[11.4223,46.66],[11.4091,46.6532],[11.4086,46.649],[11.4282,46.6421],[11.4353,46.6327],[11.4281,46.6223],[11.3892,46.6061],[11.4132,46.594],[11.4,46.5926],[11.3973,46.5776],[11.3822,46.57],[11.3746,46.5726],[11.3799,46.5888],[11.3634,46.5893],[11.34,46.5998],[11.3165,46.6304],[11.2946,46.6449],[11.2855,46.6234],[11.2729,46.6132],[11.249,46.6088],[11.2469,46.6028],[11.2267,46.5939],[11.21,46.5922],[11.2021,46.6281],[11.2128,46.6368],[11.2043,46.642],[11.2066,46.6526],[11.2125,46.6611],[11.2369,46.6674],[11.2446,46.68],[11.2658,46.6841],[11.2581,46.6913],[11.2674,46.6919],[11.278,46.7064],[11.2753,46.714],[11.2815,46.7224],[11.2732,46.7308],[11.2865,46.7507],[11.2716,46.7569],[11.2535,46.7473],[11.2439,46.7519],[11.243,46.747],[11.2296,46.7471],[11.2246,46.7378],[11.2124,46.7378],[11.2194,46.7343],[11.2119,46.7284],[11.2139,46.7249],[11.2008,46.7205],[11.1973,46.7237],[11.2022,46.7275],[11.1733,46.7338],[11.1672,46.7399],[11.1747,46.749],[11.1933,46.7469],[11.1931,46.7522],[11.1844,46.753],[11.2013,46.7659],[11.1564,46.7576],[11.1602,46.7638],[11.1174,46.7974],[11.0978,46.7454],[11.0607,46.7199],[11.0415,46.729],[11.0375,46.7455],[10.9989,46.7371],[10.9682,46.7132],[10.9957,46.6993],[10.9974,46.6918],[10.9817,46.684],[10.9553,46.6869],[10.9414,46.6771],[10.9463,46.6687],[10.9233,46.6704],[10.9071,46.6638],[10.8924,46.6713],[10.866,46.6592],[10.8285,46.6641],[10.8184,46.6702],[10.8265,46.6806],[10.8074,46.6856],[10.8024,46.6931],[10.8038,46.7047],[10.7861,46.7086],[10.7869,46.7146],[10.7775,46.7205],[10.7518,46.7187],[10.7334,46.7287],[10.7234,46.7254],[10.7254,46.7207],[10.7167,46.7092],[10.7256,46.7001],[10.7241,46.677],[10.7025,46.6705],[10.6944,46.6608],[10.7001,46.649],[10.7065,46.649],[10.7272,46.6249],[10.7229,46.6219],[10.7288,46.6121],[10.7207,46.6075],[10.724,46.5926],[10.7135,46.5794],[10.7193,46.5747],[10.7171,46.562],[10.7569,46.5808],[10.8,46.5865],[10.8131,46.5819],[10.8059,46.5766],[10.8169,46.5816],[10.806,46.5722],[10.8293,46.5575],[10.8398,46.5416],[10.8581,46.5439],[10.8656,46.5543],[10.9051,46.5692],[10.9946,46.5879],[11.004,46.5817],[11.016,46.5837],[11.0369,46.569],[11.0311,46.5653],[11.04,46.5537],[11.0354,46.551],[11.0404,46.5416],[11.0329,46.5216],[11.0265,46.5178],[11.0315,46.514],[11.0583,46.516],[11.0885,46.5375],[11.0958,46.5373],[11.1013,46.5289],[11.1138,46.5306],[11.1152,46.5256],[11.1369,46.5309],[11.1532,46.5273]],[[11.0316,46.653],[11.0496,46.6619],[11.0554,46.6588],[11.0666,46.619],[11.0411,46.6431],[11.0373,46.653],[11.0316,46.653]],[[11.5374,46.591],[11.5236,46.58],[11.5229,46.5839],[11.531,46.5994],[11.5615,46.5974],[11.5374,46.591]]]}},{"type":"Feature","properties":{"id":"lago-di-caldaro","name":"Lago di Caldaro","full_name":"Lago di Caldaro / Kalterersee / Caldaro / Kalterer","region":"Trentino-Alto Adige","grapes":["Cabernet Franc","Cabernet Sauvignon","Casetta","Diolinoir","Franconia","Gosen"],"key_appellations":["Lago di Caldaro"],"desc":"Lago di Caldaro is a protected wine appellation in Trentino-Alto Adige.","level":"appellation"},"geometry":{"type":"Polygon","coordinates":[[[11.0731,46.1424],[11.082,46.125],[11.1184,46.1384],[11.1227,46.148],[11.1325,46.1505],[11.1527,46.1486],[11.223,46.1594],[11.241,46.1731],[11.227,46.1822],[11.235,46.1845],[11.2348,46.1937],[11.2294,46.1948],[11.2189,46.2142],[11.1747,46.2327],[11.1724,46.2385],[11.1836,46.2513],[11.1883,46.2527],[11.195,46.2451],[11.2024,46.2556],[11.2137,46.2553],[11.2207,46.26],[11.2141,46.2675],[11.2198,46.2751],[11.2329,46.2693],[11.2331,46.2617],[11.2409,46.263],[11.2408,46.2582],[11.2472,46.2558],[11.2515,46.2584],[11.245,46.2572],[11.2461,46.2681],[11.2552,46.2673],[11.2602,46.2858],[11.2893,46.2743],[11.308,46.2796],[11.3234,46.2918],[11.3204,46.3199],[11.3551,46.3403],[11.3789,46.3274],[11.3913,46.3312],[11.3725,46.3331],[11.3545,46.3454],[11.3137,46.3439],[11.3265,46.3717],[11.3223,46.3895],[11.3343,46.3901],[11.3425,46.4044],[11.326,46.4145],[11.3151,46.4143],[11.313,46.4214],[11.3249,46.4324],[11.3021,46.4543],[11.3044,46.469],[11.2996,46.4712],[11.2986,46.4838],[11.2698,46.4994],[11.2689,46.5054],[11.263,46.5061],[11.2597,46.4987],[11.2584,46.5061],[11.2491,46.5045],[11.2489,46.527],[11.2195,46.5273],[11.2294,46.5305],[11.2267,46.5368],[11.2321,46.5411],[11.2052,46.5647],[11.2003,46.5588],[11.2013,46.5449],[11.1813,46.5307],[11.181,46.5241],[11.1681,46.5228],[11.165,46.5177],[11.2095,46.4948],[11.2123,46.4774],[11.2197,46.4679],[11.2191,46.4572],[11.2107,46.453],[11.2179,46.4428],[11.2157,46.4352],[11.2051,46.4269],[11.2119,46.4206],[11.2074,46.4166],[11.2153,46.4068],[11.2147,46.3972],[11.1995,46.3721],[11.2057,46.3672],[11.1938,46.365],[11.1916,46.3598],[11.2035,46.3417],[11.1885,46.3264],[11.1906,46.3211],[11.1774,46.3029],[11.1655,46.2978],[11.1629,46.2906],[11.1391,46.2839],[11.1341,46.2602],[11.1177,46.2428],[11.0917,46.2433],[11.0709,46.231],[11.0929,46.2262],[11.1188,46.2048],[11.1148,46.1896],[11.1072,46.1885],[11.1028,46.1805],[11.1139,46.1812],[11.1112,46.1662],[11.0903,46.1557],[11.1003,46.153],[11.0958,46.1483],[11.0942,46.1534],[11.0833,46.1545],[11.0731,46.1424]]]}},{"type":"Feature","properties":{"id":"valle-d-aosta","name":"Valle d'Aosta","full_name":"Valle d'Aosta / Vallée d'Aoste","region":"Valle d'Aosta","grapes":["Bonda","Cabernet Sauvignon","Chardonnay","Cornallin","Crovassa","Diolinoir"],"key_appellations":["Valle d'Aosta"],"desc":"Valle d'Aosta is a protected wine appellation in Valle d'Aosta.","level":"appellation"},"geometry":{"type":"Polygon","coordinates":[[[7.2453,45.5975],[7.2636,45.597],[7.271,45.6028],[7.2705,45.6186],[7.2935,45.6247],[7.2922,45.6496],[7.3007,45.6568],[7.3293,45.6502],[7.3386,45.6575],[7.3757,45.6594],[7.3859,45.667],[7.4152,45.6629],[7.4459,45.6367],[7.4687,45.6307],[7.4788,45.6149],[7.4913,45.6078],[7.5348,45.6304],[7.5805,45.637],[7.5997,45.6453],[7.6099,45.6455],[7.6233,45.6349],[7.6366,45.6379],[7.6764,45.6278],[7.71,45.6092],[7.6982,45.5998],[7.7139,45.5885],[7.694,45.569],[7.6909,45.5559],[7.719,45.5589],[7.735,45.5508],[7.7866,45.5751],[7.7968,45.5827],[7.7951,45.5862],[7.8489,45.6023],[7.8623,45.597],[7.851,45.6193],[7.8215,45.6328],[7.813,45.6597],[7.7832,45.6654],[7.7878,45.6907],[7.7687,45.7039],[7.7432,45.6956],[7.7044,45.7038],[7.6986,45.6994],[7.6913,45.7064],[7.6783,45.7355],[7.7155,45.7459],[7.7024,45.7548],[7.6917,45.7716],[7.6646,45.7867],[7.6557,45.8172],[7.6468,45.8167],[7.6413,45.8074],[7.6171,45.7927],[7.5909,45.7874],[7.5931,45.7768],[7.603,45.7674],[7.5932,45.7642],[7.5689,45.7847],[7.5367,45.7989],[7.5348,45.8091],[7.5467,45.8273],[7.5274,45.8572],[7.5276,45.8793],[7.4909,45.8702],[7.4896,45.8492],[7.4718,45.8458],[7.4491,45.8205],[7.4181,45.8166],[7.3995,45.8016],[7.3744,45.7935],[7.3565,45.7963],[7.3393,45.7684],[7.3191,45.7635],[7.2852,45.764],[7.2616,45.7726],[7.2388,45.7675],[7.219,45.7778],[7.1731,45.7763],[7.1627,45.7807],[7.1578,45.7918],[7.137,45.8016],[7.106,45.8003],[7.0997,45.8204],[7.0783,45.8335],[7.0621,45.8157],[7.0493,45.8172],[7.0221,45.8047],[7.0038,45.7866],[6.9954,45.7607],[6.9857,45.7564],[6.9862,45.7484],[6.9734,45.7404],[6.9881,45.7332],[6.982,45.7191],[6.9865,45.7151],[6.9836,45.7074],[6.9959,45.6962],[6.9956,45.6894],[7.0125,45.6861],[7.0283,45.6715],[7.0181,45.6609],[7.0237,45.6384],[7.0768,45.6638],[7.0825,45.6614],[7.0799,45.6536],[7.107,45.6299],[7.1245,45.6502],[7.1379,45.6521],[7.1535,45.6692],[7.1625,45.6691],[7.1845,45.6541],[7.1801,45.6408],[7.1992,45.6413],[7.2036,45.6527],[7.2212,45.6507],[7.2266,45.6262],[7.237,45.6113],[7.235,45.6056],[7.2453,45.5975]]]}},{"type":"Feature","properties":{"id":"colli-di-rimini","name":"Colli di Rimini","full_name":"Colli di Rimini","region":"Emilia-Romagna","grapes":["Albana","Alicante","Alionza","Ancellotta","Barbera","Bervedino"],"key_appellations":["Colli di Rimini"],"desc":"Colli di Rimini is a protected wine appellation in Emilia-Romagna.","level":"appellation"},"geometry":{"type":"Polygon","coordinates":[[[12.1641,43.7622],[12.1957,43.7321],[12.2006,43.7403],[12.1975,43.745],[12.2089,43.7496],[12.2091,43.7571],[12.229,43.7595],[12.2459,43.7512],[12.2547,43.7533],[12.2502,43.7562],[12.2557,43.7603],[12.2838,43.7649],[12.2896,43.7872],[12.2829,43.7892],[12.2848,43.7947],[12.3148,43.8046],[12.3181,43.8147],[12.3355,43.8241],[12.3473,43.8489],[12.3474,43.867],[12.3862,43.882],[12.3925,43.8965],[12.4006,43.8728],[12.4078,43.8767],[12.4321,43.8726],[12.4177,43.899],[12.4083,43.903],[12.4125,43.9094],[12.4083,43.9215],[12.4153,43.9307],[12.4048,43.944],[12.4046,43.9557],[12.412,43.9522],[12.4204,43.9577],[12.4369,43.9566],[12.4692,43.9774],[12.5143,43.9908],[12.5068,43.9582],[12.5157,43.9415],[12.4928,43.9159],[12.5107,43.9091],[12.521,43.8983],[12.5348,43.8991],[12.5426,43.889],[12.5365,43.8814],[12.5309,43.883],[12.5303,43.8768],[12.5417,43.864],[12.5625,43.8698],[12.5659,43.8822],[12.5895,43.8856],[12.593,43.8731],[12.5894,43.8652],[12.6026,43.8634],[12.6048,43.846],[12.6194,43.8443],[12.6102,43.8369],[12.6112,43.8302],[12.6287,43.8209],[12.6594,43.8282],[12.6734,43.8239],[12.6832,43.8285],[12.6782,43.8396],[12.682,43.8526],[12.7236,43.8612],[12.734,43.8702],[12.7227,43.8803],[12.7348,43.896],[12.7272,43.9114],[12.7274,43.9246],[12.7555,43.9631],[12.7506,43.9707],[12.7375,43.968],[12.7182,43.9729],[12.6796,43.9927],[12.6372,44.0212],[12.5752,44.0787],[12.5686,44.0751],[12.5554,44.0784],[12.5043,44.1153],[12.4846,44.1076],[12.4803,44.1128],[12.4524,44.1096],[12.456,44.0952],[12.4515,44.0953],[12.4566,44.0893],[12.4233,44.0884],[12.423,44.083],[12.3927,44.0637],[12.3624,44.0641],[12.3599,44.0505],[12.3953,44.0302],[12.3879,44.0247],[12.3916,44.0192],[12.3851,44.0204],[12.3857,44.0098],[12.372,43.9993],[12.3694,43.9898],[12.3513,43.9852],[12.3465,43.9739],[12.3261,43.9652],[12.313,43.9507],[12.3125,43.9402],[12.2948,43.9282],[12.2862,43.9302],[12.278,43.9247],[12.2766,43.9313],[12.2663,43.9272],[12.2556,43.9203],[12.2526,43.9094],[12.2348,43.9169],[12.2223,43.9153],[12.2191,43.908],[12.2032,43.9165],[12.176,43.9204],[12.1723,43.9265],[12.1592,43.9214],[12.1589,43.9057],[12.1681,43.8975],[12.1587,43.8769],[12.1424,43.8627],[12.1383,43.8476],[12.1507,43.8385],[12.1495,43.8333],[12.1313,43.8268],[12.1161,43.8053],[12.1193,43.799],[12.1036,43.7935],[12.1049,43.7843],[12.0962,43.7653],[12.1086,43.753],[12.1236,43.7491],[12.1641,43.7622]],[[12.1712,43.8079],[12.1772,43.8117],[12.1872,43.8039],[12.2173,43.8027],[12.2298,43.8087],[12.2437,43.7852],[12.2136,43.7837],[12.1994,43.7704],[12.1868,43.7739],[12.1706,43.7938],[12.1755,43.7999],[12.1712,43.8079]]]}},{"type":"Feature","properties":{"id":"colli-di-scandiano-e-di-canossa","name":"Colli di Scandiano e di Canossa","full_name":"Colli di Scandiano e di Canossa","region":"Emilia-Romagna","grapes":["Alicante","Ancellotta","Barbera","Bonarda","Cabernet Franc","Cabernet Sauvignon"],"key_appellations":["Colli di Scandiano e di Canossa"],"desc":"Colli di Scandiano e di Canossa is a protected wine appellation in Emilia-Romagna.","level":"appellation"},"geometry":{"type":"Polygon","coordinates":[[[10.4527,44.4971],[10.4675,44.4895],[10.484,44.4986],[10.5105,44.5034],[10.5347,44.4834],[10.5494,44.499],[10.5668,44.4998],[10.57,44.5131],[10.5822,44.5222],[10.613,44.5304],[10.6208,44.5347],[10.6183,44.5412],[10.6358,44.5467],[10.6588,44.5368],[10.6569,44.5282],[10.6702,44.5222],[10.6537,44.4933],[10.6543,44.4785],[10.6682,44.4678],[10.6882,44.4741],[10.7414,44.5106],[10.7696,44.5488],[10.7864,44.6035],[10.7862,44.6216],[10.7706,44.6349],[10.7734,44.6433],[10.7628,44.6519],[10.7644,44.6624],[10.756,44.6748],[10.7597,44.6805],[10.7396,44.6872],[10.743,44.6954],[10.7393,44.7003],[10.7265,44.7005],[10.7184,44.7173],[10.7256,44.7408],[10.7168,44.7436],[10.7191,44.7485],[10.7071,44.7555],[10.7077,44.7616],[10.6928,44.765],[10.6899,44.757],[10.6741,44.7497],[10.6569,44.7564],[10.6495,44.7679],[10.6376,44.7714],[10.6351,44.7651],[10.614,44.774],[10.6087,44.7612],[10.5915,44.746],[10.5808,44.7575],[10.5554,44.7646],[10.5607,44.7732],[10.5092,44.7541],[10.506,44.7565],[10.5166,44.7591],[10.4883,44.76],[10.4828,44.7735],[10.4675,44.7662],[10.4297,44.7655],[10.4356,44.7506],[10.4284,44.7488],[10.4252,44.7394],[10.4459,44.7267],[10.4474,44.7193],[10.4144,44.673],[10.417,44.6404],[10.4005,44.6055],[10.4022,44.5645],[10.3844,44.5448],[10.3621,44.5421],[10.3511,44.5254],[10.368,44.5097],[10.4014,44.4986],[10.4144,44.4995],[10.4392,44.5277],[10.4362,44.5173],[10.4527,44.4971]]]}},{"type":"Feature","properties":{"id":"colli-piacentini","name":"Colli Piacentini","full_name":"Colli Piacentini","region":"Emilia-Romagna","grapes":["Albana","Alicante","Alionza","Ancellotta","Barbera Bianca","Barbera"],"key_appellations":["Colli Piacentini"],"desc":"Colli Piacentini is a protected wine appellation in Emilia-Romagna.","level":"appellation"},"geometry":{"type":"Polygon","coordinates":[[[9.7682,44.7113],[9.7876,44.7176],[9.7937,44.7302],[9.8163,44.7392],[9.8233,44.7507],[9.8143,44.7551],[9.8198,44.7629],[9.837,44.758],[9.8538,44.7677],[9.865,44.7621],[9.8806,44.7686],[9.8725,44.7828],[9.8822,44.8037],[9.9029,44.8085],[9.9369,44.8368],[9.9552,44.8404],[9.9651,44.8361],[9.9867,44.8456],[9.9835,44.8576],[10.0105,44.8751],[10.0124,44.8879],[10.0102,44.8966],[9.9939,44.9077],[9.9992,44.9292],[9.9794,44.9371],[9.9906,44.9524],[9.9749,44.9501],[9.9741,44.9436],[9.9656,44.9406],[9.9555,44.9145],[9.9321,44.8924],[9.915,44.9005],[9.8951,44.8993],[9.8594,44.9094],[9.8485,44.9034],[9.8449,44.9089],[9.8505,44.9225],[9.8424,44.9394],[9.8468,44.9496],[9.8265,44.9507],[9.8224,44.9452],[9.8094,44.9446],[9.8229,44.9563],[9.809,44.9618],[9.8096,44.9537],[9.8,44.9493],[9.8043,44.9486],[9.8012,44.9422],[9.7893,44.9419],[9.7762,44.9323],[9.7797,44.93],[9.763,44.9264],[9.7665,44.9161],[9.7585,44.8927],[9.714,44.8657],[9.6885,44.8407],[9.679,44.7996],[9.6595,44.7826],[9.6508,44.7606],[9.6663,44.74],[9.695,44.776],[9.7185,44.7689],[9.7102,44.7805],[9.7132,44.7871],[9.7202,44.7838],[9.7235,44.7689],[9.7337,44.7676],[9.7316,44.7634],[9.794,44.7849],[9.7993,44.7744],[9.7917,44.7717],[9.7966,44.7683],[9.7593,44.7347],[9.7682,44.7113]]]}},{"type":"Feature","properties":{"id":"colli-romagna-centrale","name":"Colli Romagna centrale","full_name":"Colli Romagna centrale","region":"Emilia-Romagna","grapes":["Albana","Alicante","Alionza","Ancellotta","Barbera","Bervedino"],"key_appellations":["Colli Romagna centrale"],"desc":"Colli Romagna centrale is a protected wine appellation in Emilia-Romagna.","level":"appellation"},"geometry":{"type":"Polygon","coordinates":[[[11.7081,43.8869],[11.7102,43.8774],[11.7219,43.8744],[11.7325,43.8631],[11.7885,43.8451],[11.7904,43.8568],[11.8134,43.8565],[11.8401,43.8754],[11.8207,43.8772],[11.8159,43.8846],[11.8384,43.8916],[11.8503,43.8872],[11.8848,43.8905],[11.8872,43.8967],[11.8671,43.9177],[11.8731,43.9238],[11.9087,43.9283],[11.9134,43.9377],[11.9472,43.915],[11.9447,43.9068],[11.9854,43.9066],[12.0085,43.9146],[12.0111,43.9384],[12.0308,43.9413],[12.0309,43.9207],[12.05,43.9185],[12.0513,43.9295],[12.0791,43.9356],[12.1046,43.951],[12.1122,43.9468],[12.1054,43.9402],[12.1092,43.9299],[12.0836,43.9258],[12.0838,43.9133],[12.0702,43.9057],[12.0661,43.8883],[12.0809,43.8885],[12.0921,43.8553],[12.1258,43.8576],[12.1383,43.8476],[12.1424,43.8627],[12.1587,43.8769],[12.1681,43.8975],[12.1589,43.9057],[12.1595,43.9217],[12.1723,43.9265],[12.176,43.9204],[12.2032,43.9165],[12.2191,43.908],[12.2223,43.9153],[12.2348,43.9169],[12.2526,43.9094],[12.2556,43.9203],[12.2663,43.9272],[12.2766,43.9313],[12.278,43.9247],[12.2862,43.9302],[12.2948,43.9282],[12.3125,43.9402],[12.313,43.9507],[12.3261,43.9652],[12.3465,43.9739],[12.3513,43.9852],[12.3694,43.9898],[12.372,43.9993],[12.3857,44.0098],[12.3851,44.0204],[12.3916,44.0192],[12.3884,44.0259],[12.3953,44.0302],[12.3599,44.0505],[12.3624,44.0641],[12.4011,44.0663],[12.408,44.0768],[12.423,44.083],[12.4244,44.0942],[12.409,44.0987],[12.4057,44.1087],[12.4263,44.1487],[12.4447,44.1694],[12.4094,44.1466],[12.3896,44.1032],[12.3734,44.1001],[12.3465,44.1106],[12.333,44.1053],[12.3328,44.1108],[12.3223,44.1164],[12.3258,44.1234],[12.3622,44.1329],[12.3619,44.148],[12.3356,44.1471],[12.3486,44.1527],[12.3478,44.1568],[12.335,44.1557],[12.3329,44.1787],[12.3494,44.1907],[12.2803,44.2332],[12.2471,44.2308],[12.2387,44.224],[12.2397,44.2176],[12.2161,44.2132],[12.2159,44.2206],[12.2073,44.2204],[12.201,44.2277],[12.21,44.238],[12.2088,44.2556],[12.1889,44.2542],[12.1711,44.2433],[12.1033,44.2719],[12.108,44.2885],[12.087,44.3005],[12.055,44.3053],[12.0471,44.3165],[12.0493,44.3251],[12.0316,44.3302],[12.0017,44.2961],[11.9759,44.2557],[11.9475,44.2359],[11.9263,44.241],[11.9283,44.2156],[11.8972,44.1913],[11.8886,44.1706],[11.8294,44.199],[11.8222,44.1945],[11.8061,44.1995],[11.7808,44.1804],[11.7714,44.1989],[11.7567,44.1949],[11.7445,44.1787],[11.7286,44.1718],[11.727,44.1611],[11.7197,44.1572],[11.7236,44.1452],[11.7159,44.1225],[11.7485,44.1247],[11.753,44.1205],[11.7489,44.1041],[11.6969,44.0525],[11.6955,44.0361],[11.6819,44.0212],[11.6894,44.0129],[11.7261,44.0138],[11.7317,44.0196],[11.7261,44.0215],[11.7295,44.0258],[11.7547,44.0265],[11.7619,44.0375],[11.7567,44.0411],[11.7627,44.0532],[11.7732,44.0369],[11.7782,44.0501],[11.7885,44.0506],[11.7972,44.0148],[11.8077,44.0121],[11.8631,44.0371],[11.8496,44.0191],[11.87,43.9852],[11.8531,43.9774],[11.8505,43.9595],[11.832,43.952],[11.8288,43.9447],[11.7921,43.9444],[11.7919,43.9372],[11.7708,43.9189],[11.7456,43.9167],[11.7253,43.9072],[11.7081,43.8869]]]}},{"type":"Feature","properties":{"id":"gutturnio","name":"Gutturnio","full_name":"Gutturnio","region":"Emilia-Romagna","grapes":["Barbera","Croatina"],"key_appellations":["Gutturnio"],"desc":"Gutturnio is a protected wine appellation in Emilia-Romagna.","level":"appellation"},"geometry":{"type":"Polygon","coordinates":[[[9.5812,44.8506],[9.568,44.8388],[9.5939,44.8314],[9.6119,44.8353],[9.6188,44.8226],[9.628,44.8199],[9.659,44.8236],[9.6695,44.8332],[9.6843,44.8297],[9.679,44.7996],[9.6595,44.7826],[9.6508,44.7657],[9.6514,44.757],[9.6663,44.74],[9.695,44.776],[9.7185,44.7689],[9.7102,44.7805],[9.7132,44.7871],[9.7202,44.7838],[9.7235,44.7689],[9.7337,44.7676],[9.7316,44.7634],[9.7632,44.7709],[9.7797,44.7832],[9.7947,44.7845],[9.7993,44.7744],[9.7917,44.7717],[9.7966,44.7683],[9.7593,44.7347],[9.7692,44.7098],[9.7876,44.7176],[9.7937,44.7302],[9.8163,44.7392],[9.8233,44.7507],[9.8143,44.7551],[9.8198,44.7629],[9.837,44.758],[9.8538,44.7677],[9.865,44.7621],[9.8806,44.7686],[9.8725,44.7828],[9.8822,44.8037],[9.9029,44.8085],[9.9369,44.8368],[9.9552,44.8404],[9.9651,44.8361],[9.9867,44.8456],[9.9835,44.8576],[10.0105,44.8751],[10.0124,44.8879],[10.0102,44.8966],[9.9939,44.9077],[9.9992,44.9292],[9.9794,44.9371],[9.9906,44.9524],[9.9749,44.9501],[9.9741,44.9436],[9.9656,44.9406],[9.9555,44.9145],[9.9321,44.8924],[9.915,44.9005],[9.8951,44.8993],[9.8594,44.9094],[9.8485,44.9034],[9.8449,44.9089],[9.8505,44.9225],[9.8424,44.9394],[9.8468,44.9496],[9.8265,44.9507],[9.8224,44.9452],[9.8094,44.9446],[9.8229,44.9563],[9.809,44.9618],[9.8096,44.9537],[9.8004,44.9499],[9.8043,44.9486],[9.8012,44.9422],[9.7958,44.9428],[9.7888,44.9471],[9.7909,44.9533],[9.7756,44.9579],[9.7764,44.9735],[9.7582,44.978],[9.7432,44.9649],[9.7326,44.9634],[9.7154,44.9343],[9.7083,44.9363],[9.6978,44.9281],[9.6883,44.9302],[9.6703,44.9473],[9.656,44.9459],[9.6511,44.9573],[9.6305,44.963],[9.6351,44.9696],[9.6312,44.9709],[9.6212,44.9679],[9.622,44.9609],[9.6137,44.9619],[9.6116,44.9556],[9.5942,44.957],[9.5914,44.9882],[9.5748,44.9876],[9.5663,44.98],[9.5302,44.98],[9.51,45.0027],[9.513,45.0141],[9.5243,45.0226],[9.5335,45.0213],[9.5293,45.036],[9.5343,45.037],[9.5036,45.047],[9.4888,45.0355],[9.4712,45.032],[9.4584,45.0391],[9.4648,45.0551],[9.4719,45.0621],[9.4827,45.063],[9.4798,45.0856],[9.4869,45.0902],[9.4801,45.0922],[9.4802,45.0988],[9.439,45.0934],[9.4356,45.0818],[9.4122,45.0835],[9.4138,45.0745],[9.4007,45.0737],[9.3708,45.0481],[9.3769,45.041],[9.3695,45.0237],[9.383,45.0205],[9.4037,45.0271],[9.4043,45.0213],[9.4159,45.0188],[9.4146,45.0055],[9.426,45.0065],[9.4215,44.9771],[9.409,44.9704],[9.3819,44.9717],[9.3786,44.9616],[9.3827,44.955],[9.3494,44.9621],[9.3532,44.9668],[9.3495,44.9701],[9.3427,44.9683],[9.3289,44.9616],[9.3146,44.9368],[9.2851,44.9318],[9.2954,44.9216],[9.2774,44.8956],[9.2929,44.8903],[9.2899,44.8824],[9.2969,44.8796],[9.3096,44.8759],[9.3216,44.8799],[9.3305,44.8708],[9.3413,44.8709],[9.3483,44.8398],[9.3631,44.8224],[9.3807,44.8279],[9.3875,44.8399],[9.3981,44.8455],[9.4558,44.8581],[9.4534,44.8689],[9.4613,44.8785],[9.477,44.8777],[9.5007,44.8909],[9.5151,44.8832],[9.5199,44.8994],[9.5327,44.9013],[9.5435,44.9136],[9.5625,44.9126],[9.5708,44.9201],[9.5751,44.9159],[9.584,44.921],[9.5942,44.9108],[9.5829,44.9033],[9.5791,44.8887],[9.5587,44.8784],[9.5812,44.8506]]]}},{"type":"Feature","properties":{"id":"lambrusco-di-sorbara","name":"Lambrusco di Sorbara","full_name":"Lambrusco di Sorbara","region":"Emilia-Romagna","grapes":["Lambrusca Di Alessandria","Lambrusco A Foglia Frastagliata","Lambrusco Barghi","Lambrusco Di Sorbara","Lambrusco Grasparossa","Lambrusco Maestri"],"key_appellations":["Lambrusco di Sorbara"],"desc":"Lambrusco di Sorbara is a protected wine appellation in Emilia-Romagna.","level":"appellation"},"geometry":{"type":"Polygon","coordinates":[[[11.0309,44.5275],[11.055,44.5263],[11.0577,44.5343],[11.073,44.5222],[11.0775,44.5313],[11.1082,44.5247],[11.1143,44.5361],[11.1046,44.5394],[11.1077,44.5451],[11.1317,44.5674],[11.1275,44.5692],[11.1402,44.5846],[11.1525,44.5866],[11.1417,44.5929],[11.146,44.5997],[11.1401,44.6012],[11.1428,44.6057],[11.1183,44.6178],[11.1278,44.6314],[11.0781,44.647],[11.117,44.7104],[11.1299,44.7829],[11.176,44.7919],[11.1793,44.7976],[11.2149,44.8073],[11.2222,44.8116],[11.2207,44.8155],[11.2143,44.8263],[11.1935,44.8204],[11.2019,44.8104],[11.1345,44.8047],[11.1324,44.8182],[11.1258,44.8156],[11.106,44.8265],[11.0867,44.8068],[11.0401,44.824],[11.0276,44.8224],[11.0158,44.8103],[10.9797,44.8281],[10.9633,44.8243],[10.9593,44.8132],[10.9639,44.8121],[10.9577,44.8106],[10.9515,44.7986],[10.936,44.8042],[10.9364,44.8221],[10.9207,44.8284],[10.9223,44.835],[10.9169,44.8339],[10.919,44.8629],[10.9287,44.8707],[10.9373,44.8899],[10.9291,44.8818],[10.9201,44.8828],[10.8769,44.8666],[10.85,44.8665],[10.815,44.8072],[10.8421,44.7955],[10.8275,44.7658],[10.8162,44.7573],[10.8174,44.7456],[10.8735,44.7237],[10.8691,44.7184],[10.8857,44.7125],[10.8782,44.6967],[10.8687,44.6932],[10.8672,44.6771],[10.8507,44.6739],[10.8506,44.6582],[10.8276,44.6598],[10.7964,44.6525],[10.7932,44.6387],[10.782,44.6278],[10.8028,44.6267],[10.7987,44.6213],[10.808,44.6176],[10.8097,44.6219],[10.8222,44.6176],[10.8283,44.6215],[10.8246,44.6104],[10.8379,44.6031],[10.8307,44.5994],[10.8739,44.6014],[10.8814,44.5947],[10.8973,44.5938],[10.8954,44.5887],[10.929,44.5722],[10.9271,44.5661],[10.9349,44.563],[10.963,44.5839],[10.9654,44.5778],[10.9743,44.5787],[10.9807,44.568],[10.9979,44.5691],[11.0308,44.5496],[11.0309,44.5275]]]}},{"type":"Feature","properties":{"id":"lambrusco-grasparossa-di-castelvetro","name":"Lambrusco Grasparossa di Castelvetro","full_name":"Lambrusco Grasparossa di Castelvetro","region":"Emilia-Romagna","grapes":["Lambrusca Di Alessandria","Lambrusco A Foglia Frastagliata","Lambrusco Barghi","Lambrusco Di Sorbara","Lambrusco Grasparossa","Lambrusco Maestri"],"key_appellations":["Lambrusco Grasparossa di Castelvetro"],"desc":"Lambrusco Grasparossa di Castelvetro is a protected wine appellation in Emilia-Romagna.","level":"appellation"},"geometry":{"type":"MultiPolygon","coordinates":[[[[10.6215,44.4058],[10.6223,44.398],[10.6642,44.407],[10.6714,44.3948],[10.6845,44.3972],[10.6849,44.407],[10.6991,44.4191],[10.7198,44.4256],[10.7274,44.425],[10.739,44.4087],[10.76,44.4148],[10.7536,44.4335],[10.7597,44.4434],[10.7593,44.4571],[10.7642,44.463],[10.7884,44.4588],[10.7937,44.4841],[10.7884,44.4897],[10.8077,44.494],[10.847,44.4901],[10.8534,44.4727],[10.8696,44.4628],[10.8624,44.4343],[10.8767,44.4319],[10.8788,44.4211],[10.8867,44.4157],[10.8786,44.4077],[10.8844,44.4017],[10.8819,44.3889],[10.9147,44.3857],[10.9239,44.3984],[10.9241,44.4185],[10.9379,44.44],[10.96,44.4438],[10.9861,44.4395],[11.0095,44.4453],[11.0269,44.4602],[11.0474,44.4659],[11.0507,44.4803],[11.0654,44.5001],[11.061,44.5133],[11.0562,44.5131],[11.0591,44.5224],[11.0533,44.5311],[11.0577,44.5343],[11.073,44.5222],[11.0775,44.5313],[11.1082,44.5247],[11.1143,44.5361],[11.1046,44.5394],[11.1077,44.5451],[11.1317,44.5674],[11.1275,44.5692],[11.1402,44.5846],[11.15,44.5836],[11.1529,44.5899],[11.1417,44.5929],[11.146,44.5997],[11.1401,44.6012],[11.1428,44.6057],[11.1183,44.6178],[11.1278,44.6314],[11.0536,44.6549],[11.0493,44.6424],[10.9924,44.6625],[10.9904,44.6659],[11.0088,44.6844],[10.9963,44.6878],[11.0105,44.7012],[11.0056,44.7043],[10.9964,44.7006],[10.9846,44.7107],[10.9832,44.7037],[10.9659,44.7194],[10.9475,44.7046],[10.8914,44.726],[10.8782,44.6967],[10.8687,44.6932],[10.8672,44.6771],[10.8507,44.6739],[10.8506,44.6582],[10.8276,44.6598],[10.7964,44.6525],[10.7932,44.6387],[10.7821,44.629],[10.7864,44.6035],[10.7667,44.5427],[10.7296,44.5005],[10.6615,44.4622],[10.6536,44.4493],[10.6566,44.4345],[10.6306,44.4202],[10.629,44.4101],[10.6215,44.4058]]],[[[10.8925,44.735],[10.8906,44.7304],[10.8952,44.7282],[10.8966,44.7307],[10.8925,44.735]]],[[[10.8881,44.7401],[10.8947,44.7407],[10.895,44.7421],[10.8881,44.7401]]]]}},{"type":"Feature","properties":{"id":"lambrusco-salamino-di-santa-croce","name":"Lambrusco Salamino di Santa Croce","full_name":"Lambrusco Salamino di Santa Croce","region":"Emilia-Romagna","grapes":["Ancellotta","Fortana","Lambrusca Di Alessandria","Lambrusco A Foglia Frastagliata","Lambrusco Barghi","Lambrusco Di Sorbara"],"key_appellations":["Lambrusco Salamino di Santa Croce"],"desc":"Lambrusco Salamino di Santa Croce is a protected wine appellation in Emilia-Romagna.","level":"appellation"},"geometry":{"type":"Polygon","coordinates":[[[10.9831,44.5672],[10.989,44.571],[10.992,44.5951],[11.0037,44.5978],[11.011,44.6062],[10.996,44.6263],[10.9872,44.6229],[10.9941,44.6288],[10.984,44.628],[10.991,44.6376],[10.9821,44.6506],[11.0088,44.6844],[10.9963,44.6878],[11.0106,44.7015],[10.9964,44.7006],[10.9846,44.7107],[10.9832,44.7037],[10.9659,44.7194],[10.9951,44.7401],[10.9826,44.751],[10.9962,44.7634],[10.9918,44.7705],[10.9975,44.774],[10.995,44.7875],[11.0019,44.7915],[11.0008,44.8101],[11.008,44.81],[11.0044,44.8157],[11.0158,44.8103],[11.0276,44.8224],[11.0401,44.824],[11.0704,44.8094],[11.1133,44.8007],[11.1169,44.7963],[11.1125,44.788],[11.1014,44.7814],[11.0993,44.7718],[11.105,44.771],[11.1335,44.7869],[11.1742,44.7914],[11.2079,44.8043],[11.2278,44.8001],[11.2362,44.8047],[11.2934,44.8028],[11.3116,44.8275],[11.3182,44.8248],[11.3235,44.8325],[11.3463,44.83],[11.3526,44.8361],[11.3662,44.8369],[11.3686,44.8427],[11.3563,44.8638],[11.3474,44.8645],[11.3473,44.8732],[11.3273,44.8749],[11.3053,44.8871],[11.2935,44.8855],[11.2691,44.8969],[11.2406,44.9007],[11.2348,44.906],[11.2388,44.914],[11.2605,44.9331],[11.2462,44.9514],[11.2387,44.9451],[11.1999,44.9381],[11.1607,44.9396],[11.1525,44.9333],[11.1181,44.9545],[11.0735,44.963],[11.0596,44.9489],[10.9975,44.9551],[10.9672,44.9348],[10.9506,44.9333],[10.9514,44.9279],[10.9414,44.9219],[10.9167,44.9244],[10.8879,44.9143],[10.8764,44.9015],[10.8769,44.8901],[10.8843,44.8893],[10.8803,44.8779],[10.8838,44.8728],[10.8769,44.8666],[10.848,44.8649],[10.815,44.8072],[10.8421,44.7955],[10.833,44.774],[10.8155,44.7546],[10.8149,44.7392],[10.8215,44.7347],[10.8062,44.697],[10.8207,44.6904],[10.8123,44.6677],[10.8195,44.6651],[10.813,44.6617],[10.8153,44.6565],[10.7964,44.6525],[10.7932,44.6387],[10.782,44.6278],[10.8028,44.6267],[10.7987,44.6213],[10.808,44.6176],[10.8097,44.6219],[10.8222,44.6176],[10.8283,44.6215],[10.8246,44.6104],[10.8379,44.6031],[10.8307,44.5994],[10.8739,44.6014],[10.8814,44.5947],[10.8973,44.5938],[10.8954,44.5887],[10.929,44.5722],[10.9271,44.5661],[10.9349,44.563],[10.963,44.5839],[10.9831,44.5672]]]}},{"type":"Feature","properties":{"id":"modena","name":"Modena","full_name":"Modena / di Modena","region":"Emilia-Romagna","grapes":["Albana","Alicante","Alionza","Ancellotta","Barbera","Bervedino"],"key_appellations":["Modena"],"desc":"Modena is a protected wine appellation in Emilia-Romagna.","level":"appellation"},"geometry":{"type":"Polygon","coordinates":[[[10.9147,44.3857],[10.9238,44.3517],[10.9428,44.3601],[10.9614,44.3553],[10.9759,44.3595],[10.9653,44.3673],[10.9668,44.3763],[11.0044,44.4082],[11.002,44.4252],[10.9904,44.4409],[11.0095,44.4453],[11.0269,44.4602],[11.0474,44.4659],[11.0551,44.4881],[11.0641,44.4936],[11.0533,44.5311],[11.0577,44.5343],[11.073,44.5222],[11.0775,44.5313],[11.1082,44.5247],[11.1143,44.5361],[11.1046,44.5394],[11.1077,44.5451],[11.1317,44.5674],[11.1275,44.5692],[11.1402,44.5846],[11.1525,44.5866],[11.1417,44.5929],[11.146,44.5997],[11.1401,44.6012],[11.1428,44.6057],[11.1183,44.6178],[11.1278,44.6314],[11.0781,44.647],[11.117,44.7104],[11.1328,44.7866],[11.1742,44.7914],[11.2079,44.8043],[11.2278,44.8001],[11.2362,44.8047],[11.2934,44.8028],[11.3116,44.8275],[11.3182,44.8248],[11.3235,44.8325],[11.3475,44.8301],[11.3685,44.8408],[11.3563,44.8638],[11.3474,44.8645],[11.3473,44.8732],[11.3273,44.8749],[11.3053,44.8871],[11.2935,44.8855],[11.2691,44.8969],[11.2454,44.8982],[11.2354,44.9052],[11.2605,44.9331],[11.2462,44.9514],[11.2387,44.9451],[11.1999,44.9381],[11.1607,44.9396],[11.1525,44.9333],[11.1181,44.9545],[11.0735,44.963],[11.0596,44.9489],[10.9975,44.9551],[10.9672,44.9348],[10.9506,44.9333],[10.9514,44.9279],[10.9414,44.9219],[10.9167,44.9244],[10.8879,44.9143],[10.8764,44.9015],[10.8769,44.8901],[10.8843,44.8893],[10.8803,44.8779],[10.8838,44.8728],[10.8729,44.8658],[10.85,44.8665],[10.8357,44.8477],[10.815,44.8072],[10.8421,44.7955],[10.833,44.774],[10.8155,44.7546],[10.8149,44.7392],[10.8215,44.7347],[10.8062,44.697],[10.8207,44.6904],[10.8123,44.6677],[10.8195,44.6651],[10.813,44.6617],[10.8153,44.6565],[10.7964,44.6525],[10.7932,44.6387],[10.7826,44.63],[10.7864,44.6035],[10.7679,44.5451],[10.7296,44.5005],[10.6591,44.4599],[10.6535,44.4483],[10.6566,44.4345],[10.6298,44.4195],[10.629,44.4101],[10.6215,44.4069],[10.6223,44.398],[10.6629,44.4071],[10.6704,44.395],[10.6841,44.3968],[10.6849,44.407],[10.6991,44.4191],[10.7248,44.4264],[10.7457,44.4021],[10.7506,44.3866],[10.7642,44.3765],[10.7684,44.3832],[10.7919,44.3834],[10.7955,44.3901],[10.8521,44.3928],[10.8786,44.4077],[10.8844,44.4017],[10.881,44.3912],[10.8851,44.3854],[10.8973,44.3891],[10.9147,44.3857]]]}},{"type":"Feature","properties":{"id":"ortrugo-dei-colli-piacentini","name":"Ortrugo dei Colli Piacentini","full_name":"Ortrugo dei Colli Piacentini / Ortrugo – Colli Piacentini","region":"Emilia-Romagna","grapes":["Albana","Alionza","Bervedino","Biancame","Bombino Bianco","Durella"],"key_appellations":["Ortrugo dei Colli Piacentini"],"desc":"Ortrugo dei Colli Piacentini is a protected wine appellation in Emilia-Romagna.","level":"appellation"},"geometry":{"type":"Polygon","coordinates":[[[9.4474,44.6927],[9.4722,44.7015],[9.4638,44.7143],[9.4738,44.7249],[9.4634,44.7289],[9.4616,44.7391],[9.4676,44.7454],[9.4838,44.7423],[9.5015,44.7494],[9.5098,44.742],[9.5219,44.7418],[9.543,44.7585],[9.5516,44.758],[9.5521,44.7532],[9.5662,44.7549],[9.568,44.7413],[9.582,44.7443],[9.5775,44.7334],[9.5699,44.732],[9.5864,44.7221],[9.5926,44.7214],[9.5954,44.7275],[9.6133,44.7222],[9.6271,44.7265],[9.6523,44.7181],[9.6702,44.7329],[9.6663,44.74],[9.692,44.7738],[9.6974,44.7769],[9.7185,44.7689],[9.7102,44.7805],[9.7132,44.7871],[9.7202,44.7838],[9.7235,44.7689],[9.7337,44.7676],[9.7316,44.7634],[9.7632,44.7709],[9.7797,44.7832],[9.7969,44.7822],[9.7993,44.7744],[9.7917,44.7717],[9.7961,44.7677],[9.7593,44.7347],[9.7681,44.7101],[9.7773,44.7119],[9.7876,44.7176],[9.7937,44.7302],[9.8163,44.7392],[9.8233,44.7507],[9.8143,44.7551],[9.8198,44.7629],[9.837,44.758],[9.8538,44.7677],[9.865,44.7621],[9.8806,44.7686],[9.8725,44.7828],[9.8822,44.8037],[9.9029,44.8085],[9.9369,44.8368],[9.9552,44.8404],[9.9651,44.8361],[9.9867,44.8456],[9.9835,44.8576],[10.0105,44.8751],[10.0124,44.8879],[10.0102,44.8966],[9.9939,44.9077],[9.9992,44.9292],[9.9794,44.9371],[9.9906,44.9524],[9.9749,44.9501],[9.9741,44.9436],[9.9656,44.9406],[9.9555,44.9145],[9.9321,44.8924],[9.915,44.9005],[9.8951,44.8993],[9.8594,44.9094],[9.8485,44.9034],[9.8449,44.9089],[9.8505,44.9225],[9.8424,44.9394],[9.8468,44.9496],[9.8265,44.9507],[9.8224,44.9452],[9.8094,44.9446],[9.8229,44.9563],[9.809,44.9618],[9.8096,44.9537],[9.8004,44.9499],[9.8043,44.9486],[9.8012,44.9422],[9.7958,44.9428],[9.7888,44.9471],[9.7909,44.9533],[9.7756,44.9579],[9.7764,44.9735],[9.7582,44.978],[9.7432,44.9649],[9.7326,44.9634],[9.7154,44.9343],[9.6891,44.9299],[9.6713,44.9468],[9.6585,44.9447],[9.6511,44.9573],[9.6305,44.963],[9.6351,44.9696],[9.6312,44.9709],[9.6212,44.9679],[9.622,44.9609],[9.6137,44.9619],[9.6116,44.9556],[9.5942,44.957],[9.5914,44.9882],[9.5748,44.9876],[9.5663,44.98],[9.5302,44.98],[9.51,45.0027],[9.513,45.0141],[9.5243,45.0226],[9.5335,45.0213],[9.53,45.0233],[9.5348,45.0294],[9.5293,45.0322],[9.5337,45.0374],[9.5036,45.047],[9.4888,45.0355],[9.4622,45.0345],[9.4584,45.0432],[9.4648,45.0551],[9.4837,45.0664],[9.4798,45.0856],[9.4869,45.0902],[9.4801,45.0922],[9.4802,45.0988],[9.439,45.0934],[9.4356,45.0818],[9.4122,45.0835],[9.4138,45.0745],[9.4007,45.0737],[9.3724,45.0509],[9.3769,45.041],[9.3695,45.0237],[9.3756,45.0199],[9.3654,45.0027],[9.3473,44.9978],[9.3352,44.9742],[9.3376,44.9654],[9.3246,44.956],[9.3218,44.9441],[9.3146,44.9368],[9.2851,44.9318],[9.2954,44.9216],[9.2774,44.8956],[9.2929,44.8903],[9.2899,44.8824],[9.2969,44.8796],[9.3096,44.8759],[9.3216,44.8799],[9.3305,44.8708],[9.3413,44.8709],[9.3483,44.8398],[9.3631,44.8224],[9.3542,44.8118],[9.3216,44.8],[9.3168,44.7839],[9.2876,44.7731],[9.2852,44.7612],[9.3326,44.735],[9.3478,44.7428],[9.387,44.7376],[9.4042,44.7246],[9.4014,44.714],[9.4237,44.7091],[9.4474,44.6927]]]}},{"type":"Feature","properties":{"id":"reggiano","name":"Reggiano","full_name":"Reggiano","region":"Emilia-Romagna","grapes":["Ancellotta","Cabernet Sauvignon","Fogarina","Lambrusco A Foglia Frastagliata","Lambrusco Barghi","Lambrusco Di Sorbara"],"key_appellations":["Reggiano"],"desc":"Reggiano is a protected wine appellation in Emilia-Romagna.","level":"appellation"},"geometry":{"type":"Polygon","coordinates":[[[10.4676,44.4172],[10.4688,44.4049],[10.5201,44.407],[10.5273,44.4145],[10.574,44.4196],[10.5986,44.408],[10.6215,44.4058],[10.629,44.4101],[10.6306,44.4202],[10.6566,44.4345],[10.6536,44.4493],[10.6615,44.4622],[10.6882,44.4741],[10.7421,44.5115],[10.7667,44.5427],[10.7753,44.564],[10.7868,44.6065],[10.7826,44.63],[10.7932,44.6387],[10.7964,44.6525],[10.8153,44.6565],[10.813,44.6617],[10.8195,44.6651],[10.8123,44.6677],[10.8207,44.6904],[10.8062,44.697],[10.8215,44.7347],[10.8149,44.7392],[10.8155,44.7546],[10.833,44.774],[10.8421,44.7955],[10.815,44.8072],[10.848,44.8649],[10.8769,44.8666],[10.8838,44.8728],[10.8803,44.8779],[10.8843,44.8893],[10.8769,44.8901],[10.8764,44.9015],[10.898,44.9218],[10.8767,44.917],[10.865,44.9236],[10.8654,44.9296],[10.8482,44.9254],[10.8347,44.9359],[10.8071,44.9345],[10.801,44.9425],[10.7706,44.9441],[10.7501,44.9226],[10.7414,44.9221],[10.7143,44.9312],[10.6881,44.9313],[10.6773,44.9352],[10.6746,44.9431],[10.6504,44.9481],[10.6279,44.9242],[10.5989,44.9147],[10.5661,44.9085],[10.5199,44.9127],[10.5043,44.9224],[10.4865,44.9003],[10.4638,44.8978],[10.4602,44.8866],[10.4688,44.8868],[10.4662,44.8824],[10.475,44.8749],[10.4655,44.8752],[10.4699,44.871],[10.4643,44.864],[10.4707,44.8587],[10.4629,44.859],[10.4643,44.853],[10.4527,44.8469],[10.4551,44.8316],[10.4411,44.824],[10.4374,44.8002],[10.4235,44.7982],[10.4297,44.7531],[10.4252,44.7394],[10.4459,44.7267],[10.4474,44.7193],[10.4144,44.673],[10.417,44.6404],[10.4005,44.6055],[10.4022,44.5645],[10.3844,44.5448],[10.3621,44.5421],[10.3511,44.5254],[10.3628,44.5125],[10.3929,44.499],[10.4144,44.4995],[10.4304,44.5165],[10.4156,44.5211],[10.4168,44.5379],[10.4377,44.5522],[10.4675,44.5435],[10.4723,44.5467],[10.4683,44.5589],[10.4769,44.5627],[10.4778,44.5704],[10.4985,44.5741],[10.5028,44.5653],[10.5265,44.5657],[10.5297,44.5481],[10.5432,44.5332],[10.5378,44.528],[10.5453,44.523],[10.5433,44.5168],[10.5668,44.4998],[10.5494,44.499],[10.5347,44.4834],[10.5105,44.5034],[10.484,44.4986],[10.4675,44.4895],[10.4737,44.4801],[10.4702,44.4746],[10.4743,44.4604],[10.4848,44.4527],[10.4793,44.4394],[10.4559,44.4313],[10.4676,44.4172]]]}},{"type":"Feature","properties":{"id":"cinque-terre","name":"Cinque Terre","full_name":"Cinque Terre / Cinque Terre Sciacchetrà","region":"Liguria","grapes":["Albana","Albarola","Albarossa","Alicante","Barbera","Barsaglina"],"key_appellations":["Cinque Terre"],"desc":"Cinque Terre is a protected wine appellation in Liguria.","level":"appellation"},"geometry":{"type":"Polygon","coordinates":[[[9.7609,44.0833],[9.8016,44.0638],[9.8165,44.0705],[9.8237,44.0813],[9.8217,44.088],[9.8259,44.0893],[9.8127,44.1009],[9.8314,44.0954],[9.8247,44.1022],[9.834,44.1042],[9.83,44.1055],[9.8359,44.1102],[9.8386,44.1051],[9.8401,44.1096],[9.844,44.1046],[9.8481,44.11],[9.8559,44.1072],[9.8552,44.1002],[9.8751,44.0866],[9.8922,44.0971],[9.8785,44.1116],[9.8848,44.1136],[9.8806,44.1271],[9.8562,44.1326],[9.8428,44.1439],[9.8423,44.1514],[9.8065,44.1434],[9.7961,44.1359],[9.7916,44.1386],[9.7769,44.1228],[9.7775,44.1101],[9.7644,44.106],[9.7435,44.1266],[9.7166,44.1338],[9.7179,44.1486],[9.6924,44.1654],[9.6853,44.1608],[9.6833,44.149],[9.6728,44.1535],[9.6853,44.1656],[9.6825,44.1727],[9.6969,44.1765],[9.6895,44.1848],[9.6701,44.1707],[9.6287,44.1539],[9.6355,44.1335],[9.6435,44.1441],[9.6674,44.1427],[9.7032,44.1254],[9.7054,44.1191],[9.7186,44.1174],[9.7395,44.0916],[9.7564,44.0911],[9.7609,44.0833]]]}},{"type":"Feature","properties":{"id":"colli-di-luni","name":"Colli di Luni","full_name":"Colli di Luni","region":"Liguria","grapes":["Albana","Albarola","Albarossa","Alicante Bouschet","Alicante","Ancellotta"],"key_appellations":["Colli di Luni"],"desc":"Colli di Luni is a protected wine appellation in Liguria.","level":"appellation"},"geometry":{"type":"Polygon","coordinates":[[[9.8693,44.088],[9.879,44.0875],[9.8812,44.081],[9.9068,44.0814],[9.9068,44.0673],[9.915,44.0704],[9.9141,44.066],[9.9197,44.0674],[9.9558,44.0417],[9.977,44.0354],[9.9946,44.0509],[10.0188,44.0445],[10.0327,44.0654],[10.0622,44.0801],[10.071,44.0937],[10.0483,44.1129],[10.0494,44.119],[10.0595,44.1248],[10.0594,44.1302],[10.083,44.1237],[10.0961,44.127],[10.0824,44.1378],[10.0837,44.1468],[10.0754,44.1566],[10.0781,44.1683],[10.0635,44.1694],[10.0503,44.1571],[10.0481,44.1678],[10.0337,44.1735],[10.0317,44.2005],[10.0374,44.2007],[10.0336,44.2099],[10.0384,44.2189],[10.0553,44.2189],[10.0597,44.2236],[10.0603,44.2486],[10.0514,44.2513],[10.0348,44.2431],[10.0347,44.2484],[10.0285,44.2489],[10.025,44.2433],[9.9937,44.2376],[9.9962,44.2333],[9.9871,44.2312],[9.9898,44.2263],[9.9633,44.2192],[9.9516,44.2295],[9.9085,44.2098],[9.8912,44.2078],[9.8834,44.2208],[9.8571,44.234],[9.8611,44.2512],[9.8527,44.2702],[9.8232,44.2816],[9.814,44.2753],[9.8094,44.2779],[9.8127,44.2675],[9.7981,44.2348],[9.8172,44.2265],[9.8026,44.2211],[9.7913,44.2285],[9.7808,44.2202],[9.7839,44.2109],[9.7548,44.2137],[9.7402,44.2076],[9.731,44.2001],[9.7396,44.1939],[9.7343,44.1904],[9.7365,44.1845],[9.7046,44.1566],[9.7179,44.1486],[9.7166,44.1338],[9.7435,44.1266],[9.763,44.1083],[9.765,44.0944],[9.7753,44.0892],[9.767,44.0812],[9.7979,44.0648],[9.8165,44.0705],[9.8237,44.0813],[9.8217,44.088],[9.8259,44.0893],[9.8127,44.1009],[9.8314,44.0954],[9.8247,44.1022],[9.834,44.1042],[9.83,44.1055],[9.8359,44.1102],[9.8386,44.1051],[9.8401,44.1096],[9.844,44.1046],[9.8481,44.11],[9.8559,44.1072],[9.8531,44.103],[9.8731,44.0889],[9.8693,44.088]]]}},{"type":"Feature","properties":{"id":"colline-di-levanto","name":"Colline di Levanto","full_name":"Colline di Levanto","region":"Liguria","grapes":["Albana","Albarola","Albarossa","Alicante","Barbera","Barsaglina"],"key_appellations":["Colline di Levanto"],"desc":"Colline di Levanto is a protected wine appellation in Liguria.","level":"appellation"},"geometry":{"type":"Polygon","coordinates":[[[9.6344,44.1338],[9.6287,44.1539],[9.6835,44.181],[9.6843,44.1852],[9.6702,44.1841],[9.6664,44.1931],[9.6738,44.2045],[9.6607,44.2097],[9.6507,44.2061],[9.6325,44.2271],[9.6003,44.2347],[9.5706,44.254],[9.5582,44.2576],[9.5339,44.253],[9.5216,44.2358],[9.5269,44.2275],[9.5125,44.2258],[9.5167,44.2224],[9.5113,44.2167],[9.5285,44.2077],[9.5485,44.207],[9.5689,44.191],[9.5689,44.1822],[9.5803,44.1831],[9.5838,44.1758],[9.6065,44.1714],[9.61,44.1665],[9.6061,44.1583],[9.6344,44.1338]]]}},{"type":"Feature","properties":{"id":"portofino","name":"Portofino","full_name":"Portofino / Golfo del Tigullio - Portofino","region":"Liguria","grapes":["Albana","Albarola","Albarossa","Alicante","Barbera","Barsaglina"],"key_appellations":["Portofino"],"desc":"Portofino is a protected wine appellation in Liguria.","level":"appellation"},"geometry":{"type":"Polygon","coordinates":[[[9.2097,44.3086],[9.2182,44.3311],[9.2137,44.3294],[9.2142,44.3347],[9.2259,44.3352],[9.2244,44.3407],[9.2284,44.3406],[9.2351,44.3431],[9.2292,44.3462],[9.2339,44.3483],[9.3737,44.2923],[9.3914,44.2802],[9.3927,44.2725],[9.3844,44.2686],[9.3949,44.2694],[9.4034,44.252],[9.4197,44.2594],[9.4326,44.2536],[9.4439,44.2381],[9.4716,44.2336],[9.48,44.2405],[9.488,44.2392],[9.5113,44.2167],[9.5167,44.2224],[9.5125,44.2258],[9.5269,44.2275],[9.5216,44.2358],[9.5339,44.253],[9.5582,44.2576],[9.5715,44.2534],[9.5749,44.2642],[9.5538,44.2904],[9.5383,44.2962],[9.5189,44.3177],[9.4993,44.3268],[9.5038,44.3408],[9.5182,44.3552],[9.4962,44.3668],[9.4894,44.3831],[9.4834,44.3803],[9.4722,44.3863],[9.4658,44.4016],[9.4791,44.4092],[9.4726,44.4243],[9.4384,44.4185],[9.4459,44.4384],[9.4582,44.4422],[9.4611,44.458],[9.4714,44.4679],[9.4697,44.4768],[9.4505,44.4757],[9.4416,44.4824],[9.3862,44.4899],[9.3352,44.4701],[9.3338,44.4611],[9.3209,44.459],[9.32,44.4455],[9.3249,44.4385],[9.3155,44.4361],[9.3126,44.4514],[9.2951,44.4598],[9.2922,44.4714],[9.2646,44.4704],[9.2556,44.4748],[9.2578,44.4917],[9.2528,44.4991],[9.2488,44.5015],[9.2407,44.4953],[9.2274,44.5121],[9.2195,44.5087],[9.2177,44.5138],[9.2094,44.5115],[9.2154,44.5057],[9.2134,44.4977],[9.2044,44.4932],[9.1897,44.4905],[9.1733,44.4949],[9.1234,44.4765],[9.1155,44.4855],[9.1007,44.4878],[9.0867,44.4831],[9.078,44.4727],[9.0621,44.4817],[9.0331,44.4836],[9.0093,44.472],[9.0041,44.4851],[8.964,44.4723],[8.9581,44.4655],[8.9586,44.4509],[8.9389,44.4536],[8.9287,44.4634],[8.9351,44.47],[8.9165,44.4763],[8.9217,44.4846],[8.9058,44.485],[8.9092,44.4952],[8.9047,44.4984],[8.9143,44.5121],[8.9007,44.5198],[8.8928,44.5168],[8.897,44.5025],[8.8846,44.4942],[8.8881,44.4726],[8.8641,44.4777],[8.8495,44.4746],[8.8577,44.4813],[8.8548,44.4909],[8.8395,44.4885],[8.8189,44.499],[8.8107,44.4902],[8.7928,44.4979],[8.786,44.4971],[8.7883,44.488],[8.7703,44.4894],[8.772,44.4799],[8.7843,44.4768],[8.7683,44.4568],[8.7505,44.4514],[8.7486,44.4426],[8.7414,44.4439],[8.734,44.4601],[8.7215,44.461],[8.7196,44.4731],[8.7036,44.481],[8.6764,44.4822],[8.6658,44.4658],[8.6708,44.4578],[8.667,44.4508],[8.6734,44.4433],[8.6817,44.4369],[8.6941,44.4385],[8.6985,44.4247],[8.7084,44.4221],[8.7045,44.413],[8.7451,44.4271],[8.7735,44.4232],[8.7768,44.4175],[8.7964,44.4179],[8.7978,44.4221],[8.7768,44.4266],[8.8229,44.424],[8.8285,44.4186],[8.8273,44.4239],[8.8355,44.424],[8.8517,44.4189],[8.8219,44.4149],[8.8714,44.4052],[8.8749,44.4091],[8.8796,44.4052],[8.8791,44.4088],[8.9165,44.3986],[8.9186,44.4039],[8.909,44.4097],[8.924,44.4141],[8.9269,44.4084],[8.9186,44.4072],[8.928,44.4042],[8.9224,44.4014],[8.9315,44.401],[8.9314,44.3956],[8.9268,44.3966],[8.9342,44.3935],[8.9856,44.3918],[9.1423,44.3606],[9.1557,44.3425],[9.1534,44.3305],[9.1451,44.3225],[9.219,44.2986],[9.2099,44.3029],[9.2141,44.3062],[9.2097,44.3086]]]}},{"type":"Feature","properties":{"id":"pornassio","name":"Pornassio","full_name":"Pornassio / Ormeasco di Pornassio","region":"Liguria","grapes":["Albarossa","Alicante","Barbera","Barsaglina","Cabernet Franc","Cabernet Sauvignon"],"key_appellations":["Pornassio"],"desc":"Pornassio is a protected wine appellation in Liguria.","level":"appellation"},"geometry":{"type":"Polygon","coordinates":[[[7.8503,43.9763],[7.8499,43.9864],[7.8615,43.987],[7.8741,44.0012],[7.892,44.0072],[7.9156,44.0067],[7.9375,43.9971],[7.9545,44.0094],[7.9764,43.9985],[8.0018,43.9967],[8.0027,44.0006],[7.9804,44.0128],[7.9777,44.0209],[7.988,44.033],[8.0057,44.0336],[8.0365,44.0575],[8.0384,44.075],[8.0312,44.0947],[8.0216,44.0973],[8.0181,44.1125],[8.0047,44.1023],[7.9705,44.1147],[7.958,44.1037],[7.9424,44.1001],[7.926,44.1103],[7.884,44.1046],[7.8808,44.1129],[7.8662,44.1181],[7.816,44.123],[7.7752,44.1399],[7.7628,44.1409],[7.7254,44.1255],[7.7155,44.1044],[7.7221,44.1032],[7.7329,44.0836],[7.7594,44.0843],[7.7489,44.0795],[7.7485,44.0699],[7.7601,44.0613],[7.7565,44.0551],[7.7792,44.0431],[7.7741,44.0252],[7.7601,44.0222],[7.7726,43.9919],[7.7677,43.9865],[7.7544,43.9876],[7.7453,43.9743],[7.7448,43.9643],[7.7547,43.9473],[7.7636,43.9412],[7.814,43.9401],[7.8271,43.9444],[7.8375,43.9395],[7.8431,43.9445],[7.8404,43.9551],[7.829,43.966],[7.8503,43.9763]]]}},{"type":"Feature","properties":{"id":"riviera-ligure-di-ponente","name":"Riviera ligure di Ponente","full_name":"Riviera ligure di Ponente","region":"Liguria","grapes":["Albana","Albarola","Albarossa","Alicante","Barbera","Barsaglina"],"key_appellations":["Riviera ligure di Ponente"],"desc":"Riviera ligure di Ponente is a protected wine appellation in Liguria.","level":"appellation"},"geometry":{"type":"Polygon","coordinates":[[[7.6943,43.7941],[7.7118,43.801],[7.7389,43.7954],[7.7533,43.8071],[7.8048,43.8232],[7.8311,43.816],[7.8467,43.8285],[7.8721,43.836],[7.8922,43.8382],[7.8999,43.8363],[7.9087,43.8358],[7.9131,43.8366],[7.9172,43.8384],[7.9097,43.8362],[7.908,43.8372],[7.9175,43.8435],[7.9661,43.8518],[7.9695,43.8602],[8.0294,43.8748],[8.0187,43.8783],[8.0274,43.8793],[8.0299,43.885],[8.0741,43.8919],[8.0827,43.8975],[8.0781,43.9037],[8.0919,43.9159],[8.1279,43.9265],[8.1397,43.9461],[8.1738,43.9548],[8.1594,43.9756],[8.1638,43.9937],[8.1798,44.0119],[8.1939,44.016],[8.1923,44.0211],[8.2022,44.0307],[8.2258,44.0438],[8.2312,44.0913],[8.249,44.1164],[8.2703,44.1328],[8.263,44.1324],[8.2688,44.1389],[8.2938,44.153],[8.335,44.1617],[8.3707,44.1776],[8.407,44.1814],[8.4246,44.1947],[8.4168,44.2012],[8.4163,44.222],[8.4427,44.2377],[8.4564,44.2583],[8.4538,44.2675],[8.4544,44.2599],[8.4427,44.2648],[8.4419,44.2772],[8.4602,44.2942],[8.4851,44.3028],[8.5042,44.3144],[8.4858,44.3073],[8.4961,44.3207],[8.4721,44.3435],[8.504,44.3393],[8.5099,44.3278],[8.5421,44.3358],[8.5502,44.3437],[8.5644,44.3462],[8.5715,44.3573],[8.6246,44.3719],[8.6396,44.3861],[8.6798,44.3932],[8.688,44.398],[8.69,44.4065],[8.7045,44.413],[8.7084,44.4221],[8.6983,44.4249],[8.6961,44.4372],[8.6817,44.4369],[8.667,44.4508],[8.6416,44.4384],[8.6056,44.4362],[8.6054,44.4291],[8.589,44.4279],[8.536,44.4403],[8.4955,44.4374],[8.4667,44.4259],[8.4626,44.4161],[8.454,44.4141],[8.4564,44.4076],[8.4455,44.4049],[8.4414,44.3955],[8.4297,44.3965],[8.4209,44.3905],[8.4129,44.3773],[8.3892,44.3882],[8.3657,44.3649],[8.3465,44.3556],[8.3462,44.3417],[8.3583,44.3353],[8.3385,44.32],[8.334,44.2862],[8.31,44.259],[8.288,44.2597],[8.2786,44.2702],[8.2611,44.276],[8.2563,44.2693],[8.2564,44.2497],[8.2505,44.2462],[8.2204,44.2379],[8.1975,44.2442],[8.2023,44.2372],[8.1933,44.225],[8.1705,44.2163],[8.1776,44.2065],[8.1739,44.1946],[8.1888,44.1847],[8.1886,44.1776],[8.1525,44.1672],[8.1496,44.1597],[8.1274,44.1735],[8.1138,44.1699],[8.1017,44.1785],[8.0827,44.1688],[8.0673,44.1447],[8.0429,44.1428],[8.0288,44.1541],[8.0031,44.1529],[7.979,44.1335],[8.0114,44.1216],[8.0027,44.1166],[8.0156,44.1107],[8.0069,44.1026],[7.9705,44.1147],[7.958,44.1037],[7.9424,44.1001],[7.926,44.1103],[7.884,44.1046],[7.8808,44.1129],[7.8662,44.1181],[7.816,44.123],[7.7752,44.1399],[7.7628,44.1409],[7.728,44.1273],[7.7155,44.1044],[7.7221,44.1032],[7.7329,44.0836],[7.7591,44.0839],[7.7379,44.0763],[7.7278,44.0603],[7.7103,44.0599],[7.7004,44.0407],[7.6627,44.029],[7.662,44.0177],[7.6705,43.9984],[7.6646,43.9868],[7.6554,43.985],[7.6527,43.974],[7.6434,43.9741],[7.6115,43.9541],[7.5987,43.9574],[7.5693,43.9474],[7.5669,43.9434],[7.5739,43.9361],[7.5682,43.9229],[7.5582,43.9174],[7.5612,43.8988],[7.5175,43.8824],[7.5117,43.8855],[7.4953,43.8644],[7.4968,43.8494],[7.5081,43.8416],[7.5183,43.803],[7.5298,43.784],[7.5556,43.78],[7.5595,43.7883],[7.5753,43.7928],[7.6728,43.7761],[7.6943,43.7941]]]}},{"type":"Feature","properties":{"id":"rossese-di-dolceacqua","name":"Rossese di Dolceacqua","full_name":"Rossese di Dolceacqua / Dolceacqua","region":"Liguria","grapes":["Albarossa","Alicante","Barbera","Barsaglina","Cabernet Franc","Cabernet Sauvignon"],"key_appellations":["Rossese di Dolceacqua"],"desc":"Rossese di Dolceacqua is a protected wine appellation in Liguria.","level":"appellation"},"geometry":{"type":"Polygon","coordinates":[[[7.5753,43.7928],[7.6466,43.7824],[7.6583,43.8082],[7.6967,43.8107],[7.6948,43.8162],[7.6776,43.8207],[7.7045,43.8411],[7.7121,43.8579],[7.7347,43.8754],[7.727,43.903],[7.7454,43.9128],[7.762,43.9073],[7.7801,43.9154],[7.7749,43.9165],[7.7716,43.9325],[7.7547,43.9473],[7.7504,43.9613],[7.7134,43.9714],[7.7039,43.9822],[7.6705,43.9984],[7.6646,43.9868],[7.6554,43.985],[7.652,43.9736],[7.6434,43.9741],[7.6115,43.9541],[7.5987,43.9574],[7.5693,43.9474],[7.5712,43.9286],[7.5582,43.9174],[7.5625,43.9005],[7.5811,43.889],[7.5816,43.858],[7.5734,43.8535],[7.5729,43.8469],[7.5457,43.8558],[7.5384,43.8517],[7.5318,43.8616],[7.5219,43.8486],[7.5014,43.8448],[7.5081,43.8416],[7.5183,43.803],[7.5298,43.784],[7.5556,43.78],[7.5595,43.7883],[7.5753,43.7928]]]}},{"type":"Feature","properties":{"id":"val-polcevera","name":"Val Polcèvera","full_name":"Val Polcèvera","region":"Liguria","grapes":["Albana","Albarola","Albarossa","Alicante","Barbera","Barsaglina"],"key_appellations":["Val Polcèvera"],"desc":"Val Polcèvera is a protected wine appellation in Liguria.","level":"appellation"},"geometry":{"type":"Polygon","coordinates":[[[8.9981,44.3861],[9.0644,44.3827],[9.066,44.3912],[9.0878,44.4102],[9.0956,44.4086],[9.0633,44.4208],[9.0503,44.4397],[9.0335,44.4505],[9.0574,44.4812],[9.0331,44.4836],[9.0085,44.4723],[9.0041,44.4851],[9.008,44.492],[8.9996,44.4971],[8.9966,44.5172],[8.9779,44.5204],[8.9767,44.5295],[8.9598,44.537],[8.944,44.5609],[8.9217,44.5671],[8.8914,44.5506],[8.8686,44.5662],[8.8527,44.5593],[8.8261,44.5618],[8.8222,44.5502],[8.8291,44.5436],[8.7991,44.5301],[8.7946,44.5234],[8.801,44.5007],[8.786,44.4971],[8.7883,44.488],[8.7184,44.4882],[8.7081,44.4795],[8.6764,44.4822],[8.6657,44.4656],[8.6708,44.4578],[8.667,44.4508],[8.6734,44.4433],[8.6817,44.4369],[8.6941,44.4385],[8.6985,44.4247],[8.7084,44.4221],[8.7045,44.413],[8.7451,44.4271],[8.7735,44.4232],[8.7768,44.4175],[8.7964,44.4179],[8.7978,44.4221],[8.7768,44.4266],[8.8229,44.424],[8.8285,44.4186],[8.8273,44.4239],[8.8355,44.424],[8.8517,44.4189],[8.8219,44.4149],[8.8714,44.4052],[8.8749,44.4091],[8.8796,44.4052],[8.8791,44.4088],[8.9165,44.3986],[8.9186,44.4039],[8.909,44.4097],[8.924,44.4141],[8.9269,44.4084],[8.9186,44.4072],[8.928,44.4042],[8.9224,44.4014],[8.9315,44.401],[8.9314,44.3956],[8.9268,44.3966],[8.9342,44.3935],[8.9853,44.3918],[8.9981,44.3861]]]}},{"type":"Feature","properties":{"id":"rosazzo","name":"Rosazzo","full_name":"Rosazzo","region":"Friuli-Venezia Giulia","grapes":["Chardonnay","Cividin","Glera","Malvasia Di Candia Aromatica","Malvasia Istriana","Manzoni Bianco"],"key_appellations":["Rosazzo"],"desc":"Rosazzo is a protected wine appellation in Friuli-Venezia Giulia.","level":"appellation"},"geometry":{"type":"Polygon","coordinates":[[[13.4423,45.9571],[13.437,45.9727],[13.4531,45.9802],[13.4526,45.9862],[13.4645,45.9842],[13.4682,45.9975],[13.4528,46.011],[13.458,46.0168],[13.4374,46.0254],[13.425,46.0222],[13.4229,46.0161],[13.4126,46.0253],[13.3811,46.0253],[13.3815,46.0122],[13.3721,46.0061],[13.3633,46.0103],[13.3633,46.0039],[13.3541,45.998],[13.3562,45.9924],[13.3399,45.9933],[13.3219,45.9867],[13.3539,45.9525],[13.3863,45.9465],[13.3886,45.9318],[13.4144,45.9396],[13.4163,45.9348],[13.4289,45.9478],[13.4251,45.954],[13.4423,45.9571]]]}},{"type":"Feature","properties":{"id":"san-ginesio","name":"San Ginesio","full_name":"San Ginesio","region":"Marche","grapes":["Alicante","Ancellotta","Barbera","Cabernet Franc","Cabernet Sauvignon","Canaiolo Nero"],"key_appellations":["San Ginesio"],"desc":"San Ginesio is a protected wine appellation in Marche.","level":"appellation"},"geometry":{"type":"Polygon","coordinates":[[[13.3302,43.0468],[13.3775,43.042],[13.3859,43.051],[13.3791,43.0643],[13.3896,43.0745],[13.4105,43.075],[13.4338,43.0851],[13.4301,43.1111],[13.441,43.1241],[13.4389,43.1352],[13.433,43.1386],[13.4621,43.1636],[13.4448,43.1715],[13.4433,43.1893],[13.4276,43.2059],[13.3867,43.1799],[13.3658,43.1797],[13.3535,43.1906],[13.3388,43.1614],[13.3185,43.1506],[13.3137,43.1551],[13.2766,43.1497],[13.2724,43.1534],[13.2467,43.1419],[13.2231,43.1538],[13.2109,43.1431],[13.1688,43.1404],[13.1598,43.1446],[13.155,43.1368],[13.1592,43.1181],[13.1681,43.1092],[13.1953,43.0982],[13.2021,43.0903],[13.1991,43.0849],[13.2146,43.0825],[13.2172,43.0746],[13.2071,43.0709],[13.2191,43.0704],[13.2177,43.0535],[13.2285,43.0442],[13.2225,43.0407],[13.2709,43.056],[13.2772,43.0522],[13.288,43.058],[13.2839,43.0632],[13.2914,43.0641],[13.3029,43.0571],[13.323,43.0595],[13.3302,43.0468]]]}},{"type":"Feature","properties":{"id":"rosso-piceno","name":"Rosso Piceno","full_name":"Rosso Piceno / Piceno","region":"Marche","grapes":["Alicante","Ancellotta","Barbera","Cabernet Franc","Cabernet Sauvignon","Canaiolo Nero"],"key_appellations":["Rosso Piceno"],"desc":"Rosso Piceno is a protected wine appellation in Marche.","level":"appellation"},"geometry":{"type":"MultiPolygon","coordinates":[[[[13.2177,43.0535],[13.2285,43.0442],[13.2233,43.0408],[13.2709,43.056],[13.2772,43.0522],[13.288,43.058],[13.2839,43.0632],[13.2953,43.0635],[13.3029,43.0571],[13.3223,43.0597],[13.3302,43.0468],[13.3813,43.0411],[13.3822,43.0192],[13.3963,43.0098],[13.4165,43.0088],[13.4298,43.023],[13.4597,43.0204],[13.4716,43.0133],[13.4718,42.999],[13.4869,42.9902],[13.5421,42.9893],[13.5407,42.97],[13.5314,42.9703],[13.5171,42.9512],[13.5205,42.9489],[13.5152,42.9491],[13.5142,42.9311],[13.5066,42.9265],[13.4831,42.9309],[13.4828,42.9174],[13.4891,42.9092],[13.479,42.903],[13.4785,42.8965],[13.4724,42.8983],[13.4779,42.8902],[13.472,42.8834],[13.4799,42.8566],[13.4914,42.8612],[13.5005,42.8512],[13.4884,42.8451],[13.499,42.8252],[13.4769,42.8242],[13.469,42.8301],[13.4589,42.8235],[13.4695,42.8036],[13.4634,42.8013],[13.4664,42.7895],[13.4596,42.7895],[13.4679,42.7719],[13.4808,42.7731],[13.493,42.7821],[13.5068,42.7763],[13.5179,42.7908],[13.5298,42.796],[13.535,42.8168],[13.5437,42.8169],[13.5551,42.8044],[13.5729,42.8004],[13.5843,42.8076],[13.6016,42.8064],[13.6168,42.812],[13.615,42.8236],[13.6409,42.8397],[13.6687,42.8358],[13.667,42.8494],[13.7057,42.8491],[13.7249,42.8557],[13.7741,42.8595],[13.8221,42.8796],[13.8749,42.8888],[13.8769,42.8947],[13.8803,42.8908],[13.9157,42.8946],[13.8904,42.9424],[13.8909,42.9549],[13.8841,42.9584],[13.8906,42.9575],[13.8798,42.9674],[13.8508,43.0593],[13.8451,43.097],[13.8171,43.1466],[13.8109,43.163],[13.8136,43.1652],[13.8137,43.1687],[13.8101,43.1635],[13.8122,43.1676],[13.804,43.1716],[13.7786,43.2339],[13.7356,43.3076],[13.7365,43.3113],[13.7356,43.3155],[13.736,43.3112],[13.7304,43.3116],[13.7332,43.3143],[13.7249,43.3161],[13.7132,43.3313],[13.6668,43.4326],[13.6235,43.5014],[13.6267,43.5106],[13.6207,43.5315],[13.6272,43.5482],[13.5941,43.5656],[13.5755,43.5691],[13.5654,43.5893],[13.5277,43.6215],[13.5026,43.6314],[13.5059,43.6258],[13.4939,43.6255],[13.5085,43.6231],[13.5036,43.6131],[13.4954,43.6225],[13.4906,43.6162],[13.4958,43.6116],[13.4803,43.6116],[13.4878,43.6096],[13.4812,43.6067],[13.4291,43.6178],[13.2878,43.6783],[13.1726,43.7503],[13.1292,43.7305],[13.1039,43.726],[13.0763,43.7286],[13.0627,43.7233],[13.0799,43.7044],[13.0693,43.6922],[13.0387,43.6761],[13.0228,43.6745],[13.002,43.6544],[12.9862,43.6554],[12.979,43.623],[12.9612,43.5978],[12.9425,43.597],[12.9369,43.5895],[12.923,43.5878],[12.9174,43.5821],[12.9219,43.5788],[12.9198,43.5701],[12.8772,43.537],[12.8805,43.5265],[12.8714,43.5216],[12.8865,43.518],[12.8934,43.5077],[12.8918,43.4979],[12.881,43.4949],[12.8796,43.4877],[12.8826,43.4763],[12.8937,43.473],[12.8927,43.4675],[12.909,43.4672],[12.9294,43.4812],[12.963,43.4828],[12.9584,43.4752],[12.9663,43.4615],[12.9632,43.4536],[12.9756,43.4482],[12.973,43.4433],[12.9847,43.4371],[12.9867,43.427],[12.9947,43.4243],[13.0104,43.4311],[13.0177,43.4298],[13.0252,43.419],[13.0461,43.4226],[13.0544,43.413],[13.0538,43.3898],[13.0622,43.3811],[13.0738,43.3917],[13.0928,43.3868],[13.0953,43.3676],[13.1014,43.3644],[13.0676,43.3492],[13.0592,43.3519],[13.0515,43.3328],[13.0703,43.3191],[13.0683,43.3107],[13.0881,43.2938],[13.0876,43.2844],[13.0991,43.2821],[13.0944,43.2645],[13.099,43.2494],[13.1072,43.2459],[13.1023,43.2201],[13.1159,43.2229],[13.1356,43.2048],[13.1228,43.1829],[13.1396,43.1726],[13.1402,43.1644],[13.168,43.161],[13.164,43.1559],[13.1674,43.1489],[13.155,43.1368],[13.1592,43.1181],[13.1685,43.1089],[13.1953,43.0982],[13.2021,43.0903],[13.1991,43.0849],[13.2146,43.0825],[13.2172,43.0746],[13.2071,43.0709],[13.2191,43.0704],[13.2177,43.0535]],[[13.1012,43.7222],[13.0912,43.7172],[13.0874,43.7202],[13.092,43.7238],[13.1012,43.7222]],[[13.0908,43.7144],[13.0783,43.7127],[13.0856,43.7187],[13.0908,43.7144]]],[[[13.4391,42.8087],[13.4313,42.8136],[13.4191,42.8081],[13.4334,42.8026],[13.4391,42.8087]]]]}},{"type":"Feature","properties":{"id":"rosso-conero","name":"Rosso Cònero","full_name":"Rosso Cònero","region":"Marche","grapes":["Alicante","Ancellotta","Barbera","Cabernet Franc","Cabernet Sauvignon","Canaiolo Nero"],"key_appellations":["Rosso Cònero"],"desc":"Rosso Cònero is a protected wine appellation in Marche.","level":"appellation"},"geometry":{"type":"Polygon","coordinates":[[[13.6062,43.4628],[13.6421,43.4741],[13.6226,43.504],[13.6267,43.5106],[13.6207,43.5315],[13.6272,43.5482],[13.5941,43.5656],[13.5755,43.5691],[13.5654,43.5893],[13.5309,43.62],[13.5026,43.6314],[13.5059,43.6258],[13.4939,43.6255],[13.5085,43.6231],[13.5036,43.6131],[13.4954,43.6225],[13.4906,43.6162],[13.4958,43.6116],[13.4803,43.6116],[13.4878,43.6096],[13.4812,43.6067],[13.4228,43.6205],[13.4133,43.6099],[13.4179,43.6084],[13.415,43.6006],[13.4014,43.6008],[13.4017,43.6067],[13.3762,43.6068],[13.3917,43.5903],[13.3935,43.597],[13.4039,43.5957],[13.3948,43.5814],[13.394,43.5691],[13.4,43.5653],[13.3966,43.5571],[13.4039,43.542],[13.4207,43.531],[13.4147,43.5162],[13.3992,43.5028],[13.3902,43.5033],[13.379,43.4953],[13.3507,43.5019],[13.3428,43.4983],[13.3618,43.4847],[13.3421,43.4782],[13.3436,43.4711],[13.366,43.4774],[13.4068,43.4754],[13.4075,43.4559],[13.4194,43.4565],[13.4139,43.4356],[13.4348,43.4331],[13.4336,43.4372],[13.4489,43.447],[13.4573,43.4384],[13.4802,43.4364],[13.515,43.444],[13.5329,43.4393],[13.586,43.4431],[13.6,43.4505],[13.6062,43.4628]]]}},{"type":"Feature","properties":{"id":"pergola","name":"Pergola","full_name":"Pergola","region":"Marche","grapes":["Alicante","Aléatico","Ancellotta","Barbera","Cabernet Franc","Cabernet Sauvignon"],"key_appellations":["Pergola"],"desc":"Pergola is a protected wine appellation in Marche.","level":"appellation"},"geometry":{"type":"Polygon","coordinates":[[[12.7346,43.4643],[12.7675,43.4598],[12.7748,43.4719],[12.7992,43.4789],[12.7958,43.4919],[12.8046,43.5038],[12.8204,43.5125],[12.8333,43.5108],[12.8432,43.5182],[12.8434,43.5255],[12.8751,43.5351],[12.9029,43.559],[12.9113,43.56],[12.9224,43.5742],[12.9174,43.5821],[12.923,43.5878],[12.9369,43.5895],[12.9425,43.597],[12.9603,43.5969],[12.979,43.623],[12.9862,43.6554],[12.9584,43.626],[12.945,43.6231],[12.939,43.6252],[12.9366,43.6452],[12.9326,43.6464],[12.9369,43.6571],[12.9309,43.6599],[12.9005,43.6585],[12.8733,43.6432],[12.851,43.642],[12.8417,43.6255],[12.8222,43.6283],[12.8196,43.6209],[12.8135,43.6304],[12.808,43.6291],[12.8045,43.6232],[12.8208,43.6149],[12.8164,43.612],[12.8183,43.6044],[12.8312,43.5998],[12.8192,43.589],[12.8085,43.5898],[12.8076,43.5719],[12.7939,43.5691],[12.7787,43.5834],[12.7638,43.5802],[12.7559,43.5773],[12.7483,43.5551],[12.7115,43.5462],[12.7156,43.5409],[12.7069,43.5291],[12.7046,43.5063],[12.6733,43.4855],[12.6667,43.4698],[12.6857,43.474],[12.7006,43.4686],[12.6973,43.4561],[12.7153,43.4461],[12.7346,43.4643]]]}},{"type":"Feature","properties":{"id":"lacrima-di-morro","name":"Lacrima di Morro","full_name":"Lacrima di Morro / Lacrima di Morro d'Alba","region":"Marche","grapes":["Alicante","Ancellotta","Barbera","Cabernet Franc","Cabernet Sauvignon","Canaiolo Nero"],"key_appellations":["Lacrima di Morro"],"desc":"Lacrima di Morro is a protected wine appellation in Marche.","level":"appellation"},"geometry":{"type":"Polygon","coordinates":[[[13.273,43.585],[13.2989,43.585],[13.3079,43.5796],[13.3204,43.5873],[13.3132,43.6015],[13.2931,43.6061],[13.2771,43.6188],[13.2804,43.6303],[13.2746,43.6311],[13.272,43.6222],[13.2605,43.6333],[13.2699,43.6485],[13.2848,43.6552],[13.2989,43.6515],[13.302,43.6612],[13.2952,43.6655],[13.3003,43.6722],[13.1726,43.7503],[13.1181,43.7283],[13.128,43.7061],[13.1342,43.7052],[13.1303,43.6969],[13.1368,43.681],[13.131,43.677],[13.1377,43.6694],[13.1566,43.666],[13.1505,43.6484],[13.13,43.653],[13.1013,43.6429],[13.0958,43.6262],[13.1198,43.6052],[13.1075,43.5914],[13.094,43.5904],[13.0831,43.5814],[13.0946,43.5689],[13.1193,43.5537],[13.1259,43.5417],[13.1332,43.5375],[13.148,43.5401],[13.1494,43.5318],[13.1578,43.5338],[13.1691,43.5225],[13.1747,43.5241],[13.1741,43.5342],[13.2118,43.5417],[13.2099,43.5474],[13.2234,43.5581],[13.2292,43.5569],[13.2365,43.5721],[13.273,43.585]]]}},{"type":"Feature","properties":{"id":"i-terreni-di-sanseverino","name":"I Terreni di Sanseverino","full_name":"I Terreni di Sanseverino","region":"Marche","grapes":["Alicante","Ancellotta","Barbera","Cabernet Franc","Cabernet Sauvignon","Canaiolo Nero"],"key_appellations":["I Terreni di Sanseverino"],"desc":"I Terreni di Sanseverino is a protected wine appellation in Marche.","level":"appellation"},"geometry":{"type":"Polygon","coordinates":[[[13.2843,43.2633],[13.2736,43.2654],[13.2607,43.2922],[13.2414,43.2922],[13.2381,43.3058],[13.2304,43.3047],[13.2336,43.3223],[13.243,43.3267],[13.2457,43.3379],[13.2348,43.3374],[13.2277,43.3285],[13.2047,43.3308],[13.1881,43.3217],[13.1599,43.3238],[13.1539,43.3335],[13.1563,43.3484],[13.1415,43.3516],[13.1192,43.3377],[13.0874,43.3336],[13.0805,43.3247],[13.0654,43.3233],[13.0732,43.3027],[13.0881,43.2938],[13.0876,43.2844],[13.0991,43.2821],[13.0944,43.2645],[13.099,43.2494],[13.1072,43.2459],[13.1023,43.2201],[13.1159,43.2229],[13.1278,43.2145],[13.1306,43.2056],[13.1561,43.2043],[13.1569,43.198],[13.172,43.1911],[13.2446,43.196],[13.2466,43.23],[13.2843,43.2633]]]}},{"type":"Feature","properties":{"id":"falerio","name":"Falerio","full_name":"Falerio","region":"Marche","grapes":["Albana","Biancame","Bombino Bianco","Fiano","Garganega","Grechetto"],"key_appellations":["Falerio"],"desc":"Falerio is a protected wine appellation in Marche.","level":"appellation"},"geometry":{"type":"Polygon","coordinates":[[[13.3523,42.6963],[13.3733,42.6951],[13.39,42.6871],[13.4274,42.7064],[13.4376,42.6992],[13.4412,42.7036],[13.4373,42.7156],[13.4457,42.7306],[13.486,42.7328],[13.5042,42.7471],[13.5023,42.7709],[13.5179,42.7908],[13.5298,42.796],[13.535,42.8168],[13.5437,42.8169],[13.5551,42.8044],[13.5715,42.8005],[13.6244,42.8165],[13.6355,42.8033],[13.6542,42.8048],[13.6991,42.8225],[13.7109,42.8433],[13.7066,42.8493],[13.7225,42.8553],[13.778,42.8604],[13.8221,42.8796],[13.8749,42.8888],[13.8769,42.8947],[13.8803,42.8908],[13.9157,42.8946],[13.8904,42.9424],[13.8909,42.9549],[13.8841,42.9584],[13.8906,42.9575],[13.8819,42.9626],[13.8728,42.9869],[13.8508,43.0593],[13.8447,43.0977],[13.8171,43.1466],[13.8109,43.163],[13.8136,43.1652],[13.8137,43.1687],[13.8101,43.1635],[13.8122,43.1676],[13.804,43.1716],[13.7786,43.2339],[13.743,43.2941],[13.637,43.2688],[13.6077,43.2714],[13.601,43.2678],[13.6096,43.2459],[13.6082,43.2327],[13.593,43.2092],[13.5643,43.2171],[13.5269,43.2117],[13.5211,43.2092],[13.5267,43.1933],[13.5163,43.1824],[13.5197,43.1748],[13.4964,43.1704],[13.4924,43.1641],[13.4675,43.1655],[13.4433,43.1493],[13.4402,43.1404],[13.433,43.1386],[13.4389,43.1352],[13.441,43.1241],[13.4301,43.1111],[13.4338,43.0851],[13.4498,43.0731],[13.4701,43.0816],[13.4838,43.0803],[13.4631,43.065],[13.4669,43.0444],[13.4597,43.0204],[13.4298,43.023],[13.4165,43.0088],[13.3963,43.0098],[13.3822,43.0192],[13.3847,43.0325],[13.3813,43.0411],[13.3729,43.043],[13.331,43.0246],[13.3309,43.0177],[13.3196,43.0109],[13.3194,43.0027],[13.309,43.0062],[13.2655,42.9711],[13.2429,42.9673],[13.2161,42.9511],[13.2161,42.9383],[13.2306,42.9225],[13.2332,42.9046],[13.2417,42.8924],[13.2321,42.8714],[13.2435,42.8586],[13.2642,42.8087],[13.2515,42.7943],[13.2595,42.7897],[13.251,42.7892],[13.2414,42.7628],[13.2343,42.7731],[13.2176,42.772],[13.2088,42.7639],[13.1951,42.7619],[13.1993,42.7486],[13.1877,42.7335],[13.2007,42.735],[13.2542,42.7214],[13.2645,42.7402],[13.2859,42.7405],[13.294,42.7308],[13.3178,42.724],[13.3523,42.6963]]]}},{"type":"Feature","properties":{"id":"esino","name":"Esino","full_name":"Esino","region":"Marche","grapes":["Albana","Alicante","Ancellotta","Barbera","Biancame","Bombino Bianco"],"key_appellations":["Esino"],"desc":"Esino is a protected wine appellation in Marche.","level":"appellation"},"geometry":{"type":"Polygon","coordinates":[[[12.9498,43.1953],[12.9643,43.1691],[12.9879,43.1627],[12.9947,43.1518],[12.9956,43.1278],[12.9801,43.1186],[12.9865,43.1154],[12.9907,43.096],[13.0189,43.0906],[13.0434,43.1082],[13.0496,43.0898],[13.0641,43.0919],[13.0622,43.0797],[13.069,43.0762],[13.1021,43.0818],[13.1054,43.0871],[13.1253,43.0918],[13.1259,43.0989],[13.1394,43.1071],[13.1636,43.1098],[13.1668,43.1121],[13.1592,43.1181],[13.155,43.1368],[13.1674,43.1489],[13.164,43.1559],[13.168,43.161],[13.1398,43.1646],[13.1396,43.1726],[13.1228,43.1829],[13.1356,43.2048],[13.1159,43.2229],[13.1023,43.2201],[13.1072,43.2459],[13.099,43.2494],[13.0944,43.2645],[13.0991,43.2821],[13.0876,43.2844],[13.0881,43.2938],[13.0732,43.3027],[13.0703,43.3191],[13.0592,43.3312],[13.0353,43.3396],[13.0468,43.3432],[13.0481,43.3577],[13.0623,43.3668],[13.0622,43.3811],[13.0716,43.3855],[13.0716,43.3908],[13.0799,43.389],[13.0861,43.3945],[13.0813,43.4067],[13.0713,43.4096],[13.0718,43.4165],[13.0851,43.4231],[13.0918,43.4358],[13.125,43.428],[13.1341,43.4182],[13.15,43.4136],[13.1695,43.4192],[13.2062,43.4161],[13.2299,43.4345],[13.2262,43.4407],[13.2444,43.4594],[13.2808,43.4612],[13.2714,43.4558],[13.2832,43.4441],[13.2856,43.4252],[13.3147,43.399],[13.3351,43.3956],[13.3359,43.3915],[13.3519,43.3952],[13.3565,43.4054],[13.3736,43.4141],[13.3998,43.4216],[13.4122,43.435],[13.4353,43.4332],[13.4336,43.4372],[13.4489,43.447],[13.4573,43.4384],[13.4802,43.4364],[13.515,43.444],[13.5329,43.4393],[13.5948,43.4471],[13.5791,43.4319],[13.5847,43.4191],[13.6261,43.4183],[13.6584,43.4341],[13.6556,43.4473],[13.6345,43.445],[13.6269,43.4522],[13.6016,43.458],[13.6421,43.4741],[13.6226,43.504],[13.6267,43.5106],[13.6207,43.5315],[13.6272,43.5482],[13.5941,43.5656],[13.5755,43.5691],[13.5654,43.5893],[13.5277,43.6215],[13.5026,43.6314],[13.5059,43.6258],[13.4939,43.6255],[13.5085,43.6231],[13.5036,43.6131],[13.4954,43.6225],[13.4906,43.6162],[13.4958,43.6116],[13.4803,43.6116],[13.4878,43.6096],[13.4812,43.6067],[13.4291,43.6178],[13.2878,43.6783],[13.1726,43.7503],[13.1292,43.7305],[13.1039,43.726],[13.0763,43.7286],[13.0627,43.7233],[13.0771,43.7125],[13.0731,43.7085],[13.0799,43.7044],[13.0775,43.7014],[13.0387,43.6761],[13.0228,43.6745],[13.002,43.6544],[12.9862,43.6554],[12.979,43.623],[12.9603,43.5969],[12.9425,43.597],[12.9369,43.5895],[12.923,43.5878],[12.9174,43.5821],[12.9219,43.5788],[12.9198,43.5701],[12.889,43.5434],[12.8434,43.5255],[12.8432,43.5182],[12.8301,43.5092],[12.8204,43.5125],[12.8036,43.503],[12.7958,43.4919],[12.7992,43.4789],[12.7748,43.4719],[12.7668,43.4615],[12.7765,43.4505],[12.7663,43.4454],[12.7745,43.4333],[12.7648,43.433],[12.7659,43.426],[12.7819,43.4153],[12.7744,43.4019],[12.7462,43.39],[12.7532,43.3859],[12.7491,43.3788],[12.7582,43.3727],[12.7584,43.3648],[12.7708,43.36],[12.7731,43.3503],[12.7941,43.334],[12.8023,43.3026],[12.7996,43.2908],[12.789,43.2832],[12.804,43.27],[12.8248,43.2666],[12.8307,43.2601],[12.8256,43.2487],[12.8366,43.2175],[12.8506,43.2099],[12.8619,43.211],[12.8789,43.2238],[12.8947,43.2271],[12.8981,43.21],[12.9299,43.2123],[12.9514,43.2046],[12.956,43.2167],[12.9635,43.2067],[12.9498,43.1953]],[[13.1012,43.7222],[13.0912,43.7172],[13.0874,43.7202],[13.1012,43.7222]],[[13.0783,43.7127],[13.0856,43.7187],[13.0908,43.7144],[13.0831,43.7099],[13.0783,43.7127]]]}},{"type":"Feature","properties":{"id":"amarone-della-valpolicella","name":"Amarone della Valpolicella","full_name":"Amarone della Valpolicella","region":"Veneto","grapes":["Corvina","Rondinella","Molinara"],"key_appellations":["Valpolicella","Amarone","Recioto","Ripasso"],"desc":"Home of Amarone, Recioto and Ripasso. Corvina-based reds from the hills north of Verona.","level":"appellation"},"geometry":{"type":"Polygon","coordinates":[[[10.9965,45.3675],[11.0215,45.3692],[11.0273,45.3765],[11.0168,45.3814],[11.0161,45.389],[11.024,45.3832],[11.0104,45.3978],[11.0303,45.4053],[11.0322,45.3956],[11.0571,45.3933],[11.0665,45.3808],[11.0808,45.3872],[11.1093,45.3789],[11.1291,45.389],[11.1279,45.4029],[11.1414,45.3963],[11.1388,45.4191],[11.1866,45.4141],[11.1907,45.4183],[11.1898,45.4139],[11.2197,45.3995],[11.2223,45.4127],[11.2147,45.418],[11.2216,45.4241],[11.2296,45.423],[11.2317,45.4305],[11.2238,45.435],[11.2271,45.4385],[11.2163,45.4562],[11.231,45.4747],[11.2519,45.4634],[11.262,45.4657],[11.2614,45.4612],[11.2685,45.4653],[11.295,45.4614],[11.3133,45.4379],[11.3222,45.4369],[11.3298,45.4444],[11.323,45.4551],[11.2713,45.4764],[11.2752,45.4804],[11.2694,45.5008],[11.2765,45.5117],[11.2635,45.5117],[11.2215,45.4935],[11.2026,45.5317],[11.2064,45.5398],[11.2002,45.5491],[11.2098,45.5531],[11.2054,45.5569],[11.1841,45.5607],[11.1813,45.5571],[11.1648,45.5634],[11.1543,45.5609],[11.1532,45.5444],[11.1226,45.5461],[11.1178,45.5588],[11.1206,45.5722],[11.1118,45.5941],[11.1025,45.5918],[11.093,45.5625],[11.1054,45.5392],[11.0744,45.534],[11.0767,45.5418],[11.0723,45.5415],[11.0693,45.5591],[11.0515,45.5845],[11.0426,45.5789],[11.0339,45.5884],[10.9975,45.5915],[11.0,45.6043],[10.9896,45.6068],[10.9829,45.6156],[10.977,45.6089],[10.9842,45.5959],[10.9786,45.5927],[10.9859,45.5882],[10.9841,45.5797],[10.9537,45.5958],[10.9464,45.5944],[10.941,45.584],[10.9428,45.592],[10.9363,45.5878],[10.9075,45.5894],[10.9178,45.6087],[10.9268,45.6138],[10.932,45.6309],[10.9303,45.6361],[10.9152,45.6305],[10.9057,45.6416],[10.928,45.6514],[10.928,45.6606],[10.9375,45.6734],[10.9114,45.6885],[10.8931,45.6759],[10.9029,45.6647],[10.8955,45.6591],[10.8964,45.6483],[10.8807,45.6463],[10.8839,45.6392],[10.8753,45.6289],[10.8628,45.6185],[10.8543,45.6206],[10.855,45.6073],[10.8438,45.5972],[10.8433,45.5854],[10.8223,45.5794],[10.8193,45.5679],[10.8254,45.5685],[10.8305,45.5566],[10.8055,45.5288],[10.8038,45.5161],[10.8097,45.503],[10.8248,45.4916],[10.8273,45.4817],[10.8535,45.4767],[10.8685,45.4803],[10.8787,45.4729],[10.8958,45.4774],[10.9063,45.4706],[10.8768,45.4616],[10.881,45.4564],[10.8776,45.454],[10.906,45.4333],[10.9298,45.385],[10.9289,45.375],[10.9409,45.3852],[10.9487,45.3814],[10.9433,45.372],[10.9684,45.3782],[10.9717,45.3547],[10.9908,45.3582],[10.9882,45.3494],[10.9964,45.3518],[10.992,45.364],[10.9965,45.3675]]]}},{"type":"Feature","properties":{"id":"bardolino","name":"Bardolino","full_name":"Bardolino","region":"Veneto","grapes":["Ancellotta","Barbera","Cabernet Franc","Cabernet Sauvignon","Casetta","Corbina"],"key_appellations":["Bardolino"],"desc":"Bardolino is a protected wine appellation in Veneto.","level":"appellation"},"geometry":{"type":"Polygon","coordinates":[[[10.7283,45.2913],[10.7374,45.2872],[10.7863,45.3176],[10.7667,45.3341],[10.7912,45.3535],[10.7828,45.3601],[10.7855,45.3688],[10.8095,45.3702],[10.9161,45.4057],[10.9053,45.4344],[10.8776,45.454],[10.881,45.4564],[10.8768,45.4616],[10.9063,45.4706],[10.8958,45.4774],[10.8787,45.4729],[10.8685,45.4803],[10.8535,45.4767],[10.8273,45.4817],[10.8248,45.4916],[10.8097,45.503],[10.8038,45.5161],[10.8055,45.5288],[10.8305,45.5566],[10.8254,45.5685],[10.8193,45.5679],[10.8223,45.5794],[10.844,45.5864],[10.8435,45.5964],[10.8515,45.6052],[10.8436,45.6162],[10.8601,45.6419],[10.8502,45.6532],[10.8411,45.6482],[10.8141,45.6574],[10.8139,45.6692],[10.7897,45.6369],[10.7686,45.6345],[10.7607,45.616],[10.7468,45.6153],[10.7367,45.6238],[10.7169,45.622],[10.7213,45.6299],[10.7135,45.6357],[10.7195,45.6423],[10.7228,45.637],[10.7368,45.6522],[10.7361,45.6581],[10.6895,45.6618],[10.6279,45.6068],[10.6429,45.4545],[10.6478,45.4485],[10.6234,45.4402],[10.6495,45.4408],[10.6451,45.4319],[10.6516,45.4279],[10.6439,45.4178],[10.6547,45.4158],[10.6646,45.4281],[10.7158,45.4166],[10.7177,45.3967],[10.7066,45.382],[10.6978,45.3801],[10.7147,45.3679],[10.7037,45.3583],[10.6855,45.354],[10.6868,45.3422],[10.7031,45.3414],[10.715,45.334],[10.7064,45.3163],[10.7312,45.3152],[10.7283,45.2913]]]}},{"type":"Feature","properties":{"id":"bardolino-superiore","name":"Bardolino Superiore","full_name":"Bardolino Superiore","region":"Veneto","grapes":["Ancellotta","Barbera","Cabernet Franc","Cabernet Sauvignon","Casetta","Corbina"],"key_appellations":["Bardolino Superiore"],"desc":"Bardolino Superiore is a protected wine appellation in Veneto.","level":"appellation"},"geometry":{"type":"Polygon","coordinates":[[[10.6646,45.4281],[10.7267,45.4147],[10.7314,45.4219],[10.7338,45.407],[10.7479,45.4074],[10.7465,45.4035],[10.7538,45.4026],[10.7654,45.3865],[10.7728,45.3886],[10.7708,45.3927],[10.7853,45.3915],[10.7753,45.3831],[10.7837,45.3791],[10.7845,45.369],[10.7923,45.3678],[10.9161,45.4057],[10.9053,45.4344],[10.8776,45.454],[10.881,45.4564],[10.8768,45.4616],[10.9063,45.4706],[10.8958,45.4774],[10.8787,45.4729],[10.8685,45.4803],[10.8535,45.4767],[10.8273,45.4817],[10.8248,45.4916],[10.8097,45.503],[10.8038,45.5161],[10.8055,45.5288],[10.8305,45.5566],[10.8254,45.5685],[10.8193,45.5679],[10.8223,45.5794],[10.8433,45.5854],[10.8435,45.5964],[10.8515,45.6052],[10.8465,45.6087],[10.8494,45.6139],[10.8406,45.6135],[10.8235,45.5871],[10.808,45.5846],[10.8017,45.593],[10.7804,45.5837],[10.7607,45.5827],[10.7417,45.5964],[10.745,45.6201],[10.7367,45.6238],[10.7187,45.6196],[10.7213,45.6299],[10.7125,45.633],[10.7195,45.6423],[10.7228,45.637],[10.7368,45.6522],[10.7361,45.6581],[10.6895,45.6618],[10.6279,45.6068],[10.6429,45.4545],[10.6478,45.4485],[10.6234,45.4402],[10.6495,45.4408],[10.6451,45.4319],[10.6516,45.4279],[10.6439,45.4178],[10.6547,45.4158],[10.6646,45.4281]]]}},{"type":"Feature","properties":{"id":"arcole","name":"Arcole","full_name":"Arcole","region":"Veneto","grapes":["Ancellotta","Barbera","Bianchetta Trevigiana","Bronner","Cabernet Franc","Cabernet Sauvignon"],"key_appellations":["Arcole"],"desc":"Arcole is a protected wine appellation in Veneto.","level":"appellation"},"geometry":{"type":"Polygon","coordinates":[[[11.2543,45.2736],[11.283,45.2664],[11.2992,45.2758],[11.3505,45.2668],[11.3794,45.2737],[11.4271,45.2533],[11.4507,45.2613],[11.4803,45.2585],[11.4911,45.2827],[11.4404,45.3029],[11.4327,45.3077],[11.4327,45.3154],[11.4477,45.3153],[11.4538,45.3252],[11.5098,45.3266],[11.5196,45.323],[11.5237,45.3143],[11.5303,45.3253],[11.5256,45.3451],[11.5639,45.3523],[11.5641,45.3576],[11.5314,45.3664],[11.5316,45.3706],[11.5164,45.374],[11.5038,45.3847],[11.4897,45.3725],[11.492,45.3542],[11.4825,45.3699],[11.4545,45.3697],[11.4528,45.3936],[11.4366,45.409],[11.4483,45.4282],[11.4416,45.4406],[11.4304,45.4345],[11.4337,45.4383],[11.4279,45.447],[11.4154,45.4542],[11.4113,45.4438],[11.4012,45.4451],[11.4042,45.4419],[11.4001,45.4407],[11.3981,45.4461],[11.3834,45.4354],[11.3627,45.4357],[11.3456,45.4269],[11.3413,45.4163],[11.3332,45.4332],[11.3235,45.4264],[11.3243,45.433],[11.3181,45.4328],[11.295,45.4614],[11.2685,45.4653],[11.2614,45.4612],[11.262,45.4657],[11.2442,45.4657],[11.2425,45.4716],[11.232,45.4748],[11.2163,45.4562],[11.2271,45.4385],[11.2239,45.4354],[11.2148,45.4478],[11.1977,45.4422],[11.18,45.4473],[11.1497,45.4374],[11.1522,45.4525],[11.1405,45.466],[11.0989,45.4757],[11.0911,45.4677],[11.0888,45.4506],[11.0741,45.4459],[11.0784,45.4384],[11.0668,45.4369],[11.0722,45.4324],[11.069,45.4223],[11.0812,45.4122],[11.0649,45.404],[11.0711,45.3943],[11.0571,45.3933],[11.0714,45.378],[11.0379,45.3685],[11.0469,45.3557],[11.0545,45.3485],[11.074,45.3516],[11.0856,45.335],[11.0947,45.3358],[11.1,45.3433],[11.1509,45.327],[11.1732,45.3341],[11.1797,45.342],[11.1733,45.3511],[11.1762,45.3575],[11.1862,45.3574],[11.1938,45.3693],[11.2234,45.3614],[11.2356,45.3516],[11.2507,45.352],[11.2532,45.3475],[11.2441,45.3402],[11.2666,45.3271],[11.2692,45.3223],[11.2614,45.3095],[11.2762,45.3013],[11.2604,45.2951],[11.2684,45.285],[11.2543,45.2736]]]}},{"type":"Feature","properties":{"id":"breganze","name":"Breganze","full_name":"Breganze","region":"Veneto","grapes":["Ancellotta","Barbera","Bronner","Cabernet Franc","Cabernet Sauvignon","Cavrara"],"key_appellations":["Breganze"],"desc":"Breganze is a protected wine appellation in Veneto.","level":"appellation"},"geometry":{"type":"Polygon","coordinates":[[[11.5436,45.6514],[11.5831,45.6473],[11.5807,45.6367],[11.5882,45.6244],[11.6045,45.6198],[11.6157,45.6252],[11.6179,45.6207],[11.6179,45.6372],[11.6264,45.6534],[11.6621,45.6552],[11.6655,45.6647],[11.6303,45.6711],[11.6279,45.6786],[11.6212,45.6804],[11.6207,45.6897],[11.6355,45.7023],[11.6585,45.7017],[11.6585,45.7188],[11.671,45.7333],[11.6878,45.7365],[11.6966,45.731],[11.6939,45.7254],[11.7046,45.7232],[11.7217,45.7367],[11.7591,45.7379],[11.7469,45.7522],[11.755,45.7537],[11.7495,45.7703],[11.7628,45.7719],[11.7334,45.7906],[11.7265,45.7853],[11.7171,45.7904],[11.7142,45.8041],[11.7189,45.8125],[11.7127,45.8192],[11.6913,45.8116],[11.6763,45.8188],[11.6451,45.8219],[11.6559,45.8138],[11.6652,45.7911],[11.6591,45.7914],[11.6598,45.7989],[11.6291,45.7813],[11.6006,45.7798],[11.6008,45.7718],[11.5935,45.7654],[11.5451,45.7662],[11.5369,45.7689],[11.5456,45.7732],[11.5394,45.7777],[11.5503,45.7879],[11.5422,45.7934],[11.5457,45.8002],[11.5278,45.8083],[11.5259,45.8153],[11.5105,45.8132],[11.5276,45.7879],[11.526,45.7687],[11.5155,45.7568],[11.4981,45.7562],[11.5017,45.7496],[11.471,45.7333],[11.4688,45.721],[11.4771,45.7148],[11.4922,45.7165],[11.5037,45.7081],[11.4944,45.7038],[11.4993,45.6989],[11.5141,45.6959],[11.5119,45.6548],[11.5362,45.6571],[11.5436,45.6514]]]}},{"type":"Feature","properties":{"id":"merlara","name":"Merlara","full_name":"Merlara","region":"Veneto","grapes":["Ancellotta","Barbera","Bianchetta Trevigiana","Bronner","Cabernet Franc","Cabernet Sauvignon"],"key_appellations":["Merlara"],"desc":"Merlara is a protected wine appellation in Veneto.","level":"appellation"},"geometry":{"type":"Polygon","coordinates":[[[11.5133,45.1102],[11.5268,45.1268],[11.5223,45.1368],[11.5258,45.1468],[11.5188,45.1529],[11.5243,45.1629],[11.5037,45.1876],[11.5006,45.2042],[11.5071,45.2132],[11.4987,45.2198],[11.4984,45.2268],[11.504,45.2303],[11.5051,45.2447],[11.5614,45.2618],[11.5284,45.2585],[11.4871,45.266],[11.4803,45.2585],[11.4507,45.2613],[11.4271,45.2533],[11.4028,45.2649],[11.3926,45.2594],[11.3754,45.2209],[11.3613,45.2191],[11.3514,45.2255],[11.3437,45.2204],[11.3466,45.2145],[11.3388,45.2082],[11.3573,45.2056],[11.3666,45.188],[11.3463,45.1713],[11.3495,45.1672],[11.4057,45.1425],[11.4123,45.1313],[11.468,45.1088],[11.4946,45.1032],[11.5133,45.1102]]]}},{"type":"Feature","properties":{"id":"valpolicella","name":"Valpolicella","full_name":"Valpolicella","region":"Veneto","grapes":["Corvina","Rondinella","Molinara"],"key_appellations":["Valpolicella","Amarone","Recioto","Ripasso"],"desc":"Home of Amarone, Recioto and Ripasso. Corvina-based reds from the hills north of Verona.","level":"appellation"},"geometry":{"type":"Polygon","coordinates":[[[10.9965,45.3675],[11.0215,45.3692],[11.0273,45.3765],[11.0168,45.3814],[11.0161,45.389],[11.024,45.3832],[11.0104,45.3978],[11.0303,45.4053],[11.0322,45.3956],[11.0571,45.3933],[11.0665,45.3808],[11.0808,45.3872],[11.1093,45.3789],[11.1291,45.389],[11.1279,45.4029],[11.1414,45.3963],[11.1388,45.4191],[11.1866,45.4141],[11.1907,45.4183],[11.1898,45.4139],[11.2197,45.3995],[11.2223,45.4127],[11.2147,45.418],[11.2216,45.4241],[11.2296,45.423],[11.2317,45.4305],[11.2238,45.435],[11.2271,45.4385],[11.2163,45.4562],[11.231,45.4747],[11.2519,45.4634],[11.262,45.4657],[11.2614,45.4612],[11.2685,45.4653],[11.295,45.4614],[11.3133,45.4379],[11.3222,45.4369],[11.3298,45.4444],[11.323,45.4551],[11.2713,45.4764],[11.2752,45.4804],[11.2694,45.5008],[11.2765,45.5117],[11.2635,45.5117],[11.2215,45.4935],[11.2026,45.5317],[11.2064,45.5398],[11.2002,45.5491],[11.2098,45.5531],[11.2054,45.5569],[11.1841,45.5607],[11.1813,45.5571],[11.1648,45.5634],[11.1543,45.5609],[11.1532,45.5444],[11.1226,45.5461],[11.1178,45.5588],[11.1206,45.5722],[11.1118,45.5941],[11.1025,45.5918],[11.093,45.5625],[11.1054,45.5392],[11.0744,45.534],[11.0767,45.5418],[11.0723,45.5415],[11.0693,45.5591],[11.0515,45.5845],[11.0426,45.5789],[11.0339,45.5884],[10.9975,45.5915],[11.0,45.6043],[10.9896,45.6068],[10.9829,45.6156],[10.977,45.6089],[10.9842,45.5959],[10.9786,45.5927],[10.9859,45.5882],[10.9841,45.5797],[10.9537,45.5958],[10.9464,45.5944],[10.941,45.584],[10.9428,45.592],[10.9363,45.5878],[10.9075,45.5894],[10.9178,45.6087],[10.9268,45.6138],[10.932,45.6309],[10.9303,45.6361],[10.9152,45.6305],[10.9057,45.6416],[10.928,45.6514],[10.928,45.6606],[10.9375,45.6734],[10.9114,45.6885],[10.8931,45.6759],[10.9029,45.6647],[10.8955,45.6591],[10.8964,45.6483],[10.8807,45.6463],[10.8839,45.6392],[10.8753,45.6289],[10.8628,45.6185],[10.8543,45.6206],[10.855,45.6073],[10.8438,45.5972],[10.8433,45.5854],[10.8223,45.5794],[10.8193,45.5679],[10.8254,45.5685],[10.8305,45.5566],[10.8055,45.5288],[10.8038,45.5161],[10.8097,45.503],[10.8248,45.4916],[10.8273,45.4817],[10.8535,45.4767],[10.8685,45.4803],[10.8787,45.4729],[10.8958,45.4774],[10.9063,45.4706],[10.8768,45.4616],[10.881,45.4564],[10.8776,45.454],[10.906,45.4333],[10.9298,45.385],[10.9289,45.375],[10.9409,45.3852],[10.9487,45.3814],[10.9433,45.372],[10.9684,45.3782],[10.9717,45.3547],[10.9908,45.3582],[10.9882,45.3494],[10.9964,45.3518],[10.992,45.364],[10.9965,45.3675]]]}},{"type":"Feature","properties":{"id":"colli-maceratesi","name":"Colli Maceratesi","full_name":"Colli Maceratesi","region":"Marche","grapes":["Albana","Alicante","Ancellotta","Barbera","Biancame","Bombino Bianco"],"key_appellations":["Colli Maceratesi"],"desc":"Colli Maceratesi is a protected wine appellation in Marche.","level":"appellation"},"geometry":{"type":"Polygon","coordinates":[[[13.0891,42.8965],[13.1123,42.8893],[13.1609,42.8319],[13.1822,42.8378],[13.1876,42.8345],[13.2207,42.8462],[13.2321,42.8557],[13.2353,42.8677],[13.2313,42.8751],[13.2418,42.892],[13.2332,42.9046],[13.2306,42.9225],[13.2161,42.9383],[13.2161,42.9511],[13.2223,42.9573],[13.2655,42.9711],[13.309,43.0062],[13.3194,43.0027],[13.3196,43.0109],[13.3309,43.0177],[13.331,43.0246],[13.3729,43.043],[13.3813,43.0411],[13.3847,43.0325],[13.3822,43.0192],[13.3963,43.0098],[13.4165,43.0088],[13.4298,43.023],[13.4597,43.0204],[13.4669,43.0444],[13.4631,43.065],[13.4838,43.0803],[13.4701,43.0816],[13.4498,43.0731],[13.4338,43.0851],[13.4301,43.1111],[13.441,43.1241],[13.4389,43.1352],[13.433,43.1386],[13.4402,43.1404],[13.4433,43.1493],[13.4675,43.1655],[13.4924,43.1641],[13.4964,43.1704],[13.5197,43.1748],[13.5163,43.1824],[13.5267,43.1933],[13.5211,43.2092],[13.5269,43.2117],[13.5643,43.2171],[13.593,43.2092],[13.6082,43.2327],[13.6096,43.2459],[13.601,43.2678],[13.6077,43.2714],[13.637,43.2688],[13.743,43.2941],[13.7355,43.3157],[13.7334,43.3103],[13.7249,43.3161],[13.7079,43.3402],[13.6668,43.4326],[13.6421,43.4741],[13.6062,43.4628],[13.6,43.4505],[13.586,43.4431],[13.5329,43.4393],[13.515,43.444],[13.4802,43.4364],[13.4573,43.4384],[13.4489,43.447],[13.4336,43.4372],[13.4353,43.4332],[13.4122,43.435],[13.3998,43.4216],[13.3736,43.4141],[13.3565,43.4054],[13.3519,43.3952],[13.3359,43.3915],[13.3351,43.3956],[13.3147,43.399],[13.2856,43.4252],[13.2832,43.4441],[13.2714,43.4558],[13.2808,43.4612],[13.2444,43.4594],[13.2262,43.4407],[13.2299,43.4345],[13.2062,43.4161],[13.1695,43.4192],[13.15,43.4136],[13.1341,43.4182],[13.125,43.428],[13.0918,43.4358],[13.0851,43.4231],[13.0718,43.4165],[13.0713,43.4096],[13.0813,43.4067],[13.0861,43.3945],[13.0799,43.389],[13.0716,43.3908],[13.0716,43.3855],[13.0622,43.3811],[13.0639,43.3699],[13.047,43.356],[13.0468,43.3432],[13.0353,43.3396],[13.0405,43.336],[13.0238,43.3265],[13.0093,43.305],[12.9875,43.3038],[12.9865,43.2917],[12.971,43.2818],[12.9106,43.2697],[12.9031,43.2809],[12.8956,43.2702],[12.882,43.267],[12.8872,43.2427],[12.8987,43.2294],[12.8616,43.2131],[12.8683,43.1952],[12.8625,43.1659],[12.8515,43.1537],[12.8297,43.1455],[12.843,43.1223],[12.8599,43.1261],[12.8813,43.1212],[12.885,43.0996],[12.8973,43.0935],[12.8899,43.0589],[12.8931,43.0463],[12.9067,43.0354],[12.9055,43.0201],[12.8977,43.0248],[12.888,43.0095],[12.9082,42.9853],[12.8958,42.9646],[12.9481,42.9414],[12.9493,42.9299],[12.9767,42.9261],[12.9684,42.9007],[12.9762,42.8698],[12.9891,42.8695],[13.0011,42.8892],[12.9983,42.8941],[13.0024,42.8957],[12.992,42.9008],[13.0015,42.9134],[13.0093,42.903],[13.0264,42.9022],[13.0544,42.9202],[13.0687,42.9058],[13.0886,42.901],[13.0891,42.8965]]]}},{"type":"Feature","properties":{"id":"bianchello-del-metauro","name":"Bianchello del Metauro","full_name":"Bianchello del Metauro","region":"Marche","grapes":["Biancame","Malvasia Bianca Lunga"],"key_appellations":["Bianchello del Metauro"],"desc":"Bianchello del Metauro is a protected wine appellation in Marche.","level":"appellation"},"geometry":{"type":"Polygon","coordinates":[[[12.851,43.642],[12.8806,43.6462],[12.8943,43.6201],[12.9584,43.626],[12.9845,43.6548],[13.002,43.6544],[13.0264,43.6759],[13.0168,43.7071],[13.0366,43.7204],[13.0976,43.7291],[13.0864,43.7371],[13.0891,43.7471],[13.0846,43.7576],[13.1029,43.7693],[13.1193,43.7637],[13.1333,43.7737],[13.0223,43.8533],[13.009,43.8525],[12.9626,43.8816],[12.9375,43.8637],[12.9399,43.8511],[12.9146,43.8366],[12.9126,43.8266],[12.9022,43.8253],[12.9117,43.8172],[12.9104,43.8094],[12.8996,43.8063],[12.8972,43.7996],[12.8875,43.7992],[12.8865,43.7851],[12.8691,43.7799],[12.8588,43.7873],[12.8185,43.7691],[12.7815,43.7881],[12.7706,43.8031],[12.7493,43.7975],[12.725,43.8018],[12.721,43.7921],[12.7394,43.7854],[12.7476,43.7666],[12.7382,43.7564],[12.7215,43.7641],[12.7143,43.7769],[12.7178,43.7838],[12.7036,43.7789],[12.6897,43.7816],[12.6867,43.7955],[12.6808,43.7969],[12.6841,43.806],[12.6755,43.8103],[12.6703,43.8067],[12.6622,43.8105],[12.6649,43.7997],[12.6554,43.7991],[12.6626,43.7908],[12.653,43.7938],[12.6544,43.7841],[12.6496,43.7883],[12.6388,43.7816],[12.6392,43.7893],[12.6303,43.7878],[12.6157,43.7949],[12.6166,43.8019],[12.6075,43.8012],[12.6043,43.8098],[12.6189,43.8264],[12.598,43.8401],[12.59,43.8217],[12.5932,43.8097],[12.5682,43.8091],[12.572,43.802],[12.5877,43.7976],[12.5605,43.7849],[12.5502,43.7742],[12.5521,43.7655],[12.5396,43.7603],[12.5352,43.7524],[12.5212,43.7563],[12.5013,43.7454],[12.482,43.7434],[12.4733,43.7327],[12.4532,43.7271],[12.435,43.7144],[12.4362,43.7072],[12.4589,43.7044],[12.461,43.6987],[12.4811,43.7208],[12.5,43.7186],[12.5149,43.7265],[12.5269,43.7098],[12.5377,43.7054],[12.5418,43.6856],[12.5597,43.6815],[12.5683,43.689],[12.5821,43.6862],[12.581,43.6751],[12.5906,43.6684],[12.5848,43.6629],[12.5954,43.6558],[12.5917,43.6535],[12.5992,43.6451],[12.6126,43.6494],[12.6258,43.6317],[12.6442,43.634],[12.6456,43.6443],[12.657,43.6414],[12.6616,43.6513],[12.6689,43.6459],[12.6767,43.6486],[12.6776,43.6627],[12.6702,43.6661],[12.6754,43.6732],[12.7025,43.6736],[12.7091,43.6601],[12.7176,43.6608],[12.7144,43.6555],[12.721,43.6468],[12.7315,43.647],[12.7616,43.6328],[12.7585,43.6311],[12.773,43.618],[12.7925,43.6083],[12.7902,43.5955],[12.8104,43.5891],[12.8192,43.589],[12.8312,43.5998],[12.8183,43.6044],[12.8164,43.612],[12.8208,43.6149],[12.8045,43.6232],[12.808,43.6291],[12.8135,43.6304],[12.8196,43.6209],[12.8222,43.6283],[12.8417,43.6255],[12.851,43.642]]]}},{"type":"Feature","properties":{"id":"vernaccia-di-serrapetrona","name":"Vernaccia di Serrapetrona","full_name":"Vernaccia di Serrapetrona","region":"Marche","grapes":["Alicante","Ancellotta","Barbera","Cabernet Franc","Cabernet Sauvignon","Canaiolo Nero"],"key_appellations":["Vernaccia di Serrapetrona"],"desc":"Vernaccia di Serrapetrona is a protected wine appellation in Marche.","level":"appellation"},"geometry":{"type":"Polygon","coordinates":[[[13.2231,43.1538],[13.2467,43.1419],[13.2707,43.153],[13.2758,43.1505],[13.2633,43.1657],[13.2682,43.1695],[13.266,43.1824],[13.2439,43.1857],[13.2439,43.2181],[13.2591,43.2453],[13.2843,43.2597],[13.2736,43.2654],[13.261,43.292],[13.2414,43.2922],[13.2381,43.3058],[13.2304,43.3047],[13.2336,43.3223],[13.243,43.3267],[13.2464,43.3377],[13.2348,43.3374],[13.2277,43.3285],[13.2047,43.3308],[13.1881,43.3217],[13.1599,43.3238],[13.1539,43.3335],[13.1563,43.3484],[13.1415,43.3516],[13.1192,43.3377],[13.0874,43.3336],[13.0805,43.3247],[13.0654,43.3233],[13.0732,43.3027],[13.0881,43.2938],[13.0876,43.2844],[13.0991,43.2821],[13.0944,43.2645],[13.099,43.2494],[13.1072,43.2459],[13.1023,43.2201],[13.1159,43.2229],[13.1356,43.2048],[13.1228,43.1829],[13.1396,43.1726],[13.1398,43.1646],[13.1666,43.1629],[13.1674,43.1489],[13.1613,43.1439],[13.1688,43.1404],[13.2109,43.1431],[13.2231,43.1538]]]}},{"type":"Feature","properties":{"id":"lessini-durello","name":"Lessini Durello","full_name":"Lessini Durello / Durello Lessini","region":"Veneto","grapes":["Chardonnay","Durella","Garganega","Pinot Bianco","Pinot Nero"],"key_appellations":["Lessini Durello"],"desc":"Lessini Durello is a protected wine appellation in Veneto.","level":"appellation"},"geometry":{"type":"Polygon","coordinates":[[[11.3332,45.4332],[11.3385,45.4167],[11.3447,45.417],[11.3456,45.4269],[11.3627,45.4357],[11.3834,45.4354],[11.3981,45.4461],[11.4001,45.4407],[11.4042,45.4419],[11.4012,45.4451],[11.4113,45.4438],[11.419,45.4631],[11.4118,45.4686],[11.4243,45.4718],[11.4217,45.4802],[11.4392,45.4911],[11.4579,45.4908],[11.4396,45.5121],[11.4224,45.5188],[11.4051,45.5398],[11.4065,45.5487],[11.4248,45.5624],[11.4235,45.568],[11.4307,45.5715],[11.4473,45.5605],[11.4477,45.5742],[11.457,45.5798],[11.4678,45.5697],[11.4916,45.5695],[11.5038,45.578],[11.5024,45.5848],[11.5177,45.5892],[11.4824,45.6167],[11.4898,45.6181],[11.4844,45.6396],[11.4521,45.6584],[11.4791,45.6681],[11.4744,45.6786],[11.4707,45.6762],[11.4578,45.6862],[11.4553,45.7023],[11.448,45.7022],[11.426,45.7245],[11.3873,45.7227],[11.3618,45.7366],[11.3599,45.7397],[11.367,45.7411],[11.3612,45.7514],[11.3701,45.7524],[11.3718,45.7434],[11.38,45.7453],[11.3885,45.7505],[11.3899,45.7607],[11.3192,45.7783],[11.2952,45.7717],[11.2875,45.7546],[11.2967,45.7477],[11.2944,45.7397],[11.3013,45.7303],[11.3217,45.7244],[11.3345,45.7124],[11.3218,45.6952],[11.3016,45.6906],[11.3255,45.672],[11.3313,45.6562],[11.321,45.6371],[11.3078,45.631],[11.3209,45.616],[11.3143,45.6119],[11.3144,45.6044],[11.2697,45.5955],[11.267,45.5874],[11.2719,45.585],[11.2606,45.5764],[11.2457,45.5778],[11.2442,45.5876],[11.2294,45.5951],[11.2355,45.6005],[11.2183,45.6039],[11.2121,45.6261],[11.1929,45.62],[11.1978,45.6027],[11.1932,45.5928],[11.1847,45.5912],[11.1568,45.6046],[11.1359,45.604],[11.1311,45.5822],[11.1182,45.5687],[11.1182,45.5537],[11.1285,45.5399],[11.1145,45.5275],[11.1257,45.5088],[11.1454,45.5121],[11.1452,45.4966],[11.1678,45.4938],[11.1865,45.4974],[11.1883,45.505],[11.1956,45.5057],[11.1994,45.4939],[11.1938,45.4785],[11.2136,45.4566],[11.2211,45.4357],[11.2271,45.4385],[11.2163,45.4562],[11.2341,45.4748],[11.2442,45.4657],[11.262,45.4657],[11.2614,45.4612],[11.2685,45.4653],[11.295,45.4614],[11.3181,45.4328],[11.3243,45.433],[11.3235,45.4264],[11.3332,45.4332]]]}},{"type":"Feature","properties":{"id":"conero","name":"Cònero","full_name":"Cònero","region":"Marche","grapes":["Montepulciano","Sangiovese"],"key_appellations":["Cònero"],"desc":"Cònero is a protected wine appellation in Marche.","level":"appellation"},"geometry":{"type":"Polygon","coordinates":[[[13.6062,43.4628],[13.6421,43.4741],[13.6226,43.504],[13.6267,43.5106],[13.6207,43.5315],[13.6275,43.5475],[13.609,43.5593],[13.5932,43.5204],[13.5788,43.5085],[13.5704,43.5293],[13.5706,43.5452],[13.5515,43.5529],[13.5414,43.5439],[13.5313,43.5516],[13.5239,43.5372],[13.5011,43.5307],[13.4623,43.5357],[13.4452,43.5467],[13.4344,43.5443],[13.4192,43.5356],[13.4147,43.5162],[13.3992,43.5028],[13.3902,43.5033],[13.379,43.4953],[13.3507,43.5019],[13.3428,43.4983],[13.3618,43.4847],[13.3421,43.4782],[13.3436,43.4711],[13.366,43.4774],[13.4068,43.4754],[13.4075,43.4559],[13.4194,43.4565],[13.414,43.4449],[13.4139,43.4356],[13.4185,43.4347],[13.4353,43.4332],[13.4336,43.4372],[13.4489,43.447],[13.4573,43.4384],[13.4802,43.4364],[13.515,43.444],[13.5329,43.4393],[13.586,43.4431],[13.6,43.4505],[13.6062,43.4628]]]}},{"type":"Feature","properties":{"id":"colli-berici","name":"Colli Berici","full_name":"Colli Berici","region":"Veneto","grapes":["Cabernet Franc","Cabernet Sauvignon","Chardonnay","Garganega","Manzoni Bianco","Merlot"],"key_appellations":["Colli Berici"],"desc":"Colli Berici is a protected wine appellation in Veneto.","level":"appellation"},"geometry":{"type":"Polygon","coordinates":[[[11.4327,45.3077],[11.4627,45.2945],[11.4779,45.3092],[11.4834,45.3231],[11.511,45.3265],[11.5196,45.323],[11.5222,45.3148],[11.5325,45.3178],[11.5323,45.3119],[11.5527,45.3105],[11.5619,45.3356],[11.5678,45.3341],[11.5639,45.3523],[11.6175,45.3255],[11.6199,45.3326],[11.6134,45.339],[11.6248,45.3454],[11.6275,45.3564],[11.6115,45.3743],[11.6159,45.3883],[11.6532,45.4104],[11.6523,45.4166],[11.6763,45.4231],[11.697,45.4402],[11.6914,45.4469],[11.7021,45.4594],[11.6884,45.4639],[11.6839,45.4678],[11.6876,45.4708],[11.6392,45.4873],[11.6269,45.5016],[11.6044,45.4995],[11.6096,45.5136],[11.6009,45.5201],[11.6098,45.527],[11.6051,45.5395],[11.6137,45.5463],[11.61,45.5555],[11.6155,45.5633],[11.5971,45.5659],[11.5968,45.5766],[11.5915,45.5823],[11.5833,45.5803],[11.5821,45.5896],[11.5705,45.5795],[11.5632,45.5822],[11.5607,45.5912],[11.5671,45.6027],[11.5617,45.6087],[11.5559,45.6064],[11.5567,45.5967],[11.5333,45.5887],[11.5272,45.5923],[11.5338,45.5841],[11.5246,45.578],[11.5166,45.5887],[11.5024,45.5848],[11.5038,45.578],[11.4916,45.5695],[11.4678,45.5697],[11.4554,45.5797],[11.4477,45.5742],[11.4473,45.5605],[11.4307,45.5715],[11.4211,45.561],[11.3927,45.5624],[11.3866,45.5491],[11.3932,45.5446],[11.379,45.5397],[11.3817,45.5155],[11.3755,45.5132],[11.3748,45.5047],[11.3929,45.4784],[11.3789,45.4738],[11.3798,45.4701],[11.3647,45.4678],[11.3595,45.4799],[11.3503,45.4847],[11.3271,45.4852],[11.3458,45.4787],[11.3565,45.4574],[11.358,45.4402],[11.3524,45.4371],[11.357,45.4321],[11.3456,45.4269],[11.3413,45.4163],[11.3459,45.3975],[11.3355,45.3985],[11.3309,45.3872],[11.3526,45.3737],[11.3515,45.3486],[11.3863,45.3491],[11.4257,45.3378],[11.4535,45.3226],[11.4477,45.3153],[11.4335,45.3161],[11.4327,45.3077]]]}},{"type":"Feature","properties":{"id":"serrapetrona","name":"Serrapetrona","full_name":"Serrapetrona","region":"Marche","grapes":["Alicante","Ancellotta","Barbera","Cabernet Franc","Cabernet Sauvignon","Canaiolo Nero"],"key_appellations":["Serrapetrona"],"desc":"Serrapetrona is a protected wine appellation in Marche.","level":"appellation"},"geometry":{"type":"Polygon","coordinates":[[[13.2231,43.1538],[13.2467,43.1419],[13.2707,43.153],[13.2758,43.1505],[13.2633,43.1657],[13.2682,43.1695],[13.266,43.1824],[13.2439,43.1857],[13.2439,43.2181],[13.2591,43.2453],[13.2843,43.2597],[13.2736,43.2654],[13.261,43.292],[13.2414,43.2922],[13.2381,43.3058],[13.2304,43.3047],[13.2336,43.3223],[13.243,43.3267],[13.2464,43.3377],[13.2348,43.3374],[13.2277,43.3285],[13.2047,43.3308],[13.1881,43.3217],[13.1599,43.3238],[13.1539,43.3335],[13.1563,43.3484],[13.1415,43.3516],[13.1192,43.3377],[13.0874,43.3336],[13.0805,43.3247],[13.0654,43.3233],[13.0732,43.3027],[13.0881,43.2938],[13.0876,43.2844],[13.0991,43.2821],[13.0944,43.2645],[13.099,43.2494],[13.1072,43.2459],[13.1023,43.2201],[13.1159,43.2229],[13.1356,43.2048],[13.1228,43.1829],[13.1396,43.1726],[13.1398,43.1646],[13.1666,43.1629],[13.1674,43.1489],[13.1613,43.1439],[13.1688,43.1404],[13.2109,43.1431],[13.2231,43.1538]]]}},{"type":"Feature","properties":{"id":"colli-di-conegliano","name":"Colli di Conegliano","full_name":"Colli di Conegliano","region":"Veneto","grapes":["Ancellotta","Barbera","Bianchetta Trevigiana","Boschera","Bronner","Cabernet Franc"],"key_appellations":["Colli di Conegliano"],"desc":"Colli di Conegliano is a protected wine appellation in Veneto.","level":"appellation"},"geometry":{"type":"Polygon","coordinates":[[[12.2122,45.8255],[12.2805,45.8074],[12.2782,45.8349],[12.2705,45.8364],[12.2642,45.8474],[12.2735,45.8651],[12.3014,45.8672],[12.3271,45.8602],[12.3331,45.8646],[12.328,45.8724],[12.3503,45.8609],[12.3669,45.8596],[12.375,45.872],[12.393,45.8741],[12.4104,45.8687],[12.4118,45.8768],[12.3888,45.8932],[12.3908,45.901],[12.3706,45.921],[12.3752,45.9208],[12.3757,45.9308],[12.3911,45.937],[12.4339,45.9396],[12.4708,45.9129],[12.4864,45.9258],[12.4627,45.9336],[12.4647,45.9409],[12.4543,45.9471],[12.4258,45.9474],[12.4223,45.9562],[12.4282,45.9958],[12.4187,46.0079],[12.4153,46.0269],[12.399,46.0414],[12.404,46.0452],[12.3995,46.0624],[12.3861,46.0629],[12.3915,46.0714],[12.3672,46.0763],[12.3619,46.0716],[12.3304,46.0826],[12.3128,46.08],[12.3028,46.0764],[12.2726,46.0426],[12.2549,46.0365],[12.2541,46.0276],[12.2399,46.0249],[12.2262,46.0131],[12.1916,46.0046],[12.1786,46.014],[12.1669,46.0136],[12.1692,46.0058],[12.1551,46.0008],[12.1111,46.0033],[12.1033,45.9976],[12.1015,45.9871],[12.0764,45.9761],[12.0787,45.9728],[12.0614,45.961],[12.0529,45.9651],[12.0379,45.957],[12.0546,45.9313],[12.0769,45.9139],[12.0779,45.905],[12.0608,45.9019],[12.064,45.8974],[12.06,45.8953],[12.0353,45.8918],[12.0285,45.8801],[12.0349,45.8698],[12.0274,45.8604],[12.0349,45.8562],[12.0367,45.8453],[12.0587,45.8531],[12.0758,45.8519],[12.0645,45.8706],[12.0681,45.8833],[12.0923,45.8771],[12.0981,45.8813],[12.1071,45.8785],[12.1118,45.8862],[12.1485,45.8858],[12.1663,45.8762],[12.1797,45.8806],[12.1842,45.8726],[12.1787,45.851],[12.2122,45.8255]]]}},{"type":"Feature","properties":{"id":"colli-euganei","name":"Colli Euganei","full_name":"Colli Euganei","region":"Veneto","grapes":["Ancellotta","Barbera","Bronner","Cabernet Franc","Cabernet Sauvignon","Cavrara"],"key_appellations":["Colli Euganei"],"desc":"Colli Euganei is a protected wine appellation in Veneto.","level":"appellation"},"geometry":{"type":"Polygon","coordinates":[[[11.6509,45.1812],[11.6613,45.1792],[11.6765,45.1984],[11.6946,45.1979],[11.6978,45.203],[11.714,45.1969],[11.7224,45.2016],[11.7407,45.1875],[11.7753,45.1884],[11.7787,45.1905],[11.7723,45.1962],[11.7734,45.208],[11.7793,45.2123],[11.7842,45.2072],[11.8089,45.2053],[11.8118,45.1956],[11.8164,45.1996],[11.8109,45.212],[11.8143,45.2213],[11.8025,45.2285],[11.8049,45.2361],[11.7871,45.2401],[11.7751,45.2542],[11.7731,45.2607],[11.7793,45.2662],[11.7761,45.2743],[11.7866,45.2875],[11.7948,45.2783],[11.8214,45.2715],[11.8295,45.2727],[11.836,45.2829],[11.8516,45.2787],[11.86,45.29],[11.8703,45.288],[11.8644,45.3117],[11.8388,45.3172],[11.8395,45.3221],[11.8183,45.3323],[11.8364,45.3571],[11.8053,45.3775],[11.8172,45.3874],[11.8153,45.3923],[11.8199,45.3913],[11.8184,45.4026],[11.8241,45.4035],[11.8259,45.4156],[11.8216,45.4187],[11.7977,45.4194],[11.7901,45.4125],[11.7878,45.4224],[11.7784,45.4236],[11.7636,45.4088],[11.7639,45.3985],[11.7715,45.3958],[11.7631,45.3879],[11.7478,45.3862],[11.7202,45.3953],[11.7074,45.4215],[11.6833,45.4294],[11.6763,45.4231],[11.6612,45.4214],[11.6592,45.4154],[11.6523,45.4166],[11.6532,45.4104],[11.6159,45.3883],[11.6114,45.3749],[11.6275,45.3564],[11.6251,45.3459],[11.6134,45.339],[11.6199,45.3326],[11.6175,45.3255],[11.6123,45.3254],[11.6145,45.3173],[11.5961,45.3162],[11.5828,45.3058],[11.5816,45.273],[11.6256,45.2557],[11.6104,45.2424],[11.624,45.218],[11.6476,45.2086],[11.6456,45.1908],[11.6509,45.1812]]]}},{"type":"Feature","properties":{"id":"colli-euganei-fior-d-arancio","name":"Colli Euganei Fior d'Arancio","full_name":"Colli Euganei Fior d'Arancio / Fior d'Arancio Colli Euganei","region":"Veneto","grapes":["Bronner","Garganega","Glera","Grapariol","Incrocio Bianco Fedit 51 C.S.G.","Malvasia Istriana"],"key_appellations":["Colli Euganei Fior d'Arancio"],"desc":"Colli Euganei Fior d'Arancio is a protected wine appellation in Veneto.","level":"appellation"},"geometry":{"type":"Polygon","coordinates":[[[11.6509,45.1812],[11.6613,45.1792],[11.6765,45.1984],[11.6946,45.1979],[11.6978,45.203],[11.714,45.1969],[11.7224,45.2016],[11.7407,45.1875],[11.7753,45.1884],[11.7787,45.1905],[11.7723,45.1962],[11.7734,45.208],[11.7793,45.2123],[11.7842,45.2072],[11.8089,45.2053],[11.8118,45.1956],[11.8164,45.1996],[11.8109,45.212],[11.8143,45.2213],[11.8025,45.2285],[11.8049,45.2361],[11.7871,45.2401],[11.7751,45.2542],[11.7731,45.2607],[11.7793,45.2662],[11.7761,45.2743],[11.7866,45.2875],[11.7948,45.2783],[11.8214,45.2715],[11.8295,45.2727],[11.836,45.2829],[11.8516,45.2787],[11.86,45.29],[11.8703,45.288],[11.8644,45.3117],[11.8388,45.3172],[11.8395,45.3221],[11.8183,45.3323],[11.8364,45.3571],[11.8053,45.3775],[11.8172,45.3874],[11.8153,45.3923],[11.8199,45.3913],[11.8184,45.4026],[11.8241,45.4035],[11.8259,45.4156],[11.8216,45.4187],[11.7977,45.4194],[11.7901,45.4125],[11.7878,45.4224],[11.7784,45.4236],[11.7636,45.4088],[11.7639,45.3985],[11.7715,45.3958],[11.7631,45.3879],[11.7478,45.3862],[11.7202,45.3953],[11.7074,45.4215],[11.6833,45.4294],[11.6763,45.4231],[11.6612,45.4214],[11.6592,45.4154],[11.6523,45.4166],[11.6532,45.4104],[11.6159,45.3883],[11.6114,45.3749],[11.6275,45.3564],[11.6251,45.3459],[11.6134,45.339],[11.6199,45.3326],[11.6175,45.3255],[11.6123,45.3254],[11.6145,45.3173],[11.5961,45.3162],[11.5828,45.3058],[11.5816,45.273],[11.6256,45.2557],[11.6104,45.2424],[11.624,45.218],[11.6476,45.2086],[11.6456,45.1908],[11.6509,45.1812]]]}},{"type":"Feature","properties":{"id":"corti-benedettine-del-padovano","name":"Corti Benedettine del Padovano","full_name":"Corti Benedettine del Padovano","region":"Veneto","grapes":["Ancellotta","Barbera","Bronner","Cabernet Franc","Cabernet Sauvignon","Carmenère"],"key_appellations":["Corti Benedettine del Padovano"],"desc":"Corti Benedettine del Padovano is a protected wine appellation in Veneto.","level":"appellation"},"geometry":{"type":"Polygon","coordinates":[[[11.9521,45.1348],[12.0057,45.1402],[12.0442,45.133],[12.0256,45.1196],[12.0501,45.115],[12.0477,45.1054],[12.0906,45.0765],[12.1214,45.0588],[12.1416,45.0556],[12.1482,45.0576],[12.1478,45.0686],[12.1589,45.0724],[12.1599,45.0841],[12.1678,45.0939],[12.188,45.0891],[12.2028,45.1051],[12.2153,45.1045],[12.2125,45.1079],[12.2345,45.1329],[12.2306,45.1532],[12.2372,45.1702],[12.1859,45.1681],[12.176,45.1628],[12.1534,45.1942],[12.1851,45.1969],[12.1539,45.2082],[12.1544,45.222],[12.1933,45.2338],[12.1956,45.2374],[12.1876,45.24],[12.2005,45.2573],[12.1583,45.2537],[12.1468,45.2639],[12.1331,45.2581],[12.1292,45.2629],[12.1326,45.3004],[12.1109,45.3067],[12.0975,45.3206],[12.1007,45.325],[12.0791,45.3321],[12.0699,45.3196],[12.058,45.3222],[12.052,45.3119],[12.0387,45.3165],[12.035,45.3134],[12.0175,45.327],[12.0146,45.3358],[12.0216,45.3375],[12.0123,45.3424],[12.0347,45.3573],[12.0318,45.3645],[12.0228,45.3617],[12.0263,45.3677],[12.0121,45.3704],[11.9883,45.349],[11.9825,45.3566],[11.9715,45.3537],[11.9725,45.3724],[11.9488,45.3693],[11.9439,45.3754],[11.9328,45.3709],[11.9182,45.3829],[11.9065,45.3771],[11.9139,45.3727],[11.9138,45.3658],[11.9034,45.3702],[11.894,45.3653],[11.9119,45.3546],[11.9199,45.34],[11.8943,45.3458],[11.8966,45.3528],[11.8849,45.3511],[11.8698,45.3571],[11.8705,45.361],[11.8618,45.3635],[11.8612,45.3838],[11.8519,45.3785],[11.7926,45.2999],[11.7935,45.3092],[11.7884,45.3115],[11.7714,45.3094],[11.7585,45.3001],[11.7738,45.2913],[11.7602,45.2857],[11.7615,45.2809],[11.7537,45.2822],[11.7448,45.2628],[11.7208,45.2499],[11.7245,45.246],[11.7098,45.2304],[11.7128,45.2257],[11.6967,45.2178],[11.7238,45.2076],[11.7227,45.201],[11.7355,45.1889],[11.784,45.1895],[11.7783,45.1621],[11.8043,45.1583],[11.7998,45.1553],[11.8041,45.1489],[11.8197,45.1481],[11.8261,45.1377],[11.8377,45.1402],[11.8419,45.1283],[11.8844,45.1369],[11.8972,45.1333],[11.9266,45.1433],[11.9521,45.1348]]]}},{"type":"Feature","properties":{"id":"lison","name":"Lison","full_name":"Lison","region":"Veneto","grapes":["Bianchetta Trevigiana","Boschera","Bronner","Cividin","Flavis","Glera"],"key_appellations":["Lison"],"desc":"Lison is a protected wine appellation in Veneto.","level":"appellation"},"geometry":{"type":"Polygon","coordinates":[[[12.7539,45.6351],[12.7533,45.5972],[12.7413,45.5881],[12.7593,45.5876],[12.7688,45.599],[12.7935,45.6025],[12.8167,45.5924],[12.7878,45.5567],[12.8891,45.5978],[12.9087,45.6148],[12.9736,45.6254],[13.0757,45.6324],[13.0999,45.6402],[13.0906,45.6498],[13.0803,45.6499],[13.0831,45.6581],[13.064,45.6562],[13.0668,45.6724],[13.0625,45.6792],[13.0543,45.6777],[13.0436,45.6855],[13.0533,45.6945],[13.0369,45.6994],[13.0463,45.7022],[13.0396,45.7082],[13.0387,45.7213],[13.028,45.7266],[13.0292,45.7362],[13.0164,45.7306],[13.015,45.7245],[13.0077,45.7261],[13.0157,45.7413],[13.0015,45.7484],[13.0054,45.7541],[12.9994,45.7596],[13.0114,45.7635],[12.9833,45.7769],[12.9842,45.7849],[12.9726,45.7894],[12.9917,45.7978],[12.9896,45.8015],[12.9808,45.7967],[12.9739,45.8066],[12.9779,45.8137],[12.9884,45.8087],[12.9934,45.8142],[12.973,45.8207],[12.9843,45.8262],[12.9742,45.8234],[12.9709,45.8287],[12.9843,45.834],[12.9758,45.8429],[12.9819,45.8518],[12.9746,45.8734],[12.9396,45.8902],[12.9224,45.884],[12.9028,45.8967],[12.894,45.8829],[12.8858,45.8949],[12.8786,45.8845],[12.8705,45.8853],[12.8692,45.8914],[12.8338,45.8761],[12.8228,45.8764],[12.8131,45.8857],[12.8143,45.8934],[12.7916,45.8923],[12.7924,45.8973],[12.7864,45.8985],[12.7908,45.9153],[12.7825,45.9041],[12.783,45.9103],[12.7705,45.9033],[12.7653,45.9097],[12.7338,45.8914],[12.7227,45.8984],[12.7199,45.9105],[12.7038,45.9053],[12.7019,45.8994],[12.6949,45.9098],[12.6791,45.9062],[12.6743,45.9131],[12.6867,45.921],[12.6844,45.9309],[12.6779,45.9226],[12.6721,45.927],[12.6637,45.9226],[12.6676,45.9196],[12.6574,45.9217],[12.6598,45.9167],[12.6459,45.9195],[12.6282,45.9049],[12.6446,45.897],[12.6352,45.8859],[12.6474,45.8886],[12.6463,45.8799],[12.6509,45.8815],[12.646,45.8727],[12.661,45.8762],[12.6687,45.8714],[12.6589,45.8592],[12.6677,45.8591],[12.6711,45.8538],[12.6521,45.837],[12.6585,45.8365],[12.6559,45.8317],[12.6626,45.8237],[12.6552,45.8205],[12.6588,45.8118],[12.6466,45.8122],[12.6462,45.8206],[12.6349,45.8174],[12.6314,45.83],[12.616,45.8295],[12.607,45.8389],[12.5993,45.8346],[12.5944,45.8309],[12.604,45.8072],[12.5889,45.8021],[12.5961,45.7942],[12.5789,45.7916],[12.5868,45.7768],[12.5808,45.7729],[12.5847,45.7635],[12.5764,45.7656],[12.5728,45.7611],[12.6109,45.7424],[12.6084,45.7357],[12.6426,45.737],[12.6439,45.7238],[12.6463,45.7303],[12.6623,45.7309],[12.6612,45.7392],[12.6727,45.7364],[12.6708,45.7168],[12.6763,45.7136],[12.6818,45.7178],[12.7095,45.702],[12.7043,45.6905],[12.7123,45.6934],[12.7167,45.684],[12.723,45.6886],[12.7267,45.6823],[12.7436,45.6826],[12.7435,45.6775],[12.7506,45.6773],[12.7466,45.6732],[12.7544,45.6677],[12.7517,45.6635],[12.7696,45.6602],[12.7478,45.6374],[12.7539,45.6351]]]}},{"type":"Feature","properties":{"id":"colli-pesaresi","name":"Colli Pesaresi","full_name":"Colli Pesaresi","region":"Marche","grapes":["Albana","Alicante","Ancellotta","Barbera","Biancame","Bombino Bianco"],"key_appellations":["Colli Pesaresi"],"desc":"Colli Pesaresi is a protected wine appellation in Marche.","level":"appellation"},"geometry":{"type":"MultiPolygon","coordinates":[[[[12.5008,43.5196],[12.5429,43.4797],[12.5691,43.4967],[12.5802,43.5157],[12.62,43.5143],[12.6348,43.5063],[12.6354,43.5008],[12.6549,43.4931],[12.6663,43.4964],[12.6625,43.4907],[12.6673,43.487],[12.6667,43.4698],[12.6733,43.4855],[12.7046,43.5063],[12.7069,43.5291],[12.7156,43.5409],[12.7115,43.5462],[12.7424,43.5518],[12.7587,43.5355],[12.7578,43.5284],[12.7806,43.522],[12.8059,43.504],[12.8204,43.5125],[12.8291,43.5088],[12.8432,43.5182],[12.8434,43.5255],[12.8751,43.5351],[12.9029,43.559],[12.9113,43.56],[12.9224,43.5742],[12.9174,43.5821],[12.923,43.5878],[12.9369,43.5895],[12.9425,43.597],[12.9612,43.5978],[12.979,43.623],[12.9862,43.6554],[13.002,43.6544],[13.0228,43.6745],[13.0387,43.6761],[13.0693,43.6922],[13.0799,43.7044],[13.0627,43.7233],[13.0763,43.7286],[13.1039,43.726],[13.1292,43.7305],[13.1726,43.7503],[13.0285,43.8448],[13.0223,43.8533],[13.009,43.8525],[12.9869,43.8649],[12.9072,43.9257],[12.9039,43.9164],[12.9062,43.9249],[12.8926,43.9232],[12.797,43.9654],[12.7512,43.9709],[12.7556,43.9619],[12.7274,43.9246],[12.7272,43.9114],[12.7348,43.896],[12.7227,43.8803],[12.734,43.8702],[12.7236,43.8612],[12.682,43.8526],[12.6782,43.8396],[12.6832,43.8285],[12.6721,43.8235],[12.6594,43.8282],[12.6233,43.8211],[12.61,43.8339],[12.6194,43.8443],[12.6056,43.8452],[12.601,43.8505],[12.6026,43.8634],[12.5894,43.8652],[12.5907,43.8843],[12.5725,43.8848],[12.5651,43.8815],[12.5625,43.8698],[12.5498,43.8649],[12.5627,43.8597],[12.5605,43.8517],[12.5653,43.8477],[12.5286,43.8574],[12.5205,43.8548],[12.5204,43.8486],[12.511,43.8485],[12.5119,43.8231],[12.494,43.8256],[12.4903,43.8038],[12.4938,43.8016],[12.4679,43.7863],[12.4737,43.774],[12.46,43.7759],[12.4521,43.7839],[12.4502,43.7789],[12.4363,43.7819],[12.4183,43.7635],[12.4332,43.7606],[12.4362,43.7505],[12.4466,43.747],[12.4554,43.7471],[12.4528,43.7529],[12.4685,43.7616],[12.482,43.7434],[12.4733,43.7327],[12.4379,43.7196],[12.4362,43.7072],[12.4589,43.7044],[12.461,43.6987],[12.4811,43.7208],[12.5,43.7186],[12.5149,43.7265],[12.5269,43.7098],[12.5377,43.7054],[12.5418,43.6856],[12.5597,43.6815],[12.5683,43.689],[12.5821,43.6862],[12.581,43.6751],[12.5906,43.6684],[12.5848,43.6629],[12.5954,43.6558],[12.5917,43.6535],[12.5992,43.6451],[12.6126,43.6494],[12.6258,43.6317],[12.6442,43.634],[12.6456,43.6443],[12.657,43.6414],[12.6616,43.6513],[12.6689,43.6459],[12.6767,43.6486],[12.6776,43.6627],[12.6702,43.6661],[12.6754,43.6732],[12.7025,43.6736],[12.7091,43.6601],[12.7176,43.6608],[12.7151,43.653],[12.7225,43.6457],[12.7166,43.6388],[12.6864,43.6338],[12.6851,43.6255],[12.6732,43.6153],[12.6403,43.6129],[12.627,43.6067],[12.6044,43.6114],[12.5848,43.6009],[12.5791,43.6107],[12.5605,43.6101],[12.5509,43.5973],[12.5503,43.584],[12.5627,43.5848],[12.5634,43.5766],[12.5744,43.5784],[12.5827,43.569],[12.5638,43.5461],[12.534,43.5551],[12.5137,43.5488],[12.5147,43.5365],[12.5236,43.5287],[12.5008,43.5196]]],[[[13.0783,43.7127],[13.0908,43.7144],[13.0856,43.7187],[13.0783,43.7127]]],[[[13.1012,43.7222],[13.092,43.7238],[13.0874,43.7202],[13.0977,43.718],[13.1012,43.7222]]]]}},{"type":"Feature","properties":{"id":"lison-pramaggiore","name":"Lison-Pramaggiore","full_name":"Lison-Pramaggiore","region":"Veneto","grapes":["Ancellotta","Barbera","Bianchetta Trevigiana","Boschera","Bronner","Cabernet Franc"],"key_appellations":["Lison-Pramaggiore"],"desc":"Lison-Pramaggiore is a protected wine appellation in Veneto.","level":"appellation"},"geometry":{"type":"Polygon","coordinates":[[[12.7539,45.6351],[12.7533,45.5972],[12.7413,45.5881],[12.7593,45.5876],[12.7688,45.599],[12.7935,45.6025],[12.8167,45.5924],[12.7878,45.5567],[12.8891,45.5978],[12.9087,45.6148],[12.9736,45.6254],[13.0757,45.6324],[13.0999,45.6402],[13.0906,45.6498],[13.0803,45.6499],[13.0831,45.6581],[13.064,45.6562],[13.0668,45.6724],[13.0625,45.6792],[13.0543,45.6777],[13.0436,45.6855],[13.0533,45.6945],[13.0369,45.6994],[13.0463,45.7022],[13.0396,45.7082],[13.0387,45.7213],[13.028,45.7266],[13.0292,45.7362],[13.0164,45.7306],[13.015,45.7245],[13.0077,45.7261],[13.0157,45.7413],[13.0015,45.7484],[13.0054,45.7541],[12.9994,45.7596],[13.0114,45.7635],[12.9833,45.7769],[12.9842,45.7849],[12.9726,45.7894],[12.9917,45.7978],[12.9896,45.8015],[12.9808,45.7967],[12.9739,45.8066],[12.9779,45.8137],[12.9884,45.8087],[12.9934,45.8142],[12.973,45.8207],[12.9843,45.8262],[12.9742,45.8234],[12.9709,45.8287],[12.9843,45.834],[12.9758,45.8429],[12.9819,45.8518],[12.9746,45.8734],[12.9396,45.8902],[12.9224,45.884],[12.9028,45.8967],[12.894,45.8829],[12.8858,45.8949],[12.8786,45.8845],[12.8705,45.8853],[12.8692,45.8914],[12.8338,45.8761],[12.8228,45.8764],[12.8131,45.8857],[12.8143,45.8934],[12.7916,45.8923],[12.7924,45.8973],[12.7864,45.8985],[12.7908,45.9153],[12.7825,45.9041],[12.783,45.9103],[12.7705,45.9033],[12.7653,45.9097],[12.7338,45.8914],[12.7227,45.8984],[12.7199,45.9105],[12.7038,45.9053],[12.7019,45.8994],[12.6949,45.9098],[12.6791,45.9062],[12.6743,45.9131],[12.6867,45.921],[12.6844,45.9309],[12.6779,45.9226],[12.6721,45.927],[12.6637,45.9226],[12.6676,45.9196],[12.6574,45.9217],[12.6598,45.9167],[12.6459,45.9195],[12.6282,45.9049],[12.6446,45.897],[12.6352,45.8859],[12.6474,45.8886],[12.6463,45.8799],[12.6509,45.8815],[12.646,45.8727],[12.661,45.8762],[12.6687,45.8714],[12.6589,45.8592],[12.6677,45.8591],[12.6711,45.8538],[12.6521,45.837],[12.6585,45.8365],[12.6559,45.8317],[12.6626,45.8237],[12.6552,45.8205],[12.6588,45.8118],[12.6466,45.8122],[12.6462,45.8206],[12.6349,45.8174],[12.6314,45.83],[12.616,45.8295],[12.607,45.8389],[12.5993,45.8346],[12.5944,45.8309],[12.604,45.8072],[12.5889,45.8021],[12.5961,45.7942],[12.5789,45.7916],[12.5868,45.7768],[12.5808,45.7729],[12.5847,45.7635],[12.5764,45.7656],[12.5728,45.7611],[12.6109,45.7424],[12.6084,45.7357],[12.6426,45.737],[12.6439,45.7238],[12.6463,45.7303],[12.6623,45.7309],[12.6612,45.7392],[12.6727,45.7364],[12.6708,45.7168],[12.6763,45.7136],[12.6818,45.7178],[12.7095,45.702],[12.7043,45.6905],[12.7123,45.6934],[12.7167,45.684],[12.723,45.6886],[12.7267,45.6823],[12.7436,45.6826],[12.7435,45.6775],[12.7506,45.6773],[12.7466,45.6732],[12.7544,45.6677],[12.7517,45.6635],[12.7696,45.6602],[12.7478,45.6374],[12.7539,45.6351]]]}},{"type":"Feature","properties":{"id":"asolo-montello","name":"Asolo Montello","full_name":"Asolo Montello / Montello Asolo","region":"Veneto","grapes":["Ancellotta","Barbera","Bianchetta Trevigiana","Boschera","Bronner","Cabernet Franc"],"key_appellations":["Asolo Montello"],"desc":"Asolo Montello is a protected wine appellation in Veneto.","level":"appellation"},"geometry":{"type":"Polygon","coordinates":[[[11.8522,45.7437],[11.867,45.7558],[11.9006,45.7558],[11.9015,45.7638],[11.916,45.7682],[11.9211,45.7607],[11.9334,45.7575],[11.9484,45.7613],[11.9453,45.7705],[11.9661,45.7726],[11.9675,45.7646],[11.9791,45.7665],[11.9819,45.7576],[11.9929,45.7504],[11.9984,45.7323],[12.0285,45.7315],[12.0309,45.7234],[12.0448,45.7289],[12.0475,45.7424],[12.0855,45.7576],[12.0919,45.7515],[12.1044,45.7584],[12.1119,45.7516],[12.1204,45.7579],[12.136,45.7477],[12.1321,45.7444],[12.1359,45.7414],[12.1473,45.7401],[12.1589,45.7439],[12.1524,45.7535],[12.1648,45.7608],[12.1855,45.7591],[12.19,45.7688],[12.2103,45.7713],[12.2026,45.7805],[12.2058,45.7958],[12.2399,45.7945],[12.2797,45.8073],[12.2122,45.8255],[12.1671,45.8543],[12.1046,45.8351],[12.0771,45.8518],[12.0587,45.8531],[12.0367,45.8453],[12.0344,45.8565],[12.0111,45.8605],[11.9492,45.8953],[11.8692,45.8807],[11.8465,45.8843],[11.8458,45.8963],[11.8253,45.9081],[11.7996,45.8806],[11.7992,45.872],[11.7667,45.8693],[11.7622,45.8588],[11.7427,45.8549],[11.7594,45.8387],[11.7502,45.8223],[11.7634,45.8019],[11.7792,45.7919],[11.7934,45.8013],[11.8112,45.7975],[11.809,45.7929],[11.8185,45.7872],[11.8362,45.749],[11.8312,45.7405],[11.8522,45.7437]]]}},{"type":"Feature","properties":{"id":"montello-rosso","name":"Montello Rosso","full_name":"Montello Rosso / Montello","region":"Veneto","grapes":["Ancellotta","Barbera","Cabernet Franc","Cabernet Sauvignon","Corbina","Fertilia"],"key_appellations":["Montello Rosso"],"desc":"Montello Rosso is a protected wine appellation in Veneto.","level":"appellation"},"geometry":{"type":"Polygon","coordinates":[[[11.8522,45.7437],[11.867,45.7558],[11.9006,45.7558],[11.9015,45.7638],[11.916,45.7682],[11.9211,45.7607],[11.9334,45.7575],[11.9484,45.7613],[11.9453,45.7705],[11.9661,45.7726],[11.9675,45.7646],[11.9791,45.7665],[11.9819,45.7576],[11.9929,45.7504],[11.9984,45.7323],[12.0285,45.7315],[12.0309,45.7234],[12.0448,45.7289],[12.0475,45.7424],[12.0855,45.7576],[12.0919,45.7515],[12.1044,45.7584],[12.1119,45.7516],[12.1204,45.7579],[12.136,45.7477],[12.1321,45.7444],[12.1359,45.7414],[12.1473,45.7401],[12.1589,45.7439],[12.1524,45.7535],[12.1648,45.7608],[12.1855,45.7591],[12.19,45.7688],[12.2103,45.7713],[12.2026,45.7805],[12.2058,45.7958],[12.2399,45.7945],[12.2797,45.8073],[12.2122,45.8255],[12.1671,45.8543],[12.1046,45.8351],[12.0771,45.8518],[12.0587,45.8531],[12.0367,45.8453],[12.0344,45.8565],[12.0111,45.8605],[11.9492,45.8953],[11.8692,45.8807],[11.8465,45.8843],[11.8458,45.8963],[11.8253,45.9081],[11.7996,45.8806],[11.7992,45.872],[11.7667,45.8693],[11.7622,45.8588],[11.7427,45.8549],[11.7594,45.8387],[11.7502,45.8223],[11.7634,45.8019],[11.7792,45.7919],[11.7934,45.8013],[11.8112,45.7975],[11.809,45.7929],[11.8185,45.7872],[11.8362,45.749],[11.8312,45.7405],[11.8522,45.7437]]]}},{"type":"Feature","properties":{"id":"monti-lessini","name":"Monti Lessini","full_name":"Monti Lessini","region":"Veneto","grapes":["Ancellotta","Barbera","Cabernet Franc","Cabernet Sauvignon","Casetta","Cavrara"],"key_appellations":["Monti Lessini"],"desc":"Monti Lessini is a protected wine appellation in Veneto.","level":"appellation"},"geometry":{"type":"Polygon","coordinates":[[[11.3332,45.4332],[11.3385,45.4167],[11.3447,45.417],[11.3456,45.4269],[11.3627,45.4357],[11.3834,45.4354],[11.3981,45.4461],[11.4001,45.4407],[11.4042,45.4419],[11.4012,45.4451],[11.4113,45.4438],[11.419,45.4631],[11.4118,45.4686],[11.4243,45.4718],[11.4217,45.4802],[11.4392,45.4911],[11.4579,45.4908],[11.4396,45.5121],[11.4224,45.5188],[11.4051,45.5398],[11.4065,45.5487],[11.4248,45.5624],[11.4235,45.568],[11.4307,45.5715],[11.4473,45.5605],[11.4477,45.5742],[11.457,45.5798],[11.4678,45.5697],[11.4916,45.5695],[11.5038,45.578],[11.5024,45.5848],[11.5177,45.5892],[11.4824,45.6167],[11.4898,45.6181],[11.4844,45.6396],[11.4521,45.6584],[11.4791,45.6681],[11.4744,45.6786],[11.4707,45.6762],[11.4578,45.6862],[11.4553,45.7023],[11.448,45.7022],[11.426,45.7245],[11.3873,45.7227],[11.3618,45.7366],[11.3599,45.7397],[11.367,45.7411],[11.3612,45.7514],[11.3701,45.7524],[11.3718,45.7434],[11.38,45.7453],[11.3885,45.7505],[11.3899,45.7607],[11.3192,45.7783],[11.2952,45.7717],[11.2875,45.7546],[11.2967,45.7477],[11.2944,45.7397],[11.3013,45.7303],[11.3217,45.7244],[11.3345,45.7124],[11.3218,45.6952],[11.3016,45.6906],[11.3255,45.672],[11.3313,45.6562],[11.321,45.6371],[11.3078,45.631],[11.3209,45.616],[11.3143,45.6119],[11.3144,45.6044],[11.2697,45.5955],[11.267,45.5874],[11.2719,45.585],[11.2606,45.5764],[11.2457,45.5778],[11.2442,45.5876],[11.2294,45.5951],[11.2355,45.6005],[11.2183,45.6039],[11.2121,45.6261],[11.1929,45.62],[11.1978,45.6027],[11.1932,45.5928],[11.1847,45.5912],[11.1568,45.6046],[11.1359,45.604],[11.1311,45.5822],[11.1182,45.5687],[11.1182,45.5537],[11.1285,45.5399],[11.1145,45.5275],[11.1257,45.5088],[11.1454,45.5121],[11.1452,45.4966],[11.1678,45.4938],[11.1865,45.4974],[11.1883,45.505],[11.1956,45.5057],[11.1994,45.4939],[11.1938,45.4785],[11.2136,45.4566],[11.2211,45.4357],[11.2271,45.4385],[11.2163,45.4562],[11.2341,45.4748],[11.2442,45.4657],[11.262,45.4657],[11.2614,45.4612],[11.2685,45.4653],[11.295,45.4614],[11.3181,45.4328],[11.3243,45.433],[11.3235,45.4264],[11.3332,45.4332]]]}},{"type":"Feature","properties":{"id":"piave-malanotte","name":"Piave Malanotte","full_name":"Piave Malanotte / Malanotte del Piave","region":"Veneto","grapes":["Ancellotta","Barbera","Cabernet Franc","Cabernet Sauvignon","Corbina","Fertilia"],"key_appellations":["Piave Malanotte"],"desc":"Piave Malanotte is a protected wine appellation in Veneto.","level":"appellation"},"geometry":{"type":"MultiPolygon","coordinates":[[[[12.2415,45.4272],[12.2594,45.4185],[12.2611,45.4575],[12.2734,45.4487],[12.2801,45.464],[12.3144,45.4445],[12.302,45.4393],[12.3092,45.4415],[12.3062,45.4333],[12.3127,45.4382],[12.308,45.4324],[12.3316,45.4284],[12.3469,45.4336],[12.3665,45.4253],[12.3595,45.4323],[12.3622,45.4408],[12.3471,45.4393],[12.3262,45.4493],[12.3167,45.4442],[12.2805,45.4643],[12.2848,45.4672],[12.2789,45.4776],[12.3009,45.4786],[12.3371,45.5012],[12.3298,45.4882],[12.3368,45.4909],[12.372,45.5211],[12.3895,45.5167],[12.3954,45.5333],[12.4045,45.5368],[12.4107,45.5323],[12.4101,45.5417],[12.4151,45.5452],[12.4294,45.5349],[12.4273,45.5274],[12.4365,45.5284],[12.439,45.5358],[12.4493,45.5368],[12.4519,45.5448],[12.4589,45.5455],[12.4571,45.5527],[12.4717,45.5616],[12.5401,45.5757],[12.5375,45.5682],[12.5426,45.5639],[12.5584,45.5588],[12.5623,45.5647],[12.5736,45.5514],[12.5966,45.5453],[12.5804,45.5289],[12.5682,45.5254],[12.5457,45.5137],[12.5422,45.5101],[12.532,45.5127],[12.5296,45.5003],[12.5674,45.524],[12.5849,45.5252],[12.5977,45.5369],[12.6318,45.5343],[12.6241,45.5135],[12.613,45.5146],[12.6148,45.5191],[12.6026,45.5152],[12.5706,45.5026],[12.5755,45.4944],[12.5535,45.486],[12.5772,45.4921],[12.5842,45.4875],[12.584,45.4792],[12.7672,45.5454],[12.7878,45.5567],[12.7941,45.5698],[12.8171,45.5919],[12.7935,45.6025],[12.7688,45.599],[12.7593,45.5876],[12.7413,45.5881],[12.7533,45.5972],[12.7508,45.6123],[12.7558,45.6246],[12.7539,45.6351],[12.7478,45.6374],[12.7696,45.6602],[12.7517,45.6635],[12.7544,45.6677],[12.7466,45.6732],[12.7509,45.6769],[12.7435,45.6775],[12.7436,45.6826],[12.7267,45.6823],[12.7216,45.6887],[12.7167,45.684],[12.7123,45.6934],[12.7037,45.6914],[12.7095,45.702],[12.6818,45.7178],[12.6763,45.7136],[12.6708,45.7168],[12.6743,45.7336],[12.6638,45.7403],[12.67,45.7455],[12.6635,45.7491],[12.6562,45.7411],[12.6466,45.7474],[12.6623,45.7525],[12.6695,45.7714],[12.6547,45.7785],[12.6562,45.7918],[12.6489,45.795],[12.6352,45.7827],[12.6286,45.7829],[12.6273,45.7906],[12.6347,45.792],[12.6312,45.7987],[12.617,45.7951],[12.6109,45.8048],[12.6066,45.7974],[12.589,45.8013],[12.604,45.8072],[12.5974,45.8221],[12.5921,45.8199],[12.5953,45.816],[12.5881,45.8151],[12.5803,45.8258],[12.5729,45.8244],[12.5653,45.8318],[12.5615,45.8259],[12.5541,45.8295],[12.5565,45.8361],[12.5499,45.8395],[12.559,45.8471],[12.55,45.8499],[12.5488,45.8613],[12.5299,45.8636],[12.5371,45.8686],[12.5352,45.8763],[12.5294,45.8779],[12.5338,45.8849],[12.5217,45.885],[12.507,45.8979],[12.5234,45.9035],[12.5089,45.9098],[12.5052,45.9234],[12.4627,45.9336],[12.4647,45.9409],[12.4543,45.9471],[12.4262,45.947],[12.4223,45.9562],[12.4282,45.9958],[12.415,46.02],[12.4083,45.9851],[12.4132,45.9808],[12.392,45.9607],[12.3746,45.9651],[12.3605,45.9586],[12.3235,45.9757],[12.3206,45.9849],[12.3284,45.9953],[12.3082,46.0162],[12.3215,46.0234],[12.3294,46.0345],[12.326,46.0378],[12.3548,46.0582],[12.3619,46.0716],[12.3304,46.0826],[12.3028,46.0764],[12.2803,46.0487],[12.2549,46.0365],[12.2502,46.0264],[12.2716,45.9934],[12.2557,45.9843],[12.262,45.9742],[12.2498,45.959],[12.2567,45.9477],[12.244,45.9405],[12.2749,45.9132],[12.2779,45.9191],[12.2865,45.9196],[12.2954,45.9005],[12.2701,45.9083],[12.2486,45.9039],[12.249,45.8898],[12.2614,45.8736],[12.2533,45.8677],[12.2391,45.8782],[12.2202,45.881],[12.217,45.8932],[12.209,45.8987],[12.1944,45.8979],[12.1925,45.8783],[12.1798,45.8621],[12.1787,45.851],[12.1548,45.8537],[12.134,45.8472],[12.1097,45.8361],[12.108,45.823],[12.0947,45.8203],[12.0942,45.8138],[12.0807,45.8127],[12.0802,45.8086],[12.0538,45.8109],[12.0531,45.8061],[12.0465,45.8061],[12.038,45.8073],[12.039,45.8126],[12.0168,45.8115],[12.0104,45.8076],[12.0208,45.7949],[12.0164,45.7788],[11.9959,45.7631],[11.9925,45.7514],[11.9984,45.7323],[12.0285,45.7315],[12.0309,45.7234],[12.0433,45.727],[12.0442,45.7196],[12.0508,45.7218],[12.0518,45.7167],[12.0895,45.7243],[12.1098,45.7078],[12.1137,45.6978],[12.1079,45.6899],[12.1133,45.6895],[12.1146,45.6795],[12.1216,45.6781],[12.1157,45.6746],[12.1195,45.6655],[12.1501,45.6566],[12.1864,45.6728],[12.1818,45.6752],[12.1955,45.6878],[12.1956,45.6946],[12.1888,45.6989],[12.1926,45.7005],[12.2354,45.7069],[12.2416,45.7035],[12.2393,45.6948],[12.2549,45.6867],[12.2601,45.7031],[12.2753,45.6971],[12.2735,45.684],[12.2811,45.6824],[12.2769,45.6712],[12.2883,45.6582],[12.2807,45.6522],[12.2839,45.6444],[12.2711,45.6352],[12.2674,45.6404],[12.2414,45.6459],[12.2325,45.6322],[12.2146,45.6338],[12.217,45.6278],[12.2128,45.6262],[12.1966,45.6307],[12.192,45.5996],[12.1827,45.6047],[12.1814,45.5883],[12.1918,45.5835],[12.1942,45.5736],[12.21,45.5713],[12.2121,45.5627],[12.2072,45.5505],[12.199,45.5458],[12.1812,45.5531],[12.1792,45.5389],[12.1688,45.5316],[12.1999,45.517],[12.1907,45.5104],[12.1947,45.5079],[12.1918,45.5045],[12.1806,45.5112],[12.1669,45.4999],[12.1816,45.5058],[12.1715,45.4958],[12.1823,45.487],[12.178,45.4677],[12.1889,45.4636],[12.1793,45.453],[12.2217,45.4274],[12.2415,45.4272]]],[[[12.2997,45.2493],[12.2878,45.239],[12.2913,45.2352],[12.2993,45.2346],[12.2966,45.2451],[12.3001,45.2492],[12.3062,45.2879],[12.3244,45.3301],[12.3324,45.3322],[12.3165,45.3358],[12.3215,45.3279],[12.3096,45.3099],[12.3009,45.2809],[12.2997,45.2493]]],[[[12.3175,45.4066],[12.3236,45.4042],[12.3234,45.4072],[12.3175,45.4066]]],[[[12.3074,45.4265],[12.339,45.4236],[12.3419,45.4282],[12.3339,45.4254],[12.3074,45.4265]]],[[[12.3308,45.3805],[12.333,45.3833],[12.3288,45.3829],[12.3308,45.3805]]],[[[12.309,45.3404],[12.329,45.3375],[12.332,45.3561],[12.36,45.3959],[12.4001,45.4297],[12.3861,45.4339],[12.368,45.4175],[12.3311,45.3595],[12.309,45.3404]]],[[[12.3375,45.4116],[12.3339,45.4109],[12.336,45.4093],[12.3375,45.4116]]],[[[12.3614,45.4134],[12.3608,45.4113],[12.363,45.4122],[12.3614,45.4134]]],[[[12.3409,45.42],[12.3387,45.418],[12.3409,45.4185],[12.3409,45.42]]],[[[12.344,45.4257],[12.3438,45.4303],[12.3421,45.4291],[12.344,45.4257]]],[[[12.3677,45.4321],[12.3824,45.4353],[12.3849,45.4495],[12.3737,45.4433],[12.3751,45.4378],[12.3677,45.4321]]],[[[12.3852,45.4552],[12.3881,45.458],[12.3833,45.4573],[12.3852,45.4552]]],[[[12.3463,45.4549],[12.3574,45.4537],[12.3608,45.4595],[12.3546,45.4657],[12.3452,45.4636],[12.3463,45.4549]]],[[[12.432,45.472],[12.424,45.4734],[12.4066,45.4574],[12.3856,45.4539],[12.3918,45.4446],[12.4055,45.4483],[12.432,45.472]]],[[[12.4176,45.4827],[12.4204,45.4869],[12.4131,45.4867],[12.4176,45.4827]]],[[[12.3989,45.4886],[12.4051,45.4833],[12.414,45.4881],[12.4114,45.4941],[12.3989,45.4886]]],[[[12.4269,45.497],[12.4165,45.5018],[12.4085,45.4995],[12.4168,45.4889],[12.4269,45.497]]],[[[12.4727,45.5022],[12.4714,45.5046],[12.4688,45.5027],[12.4727,45.5022]]],[[[12.4386,45.5027],[12.4437,45.505],[12.4458,45.5093],[12.4384,45.5102],[12.4386,45.5027]]],[[[12.4579,45.5058],[12.4521,45.5119],[12.4484,45.5085],[12.4579,45.5058]]],[[[12.5451,45.5235],[12.5435,45.5286],[12.5376,45.5255],[12.5451,45.5235]]],[[[12.5242,45.555],[12.5253,45.5586],[12.5223,45.5564],[12.5242,45.555]]]]}},{"type":"Feature","properties":{"id":"piave","name":"Piave","full_name":"Piave","region":"Veneto","grapes":["Ancellotta","Barbera","Bianchetta Trevigiana","Boschera","Bronner","Cabernet Franc"],"key_appellations":["Piave"],"desc":"Piave is a protected wine appellation in Veneto.","level":"appellation"},"geometry":{"type":"MultiPolygon","coordinates":[[[[12.2415,45.4272],[12.2594,45.4185],[12.2611,45.4575],[12.2734,45.4487],[12.2801,45.464],[12.3144,45.4445],[12.302,45.4393],[12.3092,45.4415],[12.3062,45.4333],[12.3127,45.4382],[12.308,45.4324],[12.3316,45.4284],[12.3469,45.4336],[12.3665,45.4253],[12.3595,45.4323],[12.3622,45.4408],[12.3471,45.4393],[12.3262,45.4493],[12.3167,45.4442],[12.2805,45.4643],[12.2848,45.4672],[12.2789,45.4776],[12.3009,45.4786],[12.3371,45.5012],[12.3298,45.4882],[12.3368,45.4909],[12.372,45.5211],[12.3895,45.5167],[12.3954,45.5333],[12.4045,45.5368],[12.4107,45.5323],[12.4101,45.5417],[12.4151,45.5452],[12.4294,45.5349],[12.4273,45.5274],[12.4365,45.5284],[12.439,45.5358],[12.4493,45.5368],[12.4519,45.5448],[12.4589,45.5455],[12.4571,45.5527],[12.4717,45.5616],[12.5401,45.5757],[12.5375,45.5682],[12.5426,45.5639],[12.5584,45.5588],[12.5623,45.5647],[12.5736,45.5514],[12.5966,45.5453],[12.5804,45.5289],[12.5682,45.5254],[12.5457,45.5137],[12.5422,45.5101],[12.532,45.5127],[12.5296,45.5003],[12.5674,45.524],[12.5849,45.5252],[12.5977,45.5369],[12.6318,45.5343],[12.6241,45.5135],[12.613,45.5146],[12.6148,45.5191],[12.6026,45.5152],[12.5706,45.5026],[12.5755,45.4944],[12.5535,45.486],[12.5772,45.4921],[12.5842,45.4875],[12.584,45.4792],[12.7672,45.5454],[12.7878,45.5567],[12.7941,45.5698],[12.8171,45.5919],[12.7935,45.6025],[12.7688,45.599],[12.7593,45.5876],[12.7413,45.5881],[12.7533,45.5972],[12.7508,45.6123],[12.7558,45.6246],[12.7539,45.6351],[12.7478,45.6374],[12.7696,45.6602],[12.7517,45.6635],[12.7544,45.6677],[12.7466,45.6732],[12.7509,45.6769],[12.7435,45.6775],[12.7436,45.6826],[12.7267,45.6823],[12.7216,45.6887],[12.7167,45.684],[12.7123,45.6934],[12.7037,45.6914],[12.7095,45.702],[12.6818,45.7178],[12.6763,45.7136],[12.6708,45.7168],[12.6743,45.7336],[12.6638,45.7403],[12.67,45.7455],[12.6635,45.7491],[12.6562,45.7411],[12.6466,45.7474],[12.6623,45.7525],[12.6695,45.7714],[12.6547,45.7785],[12.6562,45.7918],[12.6489,45.795],[12.6352,45.7827],[12.6286,45.7829],[12.6273,45.7906],[12.6347,45.792],[12.6312,45.7987],[12.617,45.7951],[12.6109,45.8048],[12.6066,45.7974],[12.589,45.8013],[12.604,45.8072],[12.5974,45.8221],[12.5921,45.8199],[12.5953,45.816],[12.5881,45.8151],[12.5803,45.8258],[12.5729,45.8244],[12.5653,45.8318],[12.5615,45.8259],[12.5541,45.8295],[12.5565,45.8361],[12.5499,45.8395],[12.559,45.8471],[12.55,45.8499],[12.5488,45.8613],[12.5299,45.8636],[12.5371,45.8686],[12.5352,45.8763],[12.5294,45.8779],[12.5338,45.8849],[12.5217,45.885],[12.507,45.8979],[12.5234,45.9035],[12.5089,45.9098],[12.5052,45.9234],[12.4627,45.9336],[12.4647,45.9409],[12.4543,45.9471],[12.4262,45.947],[12.4223,45.9562],[12.4282,45.9958],[12.415,46.02],[12.4083,45.9851],[12.4132,45.9808],[12.392,45.9607],[12.3746,45.9651],[12.3605,45.9586],[12.3235,45.9757],[12.3206,45.9849],[12.3284,45.9953],[12.3082,46.0162],[12.3215,46.0234],[12.3294,46.0345],[12.326,46.0378],[12.3548,46.0582],[12.3619,46.0716],[12.3304,46.0826],[12.3028,46.0764],[12.2803,46.0487],[12.2549,46.0365],[12.2502,46.0264],[12.2716,45.9934],[12.2557,45.9843],[12.262,45.9742],[12.2498,45.959],[12.2567,45.9477],[12.244,45.9405],[12.2749,45.9132],[12.2779,45.9191],[12.2865,45.9196],[12.2954,45.9005],[12.2701,45.9083],[12.2486,45.9039],[12.249,45.8898],[12.2614,45.8736],[12.2533,45.8677],[12.2391,45.8782],[12.2202,45.881],[12.217,45.8932],[12.209,45.8987],[12.1944,45.8979],[12.1925,45.8783],[12.1798,45.8621],[12.1787,45.851],[12.1548,45.8537],[12.134,45.8472],[12.1097,45.8361],[12.108,45.823],[12.0947,45.8203],[12.0942,45.8138],[12.0807,45.8127],[12.0802,45.8086],[12.0538,45.8109],[12.0531,45.8061],[12.0465,45.8061],[12.038,45.8073],[12.039,45.8126],[12.0168,45.8115],[12.0104,45.8076],[12.0208,45.7949],[12.0164,45.7788],[11.9959,45.7631],[11.9925,45.7514],[11.9984,45.7323],[12.0285,45.7315],[12.0309,45.7234],[12.0433,45.727],[12.0442,45.7196],[12.0508,45.7218],[12.0518,45.7167],[12.0895,45.7243],[12.1098,45.7078],[12.1137,45.6978],[12.1079,45.6899],[12.1133,45.6895],[12.1146,45.6795],[12.1216,45.6781],[12.1157,45.6746],[12.1195,45.6655],[12.1501,45.6566],[12.1864,45.6728],[12.1818,45.6752],[12.1955,45.6878],[12.1956,45.6946],[12.1888,45.6989],[12.1926,45.7005],[12.2354,45.7069],[12.2416,45.7035],[12.2393,45.6948],[12.2549,45.6867],[12.2601,45.7031],[12.2753,45.6971],[12.2735,45.684],[12.2811,45.6824],[12.2769,45.6712],[12.2883,45.6582],[12.2807,45.6522],[12.2839,45.6444],[12.2711,45.6352],[12.2674,45.6404],[12.2414,45.6459],[12.2325,45.6322],[12.2146,45.6338],[12.217,45.6278],[12.2128,45.6262],[12.1966,45.6307],[12.192,45.5996],[12.1827,45.6047],[12.1814,45.5883],[12.1918,45.5835],[12.1942,45.5736],[12.21,45.5713],[12.2121,45.5627],[12.2072,45.5505],[12.199,45.5458],[12.1812,45.5531],[12.1792,45.5389],[12.1688,45.5316],[12.1999,45.517],[12.1907,45.5104],[12.1947,45.5079],[12.1918,45.5045],[12.1806,45.5112],[12.1669,45.4999],[12.1816,45.5058],[12.1715,45.4958],[12.1823,45.487],[12.178,45.4677],[12.1889,45.4636],[12.1793,45.453],[12.2217,45.4274],[12.2415,45.4272]]],[[[12.2997,45.2493],[12.2878,45.239],[12.2913,45.2352],[12.2993,45.2346],[12.2966,45.2451],[12.3001,45.2492],[12.3062,45.2879],[12.3244,45.3301],[12.3324,45.3322],[12.3165,45.3358],[12.3215,45.3279],[12.3096,45.3099],[12.3009,45.2809],[12.2997,45.2493]]],[[[12.3175,45.4066],[12.3236,45.4042],[12.3234,45.4072],[12.3175,45.4066]]],[[[12.3074,45.4265],[12.339,45.4236],[12.3419,45.4282],[12.3339,45.4254],[12.3074,45.4265]]],[[[12.3308,45.3805],[12.333,45.3833],[12.3288,45.3829],[12.3308,45.3805]]],[[[12.309,45.3404],[12.329,45.3375],[12.332,45.3561],[12.36,45.3959],[12.4001,45.4297],[12.3861,45.4339],[12.368,45.4175],[12.3311,45.3595],[12.309,45.3404]]],[[[12.3375,45.4116],[12.3339,45.4109],[12.336,45.4093],[12.3375,45.4116]]],[[[12.3614,45.4134],[12.3608,45.4113],[12.363,45.4122],[12.3614,45.4134]]],[[[12.3409,45.42],[12.3387,45.418],[12.3409,45.4185],[12.3409,45.42]]],[[[12.344,45.4257],[12.3438,45.4303],[12.3421,45.4291],[12.344,45.4257]]],[[[12.3677,45.4321],[12.3824,45.4353],[12.3849,45.4495],[12.3737,45.4433],[12.3751,45.4378],[12.3677,45.4321]]],[[[12.3852,45.4552],[12.3881,45.458],[12.3833,45.4573],[12.3852,45.4552]]],[[[12.3463,45.4549],[12.3574,45.4537],[12.3608,45.4595],[12.3546,45.4657],[12.3452,45.4636],[12.3463,45.4549]]],[[[12.432,45.472],[12.424,45.4734],[12.4066,45.4574],[12.3856,45.4539],[12.3918,45.4446],[12.4055,45.4483],[12.432,45.472]]],[[[12.4176,45.4827],[12.4204,45.4869],[12.4131,45.4867],[12.4176,45.4827]]],[[[12.3989,45.4886],[12.4051,45.4833],[12.414,45.4881],[12.4114,45.4941],[12.3989,45.4886]]],[[[12.4269,45.497],[12.4165,45.5018],[12.4085,45.4995],[12.4168,45.4889],[12.4269,45.497]]],[[[12.4727,45.5022],[12.4714,45.5046],[12.4688,45.5027],[12.4727,45.5022]]],[[[12.4386,45.5027],[12.4437,45.505],[12.4458,45.5093],[12.4384,45.5102],[12.4386,45.5027]]],[[[12.4579,45.5058],[12.4521,45.5119],[12.4484,45.5085],[12.4579,45.5058]]],[[[12.5451,45.5235],[12.5435,45.5286],[12.5376,45.5255],[12.5451,45.5235]]],[[[12.5242,45.555],[12.5253,45.5586],[12.5223,45.5564],[12.5242,45.555]]]]}},{"type":"Feature","properties":{"id":"bagnoli-di-sopra","name":"Bagnoli di Sopra","full_name":"Bagnoli di Sopra / Bagnoli","region":"Veneto","grapes":["Ancellotta","Barbera","Bronner","Cabernet Franc","Cabernet Sauvignon","Carmenère"],"key_appellations":["Bagnoli di Sopra"],"desc":"Bagnoli di Sopra is a protected wine appellation in Veneto.","level":"appellation"},"geometry":{"type":"Polygon","coordinates":[[[11.8486,45.1564],[11.8726,45.161],[11.9095,45.1517],[11.9365,45.1556],[11.9541,45.1469],[11.9835,45.1556],[11.983,45.1627],[11.9767,45.1626],[11.974,45.1835],[12.022,45.1935],[12.0038,45.2028],[12.0192,45.2106],[12.0109,45.2362],[12.0169,45.2394],[11.9944,45.2396],[11.991,45.244],[11.9966,45.2491],[12.0113,45.2516],[11.9946,45.2556],[11.9941,45.263],[11.9806,45.2663],[11.9632,45.2889],[11.9285,45.299],[11.933,45.2819],[11.9262,45.2812],[11.923,45.2742],[11.8812,45.284],[11.87,45.2909],[11.8644,45.3117],[11.8388,45.3172],[11.8395,45.3221],[11.8183,45.3323],[11.7926,45.2999],[11.7935,45.3092],[11.7884,45.3115],[11.7607,45.3023],[11.7577,45.2989],[11.7738,45.2913],[11.7602,45.2857],[11.7615,45.2809],[11.7537,45.2822],[11.7448,45.2628],[11.7208,45.2499],[11.7245,45.246],[11.7098,45.2304],[11.7128,45.2257],[11.6967,45.2178],[11.7187,45.2114],[11.7263,45.1958],[11.7407,45.1875],[11.7787,45.1905],[11.7721,45.1972],[11.774,45.2107],[11.7793,45.2123],[11.7842,45.2072],[11.8089,45.2053],[11.8111,45.196],[11.8278,45.1844],[11.825,45.1806],[11.8486,45.1564]]]}},{"type":"Feature","properties":{"id":"bagnoli-friularo","name":"Bagnoli Friularo","full_name":"Bagnoli Friularo / Friularo di Bagnoli","region":"Veneto","grapes":["Ancellotta","Barbera","Cabernet Franc","Cabernet Sauvignon","Cavrara","Corbina"],"key_appellations":["Bagnoli Friularo"],"desc":"Bagnoli Friularo is a protected wine appellation in Veneto.","level":"appellation"},"geometry":{"type":"Polygon","coordinates":[[[11.8486,45.1564],[11.8726,45.161],[11.9095,45.1517],[11.9365,45.1556],[11.9541,45.1469],[11.9835,45.1556],[11.983,45.1627],[11.9767,45.1626],[11.974,45.1835],[12.022,45.1935],[12.0038,45.2028],[12.0192,45.2106],[12.0109,45.2362],[12.0169,45.2394],[11.9944,45.2396],[11.991,45.244],[11.9966,45.2491],[12.0113,45.2516],[11.9946,45.2556],[11.9941,45.263],[11.9806,45.2663],[11.9632,45.2889],[11.9285,45.299],[11.933,45.2819],[11.9262,45.2812],[11.923,45.2742],[11.8812,45.284],[11.87,45.2909],[11.8644,45.3117],[11.8388,45.3172],[11.8395,45.3221],[11.8183,45.3323],[11.7926,45.2999],[11.7935,45.3092],[11.7884,45.3115],[11.7607,45.3023],[11.7577,45.2989],[11.7738,45.2913],[11.7602,45.2857],[11.7615,45.2809],[11.7537,45.2822],[11.7448,45.2628],[11.7208,45.2499],[11.7245,45.246],[11.7098,45.2304],[11.7128,45.2257],[11.6967,45.2178],[11.7187,45.2114],[11.7263,45.1958],[11.7407,45.1875],[11.7787,45.1905],[11.7721,45.1972],[11.774,45.2107],[11.7793,45.2123],[11.7842,45.2072],[11.8089,45.2053],[11.8111,45.196],[11.8278,45.1844],[11.825,45.1806],[11.8486,45.1564]]]}},{"type":"Feature","properties":{"id":"bianco-di-custoza","name":"Bianco di Custoza","full_name":"Bianco di Custoza / Custoza","region":"Veneto","grapes":["Chardonnay","Cortese","Garganega","Malvasia Bianca","Manzoni Bianco","Pinot Bianco"],"key_appellations":["Bianco di Custoza"],"desc":"Bianco di Custoza is a protected wine appellation in Veneto.","level":"appellation"},"geometry":{"type":"Polygon","coordinates":[[[10.7283,45.2913],[10.7374,45.2872],[10.7969,45.3237],[10.8133,45.3175],[10.8416,45.3267],[10.8495,45.3369],[10.8664,45.3328],[10.8655,45.3426],[10.8577,45.3451],[10.8938,45.3707],[10.9134,45.3642],[10.9394,45.3665],[10.9487,45.3814],[10.9409,45.3852],[10.9289,45.375],[10.9298,45.385],[10.906,45.4333],[10.8776,45.454],[10.881,45.4564],[10.8768,45.4616],[10.9063,45.4706],[10.8958,45.4774],[10.8787,45.4729],[10.8685,45.4803],[10.8535,45.4767],[10.8273,45.4817],[10.8242,45.4924],[10.8004,45.5154],[10.7752,45.5108],[10.7884,45.4922],[10.7832,45.4916],[10.7504,45.5183],[10.6376,45.5115],[10.6429,45.4545],[10.6478,45.4485],[10.6237,45.4436],[10.6242,45.4382],[10.6421,45.4437],[10.6495,45.4408],[10.6451,45.4319],[10.6516,45.4279],[10.6439,45.4178],[10.6547,45.4158],[10.6646,45.4281],[10.7158,45.4166],[10.7177,45.3967],[10.7066,45.382],[10.6978,45.3801],[10.7147,45.3679],[10.7037,45.3583],[10.6855,45.354],[10.6868,45.3422],[10.7031,45.3414],[10.715,45.334],[10.7064,45.3163],[10.7305,45.3159],[10.7331,45.3055],[10.7283,45.2913]]]}},{"type":"Feature","properties":{"id":"gambellara","name":"Gambellara","full_name":"Gambellara","region":"Veneto","grapes":["Chardonnay","Garganega","Pinot Bianco","Trebbiano Di Soave"],"key_appellations":["Gambellara"],"desc":"Gambellara is a protected wine appellation in Veneto.","level":"appellation"},"geometry":{"type":"Polygon","coordinates":[[[11.3385,45.4167],[11.3447,45.417],[11.3456,45.4269],[11.3627,45.4357],[11.3834,45.4354],[11.3981,45.4461],[11.4001,45.4407],[11.4042,45.4419],[11.4012,45.4451],[11.4113,45.4438],[11.419,45.4631],[11.4118,45.4686],[11.4261,45.4763],[11.4192,45.4822],[11.3929,45.4784],[11.3795,45.5031],[11.3563,45.4964],[11.3403,45.5016],[11.3203,45.499],[11.3283,45.4826],[11.323,45.4738],[11.329,45.4641],[11.3204,45.4556],[11.3298,45.4444],[11.3181,45.4328],[11.3243,45.433],[11.3235,45.4264],[11.3332,45.4332],[11.3385,45.4167]]]}},{"type":"Feature","properties":{"id":"riviera-del-brenta","name":"Riviera del Brenta","full_name":"Riviera del Brenta","region":"Veneto","grapes":["Ancellotta","Barbera","Bronner","Cabernet Franc","Cabernet Sauvignon","Carmenère"],"key_appellations":["Riviera del Brenta"],"desc":"Riviera del Brenta is a protected wine appellation in Veneto.","level":"appellation"},"geometry":{"type":"MultiPolygon","coordinates":[[[[12.004,45.3107],[12.0176,45.2909],[12.0073,45.2723],[12.015,45.2647],[12.0094,45.2567],[12.0205,45.2541],[12.0314,45.2546],[12.0325,45.2685],[12.0411,45.2801],[12.0583,45.2826],[12.0703,45.2778],[12.0765,45.2848],[12.0661,45.2919],[12.0739,45.2975],[12.1018,45.2944],[12.1102,45.2964],[12.114,45.305],[12.1326,45.3004],[12.142,45.337],[12.1408,45.3582],[12.149,45.3615],[12.1661,45.3571],[12.1704,45.3616],[12.1502,45.3648],[12.144,45.3904],[12.1543,45.3867],[12.1652,45.3691],[12.1841,45.3684],[12.1877,45.3743],[12.1647,45.3907],[12.1933,45.4129],[12.2392,45.4234],[12.2571,45.4161],[12.2611,45.4575],[12.2734,45.4487],[12.2801,45.464],[12.3144,45.4445],[12.302,45.4393],[12.3092,45.4415],[12.3062,45.4333],[12.3127,45.4382],[12.308,45.4324],[12.3316,45.4284],[12.3469,45.4336],[12.3665,45.4253],[12.3595,45.4323],[12.3622,45.4408],[12.3471,45.4393],[12.3262,45.4493],[12.3167,45.4442],[12.2805,45.4643],[12.2848,45.4672],[12.2789,45.4776],[12.3009,45.4786],[12.3371,45.5012],[12.3298,45.4882],[12.3368,45.4909],[12.372,45.5211],[12.3936,45.5189],[12.395,45.5328],[12.4045,45.5368],[12.3935,45.5421],[12.3603,45.5317],[12.3214,45.5328],[12.3243,45.5396],[12.2993,45.5454],[12.2879,45.5366],[12.2824,45.5431],[12.2813,45.5358],[12.2714,45.5325],[12.2462,45.5305],[12.2375,45.5378],[12.2132,45.5376],[12.2037,45.5425],[12.2121,45.5627],[12.21,45.5713],[12.1942,45.5736],[12.1918,45.5835],[12.1614,45.5743],[12.1612,45.5845],[12.1452,45.5836],[12.145,45.5952],[12.1279,45.5955],[12.1243,45.6071],[12.1131,45.614],[12.1084,45.6143],[12.1098,45.6038],[12.0968,45.6041],[12.0925,45.5983],[12.0853,45.606],[12.0878,45.6171],[12.0584,45.6131],[12.0325,45.6245],[12.0216,45.6189],[12.0216,45.5835],[12.0099,45.5903],[11.9857,45.5918],[11.9485,45.6153],[11.9133,45.6192],[11.9011,45.628],[11.9013,45.6167],[11.8905,45.6123],[11.8857,45.6031],[11.8734,45.6149],[11.8582,45.6161],[11.8386,45.6287],[11.8418,45.6178],[11.8325,45.6216],[11.8275,45.609],[11.7851,45.6076],[11.7732,45.5965],[11.7665,45.5993],[11.7587,45.5748],[11.7767,45.5653],[11.7938,45.5677],[11.8007,45.5491],[11.7935,45.5448],[11.8041,45.5392],[11.7941,45.5351],[11.8055,45.5326],[11.8062,45.5386],[11.8116,45.5318],[11.8218,45.5334],[11.8257,45.5243],[11.8179,45.5193],[11.8441,45.5184],[11.8303,45.5087],[11.8391,45.5045],[11.836,45.4993],[11.8171,45.498],[11.8263,45.4904],[11.8072,45.4807],[11.8301,45.4485],[11.8199,45.3913],[11.8153,45.3923],[11.8172,45.3874],[11.8053,45.3775],[11.8098,45.3709],[11.8364,45.3571],[11.8612,45.3838],[11.8618,45.3635],[11.8705,45.361],[11.8698,45.3571],[11.8849,45.3511],[11.8966,45.3528],[11.8943,45.3458],[11.9199,45.34],[11.9119,45.3546],[11.894,45.3653],[11.9034,45.3702],[11.9138,45.3658],[11.9139,45.3727],[11.9065,45.3771],[11.9119,45.3832],[11.9328,45.3709],[11.9439,45.3754],[11.9488,45.3693],[11.9721,45.3726],[11.9715,45.3537],[11.9825,45.3566],[11.9871,45.3513],[11.9798,45.3377],[11.987,45.3297],[11.9853,45.3234],[11.9898,45.3264],[11.9973,45.3177],[11.9921,45.3133],[12.004,45.3107]]],[[[12.2997,45.2493],[12.2878,45.239],[12.2913,45.2352],[12.2993,45.2346],[12.2966,45.2451],[12.3001,45.2492],[12.3062,45.2879],[12.3244,45.3301],[12.3324,45.3322],[12.3165,45.3358],[12.3215,45.3279],[12.3096,45.3099],[12.3009,45.2809],[12.2997,45.2493]]],[[[12.3175,45.4066],[12.3236,45.4042],[12.3234,45.4072],[12.3175,45.4066]]],[[[12.3074,45.4265],[12.339,45.4236],[12.3419,45.4282],[12.3339,45.4254],[12.3074,45.4265]]],[[[12.3308,45.3805],[12.333,45.3833],[12.3288,45.3829],[12.3308,45.3805]]],[[[12.3097,45.3398],[12.329,45.3375],[12.332,45.3561],[12.36,45.3959],[12.4001,45.4297],[12.3861,45.4339],[12.368,45.4175],[12.3316,45.3602],[12.3097,45.3398]]],[[[12.3375,45.4116],[12.3339,45.4109],[12.336,45.4093],[12.3375,45.4116]]],[[[12.3614,45.4134],[12.3608,45.4113],[12.363,45.4122],[12.3614,45.4134]]],[[[12.3409,45.42],[12.3387,45.418],[12.3409,45.4185],[12.3409,45.42]]],[[[12.3454,45.4259],[12.3426,45.43],[12.344,45.4257],[12.3454,45.4259]]],[[[12.3816,45.4342],[12.3831,45.4465],[12.3849,45.4495],[12.3737,45.4433],[12.3751,45.4378],[12.3677,45.4321],[12.3816,45.4342]]],[[[12.3852,45.4552],[12.3881,45.458],[12.3833,45.4573],[12.3852,45.4552]]],[[[12.3432,45.4547],[12.3574,45.4537],[12.3608,45.4595],[12.3546,45.4657],[12.3452,45.4636],[12.3432,45.4547]]],[[[12.4319,45.4721],[12.424,45.4734],[12.4066,45.4574],[12.3856,45.4539],[12.3918,45.4446],[12.4055,45.4483],[12.4217,45.4582],[12.4319,45.4721]]],[[[12.4176,45.4827],[12.4204,45.4869],[12.4131,45.4867],[12.4176,45.4827]]],[[[12.4031,45.484],[12.414,45.4881],[12.4111,45.4944],[12.3967,45.49],[12.4031,45.484]]],[[[12.4269,45.497],[12.4085,45.4995],[12.4168,45.4889],[12.4269,45.497]]],[[[12.4727,45.5022],[12.4714,45.5046],[12.4688,45.5027],[12.4727,45.5022]]],[[[12.4393,45.503],[12.4437,45.505],[12.4458,45.5093],[12.4384,45.5102],[12.4393,45.503]]],[[[12.4579,45.5058],[12.4521,45.5119],[12.4484,45.5085],[12.4579,45.5058]]],[[[12.5442,45.5223],[12.5435,45.5286],[12.5408,45.529],[12.5376,45.5255],[12.5442,45.5223]]],[[[12.4519,45.5425],[12.4245,45.5417],[12.4283,45.5261],[12.4519,45.5425]]],[[[12.5242,45.555],[12.5253,45.5586],[12.5223,45.5564],[12.5242,45.555]]],[[[12.5483,45.578],[12.4733,45.5626],[12.5401,45.5757],[12.5375,45.5682],[12.5584,45.5588],[12.5623,45.5647],[12.5483,45.578]]]]}},{"type":"Feature","properties":{"id":"soave","name":"Soave","full_name":"Soave","region":"Veneto","grapes":["Garganega"],"key_appellations":["Soave","Soave Classico"],"desc":"Garganega on volcanic and limestone soils east of Verona. Crisp, mineral whites.","level":"appellation"},"geometry":{"type":"Polygon","coordinates":[[[11.1279,45.4029],[11.1656,45.3873],[11.1668,45.4031],[11.2106,45.3969],[11.2111,45.4035],[11.2433,45.3853],[11.2496,45.357],[11.2561,45.357],[11.2599,45.3665],[11.2699,45.3678],[11.2731,45.3755],[11.2957,45.3792],[11.3018,45.3886],[11.3315,45.3876],[11.3355,45.3985],[11.3459,45.3975],[11.3359,45.4302],[11.3318,45.4338],[11.3235,45.4264],[11.3243,45.433],[11.3181,45.4328],[11.3298,45.4444],[11.3204,45.4556],[11.329,45.4641],[11.323,45.4738],[11.3283,45.4826],[11.3229,45.4858],[11.3248,45.4961],[11.2797,45.5102],[11.2795,45.5228],[11.2515,45.5422],[11.2436,45.5605],[11.2268,45.5489],[11.2163,45.5531],[11.2005,45.5495],[11.2087,45.5165],[11.1883,45.505],[11.1865,45.4974],[11.1452,45.4966],[11.1432,45.5135],[11.1317,45.5073],[11.1221,45.5124],[11.0942,45.5037],[11.0885,45.4786],[11.0922,45.4578],[11.0846,45.4473],[11.0741,45.4459],[11.0784,45.4384],[11.0668,45.4369],[11.0722,45.4324],[11.069,45.4223],[11.0812,45.4122],[11.0649,45.404],[11.0711,45.3943],[11.0571,45.3933],[11.0681,45.3803],[11.0808,45.3872],[11.1117,45.379],[11.1291,45.389],[11.1279,45.4029]]]}},{"type":"Feature","properties":{"id":"soave-superiore","name":"Soave Superiore","full_name":"Soave Superiore","region":"Veneto","grapes":["Garganega"],"key_appellations":["Soave","Soave Classico"],"desc":"Garganega on volcanic and limestone soils east of Verona. Crisp, mineral whites.","level":"appellation"},"geometry":{"type":"Polygon","coordinates":[[[11.1279,45.4029],[11.1656,45.3873],[11.1668,45.4031],[11.2106,45.3969],[11.2111,45.4035],[11.2267,45.3971],[11.2306,45.4076],[11.2935,45.4094],[11.2986,45.4166],[11.3236,45.4266],[11.3247,45.4324],[11.3182,45.436],[11.3298,45.4444],[11.3204,45.4556],[11.329,45.4641],[11.323,45.4738],[11.3283,45.4826],[11.3229,45.4858],[11.3248,45.4961],[11.2797,45.5102],[11.2795,45.5228],[11.2515,45.5422],[11.2436,45.5605],[11.2268,45.5489],[11.2163,45.5531],[11.2005,45.5495],[11.2087,45.5165],[11.1883,45.505],[11.1865,45.4974],[11.1452,45.4966],[11.1432,45.5135],[11.1317,45.5073],[11.1221,45.5124],[11.0942,45.5037],[11.0885,45.4786],[11.0922,45.4578],[11.0846,45.4473],[11.0741,45.4459],[11.0784,45.4384],[11.0668,45.4369],[11.0722,45.4324],[11.069,45.4223],[11.0812,45.4122],[11.0649,45.404],[11.0711,45.3943],[11.0571,45.3933],[11.0681,45.3803],[11.0808,45.3872],[11.1117,45.379],[11.1291,45.389],[11.1279,45.4029]]]}},{"type":"Feature","properties":{"id":"valdadige","name":"Valdadige","full_name":"Valdadige / Etschtaler","region":"Trentino-Alto Adige","grapes":["Bronner","Cabernet Franc","Cabernet Sauvignon","Casetta","Chardonnay","Diolinoir"],"key_appellations":["Valdadige"],"desc":"Valdadige is a protected wine appellation in Trentino-Alto Adige.","level":"appellation"},"geometry":{"type":"MultiPolygon","coordinates":[[[[10.8028,45.5563],[10.7996,45.5263],[10.8245,45.5264],[10.8301,45.5429],[10.8393,45.5428],[10.8401,45.5518],[10.8301,45.553],[10.8323,45.5583],[10.8272,45.5635],[10.8319,45.5741],[10.8648,45.5822],[10.8609,45.5849],[10.8799,45.6003],[10.8827,45.6154],[10.893,45.6286],[10.9078,45.6367],[10.9075,45.6432],[10.928,45.6514],[10.928,45.6606],[10.9375,45.6734],[10.9445,45.6741],[10.95,45.6849],[10.9623,45.6859],[10.9722,45.7018],[10.975,45.6959],[10.9684,45.6801],[10.9977,45.697],[10.9927,45.708],[11.0076,45.7104],[11.0115,45.7189],[11.0176,45.7183],[11.0165,45.7057],[11.0418,45.7062],[11.0567,45.7184],[11.0942,45.6928],[11.1141,45.6967],[11.1225,45.6952],[11.1226,45.6891],[11.1383,45.6971],[11.1441,45.7201],[11.1021,45.7391],[11.0993,45.7566],[11.0853,45.7708],[11.084,45.7802],[11.0718,45.7864],[11.0527,45.8251],[11.0533,45.8497],[11.0614,45.862],[11.0578,45.8785],[11.0678,45.8712],[11.0681,45.8486],[11.0821,45.8231],[11.1019,45.8289],[11.1164,45.8246],[11.127,45.8138],[11.1449,45.8195],[11.1518,45.8067],[11.1474,45.8016],[11.1592,45.7919],[11.1901,45.7816],[11.2044,45.7838],[11.1929,45.7955],[11.1984,45.8011],[11.1895,45.8049],[11.1889,45.8136],[11.1987,45.8242],[11.1844,45.8162],[11.1781,45.819],[11.1838,45.8379],[11.1719,45.8357],[11.1576,45.8506],[11.1363,45.8556],[11.1162,45.8728],[11.0913,45.8699],[11.1078,45.8877],[11.124,45.8939],[11.1184,45.901],[11.1242,45.9217],[11.1652,45.9431],[11.1855,45.9446],[11.1826,45.9523],[11.1933,45.9633],[11.1574,45.9777],[11.1574,46.0005],[11.1666,46.0045],[11.1623,46.0058],[11.1645,46.0131],[11.1571,46.0167],[11.1878,46.0321],[11.1938,46.0647],[11.1718,46.0813],[11.1734,46.0877],[11.1539,46.0987],[11.153,46.1087],[11.1649,46.1324],[11.162,46.1521],[11.2126,46.1547],[11.239,46.1708],[11.2515,46.166],[11.2642,46.1728],[11.2838,46.17],[11.3225,46.1947],[11.3136,46.2155],[11.3035,46.2219],[11.3214,46.2448],[11.3057,46.2588],[11.3159,46.2733],[11.3116,46.2832],[11.3234,46.2918],[11.3204,46.3199],[11.3551,46.3403],[11.3789,46.3274],[11.3913,46.3312],[11.3725,46.3331],[11.3545,46.3454],[11.3137,46.3439],[11.3265,46.3717],[11.3223,46.3895],[11.3343,46.3901],[11.3425,46.4044],[11.3611,46.4102],[11.3559,46.4186],[11.3624,46.4182],[11.3721,46.4328],[11.3775,46.4522],[11.3832,46.4496],[11.3937,46.4575],[11.4095,46.4532],[11.4165,46.4599],[11.447,46.4509],[11.4814,46.4326],[11.5053,46.4385],[11.5288,46.4536],[11.5284,46.4638],[11.4947,46.4736],[11.4995,46.4766],[11.5206,46.4851],[11.541,46.4829],[11.5463,46.4918],[11.5734,46.4936],[11.5822,46.4991],[11.6158,46.4985],[11.5745,46.5214],[11.5652,46.5093],[11.5394,46.5261],[11.5329,46.5405],[11.5126,46.5494],[11.5124,46.5606],[11.5235,46.5795],[11.5017,46.5821],[11.4853,46.594],[11.4664,46.593],[11.4506,46.5991],[11.4504,46.6176],[11.4599,46.6335],[11.4481,46.6294],[11.4424,46.6201],[11.4281,46.6223],[11.3892,46.6061],[11.4132,46.594],[11.4,46.5926],[11.402,46.5846],[11.3936,46.5747],[11.3721,46.5718],[11.3666,46.5507],[11.3698,46.5383],[11.3643,46.5273],[11.3537,46.5304],[11.3455,46.5217],[11.3304,46.5205],[11.3103,46.5065],[11.2854,46.5071],[11.2872,46.5157],[11.2721,46.5264],[11.2763,46.5333],[11.2734,46.5422],[11.2608,46.5413],[11.2313,46.5587],[11.2085,46.5872],[11.2127,46.5901],[11.2021,46.6281],[11.2128,46.6368],[11.2043,46.642],[11.2125,46.6611],[11.2369,46.6674],[11.2446,46.68],[11.2658,46.6841],[11.2581,46.6913],[11.2674,46.6919],[11.279,46.7089],[11.2753,46.714],[11.2815,46.7224],[11.2732,46.7308],[11.2865,46.7507],[11.2792,46.7546],[11.2625,46.756],[11.2535,46.7473],[11.2439,46.7519],[11.243,46.747],[11.2296,46.7471],[11.2246,46.7378],[11.2124,46.7378],[11.2194,46.7343],[11.2119,46.7284],[11.2139,46.7249],[11.2008,46.7205],[11.1973,46.7237],[11.2022,46.7275],[11.1733,46.7338],[11.1672,46.7399],[11.1747,46.749],[11.1933,46.7469],[11.1931,46.7522],[11.1844,46.753],[11.2013,46.7659],[11.1564,46.7576],[11.1602,46.7638],[11.1159,46.7976],[11.1127,46.7759],[11.1049,46.7724],[11.0998,46.7605],[11.1026,46.7496],[11.0626,46.7207],[11.0419,46.7285],[11.0342,46.7456],[10.9989,46.7371],[10.9687,46.7145],[10.9995,46.694],[11.0125,46.6926],[11.0458,46.6685],[11.0644,46.6393],[11.0666,46.619],[11.0771,46.6258],[11.0823,46.6229],[11.0712,46.6202],[11.0593,46.6084],[11.0259,46.6048],[10.9944,46.5898],[11.004,46.5817],[11.016,46.5837],[11.0369,46.569],[11.0311,46.5653],[11.04,46.5537],[11.0354,46.551],[11.0401,46.5389],[11.0265,46.5178],[11.0321,46.5139],[11.0583,46.516],[11.0873,46.5371],[11.0958,46.5373],[11.0998,46.5295],[11.1138,46.5306],[11.1152,46.5256],[11.1369,46.5309],[11.1532,46.5273],[11.1963,46.504],[11.2103,46.4938],[11.2123,46.4774],[11.2197,46.4679],[11.2191,46.4572],[11.2107,46.453],[11.2179,46.4428],[11.2157,46.4352],[11.2051,46.4269],[11.2119,46.4206],[11.2074,46.4166],[11.2153,46.4068],[11.2147,46.3972],[11.1995,46.3721],[11.2057,46.3672],[11.1938,46.365],[11.1916,46.3598],[11.2035,46.3417],[11.1885,46.3264],[11.1906,46.3211],[11.1774,46.3029],[11.1655,46.2978],[11.1629,46.2906],[11.1409,46.286],[11.1341,46.2602],[11.1177,46.2428],[11.0917,46.2433],[11.0629,46.2262],[11.0739,46.2036],[11.0682,46.2012],[11.0708,46.1966],[11.0903,46.1998],[11.0841,46.1776],[11.0709,46.1677],[11.0619,46.1719],[11.0559,46.1687],[11.0472,46.1417],[11.037,46.1418],[11.0493,46.1758],[11.0277,46.1686],[11.0209,46.1513],[10.9863,46.1387],[10.9677,46.1141],[10.9679,46.1001],[10.9557,46.0941],[10.9449,46.0736],[10.9314,46.0642],[10.9304,46.0556],[10.9284,46.0622],[10.9205,46.0642],[10.9408,46.0369],[10.9148,46.0237],[10.9106,46.0015],[10.8982,45.9881],[10.8921,45.9899],[10.8847,45.9769],[10.8709,45.9727],[10.8599,45.9537],[10.8416,45.9552],[10.8361,45.9612],[10.8066,45.9578],[10.7659,45.9643],[10.7726,45.948],[10.7636,45.9324],[10.7683,45.906],[10.785,45.9009],[10.7897,45.8909],[10.8193,45.8843],[10.8245,45.8787],[10.8211,45.8759],[10.8293,45.8717],[10.858,45.8644],[10.8532,45.8554],[10.8273,45.862],[10.8098,45.8532],[10.7988,45.836],[10.8259,45.8377],[10.8569,45.8271],[10.8834,45.817],[10.8876,45.8116],[10.8845,45.8057],[10.9042,45.8253],[10.9005,45.8209],[10.9308,45.8261],[10.9334,45.8374],[10.9162,45.8428],[10.9216,45.8486],[10.9331,45.8502],[10.9459,45.8411],[10.962,45.8457],[10.9644,45.8263],[10.9909,45.8257],[10.9966,45.8121],[10.9916,45.8057],[11.0063,45.7993],[10.9814,45.7868],[10.9666,45.7647],[10.9207,45.765],[10.8834,45.7798],[10.8854,45.7756],[10.8772,45.7724],[10.8765,45.7644],[10.867,45.7642],[10.8627,45.7437],[10.8498,45.7356],[10.8433,45.7206],[10.8725,45.7158],[10.8686,45.7088],[10.8776,45.7053],[10.8692,45.6992],[10.8763,45.6779],[10.8702,45.6722],[10.8708,45.6561],[10.8655,45.656],[10.8647,45.6678],[10.8563,45.6535],[10.8614,45.6475],[10.8586,45.6338],[10.8235,45.5871],[10.808,45.5846],[10.8017,45.593],[10.7804,45.5837],[10.7621,45.5826],[10.7682,45.5742],[10.7864,45.5756],[10.7929,45.5618],[10.8028,45.5563]],[[10.9374,45.9687],[10.9338,45.9699],[10.9462,45.9752],[10.9665,45.9672],[10.9876,45.9397],[10.9847,45.9363],[10.9567,45.9442],[10.9464,45.9587],[10.9324,45.9607],[10.9374,45.9687]],[[11.0483,45.9712],[11.0359,45.9815],[11.0446,45.9959],[11.0478,46.0155],[11.0584,46.0263],[11.0668,46.0213],[11.082,46.0227],[11.0965,46.0126],[11.1009,46.0061],[11.0889,45.988],[11.0934,45.9866],[11.0869,45.9739],[11.0744,45.9764],[11.069,45.9662],[11.0428,45.9571],[11.05,45.9624],[11.0483,45.9712]],[[10.9099,45.8458],[10.9089,45.8535],[10.9156,45.8471],[10.9099,45.8458]],[[10.9241,45.8892],[10.9312,45.9024],[10.9635,45.9202],[10.9829,45.9201],[10.9777,45.9123],[10.9835,45.8979],[10.9708,45.8825],[10.9431,45.8767],[10.9404,45.8859],[10.9241,45.8892]]],[[[8.2584,44.9898],[8.2575,44.9797],[8.2663,44.979],[8.2914,44.9894],[8.2785,44.9988],[8.2762,45.0059],[8.2807,45.0097],[8.2593,45.0234],[8.2364,45.02],[8.2304,45.026],[8.2096,45.0021],[8.2212,44.9995],[8.227,44.9908],[8.2486,44.9945],[8.2584,44.9898]]]]}},{"type":"Feature","properties":{"id":"valdadige-terradeiforti","name":"Valdadige Terradeiforti","full_name":"Valdadige Terradeiforti / Terradeiforti","region":"Veneto","grapes":["Ancellotta","Barbera","Bianchetta Trevigiana","Bronner","Cabernet Franc","Cabernet Sauvignon"],"key_appellations":["Valdadige Terradeiforti"],"desc":"Valdadige Terradeiforti is a protected wine appellation in Veneto.","level":"appellation"},"geometry":{"type":"Polygon","coordinates":[[[10.7995,45.5266],[10.8245,45.5264],[10.8301,45.5429],[10.8393,45.5428],[10.8401,45.5518],[10.8301,45.553],[10.8323,45.5583],[10.8272,45.5635],[10.8319,45.5741],[10.8648,45.5822],[10.8609,45.5849],[10.8799,45.6003],[10.8827,45.6154],[10.893,45.6286],[10.9078,45.6367],[10.9075,45.6432],[10.928,45.6514],[10.9294,45.6633],[10.9375,45.6734],[10.9445,45.6741],[10.95,45.6849],[10.962,45.6857],[10.9605,45.6994],[10.9677,45.7117],[10.9636,45.7208],[10.9676,45.7298],[10.9625,45.7366],[10.9832,45.7449],[10.9872,45.7532],[10.9772,45.7658],[10.969,45.7706],[10.9666,45.7647],[10.9207,45.765],[10.8834,45.7798],[10.8854,45.7756],[10.8772,45.7724],[10.8765,45.7644],[10.867,45.7642],[10.8627,45.7437],[10.8498,45.7356],[10.8433,45.7206],[10.8725,45.7158],[10.8686,45.7088],[10.8776,45.7053],[10.8692,45.6992],[10.8763,45.6779],[10.8702,45.6722],[10.8708,45.6561],[10.8655,45.656],[10.8647,45.6678],[10.8563,45.6535],[10.8614,45.6475],[10.8586,45.6338],[10.8235,45.5871],[10.808,45.5846],[10.8017,45.593],[10.7804,45.5837],[10.7621,45.5826],[10.7682,45.5742],[10.7864,45.5756],[10.7929,45.5618],[10.8035,45.5554],[10.7995,45.5266]]]}},{"type":"Feature","properties":{"id":"vicenza","name":"Vicenza","full_name":"Vicenza","region":"Veneto","grapes":["Ancellotta","Barbera","Bronner","Cabernet Franc","Cabernet Sauvignon","Carmenère"],"key_appellations":["Vicenza"],"desc":"Vicenza is a protected wine appellation in Veneto.","level":"appellation"},"geometry":{"type":"Polygon","coordinates":[[[11.4226,45.3393],[11.4535,45.3226],[11.4477,45.3153],[11.4335,45.3161],[11.4327,45.3077],[11.4911,45.2827],[11.4871,45.266],[11.5284,45.2585],[11.5652,45.2625],[11.5515,45.2656],[11.5184,45.2924],[11.5244,45.3157],[11.5595,45.3106],[11.5803,45.2974],[11.5883,45.313],[11.6145,45.3173],[11.6123,45.3254],[11.6175,45.3255],[11.6199,45.3326],[11.6134,45.339],[11.6248,45.3454],[11.6275,45.3564],[11.6115,45.3743],[11.6159,45.3883],[11.6532,45.4104],[11.6523,45.4166],[11.6763,45.4231],[11.697,45.4402],[11.6914,45.4469],[11.7021,45.4594],[11.6884,45.4639],[11.6839,45.4678],[11.6876,45.4708],[11.6585,45.4812],[11.6874,45.4998],[11.6871,45.5089],[11.6777,45.5147],[11.6783,45.5241],[11.6644,45.5395],[11.6576,45.5385],[11.653,45.5504],[11.6664,45.5566],[11.673,45.5671],[11.6654,45.5742],[11.6696,45.5838],[11.6746,45.5825],[11.6741,45.5923],[11.6447,45.5961],[11.6424,45.58],[11.6215,45.5809],[11.6128,45.5669],[11.5978,45.5657],[11.5968,45.5766],[11.5915,45.5823],[11.5833,45.5803],[11.5821,45.5896],[11.5705,45.5795],[11.5632,45.5822],[11.5607,45.5912],[11.5671,45.6027],[11.5615,45.6087],[11.5887,45.6244],[11.6045,45.6198],[11.6157,45.6252],[11.6179,45.6207],[11.6179,45.6372],[11.6264,45.6534],[11.6621,45.6552],[11.6771,45.7008],[11.6854,45.7009],[11.6893,45.6711],[11.6966,45.6632],[11.7094,45.6674],[11.7067,45.6803],[11.7584,45.6779],[11.8217,45.6872],[11.8156,45.6942],[11.8241,45.7066],[11.8141,45.7434],[11.8312,45.7405],[11.8362,45.749],[11.8185,45.7872],[11.809,45.7929],[11.8112,45.7975],[11.7934,45.8013],[11.7792,45.7919],[11.7528,45.8159],[11.7504,45.8233],[11.7594,45.8387],[11.7427,45.8549],[11.7622,45.8588],[11.7667,45.8693],[11.7457,45.8742],[11.738,45.8646],[11.7404,45.8593],[11.7314,45.848],[11.7366,45.8444],[11.7315,45.8403],[11.7359,45.8306],[11.7323,45.8246],[11.7383,45.8193],[11.7321,45.8106],[11.7163,45.8048],[11.7189,45.8125],[11.7127,45.8192],[11.6913,45.8116],[11.6763,45.8188],[11.6451,45.8219],[11.6559,45.8138],[11.6652,45.7911],[11.6591,45.7914],[11.6598,45.7989],[11.6291,45.7813],[11.6006,45.7798],[11.6008,45.7718],[11.5935,45.7654],[11.5369,45.7689],[11.5456,45.7732],[11.5394,45.7777],[11.5503,45.7879],[11.5422,45.7934],[11.5457,45.8002],[11.5278,45.8083],[11.5259,45.8153],[11.4958,45.8115],[11.4938,45.8198],[11.468,45.8224],[11.4673,45.8119],[11.4616,45.8109],[11.4514,45.8189],[11.4476,45.8346],[11.436,45.8266],[11.4359,45.8191],[11.4118,45.8362],[11.3884,45.8285],[11.3827,45.8408],[11.3982,45.8439],[11.4028,45.8537],[11.3735,45.8445],[11.3663,45.817],[11.3708,45.8053],[11.4086,45.7761],[11.4001,45.7756],[11.3941,45.7619],[11.3294,45.7785],[11.2952,45.7717],[11.2875,45.7546],[11.2967,45.7477],[11.2979,45.7334],[11.3217,45.7244],[11.3345,45.7124],[11.3218,45.6952],[11.3016,45.6906],[11.3255,45.672],[11.3317,45.6507],[11.321,45.6371],[11.3078,45.631],[11.3209,45.616],[11.3143,45.6119],[11.3122,45.6018],[11.2697,45.5955],[11.267,45.5874],[11.2719,45.585],[11.2606,45.5764],[11.2465,45.5773],[11.243,45.5622],[11.2515,45.5422],[11.2795,45.5228],[11.2797,45.5102],[11.3248,45.4961],[11.3229,45.4858],[11.3283,45.4826],[11.323,45.4738],[11.329,45.4641],[11.3204,45.4556],[11.3298,45.4444],[11.3181,45.4328],[11.3243,45.433],[11.3235,45.4264],[11.3332,45.4332],[11.3404,45.4213],[11.3459,45.3975],[11.3355,45.3985],[11.3309,45.3872],[11.3526,45.3737],[11.3515,45.3486],[11.383,45.3496],[11.4226,45.3393]],[[11.4873,45.6324],[11.5044,45.6444],[11.5264,45.6123],[11.5378,45.6103],[11.5451,45.5943],[11.5333,45.5887],[11.5272,45.5923],[11.5332,45.5815],[11.5228,45.579],[11.5173,45.5907],[11.4939,45.6034],[11.4824,45.6167],[11.4898,45.6178],[11.4873,45.6324]]]}},{"type":"Feature","properties":{"id":"offida","name":"Offida","full_name":"Offida","region":"Marche","grapes":["Albana","Alicante","Ancellotta","Barbera","Biancame","Bombino Bianco"],"key_appellations":["Offida"],"desc":"Offida is a protected wine appellation in Marche.","level":"appellation"},"geometry":{"type":"MultiPolygon","coordinates":[[[[13.5551,42.8044],[13.5729,42.8004],[13.5843,42.8076],[13.6016,42.8064],[13.6168,42.812],[13.615,42.8236],[13.6409,42.8397],[13.6687,42.8358],[13.667,42.8494],[13.7057,42.8491],[13.7249,42.8557],[13.7741,42.8595],[13.8221,42.8796],[13.8749,42.8888],[13.8769,42.8947],[13.8803,42.8908],[13.9157,42.8946],[13.8904,42.9424],[13.8909,42.9549],[13.8841,42.9584],[13.8906,42.9575],[13.8819,42.9626],[13.8728,42.9869],[13.8418,43.1032],[13.7012,43.0494],[13.689,43.0702],[13.6783,43.0739],[13.6814,43.087],[13.6598,43.0957],[13.6428,43.0917],[13.6423,43.0842],[13.6306,43.076],[13.6192,43.0754],[13.645,43.0556],[13.6486,43.0398],[13.5987,43.0092],[13.578,43.0107],[13.5819,43.0023],[13.5748,43.0058],[13.5711,43.0021],[13.5769,42.9996],[13.5667,42.9919],[13.5421,42.9893],[13.5407,42.97],[13.5314,42.9703],[13.5171,42.9512],[13.5205,42.9489],[13.5149,42.9484],[13.5134,42.9316],[13.518,42.9221],[13.5252,42.9212],[13.509,42.892],[13.523,42.8873],[13.5333,42.8743],[13.5432,42.8752],[13.5381,42.8726],[13.5408,42.8594],[13.519,42.8506],[13.5053,42.8547],[13.4897,42.8485],[13.499,42.8252],[13.4769,42.8242],[13.469,42.8301],[13.4589,42.8235],[13.4695,42.8036],[13.4634,42.8013],[13.4664,42.7895],[13.4596,42.7895],[13.4679,42.7719],[13.4808,42.7731],[13.493,42.7821],[13.5068,42.7763],[13.5179,42.7908],[13.5298,42.796],[13.535,42.8168],[13.5456,42.8159],[13.5551,42.8044]]],[[[13.4391,42.8087],[13.4359,42.8134],[13.4282,42.8133],[13.4191,42.8081],[13.4334,42.8026],[13.4391,42.8087]]]]}},{"type":"Feature","properties":{"id":"vigneti-della-serenissima","name":"Vigneti della Serenissima","full_name":"Vigneti della Serenissima / Serenissima","region":"Veneto","grapes":["Chardonnay","Pinot Bianco","Pinot Nero"],"key_appellations":["Vigneti della Serenissima"],"desc":"Vigneti della Serenissima is a protected wine appellation in Veneto.","level":"appellation"},"geometry":{"type":"MultiPolygon","coordinates":[[[[11.1279,45.4029],[11.1414,45.3963],[11.1388,45.4191],[11.1866,45.4141],[11.1918,45.418],[11.1898,45.4139],[11.2433,45.3853],[11.2496,45.357],[11.2561,45.357],[11.2599,45.3665],[11.2699,45.3678],[11.2731,45.3755],[11.2957,45.3792],[11.3018,45.3886],[11.3208,45.3904],[11.3526,45.3737],[11.3525,45.3479],[11.3943,45.3479],[11.4526,45.3236],[11.511,45.3265],[11.5237,45.3143],[11.5303,45.3253],[11.5302,45.3353],[11.5231,45.3418],[11.5285,45.3478],[11.5639,45.3523],[11.5661,45.373],[11.5961,45.3795],[11.5954,45.3888],[11.6157,45.388],[11.6115,45.3743],[11.6275,45.3564],[11.6248,45.3454],[11.6134,45.339],[11.62,45.331],[11.6123,45.3254],[11.6205,45.3108],[11.632,45.3145],[11.6412,45.2921],[11.633,45.2844],[11.6342,45.2616],[11.6226,45.2572],[11.6196,45.246],[11.612,45.2473],[11.6104,45.2424],[11.624,45.218],[11.6476,45.2086],[11.6495,45.1785],[11.6613,45.1792],[11.6765,45.1984],[11.6946,45.1979],[11.6978,45.203],[11.714,45.1969],[11.7224,45.2016],[11.7187,45.2114],[11.6967,45.2178],[11.7128,45.2257],[11.7098,45.2304],[11.7245,45.246],[11.7208,45.2499],[11.7448,45.2628],[11.7537,45.2822],[11.7615,45.2809],[11.7602,45.2857],[11.7663,45.2863],[11.7749,45.2713],[11.7866,45.2875],[11.7948,45.2783],[11.8214,45.2715],[11.8295,45.2727],[11.836,45.2829],[11.8516,45.2787],[11.86,45.29],[11.8703,45.288],[11.8644,45.3117],[11.8388,45.3172],[11.8395,45.3221],[11.8154,45.3321],[11.8095,45.341],[11.7907,45.3474],[11.7794,45.3454],[11.7751,45.344],[11.7792,45.3347],[11.7607,45.3421],[11.7582,45.3633],[11.7676,45.3799],[11.756,45.3764],[11.756,45.3812],[11.7429,45.38],[11.7308,45.3943],[11.7202,45.3953],[11.7125,45.3918],[11.7215,45.3795],[11.7184,45.3756],[11.6983,45.3715],[11.6871,45.3774],[11.6826,45.4059],[11.6397,45.4103],[11.637,45.4384],[11.6208,45.4474],[11.6351,45.4622],[11.6268,45.4615],[11.6187,45.4712],[11.6207,45.4764],[11.636,45.4754],[11.6488,45.4844],[11.6392,45.4873],[11.6269,45.5016],[11.6044,45.4995],[11.6096,45.5136],[11.6009,45.5201],[11.6098,45.527],[11.6051,45.5395],[11.6137,45.5463],[11.61,45.5555],[11.6155,45.5633],[11.5971,45.5659],[11.5968,45.5766],[11.5915,45.5823],[11.5833,45.5803],[11.5821,45.5896],[11.5705,45.5795],[11.5632,45.5822],[11.5607,45.5912],[11.5671,45.6027],[11.5617,45.6087],[11.5559,45.6064],[11.5567,45.5967],[11.5333,45.5887],[11.5272,45.5923],[11.5332,45.5815],[11.5228,45.579],[11.5173,45.5907],[11.4939,45.6034],[11.4824,45.6167],[11.4898,45.6181],[11.4844,45.6396],[11.4521,45.6584],[11.4787,45.6672],[11.4744,45.6786],[11.4707,45.6762],[11.4636,45.6836],[11.4397,45.6725],[11.4055,45.6862],[11.4024,45.6913],[11.4117,45.6919],[11.4087,45.6956],[11.4167,45.7041],[11.4146,45.7093],[11.426,45.7165],[11.426,45.7245],[11.4036,45.7207],[11.3737,45.727],[11.3719,45.7337],[11.3654,45.7329],[11.3599,45.7397],[11.367,45.7411],[11.3605,45.7507],[11.3701,45.7524],[11.3718,45.7434],[11.38,45.7453],[11.3885,45.7505],[11.3902,45.7604],[11.3294,45.7785],[11.2996,45.7706],[11.2527,45.7692],[11.2122,45.7836],[11.1901,45.7816],[11.1757,45.7879],[11.179,45.7374],[11.1459,45.7169],[11.1387,45.7093],[11.1383,45.6971],[11.1311,45.6923],[11.1226,45.6891],[11.1225,45.6952],[11.1141,45.6967],[11.0942,45.6928],[11.0567,45.7184],[11.0418,45.7062],[11.0165,45.7057],[11.0171,45.7195],[11.0076,45.7104],[10.993,45.7083],[10.9977,45.697],[10.9684,45.6801],[10.975,45.6959],[10.9722,45.7018],[10.962,45.6857],[10.9605,45.6994],[10.9677,45.7117],[10.9636,45.7208],[10.9676,45.7298],[10.9625,45.7366],[10.9832,45.7449],[10.9872,45.7532],[10.9779,45.7651],[10.969,45.7706],[10.9666,45.7647],[10.9207,45.765],[10.8834,45.7798],[10.8854,45.7756],[10.8772,45.7724],[10.8765,45.7644],[10.867,45.7642],[10.8627,45.7437],[10.8498,45.7356],[10.8439,45.7148],[10.8308,45.706],[10.8261,45.7143],[10.7632,45.7407],[10.702,45.6727],[10.6279,45.6068],[10.6416,45.4721],[10.7224,45.4559],[10.7228,45.4468],[10.7406,45.4376],[10.7502,45.4545],[10.7684,45.465],[10.776,45.4807],[10.8053,45.4803],[10.8152,45.4889],[10.8126,45.4917],[10.8213,45.4944],[10.8091,45.5065],[10.816,45.5046],[10.8196,45.5106],[10.8445,45.5058],[10.8467,45.5112],[10.86,45.5113],[10.8988,45.4842],[10.9269,45.4823],[10.9176,45.4703],[10.8768,45.4616],[10.881,45.4564],[10.8776,45.454],[10.906,45.4333],[10.9298,45.385],[10.9289,45.375],[10.9409,45.3852],[10.9487,45.3814],[10.9433,45.372],[10.9684,45.3782],[10.9717,45.3547],[10.9908,45.3582],[10.9882,45.3494],[10.9964,45.3518],[10.992,45.364],[10.9965,45.3675],[11.0258,45.3728],[11.0148,45.3882],[11.024,45.3832],[11.0104,45.3978],[11.023,45.4042],[11.0303,45.4053],[11.0337,45.3948],[11.0571,45.3933],[11.0681,45.3803],[11.0808,45.3872],[11.1093,45.3789],[11.1291,45.389],[11.1279,45.4029]]],[[[11.5171,45.6818],[11.5517,45.6897],[11.5634,45.6723],[11.5812,45.6737],[11.5844,45.6818],[11.6208,45.6797],[11.6207,45.6897],[11.6355,45.7023],[11.6585,45.7017],[11.6585,45.7188],[11.671,45.7333],[11.6878,45.7365],[11.6966,45.731],[11.6939,45.7254],[11.7046,45.7232],[11.7217,45.7367],[11.7591,45.7379],[11.7469,45.7522],[11.755,45.7537],[11.7495,45.7703],[11.769,45.7695],[11.7805,45.747],[11.8323,45.7405],[11.8522,45.7437],[11.867,45.7558],[11.9006,45.7558],[11.9015,45.7638],[11.916,45.7682],[11.9211,45.7607],[11.9334,45.7575],[11.9484,45.7613],[11.9453,45.7705],[11.9661,45.7726],[11.9675,45.7646],[11.9745,45.7652],[11.9791,45.7665],[11.9789,45.7917],[12.0073,45.8085],[12.0208,45.7949],[12.0164,45.7788],[11.9933,45.7562],[11.9984,45.7323],[12.0285,45.7315],[12.035,45.7237],[12.0448,45.7289],[12.0475,45.7424],[12.0855,45.7576],[12.0919,45.7515],[12.1044,45.7584],[12.1119,45.7516],[12.1204,45.7579],[12.136,45.7477],[12.1321,45.7444],[12.1359,45.7414],[12.1551,45.7417],[12.1589,45.7439],[12.1524,45.7535],[12.1648,45.7608],[12.1855,45.7591],[12.19,45.7688],[12.2103,45.7713],[12.2026,45.7805],[12.2058,45.7958],[12.2399,45.7945],[12.2805,45.8074],[12.2782,45.8349],[12.2705,45.8364],[12.2642,45.8474],[12.2735,45.8651],[12.3014,45.8672],[12.3271,45.8602],[12.3331,45.8646],[12.328,45.8724],[12.3503,45.8609],[12.3669,45.8596],[12.375,45.872],[12.393,45.8741],[12.4104,45.8687],[12.4118,45.8768],[12.3888,45.8932],[12.3908,45.901],[12.3721,45.9163],[12.3761,45.9242],[12.3696,45.9299],[12.3653,45.9256],[12.3595,45.9331],[12.3488,45.9242],[12.3362,45.9305],[12.3226,45.9258],[12.3234,45.947],[12.3343,45.9532],[12.3317,45.9581],[12.3418,45.9626],[12.3405,45.9665],[12.3766,45.9544],[12.3715,45.942],[12.3757,45.9308],[12.3911,45.937],[12.4024,45.9351],[12.411,45.9413],[12.4201,45.937],[12.4339,45.9396],[12.4445,45.9352],[12.4605,45.9168],[12.4738,45.9129],[12.4864,45.9258],[12.4627,45.9336],[12.4647,45.9409],[12.4557,45.9461],[12.4709,45.9549],[12.4696,45.9692],[12.493,45.9765],[12.4829,45.9855],[12.4904,46.0006],[12.4856,46.0046],[12.4892,46.0044],[12.4918,46.0247],[12.4794,46.0224],[12.4774,46.0106],[12.4646,46.0111],[12.4669,46.0151],[12.4328,46.0319],[12.41,46.0592],[12.4051,46.0427],[12.4005,46.042],[12.404,46.0452],[12.3995,46.0624],[12.3861,46.0629],[12.3915,46.0714],[12.3672,46.0763],[12.3619,46.0716],[12.3304,46.0826],[12.3128,46.08],[12.3028,46.0764],[12.2726,46.0426],[12.2549,46.0365],[12.2541,46.0276],[12.2399,46.0249],[12.2262,46.0131],[12.1916,46.0046],[12.1786,46.014],[12.1669,46.0136],[12.1692,46.0058],[12.1551,46.0008],[12.1111,46.0033],[12.1033,45.9976],[12.1015,45.9871],[12.0764,45.9761],[12.0787,45.9728],[12.0608,45.9608],[12.0529,45.9651],[12.0475,45.962],[12.0317,45.9737],[12.0227,45.9703],[12.019,45.9621],[11.9996,45.9677],[11.9887,45.9598],[11.9616,45.9547],[11.9516,45.9476],[11.9459,45.9081],[11.9327,45.9096],[11.909,45.9362],[11.8943,45.9387],[11.8738,45.9302],[11.8604,45.9359],[11.862,45.9264],[11.8271,45.9129],[11.7996,45.8806],[11.7992,45.872],[11.7667,45.8693],[11.7622,45.8588],[11.743,45.8553],[11.7495,45.8463],[11.734,45.8347],[11.7385,45.8315],[11.7355,45.8245],[11.7408,45.8216],[11.7427,45.7991],[11.7265,45.7853],[11.7147,45.7947],[11.7189,45.8125],[11.7127,45.8192],[11.6913,45.8116],[11.6763,45.8188],[11.6521,45.8201],[11.6451,45.8219],[11.6409,45.8308],[11.6282,45.8318],[11.6115,45.8432],[11.5948,45.843],[11.5841,45.8345],[11.5268,45.8299],[11.5317,45.8247],[11.5259,45.8153],[11.4958,45.8115],[11.4938,45.8198],[11.4675,45.8223],[11.4673,45.8119],[11.4628,45.8108],[11.4514,45.8189],[11.4476,45.8346],[11.436,45.8266],[11.4359,45.8191],[11.4118,45.8362],[11.3884,45.8285],[11.3827,45.8408],[11.3982,45.8439],[11.4028,45.8537],[11.3735,45.8445],[11.3663,45.817],[11.3708,45.8053],[11.4086,45.7761],[11.4506,45.7662],[11.4425,45.7508],[11.4492,45.7454],[11.4372,45.7414],[11.4435,45.734],[11.4686,45.7292],[11.4721,45.716],[11.4922,45.7165],[11.5037,45.7081],[11.4944,45.7038],[11.5041,45.6961],[11.5141,45.6959],[11.5092,45.6578],[11.5149,45.6563],[11.5171,45.6818]],[[12.1046,45.8351],[12.0758,45.8519],[12.0645,45.8706],[12.0681,45.8833],[12.1139,45.8764],[12.1176,45.8378],[12.1046,45.8351]]]]}},{"type":"Feature","properties":{"id":"terre-di-offida","name":"Terre di Offida","full_name":"Terre di Offida","region":"Marche","grapes":["Albana","Biancame","Bombino Bianco","Fiano","Garganega","Grechetto"],"key_appellations":["Terre di Offida"],"desc":"Terre di Offida is a protected wine appellation in Marche.","level":"appellation"},"geometry":{"type":"MultiPolygon","coordinates":[[[[13.5551,42.8044],[13.5729,42.8004],[13.5843,42.8076],[13.6016,42.8064],[13.6168,42.812],[13.615,42.8236],[13.6409,42.8397],[13.6687,42.8358],[13.667,42.8494],[13.7057,42.8491],[13.7249,42.8557],[13.7741,42.8595],[13.8221,42.8796],[13.8749,42.8888],[13.8769,42.8947],[13.8803,42.8908],[13.9157,42.8946],[13.8904,42.9424],[13.8909,42.9549],[13.8841,42.9584],[13.8906,42.9575],[13.8819,42.9626],[13.8728,42.9869],[13.8418,43.1032],[13.7012,43.0494],[13.689,43.0702],[13.6783,43.0739],[13.6814,43.087],[13.6598,43.0957],[13.6428,43.0917],[13.6423,43.0842],[13.6306,43.076],[13.6192,43.0754],[13.645,43.0556],[13.6486,43.0398],[13.5987,43.0092],[13.578,43.0107],[13.5819,43.0023],[13.5748,43.0058],[13.5711,43.0021],[13.5769,42.9996],[13.5667,42.9919],[13.5421,42.9893],[13.5407,42.97],[13.5314,42.9703],[13.5171,42.9512],[13.5205,42.9489],[13.5149,42.9484],[13.5134,42.9316],[13.518,42.9221],[13.5252,42.9212],[13.509,42.892],[13.523,42.8873],[13.5333,42.8743],[13.5432,42.8752],[13.5381,42.8726],[13.5408,42.8594],[13.519,42.8506],[13.5053,42.8547],[13.4897,42.8485],[13.499,42.8252],[13.4769,42.8242],[13.469,42.8301],[13.4589,42.8235],[13.4695,42.8036],[13.4634,42.8013],[13.4664,42.7895],[13.4596,42.7895],[13.4679,42.7719],[13.4808,42.7731],[13.493,42.7821],[13.5068,42.7763],[13.5179,42.7908],[13.5298,42.796],[13.535,42.8168],[13.5456,42.8159],[13.5551,42.8044]]],[[[13.4391,42.8087],[13.4359,42.8134],[13.4282,42.8133],[13.4191,42.8081],[13.4334,42.8026],[13.4391,42.8087]]]]}},{"type":"Feature","properties":{"id":"verdicchio-di-matelica-riserva","name":"Verdicchio di Matelica Riserva","full_name":"Verdicchio di Matelica Riserva","region":"Marche","grapes":["Albana","Biancame","Bombino Bianco","Fiano","Garganega","Grechetto"],"key_appellations":["Verdicchio di Matelica Riserva"],"desc":"Verdicchio di Matelica Riserva is a protected wine appellation in Marche.","level":"appellation"},"geometry":{"type":"Polygon","coordinates":[[[13.0686,43.0762],[13.1253,43.0918],[13.1259,43.0989],[13.1413,43.108],[13.1665,43.1116],[13.1564,43.1242],[13.1602,43.1275],[13.155,43.1368],[13.1674,43.1489],[13.164,43.1559],[13.168,43.161],[13.1402,43.1644],[13.1396,43.1726],[13.1228,43.1829],[13.1356,43.2048],[13.1159,43.2229],[13.1023,43.2201],[13.1072,43.2459],[13.099,43.2494],[13.0944,43.2645],[13.0991,43.2821],[13.0876,43.2844],[13.0881,43.2938],[13.0732,43.3027],[13.0703,43.3191],[13.0592,43.3312],[13.0354,43.3394],[13.0468,43.3432],[13.047,43.356],[13.0623,43.3668],[13.0649,43.3759],[13.0538,43.3898],[13.0544,43.413],[13.0461,43.4226],[13.0359,43.4242],[13.0275,43.4185],[13.0177,43.4298],[12.9973,43.4275],[12.9902,43.4119],[12.9841,43.4118],[12.9917,43.3988],[12.9874,43.3865],[12.9995,43.376],[12.9909,43.3702],[12.9772,43.3703],[12.9635,43.3964],[12.9496,43.4007],[12.9173,43.3879],[12.9034,43.3738],[12.9042,43.3808],[12.8901,43.3888],[12.8885,43.3954],[12.8693,43.3864],[12.8496,43.3969],[12.8414,43.3799],[12.7977,43.38],[12.7583,43.3652],[12.7708,43.36],[12.7731,43.3503],[12.7941,43.334],[12.8023,43.3026],[12.7996,43.2908],[12.789,43.2832],[12.804,43.27],[12.8248,43.2666],[12.8307,43.2601],[12.8256,43.2487],[12.8366,43.2175],[12.8506,43.2099],[12.8619,43.211],[12.8789,43.2238],[12.8947,43.2271],[12.8981,43.21],[12.9299,43.2123],[12.9514,43.2046],[12.9581,43.2147],[12.9635,43.2067],[12.95,43.1959],[12.9521,43.1881],[12.9643,43.1691],[12.9879,43.1627],[12.9947,43.1518],[12.9956,43.1278],[12.9801,43.1186],[12.9865,43.1154],[12.9907,43.096],[13.0189,43.0906],[13.0434,43.1082],[13.0496,43.0898],[13.0641,43.0919],[13.0622,43.0797],[13.0686,43.0762]]]}},{"type":"Feature","properties":{"id":"verdicchio-di-matelica","name":"Verdicchio di Matelica","full_name":"Verdicchio di Matelica","region":"Marche","grapes":["Albana","Biancame","Bombino Bianco","Fiano","Garganega","Grechetto"],"key_appellations":["Verdicchio di Matelica"],"desc":"Verdicchio di Matelica is a protected wine appellation in Marche.","level":"appellation"},"geometry":{"type":"Polygon","coordinates":[[[13.0686,43.0762],[13.1253,43.0918],[13.1259,43.0989],[13.1413,43.108],[13.1665,43.1116],[13.1564,43.1242],[13.1602,43.1275],[13.155,43.1368],[13.1674,43.1489],[13.164,43.1559],[13.168,43.161],[13.1402,43.1644],[13.1396,43.1726],[13.1228,43.1829],[13.1356,43.2048],[13.1159,43.2229],[13.1023,43.2201],[13.1072,43.2459],[13.099,43.2494],[13.0944,43.2645],[13.0991,43.2821],[13.0876,43.2844],[13.0881,43.2938],[13.0732,43.3027],[13.0703,43.3191],[13.0592,43.3312],[13.0354,43.3394],[13.0468,43.3432],[13.047,43.356],[13.0623,43.3668],[13.0649,43.3759],[13.0538,43.3898],[13.0544,43.413],[13.0461,43.4226],[13.0359,43.4242],[13.0275,43.4185],[13.0177,43.4298],[12.9973,43.4275],[12.9902,43.4119],[12.9841,43.4118],[12.9917,43.3988],[12.9874,43.3865],[12.9995,43.376],[12.9909,43.3702],[12.9772,43.3703],[12.9635,43.3964],[12.9496,43.4007],[12.9173,43.3879],[12.9034,43.3738],[12.9042,43.3808],[12.8901,43.3888],[12.8885,43.3954],[12.8693,43.3864],[12.8496,43.3969],[12.8414,43.3799],[12.7977,43.38],[12.7583,43.3652],[12.7708,43.36],[12.7731,43.3503],[12.7941,43.334],[12.8023,43.3026],[12.7996,43.2908],[12.789,43.2832],[12.804,43.27],[12.8248,43.2666],[12.8307,43.2601],[12.8256,43.2487],[12.8366,43.2175],[12.8506,43.2099],[12.8619,43.211],[12.8789,43.2238],[12.8947,43.2271],[12.8981,43.21],[12.9299,43.2123],[12.9514,43.2046],[12.9581,43.2147],[12.9635,43.2067],[12.95,43.1959],[12.9521,43.1881],[12.9643,43.1691],[12.9879,43.1627],[12.9947,43.1518],[12.9956,43.1278],[12.9801,43.1186],[12.9865,43.1154],[12.9907,43.096],[13.0189,43.0906],[13.0434,43.1082],[13.0496,43.0898],[13.0641,43.0919],[13.0622,43.0797],[13.0686,43.0762]]]}},{"type":"Feature","properties":{"id":"verdicchio-dei-castelli-di-jesi","name":"Verdicchio dei Castelli di Jesi","full_name":"Verdicchio dei Castelli di Jesi","region":"Marche","grapes":["Verdicchio"],"key_appellations":["Verdicchio dei Castelli di Jesi","Castelli di Jesi Riserva"],"desc":"One of Italy's finest whites. Mineral, almond-tinged Verdicchio with real ageing capacity.","level":"appellation"},"geometry":{"type":"Polygon","coordinates":[[[13.0716,43.3908],[13.0928,43.3868],[13.0953,43.3676],[13.1014,43.3644],[13.0676,43.3492],[13.0564,43.35],[13.0515,43.3328],[13.0616,43.3255],[13.0805,43.3247],[13.0874,43.3336],[13.1192,43.3377],[13.1449,43.3516],[13.1563,43.3484],[13.1539,43.3335],[13.1599,43.3238],[13.1876,43.3217],[13.2094,43.3317],[13.2277,43.3285],[13.2362,43.3379],[13.2464,43.3377],[13.2434,43.3278],[13.2551,43.3357],[13.2826,43.3389],[13.3049,43.3609],[13.326,43.3717],[13.323,43.3822],[13.3326,43.383],[13.3299,43.3862],[13.3364,43.3931],[13.3147,43.399],[13.2856,43.4252],[13.2832,43.4441],[13.2714,43.4558],[13.2808,43.4612],[13.2469,43.4592],[13.2169,43.4653],[13.2072,43.4734],[13.2213,43.4991],[13.1954,43.4958],[13.1731,43.509],[13.1691,43.5225],[13.1747,43.5241],[13.1741,43.5342],[13.2063,43.5379],[13.2127,43.5436],[13.2099,43.5474],[13.2234,43.5581],[13.2292,43.5569],[13.2365,43.5721],[13.2741,43.5854],[13.2563,43.5857],[13.2414,43.5942],[13.2446,43.6047],[13.2382,43.6136],[13.2549,43.6315],[13.2294,43.6371],[13.2112,43.6325],[13.1981,43.6189],[13.1947,43.6052],[13.1848,43.6048],[13.1886,43.6278],[13.1965,43.6406],[13.1624,43.6379],[13.1512,43.6303],[13.145,43.638],[13.1505,43.6484],[13.1406,43.6534],[13.1013,43.6429],[13.0796,43.6657],[13.0821,43.6865],[13.0698,43.693],[13.0387,43.6761],[13.0228,43.6745],[13.002,43.6544],[12.9862,43.6554],[12.979,43.623],[12.9612,43.5978],[12.9425,43.597],[12.9369,43.5895],[12.923,43.5878],[12.9174,43.5821],[12.9219,43.5788],[12.9198,43.5701],[12.8772,43.537],[12.8805,43.5265],[12.8714,43.5216],[12.8865,43.518],[12.8934,43.5077],[12.8918,43.4979],[12.881,43.4949],[12.8796,43.4877],[12.8826,43.4763],[12.8937,43.473],[12.8927,43.4675],[12.909,43.4672],[12.9294,43.4812],[12.963,43.4828],[12.9584,43.4752],[12.9663,43.4615],[12.9632,43.4536],[12.9756,43.4482],[12.973,43.4433],[12.9847,43.4371],[12.9848,43.4284],[12.9947,43.4243],[13.0177,43.4298],[13.0275,43.4185],[13.0359,43.4242],[13.0461,43.4226],[13.0544,43.413],[13.0546,43.3888],[13.0622,43.3811],[13.0716,43.3855],[13.0716,43.3908]]]}},{"type":"Feature","properties":{"id":"castelli-di-jesi-verdicchio-riserva","name":"Castelli di Jesi Verdicchio Riserva","full_name":"Castelli di Jesi Verdicchio Riserva","region":"Marche","grapes":["Albana","Biancame","Bombino Bianco","Fiano","Garganega","Grechetto"],"key_appellations":["Castelli di Jesi Verdicchio Riserva"],"desc":"Castelli di Jesi Verdicchio Riserva is a protected wine appellation in Marche.","level":"appellation"},"geometry":{"type":"Polygon","coordinates":[[[13.0716,43.3908],[13.0928,43.3868],[13.0953,43.3676],[13.1014,43.3644],[13.0676,43.3492],[13.0564,43.35],[13.0515,43.3328],[13.0616,43.3255],[13.0805,43.3247],[13.0874,43.3336],[13.1192,43.3377],[13.1449,43.3516],[13.1563,43.3484],[13.1539,43.3335],[13.1599,43.3238],[13.1876,43.3217],[13.2094,43.3317],[13.2277,43.3285],[13.2362,43.3379],[13.2464,43.3377],[13.2434,43.3278],[13.2551,43.3357],[13.2826,43.3389],[13.3049,43.3609],[13.326,43.3717],[13.323,43.3822],[13.3326,43.383],[13.3299,43.3862],[13.3364,43.3931],[13.3147,43.399],[13.2856,43.4252],[13.2832,43.4441],[13.2714,43.4558],[13.2808,43.4612],[13.2469,43.4592],[13.2169,43.4653],[13.2072,43.4734],[13.2213,43.4991],[13.1954,43.4958],[13.1731,43.509],[13.1691,43.5225],[13.1747,43.5241],[13.1741,43.5342],[13.2063,43.5379],[13.2127,43.5436],[13.2099,43.5474],[13.2234,43.5581],[13.2292,43.5569],[13.2365,43.5721],[13.2741,43.5854],[13.2563,43.5857],[13.2414,43.5942],[13.2446,43.6047],[13.2382,43.6136],[13.2549,43.6315],[13.2294,43.6371],[13.2112,43.6325],[13.1981,43.6189],[13.1947,43.6052],[13.1848,43.6048],[13.1886,43.6278],[13.1965,43.6406],[13.1624,43.6379],[13.1512,43.6303],[13.145,43.638],[13.1505,43.6484],[13.1406,43.6534],[13.1013,43.6429],[13.0796,43.6657],[13.0821,43.6865],[13.0698,43.693],[13.0387,43.6761],[13.0228,43.6745],[13.002,43.6544],[12.9862,43.6554],[12.979,43.623],[12.9612,43.5978],[12.9425,43.597],[12.9369,43.5895],[12.923,43.5878],[12.9174,43.5821],[12.9219,43.5788],[12.9198,43.5701],[12.8772,43.537],[12.8805,43.5265],[12.8714,43.5216],[12.8865,43.518],[12.8934,43.5077],[12.8918,43.4979],[12.881,43.4949],[12.8796,43.4877],[12.8826,43.4763],[12.8937,43.473],[12.8927,43.4675],[12.909,43.4672],[12.9294,43.4812],[12.963,43.4828],[12.9584,43.4752],[12.9663,43.4615],[12.9632,43.4536],[12.9756,43.4482],[12.973,43.4433],[12.9847,43.4371],[12.9848,43.4284],[12.9947,43.4243],[13.0177,43.4298],[13.0275,43.4185],[13.0359,43.4242],[13.0461,43.4226],[13.0544,43.413],[13.0546,43.3888],[13.0622,43.3811],[13.0716,43.3855],[13.0716,43.3908]]]}},{"type":"Feature","properties":{"id":"reno","name":"Reno","full_name":"Reno","region":"Emilia-Romagna","grapes":["Albana","Alionza","Bervedino","Biancame","Bombino Bianco","Durella"],"key_appellations":["Reno"],"desc":"Reno is a protected wine appellation in Emilia-Romagna.","level":"appellation"},"geometry":{"type":"Polygon","coordinates":[[[10.9893,44.4409],[10.9967,44.4295],[11.0381,44.4272],[11.0482,44.4161],[11.0492,44.4058],[11.0224,44.3735],[11.0261,44.3499],[11.0377,44.3426],[11.0757,44.3346],[11.0815,44.3251],[11.1037,44.3116],[11.1195,44.3176],[11.1265,44.348],[11.1496,44.3553],[11.1375,44.3625],[11.1062,44.3584],[11.0991,44.378],[11.1084,44.3925],[11.0885,44.4037],[11.1141,44.4269],[11.1268,44.4283],[11.1284,44.4511],[11.1149,44.4568],[11.1183,44.4667],[11.136,44.4668],[11.132,44.4824],[11.1664,44.5092],[11.1761,44.5061],[11.1649,44.4955],[11.1745,44.4918],[11.1706,44.4778],[11.1823,44.4814],[11.1884,44.4683],[11.1997,44.4686],[11.2004,44.4593],[11.2269,44.461],[11.2343,44.4594],[11.2335,44.4515],[11.262,44.4549],[11.2614,44.4497],[11.2838,44.4504],[11.2823,44.4258],[11.2934,44.4276],[11.2926,44.4336],[11.3134,44.4211],[11.3248,44.4227],[11.337,44.4277],[11.3316,44.4327],[11.3345,44.4386],[11.3462,44.4364],[11.345,44.4409],[11.3582,44.4468],[11.3726,44.4384],[11.3834,44.4418],[11.3988,44.4342],[11.4099,44.4197],[11.406,44.4097],[11.4112,44.406],[11.4258,44.4097],[11.4273,44.4012],[11.4117,44.3978],[11.4155,44.3782],[11.4057,44.3772],[11.4026,44.3649],[11.4353,44.358],[11.4558,44.3791],[11.4547,44.3639],[11.4888,44.3463],[11.4807,44.3088],[11.4872,44.3071],[11.4977,44.3118],[11.5229,44.3111],[11.5206,44.3209],[11.528,44.3304],[11.557,44.3444],[11.5362,44.3527],[11.5399,44.3563],[11.5667,44.3528],[11.5827,44.3593],[11.6057,44.3443],[11.597,44.3353],[11.6061,44.3284],[11.5901,44.3311],[11.5842,44.3243],[11.5919,44.3114],[11.6195,44.3107],[11.6365,44.2966],[11.6519,44.3033],[11.6577,44.2916],[11.6541,44.2856],[11.664,44.2876],[11.6657,44.2829],[11.6716,44.2882],[11.6677,44.3119],[11.6742,44.3168],[11.6976,44.3093],[11.6912,44.2895],[11.7027,44.2879],[11.7186,44.3011],[11.732,44.3045],[11.7589,44.3323],[11.7766,44.3375],[11.7944,44.3676],[11.8029,44.3655],[11.7989,44.3784],[11.8079,44.3775],[11.81,44.3833],[11.7552,44.4025],[11.7989,44.4608],[11.7804,44.4673],[11.7967,44.4857],[11.7498,44.4976],[11.7631,44.5103],[11.7787,44.5035],[11.7904,44.5655],[11.7807,44.5685],[11.7736,44.5637],[11.7592,44.5693],[11.7636,44.5758],[11.7531,44.5731],[11.7347,44.5844],[11.6984,44.5799],[11.6935,44.5779],[11.6973,44.5735],[11.6806,44.5603],[11.6226,44.5467],[11.6121,44.5385],[11.606,44.5415],[11.621,44.5511],[11.61,44.558],[11.6307,44.5683],[11.6241,44.5732],[11.6292,44.5775],[11.5953,44.5781],[11.5931,44.5847],[11.5821,44.5836],[11.5839,44.5906],[11.5968,44.5968],[11.5936,44.6002],[11.6239,44.6128],[11.6072,44.6274],[11.5988,44.627],[11.6072,44.6316],[11.5966,44.6462],[11.5704,44.6328],[11.5507,44.6061],[11.5355,44.6072],[11.5238,44.5888],[11.5062,44.5873],[11.4728,44.6027],[11.4593,44.5852],[11.4296,44.6039],[11.4684,44.6432],[11.4728,44.6704],[11.4817,44.673],[11.4861,44.6839],[11.4666,44.6872],[11.4714,44.6939],[11.4648,44.6958],[11.4832,44.7232],[11.4506,44.7336],[11.4395,44.7298],[11.4322,44.7356],[11.4244,44.7353],[11.4189,44.728],[11.4088,44.7378],[11.4051,44.7351],[11.4072,44.7408],[11.3973,44.7428],[11.3908,44.7353],[11.3527,44.7484],[11.3501,44.7513],[11.3625,44.762],[11.3884,44.7786],[11.3747,44.7802],[11.3077,44.7353],[11.2928,44.7145],[11.2755,44.7056],[11.2664,44.7092],[11.2532,44.7163],[11.2731,44.7504],[11.2461,44.7584],[11.2934,44.8028],[11.2362,44.8047],[11.2278,44.8001],[11.2079,44.8043],[11.1742,44.7914],[11.1335,44.7869],[11.106,44.7713],[11.0967,44.7718],[11.0495,44.7423],[11.0418,44.7306],[11.0497,44.7237],[11.0456,44.7172],[11.039,44.7196],[11.0317,44.7144],[11.0172,44.6884],[10.9904,44.6659],[10.9913,44.6601],[10.9843,44.6575],[10.9877,44.6525],[10.9821,44.6506],[10.991,44.6376],[10.984,44.628],[10.9941,44.6288],[10.9872,44.6229],[10.996,44.6263],[11.011,44.6062],[11.0037,44.5978],[10.992,44.5951],[10.9888,44.5713],[11.0337,44.5466],[11.0301,44.5308],[11.0394,44.5113],[11.0273,44.4776],[11.0069,44.474],[10.9862,44.4563],[10.9539,44.451],[10.9426,44.443],[10.9893,44.4409]]]}},{"type":"Feature","properties":{"id":"colli-asolani-prosecco","name":"Colli Asolani - Prosecco","full_name":"Colli Asolani - Prosecco / Asolo - Prosecco","region":"Veneto","grapes":["Bianchetta Trevigiana","Chardonnay","Glera","Perera","Pinot Bianco","Pinot Grigio"],"key_appellations":["Colli Asolani - Prosecco"],"desc":"Colli Asolani - Prosecco is a protected wine appellation in Veneto.","level":"appellation"},"geometry":{"type":"Polygon","coordinates":[[[11.8558,45.7454],[11.867,45.7558],[11.9006,45.7558],[11.9049,45.7655],[11.9173,45.7681],[11.9211,45.7607],[11.9334,45.7575],[11.9484,45.7613],[11.9453,45.7705],[11.9661,45.7726],[11.9675,45.7646],[11.9791,45.7665],[11.9819,45.7576],[11.9929,45.7504],[11.9984,45.7323],[12.0285,45.7315],[12.0309,45.7234],[12.0433,45.727],[12.0475,45.7424],[12.0855,45.7576],[12.0919,45.7515],[12.1044,45.7584],[12.1119,45.7516],[12.1204,45.7579],[12.136,45.7477],[12.1321,45.7444],[12.1359,45.7414],[12.1551,45.7417],[12.1589,45.7439],[12.1524,45.7535],[12.1648,45.7608],[12.1855,45.7591],[12.19,45.7688],[12.2103,45.7713],[12.2026,45.7805],[12.2058,45.7958],[12.2399,45.7945],[12.2805,45.8074],[12.2782,45.8349],[12.2705,45.8364],[12.2642,45.8474],[12.2735,45.8651],[12.3014,45.8672],[12.3271,45.8602],[12.3331,45.8646],[12.328,45.8724],[12.3503,45.8609],[12.3669,45.8596],[12.375,45.872],[12.393,45.8741],[12.4104,45.8687],[12.4118,45.8768],[12.3888,45.8932],[12.3908,45.901],[12.3721,45.9163],[12.3757,45.9308],[12.3911,45.937],[12.4024,45.9351],[12.411,45.9413],[12.4201,45.937],[12.4339,45.9396],[12.4708,45.9129],[12.4864,45.9258],[12.4627,45.9336],[12.4647,45.9409],[12.4543,45.9471],[12.4258,45.9474],[12.4223,45.9562],[12.4282,45.9958],[12.4187,46.0079],[12.4153,46.0269],[12.399,46.0414],[12.404,46.0452],[12.3995,46.0624],[12.3861,46.0629],[12.3915,46.0714],[12.3672,46.0763],[12.3619,46.0716],[12.3304,46.0826],[12.3152,46.0808],[12.3028,46.0764],[12.2726,46.0426],[12.2549,46.0365],[12.2541,46.0276],[12.2399,46.0249],[12.2262,46.0131],[12.1916,46.0046],[12.1786,46.014],[12.1669,46.0136],[12.1692,46.0058],[12.1551,46.0008],[12.1111,46.0033],[12.1033,45.9976],[12.1015,45.9871],[12.0764,45.9761],[12.0787,45.9728],[12.0608,45.9608],[12.0529,45.9651],[12.0475,45.962],[12.0317,45.9737],[12.0227,45.9703],[12.019,45.9621],[11.9996,45.9677],[11.9887,45.9598],[11.9616,45.9547],[11.9516,45.9476],[11.9452,45.927],[11.9489,45.9209],[11.944,45.9112],[11.9506,45.8958],[11.8692,45.8807],[11.8465,45.8843],[11.8458,45.8963],[11.8253,45.9081],[11.7996,45.8806],[11.7992,45.872],[11.7667,45.8693],[11.7622,45.8588],[11.743,45.8553],[11.7594,45.8387],[11.7502,45.8223],[11.7634,45.8019],[11.7792,45.7919],[11.7934,45.8013],[11.8112,45.7975],[11.809,45.7929],[11.8185,45.7872],[11.8362,45.749],[11.8312,45.7405],[11.8558,45.7454]],[[12.0771,45.8518],[12.0645,45.8706],[12.0681,45.8833],[12.1139,45.8764],[12.1176,45.8378],[12.1041,45.8352],[12.0771,45.8518]]]}},{"type":"Feature","properties":{"id":"conegliano-valdobbiadene-prosecco","name":"Conegliano Valdobbiadene - Prosecco","full_name":"Conegliano Valdobbiadene - Prosecco / Valdobbiadene - Prosecco / Conegliano - Prosecco","region":"Veneto","grapes":["Bianchetta Trevigiana","Glera","Perera","Verdiso"],"key_appellations":["Conegliano Valdobbiadene - Prosecco"],"desc":"Conegliano Valdobbiadene - Prosecco is a protected wine appellation in Veneto.","level":"appellation"},"geometry":{"type":"Polygon","coordinates":[[[12.0587,45.8531],[12.0758,45.8519],[12.0645,45.8706],[12.0681,45.8833],[12.0923,45.8771],[12.0981,45.8813],[12.1071,45.8785],[12.1118,45.8862],[12.1324,45.8875],[12.1663,45.8762],[12.1789,45.8809],[12.1842,45.8726],[12.1787,45.851],[12.2122,45.8255],[12.2797,45.8073],[12.2775,45.8144],[12.2829,45.8192],[12.2782,45.8349],[12.2705,45.8364],[12.2642,45.8474],[12.2727,45.8647],[12.3014,45.8672],[12.3271,45.8602],[12.3331,45.8646],[12.328,45.8724],[12.3503,45.8609],[12.3669,45.8596],[12.3756,45.8666],[12.373,45.8713],[12.393,45.8741],[12.3802,45.8801],[12.3695,45.9014],[12.3616,45.9034],[12.3585,45.8937],[12.3333,45.9019],[12.3223,45.9243],[12.3362,45.9305],[12.3488,45.9242],[12.3595,45.9331],[12.3653,45.9256],[12.3696,45.9299],[12.3774,45.9261],[12.3715,45.942],[12.3766,45.9544],[12.3235,45.9757],[12.3206,45.9849],[12.3284,45.9953],[12.3082,46.0162],[12.3215,46.0234],[12.3294,46.0345],[12.326,46.0378],[12.3548,46.0582],[12.3619,46.0716],[12.3304,46.0826],[12.3028,46.0764],[12.2803,46.0487],[12.2534,46.0348],[12.2505,46.0252],[12.2716,45.9934],[12.2571,45.9868],[12.246,45.9933],[12.1993,45.9758],[12.1865,45.9947],[12.1894,46.0081],[12.1696,46.0138],[12.1692,46.0058],[12.1551,46.0008],[12.1098,46.0028],[12.1015,45.9871],[12.0764,45.9761],[12.0787,45.9728],[12.0614,45.961],[12.0529,45.9651],[12.0475,45.962],[12.0327,45.9736],[12.0227,45.9703],[12.019,45.9621],[12.0031,45.9677],[12.0059,45.9535],[11.9963,45.9533],[11.9975,45.9483],[11.9845,45.9413],[11.9777,45.9224],[11.9826,45.9138],[11.9736,45.9026],[11.9649,45.9053],[11.9502,45.8924],[12.0111,45.8605],[12.0344,45.8565],[12.0367,45.8453],[12.0587,45.8531]]]}},{"type":"Feature","properties":{"id":"aglianico-del-vulture-superiore","name":"Aglianico del Vulture Superiore","full_name":"Aglianico del Vulture Superiore","region":"Basilicata","grapes":["Aglianico"],"key_appellations":["Aglianico del Vulture"],"desc":"Volcanic Aglianico from the slopes of Monte Vulture. Dark, structured and long-lived.","level":"appellation"},"geometry":{"type":"MultiPolygon","coordinates":[[[[15.6685,40.8281],[15.682,40.8335],[15.6848,40.8588],[15.704,40.8805],[15.7178,40.8841],[15.7219,40.8712],[15.7531,40.8617],[15.7731,40.842],[15.7996,40.8494],[15.8228,40.8339],[15.8315,40.8356],[15.8418,40.8161],[15.8372,40.8099],[15.8304,40.8145],[15.8164,40.8103],[15.8191,40.7918],[15.8679,40.7858],[15.8839,40.7925],[15.9186,40.7738],[15.9033,40.7677],[15.9167,40.7569],[15.9425,40.7598],[15.9572,40.7557],[15.9641,40.7611],[15.9625,40.7691],[15.9695,40.7802],[15.9871,40.787],[16.0376,40.7859],[16.0586,40.7919],[16.0723,40.7804],[16.0897,40.7832],[16.0905,40.7768],[16.1072,40.776],[16.1042,40.7721],[16.1124,40.7667],[16.1215,40.7755],[16.1222,40.797],[16.1689,40.8057],[16.2154,40.8304],[16.2441,40.838],[16.2419,40.8474],[16.2313,40.8549],[16.214,40.9082],[16.1995,40.9192],[16.163,40.9286],[16.1381,40.9183],[16.1344,40.9065],[16.1211,40.8977],[16.0921,40.9209],[15.983,40.9545],[15.9719,40.9721],[15.886,40.9929],[15.8966,41.005],[15.9157,41.0145],[15.9114,41.0228],[15.9168,41.0294],[15.915,41.0413],[15.8974,41.0635],[15.933,41.0742],[15.9291,41.0824],[15.9531,41.0919],[15.96,41.1],[15.9534,41.1108],[15.921,41.1111],[15.9008,41.1264],[15.8931,41.1231],[15.8787,41.1395],[15.8703,41.1399],[15.8651,41.1309],[15.8498,41.1341],[15.8426,41.1237],[15.8337,41.13],[15.8295,41.1181],[15.8225,41.1204],[15.799,41.1115],[15.8036,41.103],[15.7985,41.0916],[15.7685,41.0832],[15.7436,41.0993],[15.7304,41.099],[15.726,41.091],[15.7081,41.0867],[15.6754,41.0898],[15.6699,41.086],[15.6658,41.0926],[15.6515,41.0891],[15.62,41.0989],[15.5876,41.0983],[15.5598,41.0882],[15.5494,41.0741],[15.5397,41.0714],[15.5511,41.0394],[15.5632,41.031],[15.5596,41.0169],[15.5724,40.9971],[15.5667,40.9688],[15.5423,40.9464],[15.5441,40.9409],[15.5342,40.924],[15.5368,40.9049],[15.5596,40.8808],[15.5518,40.8744],[15.5772,40.8597],[15.5891,40.8736],[15.6145,40.8784],[15.614,40.8639],[15.6011,40.8456],[15.6086,40.8323],[15.622,40.8342],[15.6259,40.8432],[15.6363,40.8477],[15.6352,40.8435],[15.6468,40.8393],[15.6633,40.8452],[15.6667,40.84],[15.662,40.8332],[15.6685,40.8281]]],[[[15.6912,40.7686],[15.7052,40.7685],[15.6981,40.7777],[15.6822,40.7819],[15.6755,40.8038],[15.661,40.8031],[15.6666,40.7832],[15.6912,40.7686]]],[[[15.6703,40.8181],[15.6745,40.8224],[15.6697,40.8215],[15.6703,40.8181]]],[[[15.5987,40.8585],[15.6002,40.862],[15.5939,40.8573],[15.5987,40.8585]]]]}},{"type":"Feature","properties":{"id":"grottino-di-roccanova","name":"Grottino di Roccanova","full_name":"Grottino di Roccanova","region":"Basilicata","grapes":["Aglianico Del Vulture","Aglianico","Aglianicone","Ansonica","Asprinio Bianco","Barbera"],"key_appellations":["Grottino di Roccanova"],"desc":"Grottino di Roccanova is a protected wine appellation in Basilicata.","level":"appellation"},"geometry":{"type":"Polygon","coordinates":[[[16.1278,40.1858],[16.107,40.1602],[16.1212,40.1648],[16.1614,40.1632],[16.1665,40.159],[16.1803,40.1649],[16.1807,40.1581],[16.1959,40.1546],[16.1949,40.1434],[16.2184,40.1401],[16.2227,40.1501],[16.2116,40.164],[16.2222,40.1747],[16.2222,40.1854],[16.2591,40.1817],[16.2768,40.1989],[16.2904,40.2034],[16.3081,40.2007],[16.3172,40.2115],[16.3352,40.2139],[16.3502,40.2078],[16.3489,40.217],[16.361,40.2311],[16.3575,40.2404],[16.3713,40.251],[16.3678,40.2624],[16.3756,40.2739],[16.3641,40.2879],[16.3749,40.2964],[16.3757,40.3104],[16.3334,40.3044],[16.319,40.2797],[16.3036,40.2715],[16.2811,40.269],[16.2569,40.2741],[16.2417,40.2665],[16.1473,40.2617],[16.1534,40.2488],[16.1427,40.231],[16.1389,40.186],[16.1278,40.1858]]]}},{"type":"Feature","properties":{"id":"terre-dell-alta-val-d-agri","name":"Terre dell'Alta Val d'Agri","full_name":"Terre dell'Alta Val d'Agri","region":"Basilicata","grapes":["Aglianico Del Vulture","Aglianico","Aglianicone","Ansonica","Asprinio Bianco","Barbera"],"key_appellations":["Terre dell'Alta Val d'Agri"],"desc":"Terre dell'Alta Val d'Agri is a protected wine appellation in Basilicata.","level":"appellation"},"geometry":{"type":"Polygon","coordinates":[[[15.8672,40.152],[15.8963,40.1442],[15.904,40.1635],[15.9183,40.1554],[15.922,40.1619],[15.9176,40.179],[15.9027,40.1927],[15.8967,40.2195],[15.8791,40.2257],[15.8758,40.2321],[15.8844,40.2483],[15.8791,40.258],[15.8892,40.263],[15.9138,40.2593],[15.9297,40.269],[15.9428,40.2623],[15.9561,40.2789],[15.9527,40.2955],[15.9675,40.3192],[15.953,40.3468],[15.9642,40.3569],[15.9573,40.3662],[15.9589,40.3776],[15.9476,40.3859],[15.9489,40.398],[15.9195,40.4108],[15.883,40.4008],[15.8525,40.377],[15.8433,40.3614],[15.837,40.3396],[15.8401,40.3354],[15.8055,40.3108],[15.8129,40.2992],[15.8015,40.289],[15.8065,40.2722],[15.8002,40.2697],[15.7996,40.2591],[15.8055,40.2514],[15.7899,40.244],[15.7874,40.2366],[15.7973,40.2248],[15.7881,40.217],[15.8133,40.1943],[15.8302,40.187],[15.8407,40.1901],[15.8419,40.1742],[15.8672,40.152]]]}},{"type":"Feature","properties":{"id":"matera","name":"Matera","full_name":"Matera","region":"Basilicata","grapes":["Aglianico Del Vulture","Aglianico","Aglianicone","Ansonica","Asprinio Bianco","Barbera"],"key_appellations":["Matera"],"desc":"Matera is a protected wine appellation in Basilicata.","level":"appellation"},"geometry":{"type":"MultiPolygon","coordinates":[[[[16.3966,40.1537],[16.3668,40.1423],[16.3507,40.1228],[16.3618,40.1227],[16.3534,40.1168],[16.3772,40.11],[16.3554,40.0909],[16.3737,40.0923],[16.3626,40.0727],[16.3834,40.0811],[16.3839,40.0627],[16.3989,40.0554],[16.4157,40.085],[16.4118,40.0902],[16.4161,40.1069],[16.409,40.1209],[16.42,40.1285],[16.4212,40.1439],[16.4342,40.1277],[16.4521,40.1348],[16.4709,40.1341],[16.4947,40.124],[16.5032,40.1299],[16.5181,40.1288],[16.5301,40.1181],[16.5542,40.1283],[16.5729,40.1265],[16.5867,40.1345],[16.6103,40.1289],[16.621,40.1321],[16.6455,40.1183],[16.6917,40.1515],[16.7374,40.2104],[16.7498,40.2461],[16.7849,40.3007],[16.8673,40.3978],[16.8564,40.4064],[16.8499,40.4016],[16.8459,40.4111],[16.8359,40.4104],[16.8238,40.4195],[16.825,40.4244],[16.8175,40.4248],[16.8095,40.4331],[16.8098,40.4469],[16.8029,40.4574],[16.7832,40.4644],[16.7814,40.4591],[16.755,40.4628],[16.7538,40.4707],[16.7439,40.4647],[16.7203,40.4798],[16.7371,40.5078],[16.7159,40.5242],[16.7245,40.5353],[16.7055,40.555],[16.7186,40.584],[16.7119,40.593],[16.7283,40.6014],[16.7127,40.6156],[16.7098,40.6328],[16.7273,40.6884],[16.7126,40.6885],[16.6966,40.7026],[16.7046,40.7112],[16.7088,40.7054],[16.725,40.7138],[16.6733,40.7385],[16.6634,40.7488],[16.6616,40.7368],[16.6529,40.7363],[16.6494,40.738],[16.6532,40.7439],[16.6375,40.7429],[16.6392,40.7508],[16.6329,40.7536],[16.6299,40.7496],[16.6278,40.755],[16.5944,40.7526],[16.5798,40.7636],[16.5677,40.7594],[16.5675,40.7524],[16.5781,40.742],[16.5725,40.7369],[16.5707,40.7439],[16.5684,40.7371],[16.5638,40.7397],[16.5545,40.7576],[16.5359,40.7519],[16.5315,40.7446],[16.5409,40.7405],[16.5345,40.7329],[16.5441,40.7255],[16.5387,40.725],[16.5249,40.7357],[16.5183,40.7345],[16.5226,40.7464],[16.5123,40.7481],[16.5081,40.7527],[16.5121,40.7548],[16.5011,40.7623],[16.4806,40.7375],[16.4469,40.7125],[16.4269,40.701],[16.411,40.7023],[16.3989,40.7083],[16.3805,40.7364],[16.3489,40.7496],[16.3163,40.7831],[16.2778,40.8019],[16.2441,40.838],[16.2154,40.8304],[16.1689,40.8057],[16.1222,40.797],[16.1216,40.7757],[16.115,40.7676],[16.1492,40.731],[16.1476,40.6992],[16.1284,40.6946],[16.1015,40.673],[16.0808,40.668],[16.0798,40.6629],[16.0597,40.6597],[16.0483,40.6355],[16.0568,40.6241],[16.0709,40.6206],[16.0811,40.6009],[16.121,40.5836],[16.0996,40.5536],[16.0757,40.5446],[16.1163,40.5007],[16.0971,40.4817],[16.1164,40.4591],[16.1418,40.4511],[16.1273,40.4297],[16.1096,40.4263],[16.106,40.4102],[16.1132,40.3988],[16.1516,40.3777],[16.1665,40.3482],[16.1635,40.3384],[16.1749,40.3384],[16.1754,40.3308],[16.1898,40.3197],[16.1692,40.3182],[16.1621,40.3116],[16.1708,40.3092],[16.1729,40.2997],[16.1881,40.2901],[16.1941,40.2666],[16.2417,40.2665],[16.2569,40.2741],[16.2811,40.269],[16.3036,40.2715],[16.319,40.2797],[16.3334,40.3044],[16.3757,40.3104],[16.3749,40.2964],[16.3641,40.2879],[16.3756,40.2739],[16.3678,40.2624],[16.3713,40.251],[16.3575,40.2404],[16.361,40.2311],[16.3489,40.217],[16.3487,40.2054],[16.3596,40.1858],[16.3893,40.1749],[16.3883,40.1687],[16.3956,40.1695],[16.3966,40.1537]]],[[[15.9551,40.61],[15.9841,40.6057],[15.9797,40.6335],[15.983,40.6463],[15.9536,40.6483],[15.942,40.6366],[15.9516,40.6268],[15.9551,40.61]]],[[[16.6459,40.7525],[16.6358,40.7585],[16.6338,40.7542],[16.6459,40.7525]]]]}},{"type":"Feature","properties":{"id":"primitivo-di-manduria-dolce-naturale","name":"Primitivo di Manduria Dolce Naturale","full_name":"Primitivo di Manduria Dolce Naturale","region":"Puglia","grapes":["Primitivo"],"key_appellations":["Primitivo di Manduria Dolce Naturale"],"desc":"Primitivo di Manduria Dolce Naturale is a protected wine appellation in Puglia.","level":"appellation"},"geometry":{"type":"MultiPolygon","coordinates":[[[[17.4304,40.4767],[17.4134,40.4933],[17.3982,40.4832],[17.3919,40.4838],[17.3869,40.4933],[17.3765,40.4901],[17.3737,40.4998],[17.3692,40.4958],[17.3471,40.4978],[17.3552,40.5065],[17.3481,40.5263],[17.3628,40.5293],[17.3678,40.541],[17.3815,40.5458],[17.3715,40.5585],[17.3557,40.5587],[17.3393,40.5459],[17.3276,40.5279],[17.3249,40.5353],[17.3147,40.5388],[17.2817,40.5389],[17.2751,40.5322],[17.2532,40.5378],[17.2464,40.5368],[17.2402,40.5207],[17.2273,40.518],[17.2169,40.536],[17.2103,40.5345],[17.2171,40.5212],[17.1846,40.5161],[17.1418,40.552],[17.1373,40.5447],[17.1325,40.549],[17.1306,40.5405],[17.1168,40.5403],[17.1357,40.5341],[17.1271,40.5176],[17.1496,40.5068],[17.1445,40.4949],[17.1628,40.506],[17.1655,40.5036],[17.1552,40.4965],[17.166,40.5009],[17.1764,40.4899],[17.1818,40.4924],[17.1786,40.4786],[17.1913,40.4792],[17.194,40.472],[17.1921,40.477],[17.1987,40.4749],[17.1981,40.4791],[17.205,40.4738],[17.204,40.4796],[17.2099,40.4739],[17.213,40.479],[17.2167,40.4742],[17.2151,40.4788],[17.2214,40.4758],[17.2258,40.4807],[17.224,40.4752],[17.2482,40.4604],[17.2514,40.4479],[17.2457,40.4343],[17.2367,40.4253],[17.209,40.4216],[17.2034,40.4081],[17.2249,40.4088],[17.2321,40.4013],[17.2766,40.3859],[17.2792,40.3794],[17.2978,40.3801],[17.3112,40.366],[17.3408,40.3624],[17.3491,40.3548],[17.3796,40.3462],[17.3809,40.3401],[17.3951,40.3323],[17.4431,40.3297],[17.4584,40.3163],[17.4947,40.31],[17.5108,40.2946],[17.6757,40.3048],[17.7553,40.2945],[17.7638,40.2957],[17.768,40.3116],[17.7854,40.3107],[17.7797,40.3279],[17.7928,40.336],[17.8003,40.3693],[17.7937,40.3891],[17.7778,40.3877],[17.7714,40.3931],[17.7816,40.4048],[17.7836,40.4395],[17.7961,40.4454],[17.7891,40.4554],[17.7901,40.4706],[17.7808,40.469],[17.7842,40.478],[17.7772,40.4933],[17.7883,40.521],[17.7833,40.5287],[17.7722,40.5306],[17.7688,40.5233],[17.7496,40.5196],[17.7505,40.5302],[17.7265,40.5316],[17.7226,40.5386],[17.678,40.519],[17.6737,40.5219],[17.6776,40.5247],[17.67,40.5258],[17.6714,40.5606],[17.6599,40.5601],[17.6669,40.5393],[17.6589,40.5377],[17.6531,40.5501],[17.6503,40.5423],[17.6547,40.5356],[17.6392,40.5307],[17.6429,40.5193],[17.6353,40.5193],[17.631,40.5294],[17.6226,40.5272],[17.6252,40.5146],[17.6195,40.5151],[17.6189,40.5078],[17.6091,40.5082],[17.6157,40.4997],[17.5939,40.4937],[17.5965,40.4837],[17.5814,40.4783],[17.5822,40.4565],[17.5903,40.4494],[17.5774,40.4385],[17.569,40.4457],[17.56,40.4371],[17.5501,40.4467],[17.5422,40.4453],[17.5464,40.4384],[17.5204,40.4577],[17.5197,40.4704],[17.5111,40.4788],[17.4871,40.4821],[17.4851,40.4687],[17.4596,40.4611],[17.4511,40.4613],[17.4536,40.4683],[17.4478,40.4764],[17.4338,40.4811],[17.4304,40.4767]]],[[[17.1649,40.4457],[17.1609,40.4585],[17.1531,40.4513],[17.1415,40.4513],[17.1529,40.4451],[17.1649,40.4457]]],[[[17.3597,40.5176],[17.3695,40.5258],[17.3525,40.5209],[17.3597,40.5176]]],[[[17.4307,40.5898],[17.4141,40.5913],[17.4093,40.5868],[17.4274,40.5813],[17.4307,40.5898]]],[[[17.4454,40.5837],[17.4328,40.5767],[17.4442,40.5743],[17.4437,40.5679],[17.4518,40.5652],[17.4534,40.5815],[17.4454,40.5837]]]]}},{"type":"Feature","properties":{"id":"castel-del-monte-bombino-nero","name":"Castel del Monte Bombino Nero","full_name":"Castel del Monte Bombino Nero","region":"Puglia","grapes":["Aglianico","Aglianicone","Barbera","Bombino Nero","Cabernet Franc","Cabernet Sauvignon"],"key_appellations":["Castel del Monte Bombino Nero"],"desc":"Castel del Monte Bombino Nero is a protected wine appellation in Puglia.","level":"appellation"},"geometry":{"type":"Polygon","coordinates":[[[16.303,40.9833],[16.3486,40.9568],[16.379,40.9641],[16.4072,40.9581],[16.4408,40.9602],[16.4719,40.9788],[16.564,40.933],[16.5773,40.9307],[16.596,40.9377],[16.6157,40.9297],[16.6476,40.9665],[16.6869,40.9657],[16.6963,41.0073],[16.6891,41.0129],[16.7022,41.0205],[16.7138,41.0192],[16.7266,40.9991],[16.7394,40.9947],[16.764,40.973],[16.7647,40.9909],[16.7312,41.0111],[16.7306,41.031],[16.7238,41.0409],[16.7281,41.0433],[16.7291,41.0613],[16.7441,41.0747],[16.7499,41.0741],[16.7447,41.0822],[16.758,41.0997],[16.7515,41.106],[16.7511,41.1235],[16.7173,41.1548],[16.6796,41.1492],[16.662,41.1435],[16.6599,41.1379],[16.6457,41.1412],[16.6416,41.1335],[16.6323,41.138],[16.6149,41.1176],[16.6021,41.1225],[16.5905,41.1463],[16.5842,41.1475],[16.5848,41.1546],[16.5742,41.1598],[16.5364,41.1622],[16.5251,41.1544],[16.5082,41.1594],[16.502,41.1509],[16.4769,41.1558],[16.4708,41.148],[16.4607,41.1736],[16.4466,41.1756],[16.4498,41.1793],[16.4287,41.1907],[16.4362,41.2048],[16.4313,41.2121],[16.429,41.219],[16.4435,41.2186],[16.4342,41.2088],[16.4432,41.2098],[16.4568,41.2277],[16.4471,41.2362],[16.4575,41.2404],[16.4565,41.2463],[16.4677,41.2557],[16.4482,41.262],[16.4422,41.2713],[16.4279,41.2736],[16.4228,41.2828],[16.4204,41.278],[16.4195,41.2827],[16.4244,41.2847],[16.401,41.2851],[16.3544,41.3061],[16.3291,41.2787],[16.329,41.2708],[16.3069,41.2621],[16.3088,41.2573],[16.2985,41.2581],[16.2905,41.267],[16.2857,41.2575],[16.2711,41.2606],[16.2752,41.2667],[16.2676,41.2652],[16.2642,41.2706],[16.2454,41.2625],[16.2228,41.2713],[16.2196,41.2661],[16.2167,41.2714],[16.1955,41.2537],[16.1855,41.2515],[16.1769,41.2297],[16.1294,41.2305],[16.1246,41.2214],[16.13,41.2192],[16.0993,41.1818],[16.0496,41.1622],[16.0285,41.1641],[15.9946,41.1466],[15.9809,41.1481],[15.9793,41.1407],[15.9376,41.1136],[15.9534,41.1108],[15.96,41.1],[15.9542,41.0931],[15.9763,41.0941],[15.9831,41.0888],[15.979,41.0812],[15.9995,41.0535],[16.0073,41.0591],[16.0263,41.0516],[16.0407,41.0362],[16.0415,41.0223],[16.0485,41.0126],[16.1041,40.9831],[16.1454,40.9965],[16.1856,41.0188],[16.1902,41.0088],[16.1972,41.0102],[16.2118,41.0255],[16.2541,41.0148],[16.2818,40.9911],[16.303,40.9833]]]}},{"type":"Feature","properties":{"id":"castel-del-monte-nero-di-troia-riserva","name":"Castel del Monte Nero di Troia Riserva","full_name":"Castel del Monte Nero di Troia Riserva","region":"Puglia","grapes":["Aglianico","Aglianicone","Barbera","Bombino Nero","Cabernet Franc","Cabernet Sauvignon"],"key_appellations":["Castel del Monte Nero di Troia Riserva"],"desc":"Castel del Monte Nero di Troia Riserva is a protected wine appellation in Puglia.","level":"appellation"},"geometry":{"type":"Polygon","coordinates":[[[16.303,40.9833],[16.3486,40.9568],[16.379,40.9641],[16.4072,40.9581],[16.4408,40.9602],[16.4719,40.9788],[16.564,40.933],[16.5773,40.9307],[16.596,40.9377],[16.6157,40.9297],[16.6476,40.9665],[16.6869,40.9657],[16.6963,41.0073],[16.6891,41.0129],[16.7022,41.0205],[16.7138,41.0192],[16.7266,40.9991],[16.7394,40.9947],[16.764,40.973],[16.7647,40.9909],[16.7312,41.0111],[16.7306,41.031],[16.7238,41.0409],[16.7281,41.0433],[16.7291,41.0613],[16.7441,41.0747],[16.7499,41.0741],[16.7447,41.0822],[16.758,41.0997],[16.7515,41.106],[16.7511,41.1235],[16.7173,41.1548],[16.6796,41.1492],[16.662,41.1435],[16.6599,41.1379],[16.6457,41.1412],[16.6416,41.1335],[16.6323,41.138],[16.6149,41.1176],[16.6021,41.1225],[16.5905,41.1463],[16.5842,41.1475],[16.5848,41.1546],[16.5742,41.1598],[16.5364,41.1622],[16.5251,41.1544],[16.5082,41.1594],[16.502,41.1509],[16.4769,41.1558],[16.4708,41.148],[16.4607,41.1736],[16.4466,41.1756],[16.4498,41.1793],[16.4287,41.1907],[16.4362,41.2048],[16.4313,41.2121],[16.429,41.219],[16.4435,41.2186],[16.4342,41.2088],[16.4432,41.2098],[16.4568,41.2277],[16.4471,41.2362],[16.4575,41.2404],[16.4565,41.2463],[16.4677,41.2557],[16.4482,41.262],[16.4422,41.2713],[16.4279,41.2736],[16.4228,41.2828],[16.4204,41.278],[16.4195,41.2827],[16.4244,41.2847],[16.401,41.2851],[16.3544,41.3061],[16.3291,41.2787],[16.329,41.2708],[16.3069,41.2621],[16.3088,41.2573],[16.2985,41.2581],[16.2905,41.267],[16.2857,41.2575],[16.2711,41.2606],[16.2752,41.2667],[16.2676,41.2652],[16.2642,41.2706],[16.2454,41.2625],[16.2228,41.2713],[16.2196,41.2661],[16.2167,41.2714],[16.1955,41.2537],[16.1855,41.2515],[16.1769,41.2297],[16.1294,41.2305],[16.1246,41.2214],[16.13,41.2192],[16.0993,41.1818],[16.0496,41.1622],[16.0285,41.1641],[15.9946,41.1466],[15.9809,41.1481],[15.9793,41.1407],[15.9376,41.1136],[15.9534,41.1108],[15.96,41.1],[15.9542,41.0931],[15.9763,41.0941],[15.9831,41.0888],[15.979,41.0812],[15.9995,41.0535],[16.0073,41.0591],[16.0263,41.0516],[16.0407,41.0362],[16.0415,41.0223],[16.0485,41.0126],[16.1041,40.9831],[16.1454,40.9965],[16.1856,41.0188],[16.1902,41.0088],[16.1972,41.0102],[16.2118,41.0255],[16.2541,41.0148],[16.2818,40.9911],[16.303,40.9833]]]}},{"type":"Feature","properties":{"id":"castel-del-monte-rosso-riserva","name":"Castel del Monte Rosso Riserva","full_name":"Castel del Monte Rosso Riserva","region":"Puglia","grapes":["Aglianico","Aglianicone","Barbera","Bombino Nero","Cabernet Franc","Cabernet Sauvignon"],"key_appellations":["Castel del Monte Rosso Riserva"],"desc":"Castel del Monte Rosso Riserva is a protected wine appellation in Puglia.","level":"appellation"},"geometry":{"type":"Polygon","coordinates":[[[16.303,40.9833],[16.3486,40.9568],[16.379,40.9641],[16.4072,40.9581],[16.4408,40.9602],[16.4719,40.9788],[16.564,40.933],[16.5773,40.9307],[16.596,40.9377],[16.6157,40.9297],[16.6476,40.9665],[16.6869,40.9657],[16.6963,41.0073],[16.6891,41.0129],[16.7022,41.0205],[16.7138,41.0192],[16.7266,40.9991],[16.7394,40.9947],[16.764,40.973],[16.7647,40.9909],[16.7312,41.0111],[16.7306,41.031],[16.7238,41.0409],[16.7281,41.0433],[16.7291,41.0613],[16.7441,41.0747],[16.7499,41.0741],[16.7447,41.0822],[16.758,41.0997],[16.7515,41.106],[16.7511,41.1235],[16.7173,41.1548],[16.6796,41.1492],[16.662,41.1435],[16.6599,41.1379],[16.6457,41.1412],[16.6416,41.1335],[16.6323,41.138],[16.6149,41.1176],[16.6021,41.1225],[16.5905,41.1463],[16.5842,41.1475],[16.5848,41.1546],[16.5742,41.1598],[16.5364,41.1622],[16.5251,41.1544],[16.5082,41.1594],[16.502,41.1509],[16.4769,41.1558],[16.4708,41.148],[16.4607,41.1736],[16.4466,41.1756],[16.4498,41.1793],[16.4287,41.1907],[16.4362,41.2048],[16.4313,41.2121],[16.429,41.219],[16.4435,41.2186],[16.4342,41.2088],[16.4432,41.2098],[16.4568,41.2277],[16.4471,41.2362],[16.4575,41.2404],[16.4565,41.2463],[16.4677,41.2557],[16.4482,41.262],[16.4422,41.2713],[16.4279,41.2736],[16.4228,41.2828],[16.4204,41.278],[16.4195,41.2827],[16.4244,41.2847],[16.401,41.2851],[16.3544,41.3061],[16.3291,41.2787],[16.329,41.2708],[16.3069,41.2621],[16.3088,41.2573],[16.2985,41.2581],[16.2905,41.267],[16.2857,41.2575],[16.2711,41.2606],[16.2752,41.2667],[16.2676,41.2652],[16.2642,41.2706],[16.2454,41.2625],[16.2228,41.2713],[16.2196,41.2661],[16.2167,41.2714],[16.1955,41.2537],[16.1855,41.2515],[16.1769,41.2297],[16.1294,41.2305],[16.1246,41.2214],[16.13,41.2192],[16.0993,41.1818],[16.0496,41.1622],[16.0285,41.1641],[15.9946,41.1466],[15.9809,41.1481],[15.9793,41.1407],[15.9376,41.1136],[15.9534,41.1108],[15.96,41.1],[15.9542,41.0931],[15.9763,41.0941],[15.9831,41.0888],[15.979,41.0812],[15.9995,41.0535],[16.0073,41.0591],[16.0263,41.0516],[16.0407,41.0362],[16.0415,41.0223],[16.0485,41.0126],[16.1041,40.9831],[16.1454,40.9965],[16.1856,41.0188],[16.1902,41.0088],[16.1972,41.0102],[16.2118,41.0255],[16.2541,41.0148],[16.2818,40.9911],[16.303,40.9833]]]}},{"type":"Feature","properties":{"id":"aleatico-di-puglia","name":"Aleatico di Puglia","full_name":"Aleatico di Puglia","region":"Puglia","grapes":["Negro Amaro","Primitivo"],"key_appellations":["Aleatico di Puglia"],"desc":"Aleatico di Puglia is a protected wine appellation in Puglia.","level":"appellation"},"geometry":{"type":"MultiPolygon","coordinates":[[[[15.293,41.0918],[15.3144,41.1039],[15.3517,41.0947],[15.3666,41.0847],[15.4013,41.1059],[15.4123,41.0949],[15.4257,41.0961],[15.4461,41.078],[15.4784,41.0786],[15.4849,41.071],[15.5418,41.0557],[15.5445,41.0661],[15.5403,41.0722],[15.5784,41.0969],[15.6175,41.0992],[15.646,41.0896],[15.6658,41.0926],[15.6699,41.086],[15.6754,41.0898],[15.6915,41.0862],[15.7253,41.0907],[15.7304,41.099],[15.7436,41.0993],[15.7685,41.0832],[15.7985,41.0916],[15.8036,41.103],[15.799,41.1115],[15.8225,41.1204],[15.8295,41.1181],[15.8337,41.13],[15.8426,41.1237],[15.8498,41.1341],[15.8651,41.1309],[15.8703,41.1399],[15.8787,41.1395],[15.8931,41.1231],[15.9008,41.1264],[15.921,41.1111],[15.9534,41.1108],[15.96,41.1],[15.9542,41.0931],[15.9763,41.0941],[15.9827,41.0892],[15.979,41.0812],[15.999,41.054],[16.0073,41.0591],[16.0251,41.0522],[16.041,41.0349],[16.0405,41.0283],[16.028,41.0241],[16.032,40.9984],[16.0271,40.9912],[16.0081,40.972],[15.9719,40.9721],[15.9767,40.9584],[16.0921,40.9209],[16.1211,40.8977],[16.1344,40.9065],[16.1381,40.9183],[16.163,40.9286],[16.2013,40.9184],[16.214,40.9082],[16.2313,40.8549],[16.2419,40.8474],[16.2423,40.8396],[16.2562,40.823],[16.2783,40.8016],[16.3163,40.7831],[16.3489,40.7496],[16.3805,40.7364],[16.4058,40.704],[16.4261,40.7008],[16.4469,40.7125],[16.4806,40.7375],[16.5011,40.7623],[16.5121,40.7548],[16.5081,40.7527],[16.5123,40.7481],[16.5226,40.7464],[16.5183,40.7345],[16.5249,40.7357],[16.5387,40.725],[16.5441,40.7255],[16.5345,40.7329],[16.5409,40.7405],[16.5315,40.7446],[16.5359,40.7519],[16.5545,40.7576],[16.5638,40.7397],[16.5684,40.7371],[16.5707,40.7439],[16.5725,40.7369],[16.5781,40.742],[16.5675,40.7524],[16.5677,40.7594],[16.5798,40.7636],[16.5944,40.7526],[16.6278,40.755],[16.6299,40.7496],[16.6329,40.7536],[16.6392,40.7508],[16.6375,40.7429],[16.6532,40.7439],[16.6494,40.738],[16.6529,40.7363],[16.6616,40.7368],[16.6634,40.7488],[16.6733,40.7385],[16.725,40.7138],[16.7088,40.7054],[16.7046,40.7112],[16.6966,40.7026],[16.7126,40.6885],[16.7273,40.6884],[16.7098,40.6328],[16.7127,40.6156],[16.7283,40.6014],[16.7119,40.593],[16.7186,40.584],[16.7055,40.555],[16.7245,40.5353],[16.7159,40.5242],[16.7371,40.5078],[16.7203,40.4798],[16.7439,40.4647],[16.7538,40.4707],[16.755,40.4628],[16.7814,40.4591],[16.7832,40.4644],[16.8029,40.4574],[16.8098,40.4469],[16.8095,40.4331],[16.825,40.4244],[16.8238,40.4195],[16.8359,40.4104],[16.8459,40.4111],[16.8508,40.4012],[16.8564,40.4064],[16.8673,40.3978],[16.9255,40.4537],[16.9949,40.4946],[17.0681,40.5174],[17.1208,40.5187],[17.1496,40.5068],[17.1445,40.4949],[17.1628,40.506],[17.1655,40.5036],[17.1552,40.4965],[17.166,40.5009],[17.1764,40.4899],[17.1818,40.4924],[17.1786,40.4786],[17.1913,40.4792],[17.194,40.472],[17.1921,40.477],[17.1987,40.4749],[17.1981,40.4791],[17.205,40.4738],[17.204,40.4796],[17.2099,40.4739],[17.213,40.479],[17.2167,40.4742],[17.2151,40.4788],[17.2214,40.4758],[17.2258,40.4807],[17.224,40.4752],[17.2482,40.4604],[17.2514,40.4479],[17.2457,40.4343],[17.2367,40.4253],[17.209,40.4216],[17.2034,40.4081],[17.2249,40.4088],[17.2321,40.4013],[17.2766,40.3859],[17.2792,40.3794],[17.2978,40.3801],[17.3112,40.366],[17.3408,40.3624],[17.3491,40.3548],[17.3796,40.3462],[17.3809,40.3401],[17.3951,40.3323],[17.4431,40.3297],[17.4584,40.3163],[17.4947,40.31],[17.5077,40.295],[17.6791,40.3047],[17.7432,40.295],[17.7607,40.2975],[17.7635,40.2916],[17.7713,40.2948],[17.8164,40.2895],[17.8395,40.2806],[17.8471,40.2858],[17.8622,40.2833],[17.8684,40.2717],[17.8841,40.2682],[17.8904,40.2542],[17.8953,40.2597],[17.9072,40.253],[17.9101,40.2413],[17.8955,40.2504],[17.9244,40.2241],[17.9179,40.198],[17.9252,40.1841],[17.959,40.1588],[17.9636,40.1478],[17.9748,40.1479],[17.9794,40.1382],[17.9872,40.1404],[17.9878,40.1335],[17.9966,40.1314],[17.9928,40.1293],[18.01,40.109],[18.0118,40.0853],[18.0052,40.072],[17.9903,40.0586],[17.9773,40.0569],[17.9826,40.0615],[17.9722,40.0544],[17.9977,40.0505],[18.0155,40.0353],[18.0207,40.0193],[18.0168,40.0056],[18.0062,39.9957],[17.9934,40.0002],[17.9945,39.996],[18.0129,39.9697],[18.0258,39.9628],[18.0298,39.9489],[18.0476,39.9288],[18.1711,39.8499],[18.1832,39.8498],[18.2057,39.8366],[18.27,39.8343],[18.3078,39.8171],[18.3135,39.809],[18.3272,39.8072],[18.3346,39.7951],[18.3459,39.7897],[18.3617,39.798],[18.3578,39.7932],[18.3691,39.7937],[18.3908,39.8175],[18.3845,39.8412],[18.3979,39.8722],[18.3996,39.8901],[18.3903,39.9072],[18.4155,39.9928],[18.4243,40.0014],[18.4319,39.9991],[18.4357,40.0245],[18.4754,40.0443],[18.4829,40.0815],[18.4878,40.0793],[18.5205,40.1073],[18.5067,40.1256],[18.5171,40.1351],[18.5036,40.1468],[18.4879,40.1475],[18.4921,40.1535],[18.4802,40.1676],[18.4791,40.1781],[18.4639,40.1928],[18.458,40.2071],[18.4646,40.225],[18.4418,40.2585],[18.4409,40.2693],[18.4297,40.2736],[18.4318,40.2834],[18.4229,40.2947],[18.3859,40.3145],[18.3602,40.3447],[18.316,40.3728],[18.3054,40.3837],[18.3068,40.3911],[18.2787,40.4076],[18.2339,40.4492],[18.2008,40.4684],[18.1844,40.4698],[18.1699,40.4807],[18.1266,40.4932],[18.1159,40.5065],[18.0805,40.5256],[18.0775,40.5383],[18.0446,40.5565],[18.0346,40.5714],[18.0452,40.5973],[18.0162,40.625],[18.015,40.6372],[18.0217,40.6423],[18.004,40.6443],[17.9986,40.649],[18.002,40.6536],[18.0008,40.6558],[17.993,40.6468],[17.9819,40.6495],[17.9861,40.6438],[17.9716,40.6454],[17.9696,40.6507],[17.9706,40.6455],[17.953,40.645],[17.9498,40.633],[17.9442,40.6424],[17.9285,40.6396],[17.9508,40.6446],[17.9633,40.6564],[17.9619,40.6624],[17.9674,40.6624],[17.9672,40.6549],[17.9718,40.6625],[17.9966,40.6631],[17.9669,40.6636],[17.9603,40.6627],[17.9584,40.6604],[17.9371,40.6845],[17.9261,40.6794],[17.8396,40.691],[17.7991,40.7094],[17.8,40.7161],[17.7682,40.7233],[17.7084,40.7578],[17.5603,40.7977],[17.4962,40.8215],[17.4722,40.8326],[17.4684,40.8428],[17.412,40.8713],[17.3875,40.8934],[17.3516,40.9049],[17.3351,40.9287],[17.2991,40.9571],[17.3067,40.9575],[17.2941,40.9587],[17.2716,40.9752],[17.2648,40.9732],[17.2366,40.9938],[17.202,41.0033],[17.1799,41.0266],[17.1351,41.0397],[17.1035,41.0551],[17.1015,41.0624],[17.1008,41.0566],[17.0932,41.0614],[17.0976,41.0624],[17.0545,41.0781],[16.9594,41.0957],[16.9294,41.1116],[16.8792,41.1226],[16.873,41.1259],[16.8797,41.1267],[16.8718,41.1301],[16.8725,41.1403],[16.8691,41.1429],[16.8481,41.148],[16.8712,41.1397],[16.871,41.1358],[16.8661,41.1403],[16.8612,41.1371],[16.8687,41.1347],[16.8659,41.1303],[16.8612,41.1295],[16.8621,41.1337],[16.8539,41.1288],[16.8454,41.1354],[16.8527,41.1422],[16.8324,41.1365],[16.8098,41.1403],[16.778,41.1604],[16.6961,41.177],[16.6814,41.1818],[16.6729,41.1915],[16.6266,41.1938],[16.5914,41.2123],[16.597,41.2053],[16.5822,41.2081],[16.5801,41.211],[16.5904,41.2144],[16.58,41.2112],[16.5261,41.2411],[16.5048,41.2434],[16.5099,41.2464],[16.4864,41.2503],[16.4815,41.2566],[16.4516,41.2604],[16.4422,41.2713],[16.427,41.2743],[16.4228,41.2828],[16.4204,41.278],[16.4195,41.2827],[16.4244,41.2847],[16.401,41.2851],[16.3591,41.3046],[16.3039,41.3189],[16.2948,41.3234],[16.2947,41.3335],[16.2941,41.3218],[16.2853,41.3246],[16.2899,41.3327],[16.2817,41.3243],[16.261,41.3289],[16.207,41.3594],[16.1691,41.3693],[16.1352,41.3874],[15.9957,41.4379],[15.9539,41.4639],[15.9262,41.4926],[15.9013,41.5411],[15.8943,41.5781],[15.9026,41.6174],[15.9122,41.6234],[15.9222,41.6214],[15.9125,41.6242],[15.9227,41.6292],[15.9254,41.6206],[15.9247,41.6317],[15.9434,41.6424],[16.0656,41.6938],[16.0736,41.7108],[16.0898,41.7149],[16.1041,41.7292],[16.1171,41.7311],[16.1217,41.739],[16.1447,41.7422],[16.1486,41.7506],[16.163,41.7544],[16.167,41.7658],[16.1867,41.7723],[16.1865,41.7793],[16.1928,41.7825],[16.1886,41.7889],[16.1956,41.7927],[16.1927,41.7998],[16.1977,41.8035],[16.1927,41.81],[16.1981,41.8123],[16.1937,41.8218],[16.1998,41.8259],[16.1884,41.8279],[16.1922,41.8373],[16.1853,41.8391],[16.1761,41.8562],[16.1777,41.8798],[16.1863,41.8834],[16.1801,41.8884],[16.173,41.8863],[16.1793,41.891],[16.1725,41.8863],[16.1621,41.8904],[16.1528,41.9087],[16.1201,41.9157],[16.1084,41.9291],[16.0717,41.9458],[16.008,41.9501],[15.9291,41.9338],[15.7157,41.9147],[15.6743,41.9154],[15.6676,41.9227],[15.6198,41.929],[15.4942,41.9076],[15.407,41.9007],[15.3626,41.9034],[15.3403,41.9179],[15.2046,41.9193],[15.1373,41.9261],[15.1315,41.8976],[15.1418,41.8795],[15.125,41.871],[15.1201,41.8538],[15.1038,41.847],[15.0999,41.834],[15.115,41.8174],[15.1179,41.8011],[15.1152,41.7895],[15.101,41.782],[15.097,41.7678],[15.1166,41.7489],[15.1033,41.749],[15.1019,41.7427],[15.1209,41.7204],[15.1615,41.7094],[15.1171,41.6937],[15.1061,41.6856],[15.1025,41.672],[15.09,41.6818],[15.0859,41.675],[15.0904,41.6721],[15.0704,41.665],[15.0689,41.6582],[15.0503,41.6573],[15.0431,41.6452],[15.0452,41.6369],[15.0311,41.6386],[15.0239,41.63],[15.0254,41.6223],[15.0084,41.6223],[15.0026,41.6297],[14.9986,41.6261],[14.9905,41.6296],[14.9887,41.6378],[14.9566,41.6443],[14.9341,41.6194],[14.9533,41.6086],[14.9478,41.6086],[14.9453,41.6016],[14.9503,41.5926],[14.9449,41.5779],[14.9501,41.573],[14.9374,41.5498],[14.9371,41.5278],[14.9664,41.519],[15.0239,41.4769],[15.0303,41.4554],[15.0432,41.4567],[15.0468,41.4433],[15.0763,41.4327],[15.0988,41.4337],[15.1035,41.4212],[15.0918,41.4179],[15.0866,41.4046],[15.0984,41.3905],[15.0785,41.388],[15.0712,41.3777],[15.0585,41.3721],[15.0722,41.3324],[15.1307,41.3175],[15.1268,41.3029],[15.1399,41.2927],[15.1363,41.2868],[15.1487,41.2804],[15.2011,41.2862],[15.1998,41.2794],[15.2158,41.2759],[15.2205,41.2652],[15.2357,41.2723],[15.249,41.271],[15.2754,41.2499],[15.2796,41.2405],[15.2458,41.235],[15.2449,41.2249],[15.2625,41.1976],[15.2236,41.1819],[15.2213,41.1746],[15.2094,41.1677],[15.2126,41.1613],[15.2086,41.1545],[15.2212,41.142],[15.2391,41.1389],[15.2552,41.1169],[15.2634,41.1148],[15.2644,41.1053],[15.293,41.0918]],[[16.646,40.7552],[16.6338,40.7542],[16.6353,40.7583],[16.646,40.7552]]],[[[15.4962,42.1212],[15.488,42.1239],[15.4748,42.1125],[15.4766,42.1064],[15.4826,42.1036],[15.4906,42.1088],[15.4962,42.1212]]],[[[15.5012,42.1195],[15.5174,42.126],[15.5174,42.1282],[15.5012,42.1195]]],[[[15.5237,42.1385],[15.5103,42.1384],[15.5079,42.1298],[15.5178,42.1376],[15.5237,42.1385]]],[[[17.1649,40.4457],[17.1609,40.4585],[17.1531,40.4513],[17.1415,40.4513],[17.1649,40.4457]]]]}},{"type":"Feature","properties":{"id":"alezio","name":"Alezio","full_name":"Alezio","region":"Puglia","grapes":["Malvasia Nera Di Lecce","Montepulciano","Negro Amaro","Sangiovese"],"key_appellations":["Alezio"],"desc":"Alezio is a protected wine appellation in Puglia.","level":"appellation"},"geometry":{"type":"Polygon","coordinates":[[[18.0779,40.0615],[18.0867,40.0696],[18.0932,40.0616],[18.1104,40.0614],[18.1076,40.0664],[18.1163,40.0945],[18.0974,40.0876],[18.0923,40.1073],[18.0722,40.1034],[18.0712,40.1092],[18.0473,40.1153],[18.048,40.1216],[18.0039,40.1138],[18.01,40.109],[18.012,40.0957],[18.0052,40.072],[17.9903,40.0586],[17.9773,40.0569],[17.9826,40.0615],[17.9722,40.0544],[17.9977,40.0505],[18.0169,40.0327],[18.0207,40.016],[18.0155,40.0035],[18.0062,39.9957],[17.9934,40.0],[18.0123,39.9706],[18.0279,39.9875],[18.0454,39.9819],[18.0414,39.9859],[18.0502,39.9879],[18.0438,39.9923],[18.0449,40.0003],[18.0774,40.0124],[18.0727,40.0223],[18.0797,40.0229],[18.0736,40.0477],[18.081,40.0539],[18.0779,40.0615]]]}},{"type":"Feature","properties":{"id":"barletta","name":"Barletta","full_name":"Barletta","region":"Puglia","grapes":["Aglianico","Aglianicone","Antinello","Asprinio Bianco","Barbera","Bianco D'Alessano"],"key_appellations":["Barletta"],"desc":"Barletta is a protected wine appellation in Puglia.","level":"appellation"},"geometry":{"type":"Polygon","coordinates":[[[16.2118,41.0255],[16.2541,41.0148],[16.2667,41.0239],[16.2649,41.0369],[16.2992,41.0741],[16.3024,41.082],[16.2971,41.084],[16.3128,41.0899],[16.3221,41.1064],[16.3473,41.1252],[16.3517,41.1347],[16.3364,41.1492],[16.3418,41.1564],[16.3401,41.1665],[16.3578,41.1613],[16.3646,41.1721],[16.3702,41.1711],[16.3716,41.1799],[16.3851,41.1767],[16.3813,41.1817],[16.3917,41.1961],[16.4007,41.1863],[16.4284,41.1893],[16.4362,41.2048],[16.4313,41.2121],[16.429,41.219],[16.4435,41.2186],[16.4342,41.2088],[16.4432,41.2098],[16.4568,41.2277],[16.4471,41.2362],[16.4575,41.2404],[16.4565,41.2463],[16.4677,41.2557],[16.4482,41.262],[16.4422,41.2713],[16.4279,41.2736],[16.4228,41.2828],[16.4204,41.278],[16.4195,41.2827],[16.4244,41.2847],[16.401,41.2851],[16.3591,41.3046],[16.3039,41.3189],[16.2948,41.3234],[16.2947,41.3335],[16.2941,41.3218],[16.2853,41.3246],[16.2899,41.3327],[16.2827,41.3246],[16.2665,41.327],[16.207,41.3594],[16.2024,41.3598],[16.2031,41.3435],[16.2082,41.3351],[16.2029,41.332],[16.1974,41.3374],[16.1544,41.3436],[16.1445,41.36],[16.1261,41.372],[16.0971,41.3819],[16.0916,41.3771],[16.059,41.3932],[16.0079,41.4302],[15.9503,41.4417],[15.9366,41.425],[15.9765,41.4139],[15.985,41.4023],[15.9966,41.403],[16.0221,41.3875],[16.0322,41.3866],[16.0386,41.3826],[16.0344,41.375],[15.982,41.3608],[15.9835,41.3047],[15.9978,41.2919],[16.0091,41.264],[16.0403,41.2699],[16.0177,41.2394],[16.0167,41.2302],[16.0548,41.2487],[16.0536,41.2536],[16.0611,41.2554],[16.0539,41.2643],[16.0671,41.2751],[16.0772,41.2712],[16.0931,41.2763],[16.1245,41.2365],[16.1448,41.2348],[16.1294,41.2305],[16.1246,41.2214],[16.13,41.2192],[16.1141,41.1962],[16.0849,41.1758],[16.0853,41.1702],[16.1081,41.1447],[16.1639,41.1117],[16.1579,41.0904],[16.1915,41.0667],[16.2091,41.0633],[16.1841,41.0359],[16.1812,41.0271],[16.1902,41.0088],[16.2062,41.0149],[16.2118,41.0255]]]}},{"type":"Feature","properties":{"id":"brindisi","name":"Brindisi","full_name":"Brindisi","region":"Puglia","grapes":["Aglianico","Aglianicone","Asprinio Bianco","Barbera","Bianco D'Alessano","Bombino Bianco"],"key_appellations":["Brindisi"],"desc":"Brindisi is a protected wine appellation in Puglia.","level":"appellation"},"geometry":{"type":"Polygon","coordinates":[[[17.8508,40.482],[17.8786,40.4783],[17.88,40.4868],[17.8896,40.4941],[17.9556,40.518],[17.9922,40.5442],[18.0215,40.5469],[18.0231,40.5536],[18.0309,40.5511],[18.0427,40.5586],[18.0346,40.5714],[18.0452,40.5973],[18.0162,40.625],[18.015,40.6372],[18.0223,40.6418],[18.004,40.6443],[17.9986,40.649],[18.002,40.6536],[18.0014,40.6556],[17.9973,40.6554],[18.0005,40.6528],[17.993,40.6468],[17.9819,40.6495],[17.9861,40.6438],[17.9716,40.6454],[17.9696,40.6507],[17.9706,40.6455],[17.953,40.645],[17.9498,40.633],[17.9442,40.6424],[17.9285,40.6396],[17.9508,40.6446],[17.9633,40.6564],[17.9619,40.6624],[17.9674,40.6624],[17.9672,40.6549],[17.9718,40.6625],[17.9966,40.6631],[17.9669,40.6636],[17.9603,40.6627],[17.9584,40.6604],[17.9371,40.6845],[17.9261,40.6794],[17.8891,40.6826],[17.8396,40.691],[17.8012,40.7083],[17.7933,40.7023],[17.7792,40.7033],[17.7734,40.6795],[17.7772,40.672],[17.7661,40.6503],[17.7534,40.6502],[17.7538,40.6448],[17.7483,40.6433],[17.7521,40.6313],[17.7317,40.6263],[17.7481,40.6232],[17.7509,40.6044],[17.7631,40.6014],[17.756,40.5906],[17.7443,40.5852],[17.7407,40.5693],[17.7465,40.5652],[17.7443,40.56],[17.7508,40.5586],[17.73,40.5569],[17.7381,40.545],[17.7228,40.5377],[17.7265,40.5316],[17.7505,40.5302],[17.7496,40.5196],[17.7688,40.5233],[17.7722,40.5306],[17.7833,40.5287],[17.7883,40.521],[17.7772,40.4933],[17.7842,40.478],[17.7808,40.469],[17.7901,40.4706],[17.8065,40.4566],[17.805,40.4678],[17.8149,40.4689],[17.8168,40.4769],[17.8473,40.4716],[17.8508,40.482]]]}},{"type":"Feature","properties":{"id":"cacc-e-mmitte-di-lucera","name":"Cacc'e mmitte di Lucera","full_name":"Cacc'e mmitte di Lucera","region":"Puglia","grapes":["Bombino Bianco","Malvasia Bianca","Malvasia Bianca Lunga","Malvasia Nera Di Brindisi","Montepulciano","Sangiovese"],"key_appellations":["Cacc'e mmitte di Lucera"],"desc":"Cacc'e mmitte di Lucera is a protected wine appellation in Puglia.","level":"appellation"},"geometry":{"type":"Polygon","coordinates":[[[15.4793,41.3296],[15.4886,41.3422],[15.4763,41.3403],[15.4689,41.3467],[15.4617,41.3428],[15.4632,41.3353],[15.4375,41.3306],[15.4343,41.3332],[15.4511,41.3428],[15.4295,41.3382],[15.4565,41.356],[15.4608,41.3505],[15.4775,41.3591],[15.4702,41.3664],[15.4833,41.3741],[15.5043,41.4078],[15.479,41.4007],[15.4525,41.4115],[15.4787,41.5122],[15.4621,41.5265],[15.4722,41.5369],[15.4512,41.559],[15.4161,41.5507],[15.3921,41.5585],[15.3855,41.5546],[15.3902,41.5621],[15.3748,41.5769],[15.3174,41.5912],[15.3018,41.5922],[15.2847,41.5833],[15.2848,41.5933],[15.2789,41.597],[15.2734,41.5921],[15.2683,41.5972],[15.2499,41.594],[15.2744,41.5709],[15.2587,41.5685],[15.2188,41.5855],[15.228,41.593],[15.2262,41.5987],[15.2116,41.5999],[15.2169,41.5858],[15.2054,41.5883],[15.1905,41.568],[15.2007,41.5698],[15.2071,41.5645],[15.2046,41.5524],[15.1992,41.5519],[15.2017,41.5333],[15.2098,41.5308],[15.2226,41.5476],[15.2185,41.5511],[15.2615,41.54],[15.2377,41.4917],[15.2327,41.4903],[15.2421,41.4719],[15.2073,41.4704],[15.1985,41.463],[15.1655,41.4538],[15.165,41.443],[15.1766,41.4188],[15.1414,41.4018],[15.1508,41.3622],[15.2161,41.3713],[15.2348,41.3871],[15.2494,41.3815],[15.2287,41.345],[15.2344,41.3436],[15.2299,41.338],[15.2402,41.3229],[15.2628,41.3224],[15.2989,41.333],[15.3251,41.3255],[15.3621,41.3258],[15.3932,41.334],[15.4204,41.3181],[15.4793,41.3296]],[[15.2288,41.5562],[15.2197,41.5556],[15.2196,41.557],[15.2288,41.5562]],[[15.2099,41.5513],[15.2168,41.5521],[15.2209,41.5473],[15.2067,41.541],[15.2099,41.5513]]]}},{"type":"Feature","properties":{"id":"castel-del-monte","name":"Castel del Monte","full_name":"Castel del Monte","region":"Puglia","grapes":["Aglianico","Aglianicone","Antinello","Asprinio Bianco","Barbera","Bianco D'Alessano"],"key_appellations":["Castel del Monte"],"desc":"Castel del Monte is a protected wine appellation in Puglia.","level":"appellation"},"geometry":{"type":"Polygon","coordinates":[[[16.303,40.9833],[16.3486,40.9568],[16.379,40.9641],[16.4072,40.9581],[16.4408,40.9602],[16.4719,40.9788],[16.564,40.933],[16.5773,40.9307],[16.596,40.9377],[16.6157,40.9297],[16.6476,40.9665],[16.6869,40.9657],[16.6963,41.0073],[16.6891,41.0129],[16.7022,41.0205],[16.7138,41.0192],[16.7266,40.9991],[16.7394,40.9947],[16.764,40.973],[16.7647,40.9909],[16.7312,41.0111],[16.7306,41.031],[16.7238,41.0409],[16.7281,41.0433],[16.7291,41.0613],[16.7441,41.0747],[16.7499,41.0741],[16.7447,41.0822],[16.758,41.0997],[16.7515,41.106],[16.7511,41.1235],[16.7173,41.1548],[16.6796,41.1492],[16.662,41.1435],[16.6599,41.1379],[16.6457,41.1412],[16.6416,41.1335],[16.6323,41.138],[16.6149,41.1176],[16.6021,41.1225],[16.5905,41.1463],[16.5842,41.1475],[16.5848,41.1546],[16.5742,41.1598],[16.5364,41.1622],[16.5251,41.1544],[16.5082,41.1594],[16.502,41.1509],[16.4769,41.1558],[16.4708,41.148],[16.4607,41.1736],[16.4466,41.1756],[16.4498,41.1793],[16.4287,41.1907],[16.4362,41.2048],[16.4313,41.2121],[16.429,41.219],[16.4435,41.2186],[16.4342,41.2088],[16.4432,41.2098],[16.4568,41.2277],[16.4471,41.2362],[16.4575,41.2404],[16.4565,41.2463],[16.4677,41.2557],[16.4482,41.262],[16.4422,41.2713],[16.4279,41.2736],[16.4228,41.2828],[16.4204,41.278],[16.4195,41.2827],[16.4244,41.2847],[16.401,41.2851],[16.3548,41.3061],[16.3401,41.294],[16.3404,41.2868],[16.3273,41.2755],[16.329,41.2708],[16.3069,41.2621],[16.3088,41.2573],[16.2985,41.2581],[16.2905,41.267],[16.2857,41.2575],[16.2711,41.2606],[16.2752,41.2667],[16.2676,41.2652],[16.2642,41.2706],[16.2454,41.2625],[16.2228,41.2713],[16.2196,41.2661],[16.2167,41.2714],[16.1955,41.2537],[16.1855,41.2515],[16.1769,41.2297],[16.1245,41.2365],[16.094,41.2763],[16.0772,41.2712],[16.0671,41.2751],[16.0539,41.2643],[16.06,41.254],[16.0421,41.2453],[16.0419,41.2408],[16.0229,41.2351],[16.0207,41.2208],[16.0072,41.2083],[15.9948,41.2058],[15.9977,41.1998],[15.9917,41.1954],[15.9825,41.1986],[15.9819,41.191],[15.9644,41.1905],[15.9609,41.1835],[15.9268,41.182],[15.9309,41.177],[15.9198,41.1768],[15.9082,41.1623],[15.8994,41.1633],[15.8977,41.1543],[15.887,41.153],[15.8705,41.1405],[15.8787,41.1395],[15.8936,41.1228],[15.9008,41.1264],[15.921,41.1111],[15.9534,41.1108],[15.96,41.1],[15.9542,41.0931],[15.9763,41.0941],[15.9827,41.0892],[15.979,41.0812],[15.999,41.054],[16.0073,41.0591],[16.0263,41.0516],[16.0407,41.0362],[16.0415,41.0223],[16.0485,41.0126],[16.1041,40.9831],[16.1454,40.9965],[16.1856,41.0188],[16.1902,41.0088],[16.1972,41.0102],[16.2118,41.0255],[16.2541,41.0148],[16.2818,40.9911],[16.303,40.9833]]]}},{"type":"Feature","properties":{"id":"colline-joniche-tarantine","name":"Colline Joniche Tarantine","full_name":"Colline Joniche Tarantine","region":"Puglia","grapes":["Aglianico","Aglianicone","Asprinio Bianco","Barbera","Bianco D'Alessano","Bombino Bianco"],"key_appellations":["Colline Joniche Tarantine"],"desc":"Colline Joniche Tarantine is a protected wine appellation in Puglia.","level":"appellation"},"geometry":{"type":"Polygon","coordinates":[[[16.855,40.4065],[16.8673,40.3978],[16.9255,40.4537],[16.9936,40.4938],[16.9574,40.5031],[16.957,40.511],[16.9927,40.5279],[16.9973,40.5512],[16.9888,40.6041],[17.0702,40.602],[17.0665,40.5718],[17.0509,40.5514],[17.0509,40.5384],[17.0613,40.5159],[17.1271,40.5176],[17.1357,40.5341],[17.1168,40.5403],[17.1306,40.5405],[17.1325,40.549],[17.1373,40.5447],[17.1418,40.552],[17.1846,40.5161],[17.2171,40.5212],[17.2103,40.5345],[17.2169,40.536],[17.2273,40.518],[17.2402,40.5207],[17.2468,40.5372],[17.2751,40.5322],[17.2817,40.5389],[17.3147,40.5388],[17.3153,40.551],[17.3308,40.5612],[17.3165,40.5872],[17.3475,40.5921],[17.3534,40.5872],[17.3536,40.5774],[17.3633,40.5759],[17.3678,40.5657],[17.354,40.564],[17.3551,40.5592],[17.3715,40.5585],[17.3823,40.549],[17.3678,40.541],[17.3628,40.5293],[17.3481,40.5263],[17.3472,40.5194],[17.358,40.5131],[17.3602,40.5165],[17.4,40.5099],[17.3945,40.5041],[17.4018,40.5013],[17.3955,40.5007],[17.4076,40.4986],[17.4263,40.4765],[17.4338,40.4811],[17.4478,40.4764],[17.4536,40.4683],[17.4511,40.4613],[17.4596,40.4611],[17.4851,40.4687],[17.487,40.4846],[17.4802,40.503],[17.4524,40.5423],[17.4484,40.5549],[17.4518,40.5652],[17.4318,40.5797],[17.4534,40.5815],[17.4531,40.5677],[17.4573,40.5885],[17.4734,40.5958],[17.4735,40.6105],[17.4284,40.6314],[17.4172,40.6825],[17.4247,40.6812],[17.4262,40.6878],[17.4141,40.6843],[17.4046,40.6885],[17.3968,40.695],[17.387,40.721],[17.3725,40.7218],[17.3499,40.7329],[17.3537,40.7486],[17.3395,40.7427],[17.3377,40.7365],[17.323,40.7436],[17.3165,40.7378],[17.3147,40.743],[17.3018,40.7461],[17.3032,40.7507],[17.2806,40.7734],[17.3012,40.7725],[17.2864,40.7816],[17.2923,40.7833],[17.2916,40.7887],[17.3018,40.7845],[17.3116,40.7893],[17.3017,40.8021],[17.2874,40.8034],[17.2867,40.7975],[17.2421,40.8005],[17.2512,40.775],[17.2481,40.7656],[17.2279,40.7572],[17.2147,40.7613],[17.2039,40.757],[17.2014,40.7616],[17.16,40.7437],[17.147,40.7095],[17.1228,40.707],[17.116,40.7084],[17.1165,40.7133],[17.1001,40.7148],[17.0966,40.7088],[17.087,40.7109],[17.0858,40.7192],[17.0586,40.7214],[17.0227,40.7131],[17.001,40.7314],[17.0213,40.7519],[17.0155,40.7598],[16.9716,40.7413],[16.9288,40.7387],[16.9231,40.726],[16.9287,40.7238],[16.9255,40.7183],[16.9308,40.7128],[16.912,40.7071],[16.8998,40.7076],[16.897,40.716],[16.8875,40.7123],[16.876,40.7193],[16.8709,40.7111],[16.8674,40.7209],[16.8559,40.7236],[16.8422,40.7128],[16.8181,40.7062],[16.8219,40.6938],[16.8087,40.692],[16.8002,40.695],[16.7869,40.7332],[16.7343,40.7108],[16.725,40.7138],[16.7088,40.7054],[16.7046,40.7112],[16.6967,40.7021],[16.7126,40.6885],[16.7273,40.6884],[16.7098,40.6328],[16.7127,40.6156],[16.7283,40.6014],[16.7119,40.593],[16.7186,40.584],[16.7055,40.555],[16.7245,40.5353],[16.7159,40.5242],[16.7371,40.5078],[16.7203,40.4798],[16.7439,40.4647],[16.7538,40.4707],[16.755,40.4628],[16.7814,40.4591],[16.7832,40.4644],[16.8029,40.4574],[16.8098,40.4469],[16.8095,40.4331],[16.8175,40.4248],[16.825,40.4244],[16.8238,40.4195],[16.8359,40.4104],[16.8459,40.4111],[16.8499,40.4016],[16.855,40.4065]],[[17.4274,40.5813],[17.4093,40.5868],[17.4141,40.5913],[17.4307,40.5898],[17.4274,40.5813]],[[17.3525,40.5209],[17.3695,40.5258],[17.3625,40.5182],[17.3525,40.5209]]]}},{"type":"Feature","properties":{"id":"copertino","name":"Copertino","full_name":"Copertino","region":"Puglia","grapes":["Malvasia Nera Di Brindisi","Malvasia Nera Di Lecce","Montepulciano","Negro Amaro","Sangiovese"],"key_appellations":["Copertino"],"desc":"Copertino is a protected wine appellation in Puglia.","level":"appellation"},"geometry":{"type":"Polygon","coordinates":[[[18.0727,40.224],[18.086,40.1906],[18.0991,40.1938],[18.0978,40.1761],[18.0917,40.1682],[18.1174,40.1506],[18.1269,40.1599],[18.1287,40.1491],[18.1665,40.1374],[18.1873,40.143],[18.1881,40.1556],[18.1934,40.1581],[18.2041,40.1523],[18.2152,40.1608],[18.2016,40.1629],[18.2021,40.1683],[18.194,40.1702],[18.1932,40.18],[18.1814,40.1876],[18.1834,40.1933],[18.1688,40.1933],[18.1562,40.2143],[18.1556,40.2208],[18.1723,40.2246],[18.1741,40.2334],[18.1683,40.2422],[18.1726,40.2442],[18.1679,40.2656],[18.1463,40.2888],[18.1501,40.295],[18.1462,40.3025],[18.1552,40.3107],[18.16,40.3086],[18.1586,40.3201],[18.1657,40.3232],[18.1613,40.3288],[18.1491,40.3232],[18.1446,40.3293],[18.1399,40.3191],[18.1304,40.3222],[18.1202,40.3128],[18.1114,40.3213],[18.1214,40.3271],[18.1208,40.339],[18.1155,40.3425],[18.1214,40.3499],[18.0968,40.3517],[18.0939,40.3654],[18.0795,40.3554],[18.0626,40.3548],[18.0508,40.361],[18.0532,40.3705],[18.0428,40.3736],[18.0359,40.3644],[18.0077,40.3547],[17.9996,40.3461],[18.0023,40.3272],[18.0126,40.3175],[18.0242,40.3165],[18.0077,40.3065],[18.0259,40.2857],[18.0265,40.2759],[17.9914,40.2675],[17.9841,40.2514],[17.9993,40.2606],[18.0132,40.2478],[18.0491,40.2399],[18.0476,40.2298],[18.0541,40.2217],[18.0727,40.224]],[[18.0445,40.3144],[18.0318,40.3187],[18.0396,40.3209],[18.0445,40.3144]],[[18.0836,40.2916],[18.12,40.3121],[18.1367,40.3097],[18.1241,40.3011],[18.1177,40.2834],[18.114,40.2864],[18.1061,40.2787],[18.0913,40.2792],[18.0836,40.2916]]]}},{"type":"Feature","properties":{"id":"galatina","name":"Galatina","full_name":"Galatina","region":"Puglia","grapes":["Aglianico","Aglianicone","Asprinio Bianco","Barbera","Bianco D'Alessano","Bombino Bianco"],"key_appellations":["Galatina"],"desc":"Galatina is a protected wine appellation in Puglia.","level":"appellation"},"geometry":{"type":"Polygon","coordinates":[[[18.1679,40.0519],[18.2228,40.0745],[18.232,40.0558],[18.2372,40.0598],[18.2316,40.0802],[18.2435,40.0878],[18.2372,40.0953],[18.2525,40.1016],[18.2416,40.1224],[18.2293,40.1199],[18.2388,40.1306],[18.2198,40.1585],[18.2016,40.1629],[18.2021,40.1683],[18.194,40.1702],[18.1932,40.18],[18.1814,40.1876],[18.1834,40.1933],[18.1636,40.1975],[18.1556,40.2208],[18.1723,40.2246],[18.1721,40.2399],[18.146,40.2443],[18.1441,40.2505],[18.1221,40.2361],[18.1073,40.2429],[18.092,40.24],[18.0976,40.2325],[18.0884,40.2301],[18.0708,40.2346],[18.0686,40.2237],[18.0727,40.224],[18.086,40.1906],[18.0991,40.1938],[18.0978,40.1761],[18.0917,40.1682],[18.1151,40.1516],[18.1008,40.1379],[18.0909,40.1358],[18.0954,40.1282],[18.0885,40.1179],[18.0964,40.1069],[18.0922,40.1047],[18.0974,40.0876],[18.1159,40.0948],[18.1148,40.082],[18.1482,40.0725],[18.1487,40.0549],[18.1635,40.0583],[18.1679,40.0519]]]}},{"type":"Feature","properties":{"id":"gioia-del-colle","name":"Gioia del Colle","full_name":"Gioia del Colle","region":"Puglia","grapes":["Aléatico","Antinello","Asprinio Bianco","Bianco D'Alessano","Biancolella","Bombino Bianco"],"key_appellations":["Gioia del Colle"],"desc":"Gioia del Colle is a protected wine appellation in Puglia.","level":"appellation"},"geometry":{"type":"MultiPolygon","coordinates":[[[[16.6733,40.7385],[16.7343,40.7108],[16.7869,40.7332],[16.8002,40.695],[16.8087,40.692],[16.8219,40.6938],[16.8181,40.7062],[16.8422,40.7128],[16.8559,40.7236],[16.8674,40.7209],[16.8709,40.7111],[16.876,40.7193],[16.8875,40.7123],[16.897,40.716],[16.9042,40.7066],[16.9308,40.7128],[16.9255,40.7183],[16.9287,40.7238],[16.9231,40.726],[16.9288,40.7387],[16.9716,40.7413],[17.0155,40.7598],[17.0213,40.7519],[17.001,40.7314],[17.0227,40.7131],[17.0586,40.7214],[17.0858,40.7192],[17.087,40.7109],[17.0966,40.7088],[17.1001,40.7148],[17.1165,40.7133],[17.116,40.7084],[17.1228,40.707],[17.147,40.7095],[17.1571,40.7416],[17.2032,40.7609],[17.2039,40.7743],[17.1846,40.7997],[17.2011,40.8074],[17.2023,40.821],[17.2092,40.8189],[17.2252,40.8266],[17.2193,40.8265],[17.2144,40.8354],[17.2333,40.8358],[17.2315,40.8284],[17.2362,40.8262],[17.2377,40.834],[17.2578,40.8326],[17.2432,40.8487],[17.2376,40.8392],[17.2331,40.8431],[17.2363,40.8459],[17.2309,40.8519],[17.2354,40.859],[17.244,40.8583],[17.2398,40.8616],[17.2437,40.8687],[17.2296,40.8717],[17.2264,40.8821],[17.2156,40.8824],[17.2131,40.8858],[17.2191,40.8846],[17.218,40.8887],[17.2091,40.8889],[17.2022,40.915],[17.1877,40.9236],[17.1861,40.896],[17.1646,40.9063],[17.1522,40.9049],[17.1516,40.9179],[17.159,40.9147],[17.1682,40.9198],[17.171,40.9444],[17.1625,40.9454],[17.1691,40.9602],[17.1631,40.9605],[17.1626,40.9717],[17.1676,40.9754],[17.1604,40.9796],[17.1579,41.0107],[17.1416,41.0251],[17.1404,41.0177],[17.1319,41.0146],[17.1226,41.0218],[17.1083,41.0152],[17.102,41.0198],[17.1,41.0137],[17.0925,41.0157],[17.083,41.0044],[17.0666,41.0094],[17.0619,40.9974],[17.0462,41.0054],[17.0526,41.0162],[17.0427,41.0203],[17.0377,41.0267],[17.0405,41.0306],[17.028,41.0396],[17.0115,41.0391],[17.0006,41.0222],[16.9773,41.0168],[16.9669,41.0047],[16.9602,41.0049],[16.9579,40.9903],[16.934,41.0059],[16.9098,41.0121],[16.9034,41.0069],[16.8604,41.0281],[16.8509,41.0166],[16.8227,41.0059],[16.8085,41.0165],[16.8121,41.0205],[16.779,41.0277],[16.7668,41.0146],[16.7672,41.0049],[16.7603,41.0014],[16.7636,40.9728],[16.7394,40.9947],[16.7266,40.9991],[16.7138,41.0192],[16.7022,41.0205],[16.6891,41.0129],[16.6963,41.0073],[16.6869,40.9657],[16.6476,40.9665],[16.6157,40.9297],[16.6249,40.9229],[16.6436,40.9251],[16.668,40.896],[16.6868,40.8931],[16.6837,40.8813],[16.6955,40.8583],[16.6827,40.846],[16.6942,40.8288],[16.6982,40.8081],[16.6608,40.7744],[16.6554,40.7571],[16.6733,40.7385]],[[17.1537,40.9418],[17.1583,40.9467],[17.1609,40.9458],[17.1595,40.9384],[17.1537,40.9418]]],[[[17.2213,40.8079],[17.2191,40.8126],[17.2044,40.806],[17.2142,40.7992],[17.2213,40.8079]]]]}},{"type":"Feature","properties":{"id":"gravina","name":"Gravina","full_name":"Gravina","region":"Puglia","grapes":["Aglianico","Bianco D'Alessano","Cabernet Sauvignon","Chardonnay","Fiano","Greco"],"key_appellations":["Gravina"],"desc":"Gravina is a protected wine appellation in Puglia.","level":"appellation"},"geometry":{"type":"Polygon","coordinates":[[[16.4072,40.7034],[16.4269,40.701],[16.4469,40.7125],[16.4806,40.7375],[16.5011,40.7623],[16.5121,40.7548],[16.5081,40.7527],[16.5123,40.7481],[16.5226,40.7464],[16.5183,40.7345],[16.5249,40.7357],[16.5387,40.725],[16.5441,40.7255],[16.5345,40.7329],[16.5409,40.7405],[16.5315,40.7446],[16.5359,40.7519],[16.5545,40.7576],[16.5638,40.7397],[16.5684,40.7371],[16.5707,40.7439],[16.5725,40.7369],[16.5781,40.742],[16.5675,40.7524],[16.5677,40.7594],[16.5761,40.7635],[16.5863,40.7629],[16.5944,40.7526],[16.6278,40.755],[16.6299,40.7496],[16.6329,40.7536],[16.6392,40.7508],[16.6375,40.7429],[16.6433,40.7466],[16.6451,40.7404],[16.6536,40.7434],[16.6494,40.738],[16.6616,40.7368],[16.6634,40.7488],[16.6554,40.7571],[16.6602,40.7734],[16.6982,40.8081],[16.6942,40.8288],[16.6827,40.846],[16.6955,40.8583],[16.6837,40.8813],[16.6847,40.896],[16.668,40.896],[16.6436,40.9251],[16.6249,40.9229],[16.596,40.9377],[16.5773,40.9307],[16.564,40.933],[16.4719,40.9788],[16.4408,40.9602],[16.4072,40.9581],[16.379,40.9641],[16.3393,40.9588],[16.303,40.9833],[16.2818,40.9911],[16.2541,41.0148],[16.2118,41.0255],[16.1972,41.0102],[16.1902,41.0088],[16.1822,41.0178],[16.1454,40.9965],[16.1186,40.9912],[16.1064,40.9823],[16.0615,41.0034],[16.0458,41.0156],[16.0405,41.0283],[16.0331,41.0275],[16.0266,41.0165],[16.032,40.9984],[16.0086,40.9722],[15.9719,40.9721],[15.983,40.9545],[16.0921,40.9209],[16.1211,40.8977],[16.1344,40.9065],[16.1381,40.9183],[16.163,40.9286],[16.2013,40.9184],[16.214,40.9082],[16.2313,40.8549],[16.2419,40.8474],[16.2423,40.8396],[16.2562,40.823],[16.2783,40.8016],[16.3163,40.7831],[16.3489,40.7496],[16.3805,40.7364],[16.4072,40.7034]],[[16.6338,40.7542],[16.6358,40.7585],[16.6465,40.7541],[16.6424,40.7516],[16.6338,40.7542]]]}},{"type":"Feature","properties":{"id":"lizzano","name":"Lizzano","full_name":"Lizzano","region":"Puglia","grapes":["Bianco D'Alessano","Bombino Nero","Chardonnay","Malvasia Bianca Lunga","Malvasia Nera Di Brindisi","Malvasia Nera Di Lecce"],"key_appellations":["Lizzano"],"desc":"Lizzano is a protected wine appellation in Puglia.","level":"appellation"},"geometry":{"type":"MultiPolygon","coordinates":[[[[17.4594,40.414],[17.454,40.424],[17.4551,40.4403],[17.4471,40.4437],[17.4502,40.4486],[17.446,40.4501],[17.4572,40.4592],[17.4508,40.4617],[17.4536,40.4683],[17.4478,40.4764],[17.439,40.4807],[17.4254,40.4742],[17.433,40.4625],[17.4255,40.4401],[17.4343,40.4366],[17.4332,40.4301],[17.4218,40.4361],[17.4137,40.4315],[17.4132,40.4355],[17.4107,40.4353],[17.413,40.4284],[17.4035,40.4325],[17.3967,40.4244],[17.3926,40.4327],[17.37,40.4268],[17.3797,40.4343],[17.3702,40.4482],[17.3412,40.4486],[17.345,40.4598],[17.3359,40.465],[17.3329,40.4751],[17.357,40.4883],[17.3468,40.4984],[17.3552,40.5065],[17.348,40.5257],[17.3628,40.5293],[17.3678,40.541],[17.3815,40.5458],[17.3715,40.5585],[17.3557,40.5587],[17.3393,40.5459],[17.3276,40.5279],[17.3249,40.5353],[17.3147,40.5388],[17.2817,40.5389],[17.2751,40.5322],[17.2532,40.5378],[17.2464,40.5368],[17.2402,40.5207],[17.2273,40.518],[17.2169,40.536],[17.2103,40.5345],[17.2171,40.5212],[17.1846,40.5161],[17.1418,40.552],[17.1373,40.5447],[17.1325,40.549],[17.1306,40.5405],[17.1168,40.5403],[17.1357,40.5341],[17.1271,40.5176],[17.1496,40.5068],[17.1445,40.4949],[17.1628,40.506],[17.1655,40.5036],[17.1552,40.4965],[17.166,40.5009],[17.1764,40.4899],[17.1818,40.4924],[17.1786,40.4786],[17.1913,40.4792],[17.194,40.472],[17.1921,40.477],[17.1987,40.4749],[17.1981,40.4791],[17.205,40.4738],[17.204,40.4796],[17.2099,40.4739],[17.213,40.479],[17.2167,40.4742],[17.2151,40.4788],[17.2214,40.4758],[17.2258,40.4807],[17.224,40.4752],[17.2482,40.4604],[17.2514,40.4479],[17.2457,40.4343],[17.2367,40.4253],[17.209,40.4216],[17.2034,40.4081],[17.2249,40.4088],[17.2321,40.4013],[17.2766,40.3859],[17.2801,40.3791],[17.2849,40.3801],[17.2876,40.398],[17.3063,40.3949],[17.3201,40.402],[17.3311,40.3954],[17.3302,40.4094],[17.3347,40.4096],[17.3328,40.3906],[17.3473,40.3902],[17.3464,40.407],[17.3506,40.4057],[17.3581,40.3906],[17.3695,40.3895],[17.3647,40.3964],[17.3897,40.3906],[17.3847,40.3878],[17.3808,40.3678],[17.3851,40.3676],[17.3876,40.355],[17.3925,40.3547],[17.386,40.3374],[17.4023,40.3301],[17.4431,40.3297],[17.4584,40.3163],[17.4692,40.3147],[17.4748,40.3304],[17.4699,40.3406],[17.479,40.3601],[17.4754,40.3715],[17.4916,40.3869],[17.4705,40.4132],[17.4594,40.414]]],[[[17.1649,40.4457],[17.1609,40.4585],[17.1531,40.4513],[17.1415,40.4513],[17.1529,40.4451],[17.1649,40.4457]]],[[[17.4718,40.464],[17.4596,40.4611],[17.4705,40.4568],[17.4718,40.464]]],[[[17.3597,40.5176],[17.3695,40.5258],[17.3525,40.5209],[17.3597,40.5176]]],[[[17.4436,40.5837],[17.4328,40.5767],[17.4442,40.5743],[17.4437,40.5679],[17.4518,40.5652],[17.4534,40.5815],[17.4436,40.5837]]],[[[17.4307,40.5898],[17.4141,40.5913],[17.4093,40.5868],[17.4274,40.5813],[17.4307,40.5898]]]]}},{"type":"Feature","properties":{"id":"locorotondo","name":"Locorotondo","full_name":"Locorotondo","region":"Puglia","grapes":["Antinello","Asprinio Bianco","Bianco D'Alessano","Bombino Bianco","Cococciola","Falanghina"],"key_appellations":["Locorotondo"],"desc":"Locorotondo is a protected wine appellation in Puglia.","level":"appellation"},"geometry":{"type":"Polygon","coordinates":[[[17.4767,40.757],[17.4871,40.7882],[17.5018,40.8068],[17.5087,40.8057],[17.515,40.8143],[17.4722,40.8326],[17.47,40.8417],[17.412,40.8713],[17.3896,40.8922],[17.3548,40.8768],[17.3539,40.8706],[17.3396,40.866],[17.3418,40.8616],[17.3329,40.8516],[17.3093,40.8391],[17.3151,40.8331],[17.2953,40.8172],[17.3102,40.8109],[17.3017,40.8021],[17.3116,40.7893],[17.3018,40.7845],[17.2889,40.787],[17.2923,40.7833],[17.2867,40.7813],[17.3009,40.7721],[17.2806,40.7734],[17.3032,40.7507],[17.3018,40.7461],[17.3147,40.743],[17.3165,40.7378],[17.323,40.7436],[17.3413,40.7369],[17.3389,40.7421],[17.3518,40.7497],[17.3494,40.735],[17.3534,40.7314],[17.3726,40.7282],[17.3883,40.7391],[17.3936,40.7382],[17.3927,40.7314],[17.4032,40.7197],[17.4205,40.7281],[17.4548,40.7136],[17.4783,40.7194],[17.4693,40.7267],[17.4707,40.734],[17.4972,40.7429],[17.4858,40.755],[17.4767,40.757]]]}},{"type":"Feature","properties":{"id":"martina","name":"Martina","full_name":"Martina / Martina Franca","region":"Puglia","grapes":["Bianco D'Alessano","Bombino Bianco","Fiano","Malvasia Bianca","Verdeca"],"key_appellations":["Martina"],"desc":"Martina is a protected wine appellation in Puglia.","level":"appellation"},"geometry":{"type":"Polygon","coordinates":[[[17.3996,40.5936],[17.4112,40.599],[17.4147,40.591],[17.4303,40.5903],[17.4295,40.58],[17.4576,40.581],[17.4573,40.5885],[17.4755,40.6004],[17.4735,40.6105],[17.4374,40.6245],[17.4271,40.6336],[17.4172,40.6828],[17.425,40.6814],[17.4307,40.6964],[17.4847,40.6885],[17.4974,40.6947],[17.5126,40.6784],[17.5249,40.6831],[17.5373,40.6789],[17.5404,40.6699],[17.5732,40.6612],[17.5805,40.65],[17.6122,40.6576],[17.6321,40.6542],[17.6365,40.645],[17.6621,40.6434],[17.6599,40.6479],[17.6533,40.6452],[17.6516,40.6528],[17.6429,40.6533],[17.6439,40.6656],[17.6262,40.6673],[17.6304,40.6776],[17.6199,40.6857],[17.6326,40.6865],[17.6345,40.697],[17.6271,40.7112],[17.6333,40.7246],[17.6483,40.7272],[17.6593,40.7533],[17.6769,40.7685],[17.5764,40.7929],[17.515,40.8143],[17.4981,40.8023],[17.4773,40.7664],[17.4767,40.757],[17.4973,40.7436],[17.4937,40.7381],[17.4841,40.7407],[17.4707,40.734],[17.4693,40.7267],[17.4783,40.7194],[17.4548,40.7136],[17.4205,40.7281],[17.4032,40.7197],[17.3927,40.7314],[17.3936,40.7382],[17.3883,40.7391],[17.366,40.7283],[17.3499,40.7329],[17.3512,40.7498],[17.3389,40.7421],[17.3413,40.7369],[17.323,40.7436],[17.3165,40.7378],[17.3147,40.743],[17.3018,40.7461],[17.3032,40.7507],[17.2806,40.7734],[17.3012,40.7725],[17.2866,40.7823],[17.2923,40.7833],[17.2916,40.7887],[17.3018,40.7845],[17.3116,40.7893],[17.3017,40.8021],[17.3102,40.8109],[17.2921,40.8218],[17.2386,40.8261],[17.2377,40.834],[17.2578,40.8326],[17.2432,40.8487],[17.2376,40.8392],[17.2306,40.8485],[17.2354,40.859],[17.244,40.8583],[17.2398,40.8616],[17.2437,40.8687],[17.2296,40.8717],[17.2264,40.8821],[17.2156,40.8824],[17.2131,40.8858],[17.2191,40.8846],[17.218,40.8887],[17.2091,40.8889],[17.2022,40.915],[17.1877,40.9236],[17.1854,40.896],[17.1646,40.9063],[17.1551,40.9027],[17.1475,40.9203],[17.1396,40.9178],[17.1425,40.9105],[17.1388,40.9166],[17.1342,40.9087],[17.1168,40.9119],[17.1231,40.9085],[17.1192,40.8859],[17.1386,40.8748],[17.1392,40.8698],[17.1466,40.8699],[17.1475,40.8637],[17.1616,40.8548],[17.155,40.8496],[17.1742,40.8297],[17.1857,40.8275],[17.1826,40.823],[17.2012,40.8078],[17.1846,40.7997],[17.2039,40.7743],[17.2034,40.76],[17.1915,40.753],[17.1659,40.7093],[17.1671,40.7038],[17.1814,40.6985],[17.1854,40.6889],[17.1864,40.685],[17.1766,40.6842],[17.1825,40.6803],[17.173,40.6627],[17.1862,40.6565],[17.1767,40.64],[17.1767,40.6471],[17.1537,40.6411],[17.1539,40.6275],[17.1725,40.6246],[17.1735,40.6201],[17.179,40.6231],[17.1745,40.6133],[17.1761,40.6185],[17.1682,40.6203],[17.169,40.6232],[17.1611,40.6173],[17.1642,40.6226],[17.1555,40.6254],[17.1567,40.6138],[17.1735,40.608],[17.1791,40.6117],[17.179,40.6061],[17.1613,40.5953],[17.1565,40.5733],[17.1867,40.5745],[17.1902,40.5704],[17.2032,40.5809],[17.2269,40.5816],[17.2518,40.5731],[17.2961,40.5683],[17.3041,40.5637],[17.3007,40.559],[17.3153,40.551],[17.3308,40.5612],[17.3165,40.5872],[17.3276,40.5918],[17.3203,40.6033],[17.3262,40.6068],[17.3654,40.6065],[17.3996,40.5936]],[[17.1757,40.6237],[17.1756,40.6276],[17.1768,40.6252],[17.1757,40.6237]],[[17.2358,40.8262],[17.22,40.8246],[17.2256,40.8272],[17.2193,40.8265],[17.2144,40.8354],[17.2333,40.8358],[17.2315,40.8284],[17.2358,40.8262]]]}},{"type":"Feature","properties":{"id":"matino","name":"Matino","full_name":"Matino","region":"Puglia","grapes":["Malvasia","Negro Amaro","Sangiovese"],"key_appellations":["Matino"],"desc":"Matino is a protected wine appellation in Puglia.","level":"appellation"},"geometry":{"type":"Polygon","coordinates":[[[18.1488,39.9776],[18.1528,39.9849],[18.1825,39.9925],[18.2205,40.0136],[18.2081,40.04],[18.2111,40.0423],[18.1943,40.0633],[18.1679,40.0519],[18.1635,40.0583],[18.1487,40.0549],[18.1482,40.0725],[18.1148,40.082],[18.1159,40.0948],[18.0974,40.0876],[18.0941,40.0984],[18.0856,40.0896],[18.0877,40.0777],[18.08,40.0811],[18.0397,40.0699],[18.0127,40.0848],[18.0197,40.1035],[18.0039,40.1138],[18.01,40.109],[18.012,40.0957],[18.0052,40.072],[17.9903,40.0586],[17.9773,40.0569],[17.9826,40.0615],[17.9722,40.0544],[17.9977,40.0505],[18.0169,40.0327],[18.0207,40.016],[18.0155,40.0035],[18.0062,39.9957],[17.9934,40.0],[18.0129,39.9697],[18.0233,39.9648],[18.0728,39.9876],[18.0798,39.9781],[18.0703,39.9772],[18.0683,39.9704],[18.0907,39.9723],[18.0943,39.9784],[18.0967,39.9676],[18.113,39.9668],[18.1285,39.952],[18.128,39.9587],[18.1391,39.96],[18.14,39.9758],[18.1488,39.9776]]]}},{"type":"Feature","properties":{"id":"moscato-di-trani","name":"Moscato di Trani","full_name":"Moscato di Trani","region":"Puglia","grapes":["Moscato Bianco"],"key_appellations":["Moscato di Trani"],"desc":"Moscato di Trani is a protected wine appellation in Puglia.","level":"appellation"},"geometry":{"type":"Polygon","coordinates":[[[16.1084,40.9825],[16.1856,41.0188],[16.1902,41.0088],[16.1972,41.0102],[16.2118,41.0255],[16.247,41.0177],[16.2818,40.9911],[16.303,40.9833],[16.3393,40.9588],[16.379,40.9641],[16.4072,40.9581],[16.4408,40.9602],[16.4719,40.9788],[16.5405,40.9438],[16.5422,40.9625],[16.5635,40.9833],[16.5437,41.0012],[16.5665,41.0038],[16.5814,41.0398],[16.5926,41.0359],[16.6129,41.052],[16.5991,41.0587],[16.6157,41.0602],[16.6168,41.0671],[16.6258,41.064],[16.6412,41.0757],[16.6819,41.072],[16.7175,41.0876],[16.7321,41.083],[16.7388,41.0773],[16.7378,41.0714],[16.7499,41.0741],[16.7447,41.0822],[16.758,41.0997],[16.7515,41.106],[16.7511,41.1235],[16.7201,41.1544],[16.6796,41.1492],[16.662,41.1435],[16.6599,41.1379],[16.6457,41.1412],[16.6416,41.1335],[16.6323,41.138],[16.6212,41.1293],[16.6188,41.1202],[16.6082,41.1175],[16.5905,41.1463],[16.5842,41.1475],[16.5835,41.1563],[16.5364,41.1622],[16.5265,41.1547],[16.5131,41.1568],[16.5082,41.1594],[16.517,41.1725],[16.5104,41.1825],[16.5388,41.214],[16.5423,41.2294],[16.5335,41.238],[16.5048,41.2434],[16.5099,41.2464],[16.4864,41.2503],[16.4815,41.2566],[16.4516,41.2604],[16.4422,41.2713],[16.427,41.2743],[16.4228,41.2828],[16.4204,41.278],[16.4195,41.2827],[16.4244,41.2847],[16.401,41.2851],[16.3591,41.3046],[16.3039,41.3189],[16.2948,41.3234],[16.2947,41.3335],[16.2941,41.3218],[16.2853,41.3246],[16.2899,41.3327],[16.2817,41.3243],[16.261,41.3289],[16.207,41.3594],[16.2024,41.3598],[16.2031,41.3435],[16.2082,41.3351],[16.2029,41.332],[16.1974,41.3374],[16.1544,41.3436],[16.1445,41.36],[16.1261,41.372],[16.0971,41.3819],[16.0916,41.3771],[16.059,41.3932],[16.0079,41.4302],[15.9503,41.4417],[15.9366,41.425],[15.9765,41.4139],[15.985,41.4023],[15.9966,41.403],[16.0221,41.3875],[16.0322,41.3866],[16.0386,41.3826],[16.0344,41.375],[15.982,41.3608],[15.9835,41.3047],[16.0109,41.303],[16.0346,41.3085],[16.0296,41.3154],[16.049,41.3225],[16.0902,41.3207],[16.0748,41.2912],[16.0809,41.2783],[16.0557,41.2671],[16.06,41.254],[16.0421,41.2453],[16.0419,41.2408],[16.0229,41.2351],[16.0207,41.2208],[16.0072,41.2083],[15.9948,41.2058],[15.9977,41.1998],[15.9917,41.1954],[15.9825,41.1986],[15.9819,41.191],[15.9644,41.1905],[15.9609,41.1835],[15.9268,41.182],[15.9309,41.177],[15.9198,41.1768],[15.9082,41.1623],[15.8994,41.1633],[15.8977,41.1543],[15.887,41.153],[15.8703,41.1399],[15.8787,41.1395],[15.8931,41.1231],[15.9008,41.1264],[15.921,41.1111],[15.9534,41.1108],[15.96,41.1],[15.9542,41.0931],[15.9763,41.0941],[15.9827,41.0892],[15.979,41.0812],[15.999,41.054],[16.0073,41.0591],[16.0263,41.0516],[16.0407,41.0362],[16.0458,41.0156],[16.0615,41.0034],[16.1084,40.9825]]]}},{"type":"Feature","properties":{"id":"nardo","name":"Nardò","full_name":"Nardò","region":"Puglia","grapes":["Malvasia Nera Di Brindisi","Malvasia Nera Di Lecce","Montepulciano","Negro Amaro"],"key_appellations":["Nardò"],"desc":"Nardò is a protected wine appellation in Puglia.","level":"appellation"},"geometry":{"type":"Polygon","coordinates":[[[17.7993,40.3535],[17.7897,40.3329],[17.7797,40.3279],[17.7854,40.3107],[17.768,40.3116],[17.7628,40.2917],[17.8164,40.2895],[17.8395,40.2806],[17.8565,40.2854],[17.8668,40.2798],[17.8686,40.2716],[17.8834,40.2688],[17.8904,40.2542],[17.8948,40.2596],[17.9038,40.2568],[17.9107,40.2417],[17.8962,40.2484],[17.9115,40.2389],[17.9091,40.2347],[17.9261,40.2196],[17.919,40.2139],[17.9232,40.2066],[17.9179,40.2007],[17.9194,40.1921],[17.9366,40.1712],[17.959,40.1588],[17.9636,40.1478],[17.9748,40.1479],[17.9794,40.1382],[17.9872,40.1404],[17.9878,40.1335],[17.9966,40.1314],[17.9928,40.1293],[17.9982,40.1214],[18.0143,40.1294],[18.0226,40.1494],[18.0515,40.1614],[18.0466,40.1665],[18.0522,40.1669],[18.048,40.1761],[18.0666,40.1756],[18.0659,40.184],[18.086,40.1906],[18.0727,40.224],[18.0541,40.2217],[18.0476,40.2298],[18.0491,40.2399],[18.0132,40.2478],[17.9993,40.2606],[17.9872,40.2517],[17.9541,40.2495],[17.9293,40.2938],[17.9151,40.2991],[17.8932,40.3265],[17.847,40.3456],[17.8361,40.3625],[17.7993,40.3535]]]}},{"type":"Feature","properties":{"id":"negroamaro-di-terra-d-otranto","name":"Negroamaro di Terra d'Otranto","full_name":"Negroamaro di Terra d'Otranto","region":"Puglia","grapes":["Aglianico","Aglianicone","Barbera","Bombino Nero","Cabernet Franc","Cabernet Sauvignon"],"key_appellations":["Negroamaro di Terra d'Otranto"],"desc":"Negroamaro di Terra d'Otranto is a protected wine appellation in Puglia.","level":"appellation"},"geometry":{"type":"MultiPolygon","coordinates":[[[[17.5077,40.295],[17.6609,40.3044],[17.7323,40.3],[17.7432,40.295],[17.7607,40.2975],[17.7635,40.2916],[17.7713,40.2948],[17.8164,40.2895],[17.8395,40.2806],[17.8516,40.2862],[17.8654,40.2812],[17.8686,40.2716],[17.8834,40.2688],[17.8904,40.2542],[17.8948,40.2596],[17.9038,40.2568],[17.9107,40.2417],[17.8962,40.2484],[17.9115,40.2389],[17.9091,40.2347],[17.9261,40.2196],[17.919,40.2139],[17.9232,40.2066],[17.9179,40.2007],[17.9194,40.1921],[17.9366,40.1712],[17.959,40.1588],[17.9636,40.1478],[17.9748,40.1479],[17.9794,40.1382],[17.9872,40.1404],[17.9878,40.1335],[17.9966,40.1314],[17.9928,40.1293],[18.01,40.109],[18.0118,40.0853],[18.0052,40.072],[17.9903,40.0586],[17.9773,40.0569],[17.9826,40.0615],[17.9722,40.0544],[17.9977,40.0505],[18.0155,40.0353],[18.0207,40.0193],[18.0168,40.0056],[18.0062,39.9957],[17.9934,40.0002],[17.9945,39.996],[18.0129,39.9697],[18.0258,39.9628],[18.0298,39.9489],[18.0476,39.9288],[18.1711,39.8499],[18.1832,39.8498],[18.2057,39.8366],[18.27,39.8343],[18.3078,39.8171],[18.3135,39.809],[18.3272,39.8072],[18.3346,39.7951],[18.3459,39.7897],[18.3617,39.798],[18.3578,39.7932],[18.3691,39.7937],[18.3908,39.8175],[18.3845,39.8412],[18.3979,39.8722],[18.3996,39.8901],[18.3903,39.9072],[18.4155,39.9928],[18.4243,40.0014],[18.4319,39.9991],[18.4357,40.0245],[18.4754,40.0443],[18.4829,40.0815],[18.4878,40.0793],[18.5205,40.1073],[18.5067,40.1256],[18.5171,40.1351],[18.5036,40.1468],[18.4879,40.1475],[18.4921,40.1535],[18.4802,40.1676],[18.4791,40.1781],[18.4639,40.1928],[18.458,40.2071],[18.4646,40.225],[18.4418,40.2585],[18.4409,40.2693],[18.4297,40.2736],[18.4318,40.2834],[18.4229,40.2947],[18.3859,40.3145],[18.3602,40.3447],[18.316,40.3728],[18.3054,40.3837],[18.3068,40.3911],[18.2787,40.4076],[18.2339,40.4492],[18.2008,40.4684],[18.1844,40.4698],[18.1699,40.4807],[18.1266,40.4932],[18.1159,40.5065],[18.0805,40.5256],[18.0775,40.5383],[18.0446,40.5565],[18.0346,40.5714],[18.0452,40.5973],[18.0162,40.625],[18.015,40.6372],[18.0217,40.6423],[18.004,40.6443],[17.9986,40.649],[18.002,40.6536],[18.0008,40.6558],[17.993,40.6468],[17.9819,40.6495],[17.9861,40.6438],[17.9716,40.6454],[17.9696,40.6507],[17.9706,40.6455],[17.953,40.645],[17.9498,40.633],[17.9442,40.6424],[17.9285,40.6396],[17.9508,40.6446],[17.9633,40.6564],[17.9619,40.6624],[17.9674,40.6624],[17.9672,40.6549],[17.9718,40.6625],[17.9966,40.6631],[17.9669,40.6636],[17.9603,40.6627],[17.9584,40.6604],[17.9371,40.6845],[17.9297,40.6796],[17.8922,40.6822],[17.8286,40.6948],[17.7991,40.7094],[17.8,40.7161],[17.7682,40.7233],[17.7084,40.7578],[17.5603,40.7977],[17.4962,40.8215],[17.4722,40.8326],[17.4684,40.8428],[17.412,40.8713],[17.3896,40.8922],[17.3396,40.866],[17.3389,40.858],[17.3209,40.8424],[17.3093,40.8391],[17.3151,40.8331],[17.2953,40.8172],[17.3179,40.8063],[17.3277,40.8116],[17.3641,40.7859],[17.3712,40.7896],[17.3819,40.7836],[17.3995,40.7852],[17.3978,40.7751],[17.385,40.7709],[17.3928,40.7692],[17.3874,40.7645],[17.3957,40.7568],[17.3916,40.7475],[17.3512,40.7498],[17.3389,40.7421],[17.3413,40.7369],[17.323,40.7436],[17.3165,40.7378],[17.3147,40.743],[17.3018,40.7461],[17.3032,40.7507],[17.2806,40.7734],[17.3012,40.7725],[17.2864,40.7816],[17.2923,40.7833],[17.2916,40.7887],[17.3018,40.7845],[17.3116,40.7893],[17.3017,40.8021],[17.2874,40.8034],[17.2867,40.7975],[17.2421,40.8005],[17.2512,40.775],[17.2481,40.7656],[17.2279,40.7572],[17.2147,40.7613],[17.2039,40.757],[17.2014,40.7616],[17.16,40.7437],[17.147,40.7095],[17.1228,40.707],[17.116,40.7084],[17.1165,40.7133],[17.1001,40.7148],[17.0966,40.7088],[17.087,40.7109],[17.0858,40.7192],[17.0586,40.7214],[17.0227,40.7131],[17.001,40.7314],[17.0213,40.7519],[17.0155,40.7598],[16.9716,40.7413],[16.9288,40.7387],[16.9231,40.726],[16.9287,40.7238],[16.9255,40.7183],[16.9308,40.7128],[16.912,40.7071],[16.8998,40.7076],[16.897,40.716],[16.8875,40.7123],[16.876,40.7193],[16.8709,40.7111],[16.8674,40.7209],[16.8559,40.7236],[16.8422,40.7128],[16.8181,40.7062],[16.8219,40.6938],[16.8087,40.692],[16.8002,40.695],[16.7869,40.7332],[16.7343,40.7108],[16.725,40.7138],[16.7088,40.7054],[16.7046,40.7112],[16.6966,40.7026],[16.7126,40.6885],[16.7273,40.6884],[16.7098,40.6328],[16.7127,40.6156],[16.7283,40.6014],[16.7119,40.593],[16.7186,40.584],[16.7055,40.555],[16.7245,40.5353],[16.7159,40.5242],[16.7371,40.5078],[16.7203,40.4798],[16.7439,40.4647],[16.7538,40.4707],[16.755,40.4628],[16.7814,40.4591],[16.7832,40.4644],[16.8029,40.4574],[16.8098,40.4469],[16.8095,40.4331],[16.825,40.4244],[16.8238,40.4195],[16.8359,40.4104],[16.8459,40.4111],[16.8508,40.4012],[16.8564,40.4064],[16.8673,40.3978],[16.9255,40.4537],[16.9949,40.4946],[17.0681,40.5174],[17.1208,40.5187],[17.1496,40.5068],[17.1445,40.4949],[17.1628,40.506],[17.1655,40.5036],[17.1552,40.4965],[17.166,40.5009],[17.1764,40.4899],[17.1818,40.4924],[17.1786,40.4786],[17.1913,40.4792],[17.194,40.472],[17.1921,40.477],[17.1987,40.4749],[17.1981,40.4791],[17.205,40.4738],[17.204,40.4796],[17.2099,40.4739],[17.213,40.479],[17.2167,40.4742],[17.2151,40.4788],[17.2214,40.4758],[17.2258,40.4807],[17.224,40.4752],[17.2482,40.4604],[17.2514,40.4479],[17.2457,40.4343],[17.2367,40.4253],[17.209,40.4216],[17.2034,40.4081],[17.2249,40.4088],[17.2321,40.4013],[17.2766,40.3859],[17.2792,40.3794],[17.2978,40.3801],[17.3112,40.366],[17.3408,40.3624],[17.3491,40.3548],[17.3796,40.3462],[17.3809,40.3401],[17.3951,40.3323],[17.4431,40.3297],[17.4584,40.3163],[17.4947,40.31],[17.5077,40.295]]],[[[17.1649,40.4457],[17.1609,40.4585],[17.1531,40.4513],[17.1415,40.4513],[17.1649,40.4457]]]]}},{"type":"Feature","properties":{"id":"orta-nova","name":"Orta Nova","full_name":"Orta Nova","region":"Puglia","grapes":["Lambrusco Maestri","Montepulciano","Sangiovese","Trebbiano Toscano","Uva Di Troia"],"key_appellations":["Orta Nova"],"desc":"Orta Nova is a protected wine appellation in Puglia.","level":"appellation"},"geometry":{"type":"MultiPolygon","coordinates":[[[[15.806,41.1111],[15.8159,41.1224],[15.8095,41.13],[15.783,41.1305],[15.7568,41.1576],[15.7436,41.1599],[15.7205,41.1519],[15.7101,41.1558],[15.7109,41.1631],[15.7034,41.1684],[15.712,41.1657],[15.715,41.1699],[15.7063,41.1836],[15.6939,41.1905],[15.6967,41.194],[15.7136,41.1902],[15.7123,41.1977],[15.7053,41.2011],[15.7133,41.2034],[15.7078,41.2116],[15.6935,41.2189],[15.7044,41.228],[15.6973,41.2363],[15.7068,41.2418],[15.7015,41.248],[15.6831,41.2489],[15.6705,41.2625],[15.6635,41.257],[15.6565,41.261],[15.6643,41.2693],[15.6716,41.2668],[15.6734,41.2704],[15.6671,41.2721],[15.6714,41.2874],[15.681,41.288],[15.6788,41.2843],[15.6866,41.2816],[15.676,41.2698],[15.6949,41.2801],[15.704,41.2771],[15.7127,41.2846],[15.7073,41.2904],[15.7317,41.2952],[15.7335,41.309],[15.7418,41.3062],[15.7445,41.3184],[15.7524,41.3172],[15.7593,41.3251],[15.7645,41.3191],[15.758,41.3102],[15.7644,41.3083],[15.7753,41.3236],[15.8038,41.3114],[15.8293,41.3448],[15.8003,41.3719],[15.7798,41.3809],[15.7866,41.3891],[15.8131,41.3972],[15.8082,41.4066],[15.8243,41.4252],[15.8482,41.4321],[15.8412,41.4456],[15.8273,41.4426],[15.8205,41.4476],[15.8366,41.4496],[15.8346,41.4621],[15.8637,41.4772],[15.8714,41.4707],[15.8954,41.4773],[15.924,41.4964],[15.9013,41.5411],[15.8945,41.585],[15.9033,41.6182],[15.9122,41.6234],[15.9222,41.6214],[15.9125,41.6242],[15.9227,41.6292],[15.9254,41.6206],[15.9247,41.6317],[15.938,41.6379],[15.9137,41.6587],[15.9,41.6797],[15.9007,41.6892],[15.8753,41.6921],[15.8755,41.7015],[15.8681,41.6948],[15.8747,41.6911],[15.8712,41.6866],[15.864,41.6838],[15.8556,41.6883],[15.8586,41.6847],[15.849,41.6831],[15.8562,41.6735],[15.8318,41.6717],[15.8357,41.6566],[15.8292,41.6517],[15.8322,41.631],[15.81,41.625],[15.7985,41.6132],[15.7842,41.6127],[15.7784,41.6036],[15.7782,41.5858],[15.7455,41.5671],[15.7524,41.561],[15.7404,41.5506],[15.736,41.5543],[15.7217,41.5135],[15.7093,41.5163],[15.6997,41.5013],[15.7162,41.5028],[15.685,41.4947],[15.6752,41.522],[15.6503,41.5221],[15.6275,41.5314],[15.6306,41.5357],[15.6568,41.5374],[15.6332,41.5465],[15.635,41.5539],[15.6522,41.5658],[15.6428,41.5787],[15.6457,41.5831],[15.6001,41.5806],[15.5933,41.5854],[15.5986,41.5949],[15.5866,41.5873],[15.5786,41.5988],[15.5861,41.6048],[15.5804,41.6113],[15.5675,41.612],[15.5586,41.5992],[15.5728,41.5893],[15.562,41.5798],[15.5502,41.5774],[15.533,41.5926],[15.5053,41.5945],[15.4873,41.5822],[15.4801,41.5835],[15.4934,41.5706],[15.4783,41.5701],[15.4784,41.5598],[15.4754,41.5644],[15.4504,41.5594],[15.4722,41.5369],[15.4621,41.5265],[15.4787,41.5122],[15.4525,41.4115],[15.479,41.4007],[15.5043,41.4078],[15.4833,41.3741],[15.4702,41.3664],[15.4775,41.3591],[15.4608,41.3505],[15.4565,41.356],[15.4295,41.3382],[15.4511,41.3428],[15.4348,41.3306],[15.4622,41.3348],[15.4617,41.3428],[15.4689,41.3467],[15.4763,41.3403],[15.4894,41.3414],[15.4817,41.3317],[15.5422,41.3441],[15.5514,41.336],[15.5646,41.3383],[15.5188,41.3227],[15.5305,41.2938],[15.5202,41.2912],[15.5136,41.2817],[15.5173,41.2692],[15.5084,41.2718],[15.478,41.2481],[15.482,41.2461],[15.479,41.2295],[15.484,41.2165],[15.4804,41.2076],[15.5151,41.2008],[15.514,41.1937],[15.5317,41.182],[15.5491,41.1535],[15.5629,41.1535],[15.571,41.1415],[15.6084,41.1344],[15.6148,41.1268],[15.6352,41.1346],[15.6339,41.1271],[15.6822,41.124],[15.6795,41.0868],[15.7081,41.0867],[15.726,41.091],[15.7304,41.099],[15.7428,41.0994],[15.7527,41.0973],[15.7685,41.0832],[15.7978,41.091],[15.8036,41.103],[15.7984,41.1106],[15.806,41.1111]],[[15.494,41.5727],[15.4891,41.5782],[15.499,41.5812],[15.5047,41.5748],[15.494,41.5727]],[[15.4913,41.5415],[15.4827,41.5534],[15.4979,41.5596],[15.4913,41.5415]]],[[[15.7404,41.2154],[15.7201,41.221],[15.7246,41.2075],[15.7404,41.2154]]],[[[15.7087,41.2128],[15.7155,41.2167],[15.7137,41.2191],[15.706,41.2175],[15.7087,41.2128]]]]}},{"type":"Feature","properties":{"id":"ostuni","name":"Ostuni","full_name":"Ostuni","region":"Puglia","grapes":["Bianco D'Alessano","Francavidda","Impigno","Negro Amaro","Notardomenico","Ottavianello"],"key_appellations":["Ostuni"],"desc":"Ostuni is a protected wine appellation in Puglia.","level":"appellation"},"geometry":{"type":"Polygon","coordinates":[[[17.8396,40.691],[17.7973,40.7112],[17.8,40.7161],[17.7682,40.7233],[17.7084,40.7578],[17.515,40.8143],[17.4981,40.8023],[17.4773,40.7664],[17.4767,40.757],[17.4973,40.7436],[17.4937,40.7381],[17.4841,40.7407],[17.4707,40.734],[17.4693,40.7267],[17.4783,40.7194],[17.4548,40.7136],[17.4205,40.7281],[17.4032,40.7197],[17.3927,40.7314],[17.3936,40.7382],[17.3883,40.7391],[17.366,40.7283],[17.3725,40.7218],[17.387,40.721],[17.3968,40.695],[17.4046,40.6885],[17.4141,40.6843],[17.4262,40.6878],[17.4247,40.6812],[17.4172,40.6825],[17.4308,40.6289],[17.5069,40.5963],[17.5463,40.5968],[17.6058,40.6077],[17.6029,40.5893],[17.6196,40.5923],[17.6289,40.583],[17.6247,40.5747],[17.6445,40.5691],[17.6644,40.5713],[17.6745,40.5523],[17.67,40.5258],[17.6776,40.5247],[17.6737,40.5219],[17.678,40.519],[17.7374,40.5439],[17.73,40.5569],[17.7508,40.5586],[17.7443,40.56],[17.7465,40.5652],[17.7407,40.5693],[17.7443,40.5852],[17.756,40.5906],[17.761,40.6006],[17.7894,40.6103],[17.8056,40.5994],[17.8173,40.5997],[17.8215,40.5867],[17.8431,40.5911],[17.8479,40.5857],[17.8519,40.5643],[17.8461,40.5579],[17.8639,40.5552],[17.8643,40.5351],[17.8829,40.5218],[17.8765,40.5196],[17.871,40.4986],[17.867,40.5019],[17.8585,40.4939],[17.8526,40.4968],[17.8651,40.4802],[17.8786,40.4783],[17.88,40.4868],[17.8943,40.4969],[17.9556,40.518],[17.9922,40.5442],[18.0215,40.5469],[18.0231,40.5536],[18.0317,40.5513],[18.0427,40.5586],[18.0346,40.5714],[18.0452,40.5973],[18.0162,40.625],[18.015,40.6372],[18.0217,40.6423],[18.004,40.6443],[17.9986,40.649],[18.002,40.6536],[18.0008,40.6558],[17.993,40.6468],[17.9819,40.6495],[17.9861,40.6438],[17.9716,40.6454],[17.9696,40.6507],[17.9706,40.6455],[17.953,40.645],[17.9498,40.633],[17.9442,40.6424],[17.9285,40.6396],[17.9508,40.6446],[17.9633,40.6564],[17.9619,40.6624],[17.9674,40.6624],[17.9672,40.6549],[17.9718,40.6625],[17.9966,40.6631],[17.9669,40.6636],[17.9603,40.6627],[17.9584,40.6604],[17.9371,40.6845],[17.9261,40.6794],[17.8396,40.691]]]}},{"type":"Feature","properties":{"id":"leverano","name":"Leverano","full_name":"Leverano","region":"Puglia","grapes":["Aglianico","Aglianicone","Asprinio Bianco","Barbera","Bianco D'Alessano","Bombino Bianco"],"key_appellations":["Leverano"],"desc":"Leverano is a protected wine appellation in Puglia.","level":"appellation"},"geometry":{"type":"MultiPolygon","coordinates":[[[[17.9173,40.3267],[17.8932,40.3265],[17.9151,40.2991],[17.9293,40.2938],[17.9411,40.2794],[17.9433,40.2644],[17.9491,40.2632],[17.9541,40.2495],[17.9841,40.2514],[17.9914,40.2675],[18.0265,40.2759],[18.0259,40.2857],[18.0077,40.3065],[18.0242,40.3165],[18.0126,40.3175],[18.0078,40.3254],[17.9499,40.3067],[17.9216,40.3143],[17.9173,40.3267]]],[[[18.0396,40.3209],[18.0318,40.3187],[18.0445,40.3144],[18.0396,40.3209]]]]}},{"type":"Feature","properties":{"id":"primitivo-di-manduria","name":"Primitivo di Manduria","full_name":"Primitivo di Manduria","region":"Puglia","grapes":["Aglianico","Aglianicone","Barbera","Bombino Nero","Cabernet Franc","Cabernet Sauvignon"],"key_appellations":["Primitivo di Manduria"],"desc":"Primitivo di Manduria is a protected wine appellation in Puglia.","level":"appellation"},"geometry":{"type":"MultiPolygon","coordinates":[[[[17.4304,40.4767],[17.4134,40.4933],[17.3982,40.4832],[17.3919,40.4838],[17.3869,40.4933],[17.3765,40.4901],[17.3737,40.4998],[17.3692,40.4958],[17.3471,40.4978],[17.3552,40.5065],[17.3481,40.5263],[17.3628,40.5293],[17.3678,40.541],[17.3815,40.5458],[17.3715,40.5585],[17.3557,40.5587],[17.3393,40.5459],[17.3276,40.5279],[17.3249,40.5353],[17.3147,40.5388],[17.2817,40.5389],[17.2751,40.5322],[17.2532,40.5378],[17.2464,40.5368],[17.2402,40.5207],[17.2273,40.518],[17.2169,40.536],[17.2103,40.5345],[17.2171,40.5212],[17.1846,40.5161],[17.1418,40.552],[17.1373,40.5447],[17.1325,40.549],[17.1306,40.5405],[17.1168,40.5403],[17.1357,40.5341],[17.1271,40.5176],[17.1496,40.5068],[17.1445,40.4949],[17.1628,40.506],[17.1655,40.5036],[17.1552,40.4965],[17.166,40.5009],[17.1764,40.4899],[17.1818,40.4924],[17.1786,40.4786],[17.1913,40.4792],[17.194,40.472],[17.1921,40.477],[17.1987,40.4749],[17.1981,40.4791],[17.205,40.4738],[17.204,40.4796],[17.2099,40.4739],[17.213,40.479],[17.2167,40.4742],[17.2151,40.4788],[17.2214,40.4758],[17.2258,40.4807],[17.224,40.4752],[17.2482,40.4604],[17.2514,40.4479],[17.2457,40.4343],[17.2367,40.4253],[17.209,40.4216],[17.2034,40.4081],[17.2249,40.4088],[17.2321,40.4013],[17.2766,40.3859],[17.2792,40.3794],[17.2978,40.3801],[17.3112,40.366],[17.3408,40.3624],[17.3491,40.3548],[17.3796,40.3462],[17.3809,40.3401],[17.3951,40.3323],[17.4431,40.3297],[17.4584,40.3163],[17.4947,40.31],[17.5108,40.2946],[17.6757,40.3048],[17.7553,40.2945],[17.7638,40.2957],[17.768,40.3116],[17.7854,40.3107],[17.7797,40.3279],[17.7928,40.336],[17.8003,40.3693],[17.7937,40.3891],[17.7778,40.3877],[17.7714,40.3931],[17.7816,40.4048],[17.7836,40.4395],[17.7961,40.4454],[17.7891,40.4554],[17.7901,40.4706],[17.7808,40.469],[17.7842,40.478],[17.7772,40.4933],[17.7883,40.521],[17.7833,40.5287],[17.7722,40.5306],[17.7688,40.5233],[17.7496,40.5196],[17.7505,40.5302],[17.7265,40.5316],[17.7226,40.5386],[17.678,40.519],[17.6737,40.5219],[17.6776,40.5247],[17.67,40.5258],[17.6714,40.5606],[17.6599,40.5601],[17.6669,40.5393],[17.6589,40.5377],[17.6531,40.5501],[17.6503,40.5423],[17.6547,40.5356],[17.6392,40.5307],[17.6429,40.5193],[17.6353,40.5193],[17.631,40.5294],[17.6226,40.5272],[17.6252,40.5146],[17.6195,40.5151],[17.6189,40.5078],[17.6091,40.5082],[17.6157,40.4997],[17.5939,40.4937],[17.5965,40.4837],[17.5814,40.4783],[17.5822,40.4565],[17.5903,40.4494],[17.5774,40.4385],[17.569,40.4457],[17.56,40.4371],[17.5501,40.4467],[17.5422,40.4453],[17.5464,40.4384],[17.5204,40.4577],[17.5197,40.4704],[17.5111,40.4788],[17.4871,40.4821],[17.4851,40.4687],[17.4596,40.4611],[17.4511,40.4613],[17.4536,40.4683],[17.4478,40.4764],[17.4338,40.4811],[17.4304,40.4767]]],[[[17.1649,40.4457],[17.1609,40.4585],[17.1531,40.4513],[17.1415,40.4513],[17.1529,40.4451],[17.1649,40.4457]]],[[[17.3597,40.5176],[17.3695,40.5258],[17.3525,40.5209],[17.3597,40.5176]]],[[[17.4307,40.5898],[17.4141,40.5913],[17.4093,40.5868],[17.4274,40.5813],[17.4307,40.5898]]],[[[17.4454,40.5837],[17.4328,40.5767],[17.4442,40.5743],[17.4437,40.5679],[17.4518,40.5652],[17.4534,40.5815],[17.4454,40.5837]]]]}},{"type":"Feature","properties":{"id":"rosso-di-cerignola","name":"Rosso di Cerignola","full_name":"Rosso di Cerignola","region":"Puglia","grapes":["Barbera","Malbech","Montepulciano","Negro Amaro","Sangiovese","Trebbiano Toscano"],"key_appellations":["Rosso di Cerignola"],"desc":"Rosso di Cerignola is a protected wine appellation in Puglia.","level":"appellation"},"geometry":{"type":"Polygon","coordinates":[[[15.7984,41.1106],[15.8225,41.1204],[15.8295,41.1181],[15.8337,41.13],[15.8426,41.1237],[15.8498,41.1341],[15.8651,41.1309],[15.8734,41.1437],[15.8977,41.1543],[15.8994,41.1633],[15.9077,41.162],[15.9198,41.1768],[15.9309,41.177],[15.9268,41.182],[15.9609,41.1835],[15.9644,41.1905],[15.9819,41.191],[15.9825,41.1986],[15.9917,41.1954],[15.9977,41.1998],[15.9948,41.2058],[16.0072,41.2083],[16.0207,41.2208],[16.0177,41.2394],[16.0403,41.2699],[16.0091,41.264],[15.9978,41.2919],[15.9835,41.3047],[15.982,41.3608],[16.0344,41.375],[16.0381,41.3835],[15.9966,41.403],[15.985,41.4023],[15.9765,41.4139],[15.9314,41.4273],[15.9284,41.466],[15.9136,41.4765],[15.8929,41.4437],[15.8649,41.4313],[15.853,41.4334],[15.8243,41.4252],[15.8082,41.4066],[15.8131,41.3972],[15.7866,41.3891],[15.7798,41.3809],[15.8003,41.3719],[15.8293,41.3448],[15.8038,41.3114],[15.7753,41.3236],[15.7644,41.3083],[15.758,41.3102],[15.7645,41.3191],[15.7593,41.3251],[15.7524,41.3172],[15.7445,41.3184],[15.7418,41.3062],[15.7335,41.309],[15.7317,41.2952],[15.7073,41.2904],[15.7127,41.2846],[15.704,41.2771],[15.6949,41.2801],[15.676,41.2698],[15.6866,41.2816],[15.6788,41.2843],[15.681,41.288],[15.6714,41.2874],[15.6671,41.2721],[15.6734,41.2704],[15.6716,41.2668],[15.6643,41.2693],[15.6442,41.2465],[15.6322,41.2475],[15.6285,41.2551],[15.6226,41.2508],[15.6037,41.2598],[15.5985,41.2693],[15.5797,41.2745],[15.5912,41.2855],[15.5847,41.2874],[15.6018,41.3005],[15.5983,41.3106],[15.5879,41.3155],[15.5934,41.3202],[15.5602,41.3383],[15.5188,41.3227],[15.5305,41.2938],[15.5202,41.2912],[15.5136,41.2817],[15.5173,41.2692],[15.5084,41.2718],[15.478,41.2481],[15.482,41.2461],[15.479,41.2295],[15.484,41.2165],[15.4804,41.2076],[15.5151,41.2008],[15.514,41.1937],[15.5317,41.182],[15.5491,41.1535],[15.5618,41.154],[15.571,41.1415],[15.6084,41.1344],[15.6148,41.1268],[15.6352,41.1346],[15.6339,41.1271],[15.6822,41.124],[15.6795,41.0868],[15.7081,41.0867],[15.726,41.091],[15.7304,41.099],[15.7428,41.0994],[15.7527,41.0973],[15.7685,41.0832],[15.7978,41.091],[15.8036,41.103],[15.7984,41.1106]]]}},{"type":"Feature","properties":{"id":"salice-salentino","name":"Salice Salentino","full_name":"Salice Salentino","region":"Puglia","grapes":["Aglianico","Aglianicone","Aléatico","Asprinio Bianco","Barbera","Bianco D'Alessano"],"key_appellations":["Salice Salentino"],"desc":"Salice Salentino is a protected wine appellation in Puglia.","level":"appellation"},"geometry":{"type":"Polygon","coordinates":[[[18.0043,40.3234],[17.9949,40.362],[18.012,40.3676],[18.0114,40.372],[18.0208,40.376],[18.0183,40.3807],[18.0335,40.3788],[18.0334,40.3842],[18.0602,40.4014],[18.0211,40.4245],[18.0162,40.4317],[18.0196,40.4375],[17.9785,40.4565],[17.9903,40.4677],[17.9586,40.5064],[17.9556,40.518],[17.8943,40.4969],[17.88,40.4868],[17.8786,40.4783],[17.8526,40.4831],[17.8473,40.4716],[17.8171,40.477],[17.8149,40.4689],[17.805,40.4678],[17.8065,40.4566],[17.7931,40.464],[17.7891,40.4554],[17.7953,40.4414],[17.7836,40.4395],[17.7816,40.4048],[17.7714,40.3931],[17.7778,40.3877],[17.7907,40.3911],[17.7978,40.3846],[17.7993,40.3535],[17.8361,40.3625],[17.847,40.3456],[17.8932,40.3265],[17.9173,40.3267],[17.9216,40.3143],[17.9375,40.3074],[17.9499,40.3067],[18.0043,40.3234]]]}},{"type":"Feature","properties":{"id":"san-severo","name":"San Severo","full_name":"San Severo","region":"Puglia","grapes":["Aglianico","Aglianicone","Barbera","Bianco D'Alessano","Biancolella","Bombino Bianco"],"key_appellations":["San Severo"],"desc":"San Severo is a protected wine appellation in Puglia.","level":"appellation"},"geometry":{"type":"MultiPolygon","coordinates":[[[[15.2615,41.54],[15.2326,41.4897],[15.2446,41.4715],[15.2711,41.4816],[15.2871,41.4537],[15.2994,41.4496],[15.2905,41.4273],[15.2624,41.3941],[15.284,41.4031],[15.3476,41.405],[15.3614,41.4127],[15.3898,41.4064],[15.4097,41.3922],[15.4541,41.4132],[15.4787,41.5122],[15.4621,41.5265],[15.4722,41.5369],[15.4504,41.5594],[15.4754,41.5644],[15.4784,41.5598],[15.4783,41.5701],[15.4934,41.5706],[15.4801,41.5835],[15.4873,41.5822],[15.5053,41.5945],[15.533,41.5926],[15.5502,41.5774],[15.5728,41.5893],[15.5582,41.5965],[15.5702,41.6161],[15.5532,41.6247],[15.5446,41.6213],[15.54,41.6264],[15.5433,41.6322],[15.5306,41.6253],[15.5404,41.6354],[15.5368,41.6375],[15.5407,41.6462],[15.5153,41.6724],[15.5278,41.6756],[15.513,41.6875],[15.5322,41.7027],[15.553,41.7005],[15.5473,41.7111],[15.5366,41.7154],[15.5442,41.716],[15.5478,41.7219],[15.5392,41.7263],[15.5587,41.7477],[15.5415,41.7532],[15.5635,41.782],[15.5115,41.8118],[15.5042,41.824],[15.5088,41.8366],[15.5024,41.8464],[15.4874,41.8443],[15.4858,41.8488],[15.4717,41.841],[15.4735,41.8324],[15.4661,41.8325],[15.4553,41.8377],[15.4538,41.8531],[15.4654,41.872],[15.4968,41.8763],[15.5209,41.8891],[15.5381,41.881],[15.5548,41.8839],[15.5617,41.8943],[15.5867,41.9065],[15.5839,41.9147],[15.6129,41.9255],[15.4269,41.9013],[15.3657,41.9028],[15.3403,41.9179],[15.2966,41.9107],[15.2929,41.914],[15.2941,41.9076],[15.2879,41.9089],[15.2852,41.901],[15.27,41.9074],[15.257,41.8769],[15.2311,41.8401],[15.2449,41.8346],[15.2462,41.8258],[15.237,41.8186],[15.2405,41.8146],[15.2363,41.8077],[15.2299,41.8085],[15.2342,41.8054],[15.2266,41.798],[15.2245,41.7822],[15.1985,41.7614],[15.2025,41.754],[15.1907,41.7513],[15.1947,41.746],[15.1856,41.7419],[15.1878,41.7329],[15.1783,41.7256],[15.1399,41.7435],[15.1191,41.762],[15.1176,41.7494],[15.1033,41.749],[15.1019,41.7427],[15.1209,41.7204],[15.1615,41.7094],[15.1171,41.6937],[15.1061,41.6856],[15.1025,41.672],[15.0911,41.6818],[15.0859,41.675],[15.1018,41.6598],[15.121,41.6563],[15.1218,41.6637],[15.1435,41.6761],[15.157,41.6574],[15.1424,41.6452],[15.1584,41.6423],[15.1633,41.6518],[15.1609,41.6415],[15.1797,41.6296],[15.1464,41.6153],[15.1356,41.6003],[15.1099,41.5862],[15.0887,41.5833],[15.1122,41.5553],[15.1297,41.5637],[15.1537,41.5604],[15.2022,41.5915],[15.2013,41.5771],[15.1904,41.5674],[15.2007,41.5698],[15.2071,41.5645],[15.2046,41.5524],[15.1992,41.5519],[15.2033,41.5315],[15.2098,41.5308],[15.2198,41.5434],[15.2226,41.5476],[15.2185,41.5511],[15.2615,41.54]],[[15.2283,41.5565],[15.2246,41.5541],[15.2196,41.557],[15.2231,41.5563],[15.2283,41.5565]],[[15.2064,41.5477],[15.2168,41.5521],[15.2209,41.5473],[15.2067,41.541],[15.2064,41.5477]]],[[[15.4978,41.5587],[15.4827,41.5534],[15.4907,41.5415],[15.4978,41.5587]]],[[[15.5047,41.5748],[15.499,41.5812],[15.4891,41.5782],[15.494,41.5727],[15.5047,41.5748]]],[[[15.5856,41.6099],[15.5839,41.6034],[15.598,41.5976],[15.6055,41.6026],[15.5856,41.6099]]]]}},{"type":"Feature","properties":{"id":"squinzano","name":"Squinzano","full_name":"Squinzano","region":"Puglia","grapes":["Aglianico","Aglianicone","Asprinio Bianco","Barbera","Bianco D'Alessano","Bombino Bianco"],"key_appellations":["Squinzano"],"desc":"Squinzano is a protected wine appellation in Puglia.","level":"appellation"},"geometry":{"type":"Polygon","coordinates":[[[18.0795,40.3554],[18.0939,40.3654],[18.0968,40.3517],[18.1214,40.3499],[18.1155,40.3425],[18.1208,40.339],[18.1214,40.3271],[18.1114,40.3213],[18.1202,40.3128],[18.1304,40.3222],[18.1399,40.3191],[18.1446,40.3293],[18.1529,40.3235],[18.1809,40.3383],[18.1818,40.3252],[18.194,40.3199],[18.2174,40.3302],[18.2186,40.3449],[18.2306,40.345],[18.2334,40.3534],[18.2635,40.352],[18.26,40.3362],[18.2545,40.3369],[18.2553,40.3297],[18.262,40.3275],[18.2794,40.3327],[18.2724,40.3334],[18.2684,40.3419],[18.2972,40.3418],[18.2923,40.3453],[18.3028,40.348],[18.2976,40.3626],[18.3076,40.389],[18.2787,40.4076],[18.2339,40.4492],[18.2008,40.4684],[18.1844,40.4698],[18.1699,40.4807],[18.1266,40.4932],[18.1159,40.5065],[18.0805,40.5256],[18.0775,40.5383],[18.0427,40.5586],[18.0317,40.5513],[18.0231,40.5536],[18.0215,40.5469],[17.9922,40.5442],[17.9556,40.518],[17.9017,40.5005],[17.88,40.4868],[17.879,40.4779],[17.9027,40.4673],[17.9316,40.4676],[17.9555,40.4568],[17.9552,40.4387],[17.9698,40.4075],[17.9913,40.4185],[17.998,40.4001],[17.9831,40.3953],[17.9771,40.3699],[17.9795,40.3626],[17.9949,40.362],[17.9996,40.3461],[18.0077,40.3547],[18.0359,40.3644],[18.0428,40.3736],[18.0532,40.3705],[18.0508,40.361],[18.0626,40.3548],[18.0795,40.3554]]]}},{"type":"Feature","properties":{"id":"tavoliere-delle-puglie","name":"Tavoliere delle Puglie","full_name":"Tavoliere delle Puglie / Tavoliere","region":"Puglia","grapes":["Aglianico","Aglianicone","Barbera","Bombino Nero","Cabernet Franc","Cabernet Sauvignon"],"key_appellations":["Tavoliere delle Puglie"],"desc":"Tavoliere delle Puglie is a protected wine appellation in Puglia.","level":"appellation"},"geometry":{"type":"Polygon","coordinates":[[[15.4316,41.2653],[15.4539,41.2859],[15.4201,41.3085],[15.4158,41.3139],[15.4204,41.3181],[15.4691,41.3259],[15.5125,41.3408],[15.5422,41.3441],[15.5514,41.336],[15.5644,41.3389],[15.5188,41.3227],[15.5305,41.2938],[15.5202,41.2912],[15.5136,41.2817],[15.5173,41.2692],[15.5084,41.2718],[15.478,41.2481],[15.482,41.2461],[15.479,41.2295],[15.484,41.2165],[15.4804,41.2076],[15.5151,41.2008],[15.514,41.1937],[15.5317,41.182],[15.5491,41.1535],[15.5629,41.1535],[15.571,41.1415],[15.6084,41.1344],[15.6148,41.1268],[15.6352,41.1346],[15.6339,41.1271],[15.6822,41.124],[15.6795,41.0868],[15.7081,41.0867],[15.726,41.091],[15.7304,41.099],[15.7428,41.0994],[15.7527,41.0973],[15.7685,41.0832],[15.7978,41.091],[15.8036,41.103],[15.7987,41.1113],[15.8225,41.1204],[15.8295,41.1181],[15.8337,41.13],[15.8426,41.1237],[15.8498,41.1341],[15.8651,41.1309],[15.8734,41.1437],[15.8977,41.1543],[15.8994,41.1633],[15.9077,41.162],[15.9198,41.1768],[15.9309,41.177],[15.9268,41.182],[15.9609,41.1835],[15.9644,41.1905],[15.9819,41.191],[15.9825,41.1986],[15.9917,41.1954],[15.9977,41.1998],[15.9948,41.2058],[16.0072,41.2083],[16.0207,41.2208],[16.0229,41.2351],[16.0419,41.2408],[16.0421,41.2453],[16.06,41.254],[16.0539,41.2643],[16.0671,41.2751],[16.0772,41.2712],[16.094,41.2763],[16.1245,41.2365],[16.1769,41.2297],[16.1855,41.2515],[16.1955,41.2537],[16.2167,41.2714],[16.2196,41.2661],[16.2228,41.2713],[16.2454,41.2625],[16.2642,41.2706],[16.2676,41.2652],[16.2752,41.2667],[16.2711,41.2606],[16.2857,41.2575],[16.2905,41.267],[16.2985,41.2581],[16.3088,41.2573],[16.3069,41.2621],[16.329,41.2708],[16.3273,41.2755],[16.3404,41.2868],[16.3401,41.294],[16.3549,41.3058],[16.298,41.3214],[16.2947,41.3335],[16.2941,41.3218],[16.2853,41.3246],[16.2899,41.3327],[16.2817,41.3243],[16.261,41.3289],[16.2061,41.3596],[16.2024,41.3598],[16.2031,41.3435],[16.2082,41.3351],[16.2029,41.332],[16.1974,41.3374],[16.1544,41.3436],[16.1445,41.36],[16.1261,41.372],[16.0971,41.3819],[16.0916,41.3771],[16.059,41.3932],[16.0067,41.4307],[15.9503,41.4417],[15.937,41.4258],[15.9314,41.4273],[15.9284,41.466],[15.9136,41.4765],[15.896,41.4461],[15.8649,41.4313],[15.8482,41.4321],[15.8412,41.4456],[15.8252,41.4428],[15.8205,41.4476],[15.8366,41.4496],[15.8346,41.4621],[15.8637,41.4772],[15.8714,41.4707],[15.8954,41.4773],[15.924,41.4964],[15.9013,41.5411],[15.8945,41.585],[15.9033,41.6182],[15.9122,41.6234],[15.9222,41.6214],[15.9125,41.6242],[15.9227,41.6292],[15.9254,41.6206],[15.9247,41.6317],[15.938,41.6379],[15.9137,41.6587],[15.9,41.6797],[15.9007,41.6892],[15.8753,41.6921],[15.876,41.7013],[15.8681,41.6948],[15.8747,41.6911],[15.8712,41.6866],[15.864,41.6838],[15.8556,41.6883],[15.8586,41.6847],[15.849,41.6831],[15.8562,41.6735],[15.8321,41.6722],[15.8357,41.6566],[15.8292,41.6517],[15.8322,41.631],[15.81,41.625],[15.7985,41.6132],[15.7842,41.6127],[15.7784,41.6036],[15.7782,41.5858],[15.7455,41.5671],[15.7524,41.561],[15.7404,41.5506],[15.736,41.5543],[15.7217,41.5135],[15.7093,41.5163],[15.6997,41.5013],[15.7179,41.5045],[15.685,41.4947],[15.6752,41.522],[15.6503,41.5221],[15.6275,41.5314],[15.6306,41.5357],[15.6568,41.5374],[15.6332,41.5465],[15.635,41.5539],[15.6522,41.5658],[15.6428,41.5787],[15.6457,41.5831],[15.6001,41.5806],[15.5933,41.5854],[15.5986,41.5949],[15.5866,41.5873],[15.5786,41.5988],[15.5839,41.6034],[15.598,41.5976],[15.6055,41.6026],[15.5856,41.6104],[15.5675,41.6099],[15.5702,41.6161],[15.5532,41.6247],[15.5412,41.6243],[15.5433,41.6322],[15.5306,41.6253],[15.5404,41.6354],[15.5368,41.6375],[15.5407,41.6462],[15.5153,41.6724],[15.5278,41.6756],[15.513,41.6875],[15.5322,41.7027],[15.553,41.7005],[15.5473,41.7111],[15.5366,41.7154],[15.5442,41.716],[15.5478,41.7219],[15.5392,41.7263],[15.5587,41.7477],[15.5415,41.7532],[15.5635,41.782],[15.5115,41.8118],[15.5042,41.824],[15.5088,41.8366],[15.5024,41.8464],[15.4874,41.8443],[15.4858,41.8488],[15.4717,41.841],[15.4735,41.8324],[15.4661,41.8325],[15.4553,41.8377],[15.4551,41.8508],[15.4379,41.8299],[15.3906,41.8015],[15.3617,41.8124],[15.3449,41.8114],[15.3441,41.7998],[15.3327,41.8047],[15.3169,41.801],[15.2874,41.8047],[15.2449,41.8346],[15.2462,41.8258],[15.2369,41.8182],[15.2398,41.8134],[15.2351,41.8069],[15.2299,41.8085],[15.2342,41.8054],[15.2266,41.798],[15.2245,41.7822],[15.2061,41.7712],[15.2094,41.7669],[15.1985,41.7614],[15.2025,41.754],[15.1907,41.7513],[15.1945,41.745],[15.1856,41.7419],[15.19,41.737],[15.1783,41.7256],[15.1399,41.7435],[15.1191,41.762],[15.1176,41.7494],[15.102,41.7463],[15.1212,41.7202],[15.1616,41.7097],[15.1243,41.6961],[15.1387,41.6875],[15.157,41.6574],[15.1705,41.6574],[15.1609,41.6415],[15.1717,41.636],[15.1755,41.6421],[15.1841,41.6387],[15.1871,41.6466],[15.2039,41.6482],[15.2047,41.6377],[15.1923,41.616],[15.2058,41.6086],[15.217,41.5862],[15.2054,41.5883],[15.1905,41.568],[15.2007,41.5698],[15.2071,41.5645],[15.2046,41.5524],[15.1992,41.5519],[15.2017,41.5333],[15.2098,41.5308],[15.2226,41.5476],[15.2185,41.5511],[15.2604,41.5411],[15.2482,41.5108],[15.2326,41.4897],[15.2446,41.4715],[15.2711,41.4816],[15.2871,41.4537],[15.2994,41.4496],[15.2843,41.4179],[15.2516,41.3848],[15.2297,41.3503],[15.2412,41.3109],[15.2001,41.3054],[15.2211,41.2959],[15.1984,41.2815],[15.2158,41.2759],[15.2205,41.2652],[15.2357,41.2723],[15.2504,41.2704],[15.2799,41.2408],[15.3007,41.2457],[15.321,41.2173],[15.3353,41.2084],[15.3487,41.2178],[15.3564,41.2158],[15.3753,41.2373],[15.4316,41.2653]],[[15.7627,41.3954],[15.7866,41.3779],[15.7552,41.3682],[15.7347,41.3702],[15.7173,41.3557],[15.7079,41.3607],[15.6901,41.3399],[15.6713,41.3486],[15.6296,41.3267],[15.6214,41.3408],[15.6497,41.3521],[15.6604,41.3494],[15.6589,41.3562],[15.6699,41.3574],[15.6732,41.3649],[15.6831,41.363],[15.6767,41.368],[15.685,41.3742],[15.6901,41.3701],[15.7303,41.3797],[15.741,41.3735],[15.7478,41.3765],[15.744,41.3824],[15.7489,41.3891],[15.7627,41.3954]],[[15.2196,41.557],[15.2288,41.5562],[15.2246,41.5541],[15.2196,41.557]],[[15.2064,41.5477],[15.2168,41.5521],[15.2209,41.5473],[15.2067,41.541],[15.2064,41.5477]],[[15.2098,41.6188],[15.2327,41.6195],[15.2334,41.6157],[15.2189,41.613],[15.2152,41.6068],[15.2098,41.6188]]]}},{"type":"Feature","properties":{"id":"terra-d-otranto","name":"Terra d'Otranto","full_name":"Terra d'Otranto","region":"Puglia","grapes":["Aglianico","Aglianicone","Aléatico","Asprinio Bianco","Barbera","Bianco D'Alessano"],"key_appellations":["Terra d'Otranto"],"desc":"Terra d'Otranto is a protected wine appellation in Puglia.","level":"appellation"},"geometry":{"type":"MultiPolygon","coordinates":[[[[17.5077,40.295],[17.6609,40.3044],[17.7323,40.3],[17.7432,40.295],[17.7607,40.2975],[17.7635,40.2916],[17.7713,40.2948],[17.8164,40.2895],[17.8395,40.2806],[17.8516,40.2862],[17.8654,40.2812],[17.8686,40.2716],[17.8834,40.2688],[17.8904,40.2542],[17.8948,40.2596],[17.9038,40.2568],[17.9107,40.2417],[17.8962,40.2484],[17.9115,40.2389],[17.9091,40.2347],[17.9261,40.2196],[17.919,40.2139],[17.9232,40.2066],[17.9179,40.2007],[17.9194,40.1921],[17.9366,40.1712],[17.959,40.1588],[17.9636,40.1478],[17.9748,40.1479],[17.9794,40.1382],[17.9872,40.1404],[17.9878,40.1335],[17.9966,40.1314],[17.9928,40.1293],[18.01,40.109],[18.0118,40.0853],[18.0052,40.072],[17.9903,40.0586],[17.9773,40.0569],[17.9826,40.0615],[17.9722,40.0544],[17.9977,40.0505],[18.0155,40.0353],[18.0207,40.0193],[18.0168,40.0056],[18.0062,39.9957],[17.9934,40.0002],[17.9945,39.996],[18.0129,39.9697],[18.0258,39.9628],[18.0298,39.9489],[18.0476,39.9288],[18.1711,39.8499],[18.1832,39.8498],[18.2057,39.8366],[18.27,39.8343],[18.3078,39.8171],[18.3135,39.809],[18.3272,39.8072],[18.3346,39.7951],[18.3459,39.7897],[18.3617,39.798],[18.3578,39.7932],[18.3691,39.7937],[18.3908,39.8175],[18.3845,39.8412],[18.3979,39.8722],[18.3996,39.8901],[18.3903,39.9072],[18.4155,39.9928],[18.4243,40.0014],[18.4319,39.9991],[18.4357,40.0245],[18.4754,40.0443],[18.4829,40.0815],[18.4878,40.0793],[18.5205,40.1073],[18.5067,40.1256],[18.5171,40.1351],[18.5036,40.1468],[18.4879,40.1475],[18.4921,40.1535],[18.4802,40.1676],[18.4791,40.1781],[18.4639,40.1928],[18.458,40.2071],[18.4646,40.225],[18.4418,40.2585],[18.4409,40.2693],[18.4297,40.2736],[18.4318,40.2834],[18.4229,40.2947],[18.3859,40.3145],[18.3602,40.3447],[18.316,40.3728],[18.3054,40.3837],[18.3068,40.3911],[18.2787,40.4076],[18.2339,40.4492],[18.2008,40.4684],[18.1844,40.4698],[18.1699,40.4807],[18.1266,40.4932],[18.1159,40.5065],[18.0805,40.5256],[18.0775,40.5383],[18.0446,40.5565],[18.0346,40.5714],[18.0452,40.5973],[18.0162,40.625],[18.015,40.6372],[18.0217,40.6423],[18.004,40.6443],[17.9986,40.649],[18.002,40.6536],[18.0008,40.6558],[17.993,40.6468],[17.9819,40.6495],[17.9861,40.6438],[17.9716,40.6454],[17.9696,40.6507],[17.9706,40.6455],[17.953,40.645],[17.9498,40.633],[17.9442,40.6424],[17.9285,40.6396],[17.9508,40.6446],[17.9633,40.6564],[17.9619,40.6624],[17.9674,40.6624],[17.9672,40.6549],[17.9718,40.6625],[17.9966,40.6631],[17.9669,40.6636],[17.9603,40.6627],[17.9584,40.6604],[17.9371,40.6845],[17.9297,40.6796],[17.8922,40.6822],[17.8286,40.6948],[17.7991,40.7094],[17.8,40.7161],[17.7682,40.7233],[17.7084,40.7578],[17.5603,40.7977],[17.4962,40.8215],[17.4722,40.8326],[17.4684,40.8428],[17.412,40.8713],[17.3896,40.8922],[17.3396,40.866],[17.3389,40.858],[17.3209,40.8424],[17.3093,40.8391],[17.3151,40.8331],[17.2953,40.8172],[17.3179,40.8063],[17.3277,40.8116],[17.3641,40.7859],[17.3712,40.7896],[17.3819,40.7836],[17.3995,40.7852],[17.3978,40.7751],[17.385,40.7709],[17.3928,40.7692],[17.3874,40.7645],[17.3957,40.7568],[17.3916,40.7475],[17.3512,40.7498],[17.3389,40.7421],[17.3413,40.7369],[17.323,40.7436],[17.3165,40.7378],[17.3147,40.743],[17.3018,40.7461],[17.3032,40.7507],[17.2806,40.7734],[17.3012,40.7725],[17.2864,40.7816],[17.2923,40.7833],[17.2916,40.7887],[17.3018,40.7845],[17.3116,40.7893],[17.3017,40.8021],[17.2874,40.8034],[17.2867,40.7975],[17.2421,40.8005],[17.2512,40.775],[17.2481,40.7656],[17.2279,40.7572],[17.2147,40.7613],[17.2039,40.757],[17.2014,40.7616],[17.16,40.7437],[17.147,40.7095],[17.1228,40.707],[17.116,40.7084],[17.1165,40.7133],[17.1001,40.7148],[17.0966,40.7088],[17.087,40.7109],[17.0858,40.7192],[17.0586,40.7214],[17.0227,40.7131],[17.001,40.7314],[17.0213,40.7519],[17.0155,40.7598],[16.9716,40.7413],[16.9288,40.7387],[16.9231,40.726],[16.9287,40.7238],[16.9255,40.7183],[16.9308,40.7128],[16.912,40.7071],[16.8998,40.7076],[16.897,40.716],[16.8875,40.7123],[16.876,40.7193],[16.8709,40.7111],[16.8674,40.7209],[16.8559,40.7236],[16.8422,40.7128],[16.8181,40.7062],[16.8219,40.6938],[16.8087,40.692],[16.8002,40.695],[16.7869,40.7332],[16.7343,40.7108],[16.725,40.7138],[16.7088,40.7054],[16.7046,40.7112],[16.6966,40.7026],[16.7126,40.6885],[16.7273,40.6884],[16.7098,40.6328],[16.7127,40.6156],[16.7283,40.6014],[16.7119,40.593],[16.7186,40.584],[16.7055,40.555],[16.7245,40.5353],[16.7159,40.5242],[16.7371,40.5078],[16.7203,40.4798],[16.7439,40.4647],[16.7538,40.4707],[16.755,40.4628],[16.7814,40.4591],[16.7832,40.4644],[16.8029,40.4574],[16.8098,40.4469],[16.8095,40.4331],[16.825,40.4244],[16.8238,40.4195],[16.8359,40.4104],[16.8459,40.4111],[16.8508,40.4012],[16.8564,40.4064],[16.8673,40.3978],[16.9255,40.4537],[16.9949,40.4946],[17.0681,40.5174],[17.1208,40.5187],[17.1496,40.5068],[17.1445,40.4949],[17.1628,40.506],[17.1655,40.5036],[17.1552,40.4965],[17.166,40.5009],[17.1764,40.4899],[17.1818,40.4924],[17.1786,40.4786],[17.1913,40.4792],[17.194,40.472],[17.1921,40.477],[17.1987,40.4749],[17.1981,40.4791],[17.205,40.4738],[17.204,40.4796],[17.2099,40.4739],[17.213,40.479],[17.2167,40.4742],[17.2151,40.4788],[17.2214,40.4758],[17.2258,40.4807],[17.224,40.4752],[17.2482,40.4604],[17.2514,40.4479],[17.2457,40.4343],[17.2367,40.4253],[17.209,40.4216],[17.2034,40.4081],[17.2249,40.4088],[17.2321,40.4013],[17.2766,40.3859],[17.2792,40.3794],[17.2978,40.3801],[17.3112,40.366],[17.3408,40.3624],[17.3491,40.3548],[17.3796,40.3462],[17.3809,40.3401],[17.3951,40.3323],[17.4431,40.3297],[17.4584,40.3163],[17.4947,40.31],[17.5077,40.295]]],[[[17.1649,40.4457],[17.1609,40.4585],[17.1531,40.4513],[17.1415,40.4513],[17.1649,40.4457]]]]}},{"type":"Feature","properties":{"id":"molise","name":"Molise","full_name":"Molise / del Molise","region":"Molise","grapes":["Aglianico","Barbera","Bombino Bianco","Cabernet Franc","Cabernet Sauvignon","Chardonnay"],"key_appellations":["Molise"],"desc":"Molise is a protected wine appellation in Molise.","level":"appellation"},"geometry":{"type":"Polygon","coordinates":[[[14.0278,41.4061],[14.0424,41.3927],[14.0835,41.4001],[14.0961,41.3902],[14.1137,41.3886],[14.1035,41.4022],[14.1053,41.4232],[14.0784,41.4471],[14.0801,41.4566],[14.0867,41.4586],[14.0816,41.4649],[14.1132,41.4867],[14.1105,41.4919],[14.1226,41.5073],[14.1517,41.4826],[14.165,41.4787],[14.1673,41.4944],[14.1738,41.5007],[14.1903,41.4957],[14.2049,41.4999],[14.2408,41.4972],[14.2494,41.4845],[14.2792,41.4863],[14.2922,41.4763],[14.2843,41.4721],[14.3272,41.4534],[14.3422,41.454],[14.401,41.4372],[14.4144,41.441],[14.4276,41.4291],[14.4553,41.4278],[14.4659,41.4198],[14.4774,41.4189],[14.4886,41.3907],[14.5051,41.3825],[14.5235,41.3852],[14.5518,41.3794],[14.567,41.3921],[14.5863,41.3804],[14.5855,41.3711],[14.6031,41.3639],[14.6434,41.394],[14.6528,41.3977],[14.6629,41.3941],[14.6637,41.4069],[14.6985,41.4112],[14.7173,41.4008],[14.7539,41.41],[14.7656,41.4185],[14.7737,41.4452],[14.7865,41.4524],[14.8561,41.4247],[14.8679,41.428],[14.8845,41.4447],[14.9469,41.4561],[14.9605,41.4654],[14.9823,41.469],[14.9834,41.4794],[15.0077,41.4864],[14.9664,41.519],[14.9374,41.5271],[14.9374,41.5498],[14.9501,41.573],[14.9449,41.5779],[14.9503,41.5926],[14.9453,41.6016],[14.9478,41.6086],[14.9533,41.6086],[14.9403,41.6123],[14.9343,41.6201],[14.9596,41.646],[14.9887,41.6378],[14.9905,41.6296],[14.9986,41.6261],[15.0026,41.6297],[15.0084,41.6223],[15.0254,41.6223],[15.0239,41.63],[15.0311,41.6386],[15.0452,41.6369],[15.0431,41.6452],[15.0503,41.6573],[15.0689,41.6582],[15.0704,41.665],[15.0904,41.6721],[15.0859,41.675],[15.09,41.6818],[15.1025,41.672],[15.1061,41.6856],[15.1171,41.6937],[15.1615,41.7094],[15.1209,41.7204],[15.1019,41.7427],[15.1033,41.749],[15.1166,41.7489],[15.097,41.7678],[15.101,41.782],[15.1152,41.7895],[15.1179,41.8011],[15.115,41.8174],[15.0999,41.834],[15.1038,41.847],[15.1201,41.8538],[15.125,41.871],[15.1418,41.8795],[15.1313,41.9],[15.1382,41.927],[15.0955,41.936],[15.0738,41.9462],[15.0311,41.9799],[15.0036,41.9915],[15.0005,42.0059],[14.8904,42.0239],[14.7796,42.07],[14.7607,42.0423],[14.7823,42.0351],[14.781,42.0307],[14.7168,41.9941],[14.7009,41.9727],[14.6687,41.9466],[14.663,41.9154],[14.6508,41.9038],[14.6428,41.9046],[14.6414,41.8993],[14.6143,41.8892],[14.5974,41.8507],[14.5848,41.8421],[14.568,41.8181],[14.5508,41.8166],[14.5395,41.8025],[14.531,41.8007],[14.5337,41.792],[14.5289,41.787],[14.5071,41.7778],[14.4854,41.7596],[14.4548,41.7633],[14.4671,41.777],[14.4562,41.792],[14.4424,41.8412],[14.4304,41.8408],[14.4254,41.8531],[14.3975,41.8697],[14.3786,41.8661],[14.3767,41.8799],[14.3614,41.8746],[14.3645,41.8688],[14.3582,41.8599],[14.343,41.8625],[14.3432,41.8696],[14.3237,41.8964],[14.3051,41.8931],[14.2842,41.9107],[14.2793,41.9095],[14.2687,41.8964],[14.2253,41.8744],[14.2278,41.8691],[14.2167,41.8534],[14.201,41.8515],[14.195,41.8415],[14.1853,41.8483],[14.1625,41.839],[14.1551,41.8409],[14.1559,41.8334],[14.1472,41.8273],[14.154,41.8131],[14.1591,41.8156],[14.1645,41.8099],[14.1715,41.7784],[14.2019,41.767],[14.1942,41.7481],[14.1787,41.7492],[14.1723,41.7657],[14.1587,41.747],[14.1351,41.7419],[14.122,41.7465],[14.1153,41.7369],[14.1234,41.7265],[14.1072,41.7073],[14.1152,41.702],[14.1105,41.6981],[14.0814,41.6805],[14.0627,41.6829],[14.0528,41.6718],[14.0531,41.6624],[14.0434,41.6555],[14.0206,41.6599],[13.9883,41.6538],[13.9967,41.6241],[14.0118,41.6083],[14.0119,41.5895],[14.0046,41.5879],[13.9988,41.5748],[14.0041,41.5665],[14.0237,41.561],[14.026,41.5553],[14.0207,41.5423],[14.0053,41.5387],[14.0277,41.524],[14.0131,41.5154],[13.9947,41.5129],[13.9782,41.5008],[13.9731,41.4925],[13.9928,41.482],[13.9805,41.4717],[13.9779,41.4625],[14.0071,41.4518],[14.008,41.4395],[14.0007,41.4309],[14.0258,41.4173],[14.0278,41.4061]],[[14.4771,41.5258],[14.468,41.5419],[14.4702,41.5564],[14.4934,41.5723],[14.5293,41.547],[14.4968,41.522],[14.4771,41.5258]],[[14.8137,41.7374],[14.8039,41.7449],[14.826,41.7551],[14.8422,41.7289],[14.8378,41.6973],[14.8295,41.6959],[14.8085,41.7066],[14.804,41.7168],[14.8137,41.7374]]]}},{"type":"Feature","properties":{"id":"bivongi","name":"Bivongi","full_name":"Bivongi","region":"Calabria","grapes":["Aglianico","Alicante","Ansonica","Barbera","Cabernet Franc","Cabernet Sauvignon"],"key_appellations":["Bivongi"],"desc":"Bivongi is a protected wine appellation in Calabria.","level":"appellation"},"geometry":{"type":"Polygon","coordinates":[[[16.4771,38.3444],[16.5617,38.4162],[16.5759,38.4347],[16.5826,38.4552],[16.5792,38.5035],[16.5386,38.5144],[16.5204,38.5093],[16.4848,38.5346],[16.4575,38.542],[16.4559,38.5503],[16.4447,38.556],[16.423,38.5632],[16.4191,38.5539],[16.3999,38.5712],[16.3901,38.5733],[16.385,38.5656],[16.3632,38.5605],[16.36,38.5423],[16.3494,38.5373],[16.3502,38.5224],[16.3454,38.5202],[16.3554,38.4955],[16.3889,38.4758],[16.382,38.4606],[16.3928,38.4454],[16.3772,38.443],[16.3683,38.4309],[16.3623,38.4369],[16.3502,38.4289],[16.3129,38.4335],[16.3101,38.4174],[16.3536,38.3875],[16.3731,38.3625],[16.3686,38.3543],[16.3865,38.3527],[16.3975,38.3581],[16.4418,38.3315],[16.4771,38.3444]]]}},{"type":"Feature","properties":{"id":"ciro","name":"Cirò","full_name":"Cirò","region":"Calabria","grapes":["Aglianico","Alicante","Ansonica","Calabrese","Castiglione","Gaglioppo"],"key_appellations":["Cirò"],"desc":"Cirò is a protected wine appellation in Calabria.","level":"appellation"},"geometry":{"type":"Polygon","coordinates":[[[17.11,39.2896],[17.111,39.3144],[17.1288,39.3486],[17.1335,39.3694],[17.1578,39.4007],[17.1156,39.4067],[17.0563,39.4371],[17.0398,39.4522],[17.0251,39.4836],[16.9978,39.4598],[16.9784,39.4527],[16.9531,39.4334],[16.9567,39.3972],[16.9763,39.3931],[16.9853,39.3676],[16.9822,39.3642],[16.9953,39.3612],[17.004,39.3497],[17.0225,39.3542],[17.0395,39.3404],[17.0524,39.3461],[17.0574,39.3383],[17.0456,39.3397],[17.0044,39.3252],[16.9998,39.3018],[16.9694,39.2937],[17.013,39.2677],[17.0149,39.2797],[17.0218,39.2832],[17.11,39.2896]]]}},{"type":"Feature","properties":{"id":"greco-di-bianco","name":"Greco di Bianco","full_name":"Greco di Bianco","region":"Calabria","grapes":["Ansonica","Greco Bianco","Guardavalle","Guarnaccia","Malvasia Bianca","Manzoni Bianco"],"key_appellations":["Greco di Bianco"],"desc":"Greco di Bianco is a protected wine appellation in Calabria.","level":"appellation"},"geometry":{"type":"Polygon","coordinates":[[[16.0479,38.1072],[16.109,38.0967],[16.1157,38.1075],[16.1251,38.111],[16.1598,38.1139],[16.1618,38.128],[16.1348,38.1246],[16.0769,38.1348],[16.0479,38.1072]]]}},{"type":"Feature","properties":{"id":"lamezia","name":"Lamezia","full_name":"Lamezia","region":"Calabria","grapes":["Aglianico","Alicante","Ansonica","Barbera","Cabernet Franc","Cabernet Sauvignon"],"key_appellations":["Lamezia"],"desc":"Lamezia is a protected wine appellation in Calabria.","level":"appellation"},"geometry":{"type":"Polygon","coordinates":[[[16.288,38.7885],[16.2758,38.7932],[16.2747,38.8149],[16.2573,38.8199],[16.2982,38.8216],[16.3223,38.7996],[16.3445,38.7941],[16.3513,38.7986],[16.3562,38.8143],[16.342,38.8292],[16.3734,38.8442],[16.3701,38.8532],[16.3751,38.8532],[16.3754,38.8597],[16.3845,38.8563],[16.3942,38.8603],[16.4009,38.8545],[16.3985,38.8663],[16.4198,38.877],[16.4452,38.8615],[16.4735,38.8672],[16.4789,38.8813],[16.4468,38.8952],[16.423,38.8966],[16.4099,38.9047],[16.4074,38.9096],[16.422,38.9227],[16.4221,38.931],[16.3935,38.9367],[16.4186,38.9487],[16.4085,38.9574],[16.4172,38.9642],[16.4203,38.9761],[16.4153,38.9807],[16.4116,38.9714],[16.4046,38.9802],[16.3902,38.9748],[16.3808,38.9853],[16.3755,38.9703],[16.366,38.9691],[16.3579,38.9757],[16.3681,38.9927],[16.3532,38.9951],[16.3347,38.9864],[16.299,38.9914],[16.2981,38.9855],[16.2926,38.9851],[16.2846,39.0141],[16.2768,39.0076],[16.2742,38.9949],[16.2679,39.0033],[16.2729,39.0165],[16.2682,39.0205],[16.2582,39.008],[16.2558,39.02],[16.2456,39.0242],[16.2137,39.0164],[16.1436,39.0141],[16.1245,39.0041],[16.1573,38.9504],[16.2116,38.9299],[16.2184,38.9213],[16.2219,38.851],[16.2138,38.8104],[16.232,38.8111],[16.2127,38.7739],[16.2312,38.7571],[16.2427,38.7622],[16.2554,38.748],[16.2864,38.7657],[16.2826,38.7726],[16.288,38.7885]]]}},{"type":"Feature","properties":{"id":"melissa","name":"Melissa","full_name":"Melissa","region":"Calabria","grapes":["Gaglioppo","Greco Bianco","Greco Nero","Malvasia Bianca","Trebbiano Toscano"],"key_appellations":["Melissa"],"desc":"Melissa is a protected wine appellation in Calabria.","level":"appellation"},"geometry":{"type":"Polygon","coordinates":[[[16.9377,39.0536],[16.9571,39.0649],[16.9691,39.0643],[16.9768,39.0796],[16.9718,39.0865],[16.9882,39.0915],[17.0127,39.0779],[17.0185,39.0645],[17.0073,39.0607],[17.0184,39.0548],[17.0174,39.0345],[17.058,39.0222],[17.0649,39.0324],[17.0752,39.033],[17.075,39.0391],[17.0849,39.0425],[17.0775,39.0255],[17.088,39.0238],[17.0994,39.0062],[17.1207,39.0042],[17.1493,39.0111],[17.1694,38.9997],[17.1889,39.0205],[17.2063,39.0254],[17.2054,39.0295],[17.1962,39.0267],[17.1746,39.0325],[17.1468,39.0465],[17.1312,39.0682],[17.1305,39.0761],[17.1385,39.0801],[17.1351,39.087],[17.1267,39.0961],[17.1361,39.0835],[17.1208,39.087],[17.1168,39.0897],[17.1256,39.0931],[17.1155,39.0902],[17.1102,39.0996],[17.116,39.142],[17.1484,39.2096],[17.1264,39.2266],[17.1058,39.2547],[17.1138,39.3214],[17.0701,39.323],[17.0574,39.3313],[17.0524,39.3461],[17.0395,39.3404],[17.0358,39.3475],[17.0272,39.347],[17.016,39.3554],[17.004,39.3497],[16.9953,39.3612],[16.9822,39.3642],[16.9853,39.3676],[16.9763,39.3931],[16.9409,39.3958],[16.9294,39.4074],[16.9233,39.4041],[16.9188,39.4109],[16.904,39.4133],[16.9017,39.405],[16.9159,39.3959],[16.9148,39.3831],[16.8913,39.3742],[16.8796,39.3756],[16.8683,39.3568],[16.8508,39.3582],[16.8381,39.3484],[16.8539,39.3277],[16.8836,39.3085],[16.8814,39.3029],[16.8892,39.2958],[16.8929,39.2814],[16.892,39.2641],[16.8679,39.2568],[16.8581,39.2644],[16.8477,39.2881],[16.8249,39.2954],[16.8069,39.2887],[16.7729,39.2896],[16.7641,39.2946],[16.7511,39.2833],[16.7588,39.2654],[16.7876,39.2515],[16.8062,39.2656],[16.7932,39.2701],[16.8137,39.2674],[16.8171,39.279],[16.8252,39.2794],[16.824,39.2697],[16.8313,39.2619],[16.8302,39.2769],[16.8383,39.2802],[16.8509,39.2745],[16.856,39.2644],[16.8489,39.2511],[16.8496,39.2331],[16.8582,39.2291],[16.8662,39.2127],[16.8679,39.1934],[16.856,39.1917],[16.8441,39.1803],[16.8486,39.173],[16.8592,39.1736],[16.8656,39.1647],[16.8849,39.1577],[16.887,39.1474],[16.9027,39.1284],[16.8977,39.1189],[16.9024,39.1111],[16.8816,39.091],[16.9101,39.0575],[16.9235,39.0596],[16.9377,39.0536]]]}},{"type":"Feature","properties":{"id":"savuto","name":"Savuto","full_name":"Savuto","region":"Calabria","grapes":["Aglianico","Alicante","Ansonica","Barbera","Cabernet Franc","Cabernet Sauvignon"],"key_appellations":["Savuto"],"desc":"Savuto is a protected wine appellation in Calabria.","level":"appellation"},"geometry":{"type":"Polygon","coordinates":[[[16.1043,39.0215],[16.1245,39.0041],[16.1436,39.0141],[16.2137,39.0164],[16.2456,39.0242],[16.2558,39.02],[16.2582,39.008],[16.2682,39.0205],[16.2729,39.0165],[16.2679,39.0033],[16.2742,38.9949],[16.2874,39.0295],[16.2996,39.0397],[16.3148,39.041],[16.3222,39.0583],[16.3312,39.0639],[16.3283,39.0847],[16.3407,39.0872],[16.3494,39.103],[16.366,39.0949],[16.3836,39.105],[16.3787,39.1065],[16.3807,39.1128],[16.361,39.1212],[16.3677,39.1301],[16.3648,39.1332],[16.3775,39.1415],[16.3945,39.1342],[16.399,39.1377],[16.3969,39.15],[16.3851,39.1597],[16.3963,39.1575],[16.3984,39.1654],[16.4085,39.1714],[16.4171,39.163],[16.4431,39.1645],[16.4577,39.1721],[16.4784,39.1732],[16.4842,39.1814],[16.4621,39.1853],[16.42,39.2189],[16.3906,39.2148],[16.3701,39.1953],[16.3576,39.2009],[16.3205,39.1964],[16.3044,39.203],[16.2993,39.1923],[16.2815,39.2002],[16.2818,39.1903],[16.2648,39.1922],[16.266,39.1811],[16.2365,39.196],[16.2305,39.1847],[16.2024,39.174],[16.2027,39.1591],[16.2071,39.1597],[16.2092,39.1514],[16.2063,39.1453],[16.1749,39.1452],[16.1674,39.1516],[16.1698,39.1564],[16.1567,39.15],[16.1604,39.1389],[16.1486,39.1163],[16.1193,39.1214],[16.1176,39.0887],[16.1118,39.0835],[16.1112,39.0955],[16.104,39.099],[16.0994,39.0955],[16.1028,39.0928],[16.0953,39.0919],[16.1087,39.1206],[16.0953,39.1516],[16.0879,39.1474],[16.0654,39.1523],[16.0943,39.038],[16.1043,39.0215]]]}},{"type":"Feature","properties":{"id":"scavigna","name":"Scavigna","full_name":"Scavigna","region":"Calabria","grapes":["Aglianico","Alicante","Ansonica","Barbera","Cabernet Franc","Cabernet Sauvignon"],"key_appellations":["Scavigna"],"desc":"Scavigna is a protected wine appellation in Calabria.","level":"appellation"},"geometry":{"type":"Polygon","coordinates":[[[16.1278,39.0007],[16.1481,38.9689],[16.162,38.9729],[16.2197,39.0095],[16.231,39.0229],[16.2303,39.0307],[16.2151,39.0455],[16.1889,39.0558],[16.1782,39.0533],[16.1729,39.059],[16.1358,39.0487],[16.1236,39.0593],[16.1107,39.051],[16.0928,39.0489],[16.0982,39.0293],[16.1278,39.0007]]]}},{"type":"Feature","properties":{"id":"terre-di-cosenza","name":"Terre di Cosenza","full_name":"Terre di Cosenza","region":"Calabria","grapes":["Aglianico","Alicante","Ansonica","Barbera","Cabernet Franc","Cabernet Sauvignon"],"key_appellations":["Terre di Cosenza"],"desc":"Terre di Cosenza is a protected wine appellation in Calabria.","level":"appellation"},"geometry":{"type":"Polygon","coordinates":[[[16.0507,39.2994],[16.066,39.1395],[16.0932,39.0487],[16.1107,39.051],[16.1236,39.0593],[16.1353,39.0487],[16.1439,39.0491],[16.1514,39.0584],[16.1954,39.0798],[16.2144,39.0829],[16.2131,39.1033],[16.2234,39.0982],[16.2253,39.0913],[16.2339,39.0921],[16.2505,39.0993],[16.2589,39.1126],[16.287,39.1007],[16.2989,39.1055],[16.2986,39.0992],[16.3201,39.1036],[16.3267,39.1103],[16.3411,39.1065],[16.3475,39.1109],[16.3483,39.1032],[16.3618,39.095],[16.3823,39.1049],[16.3938,39.1039],[16.3962,39.0901],[16.4247,39.0608],[16.4383,39.062],[16.4427,39.0696],[16.4518,39.0579],[16.4702,39.0511],[16.4832,39.0575],[16.4774,39.0642],[16.4775,39.0823],[16.4712,39.0852],[16.4775,39.0871],[16.4784,39.1082],[16.4899,39.1037],[16.5128,39.1097],[16.4848,39.1153],[16.4793,39.1223],[16.4887,39.1402],[16.4962,39.1375],[16.4951,39.142],[16.5013,39.1417],[16.5035,39.1622],[16.5225,39.1624],[16.5255,39.1519],[16.5361,39.1445],[16.5642,39.1663],[16.5847,39.1688],[16.5893,39.1845],[16.5996,39.1921],[16.6315,39.2006],[16.6521,39.198],[16.679,39.2075],[16.695,39.2023],[16.6918,39.1963],[16.6974,39.1926],[16.7195,39.1974],[16.7253,39.1919],[16.7474,39.1897],[16.7668,39.1975],[16.7783,39.1959],[16.7688,39.2085],[16.7692,39.2172],[16.7468,39.2457],[16.759,39.2673],[16.7511,39.2833],[16.7611,39.2924],[16.744,39.299],[16.7332,39.314],[16.7054,39.3235],[16.7101,39.3389],[16.705,39.3546],[16.7295,39.3502],[16.7345,39.3617],[16.7577,39.3572],[16.7629,39.3622],[16.7737,39.3479],[16.7946,39.3525],[16.8352,39.3457],[16.8399,39.3408],[16.8381,39.3484],[16.8438,39.3548],[16.8587,39.3596],[16.8683,39.3568],[16.8796,39.3756],[16.8913,39.3742],[16.9148,39.3831],[16.9159,39.3959],[16.9017,39.405],[16.904,39.4133],[16.9188,39.4109],[16.9233,39.4041],[16.9294,39.4074],[16.9409,39.3958],[16.9554,39.396],[16.9531,39.4334],[16.9784,39.4527],[16.9978,39.4598],[17.0251,39.4836],[16.9593,39.4958],[16.8698,39.5373],[16.8355,39.5592],[16.8174,39.5887],[16.7731,39.6204],[16.7561,39.6246],[16.7326,39.6163],[16.622,39.6213],[16.5647,39.6422],[16.5375,39.6581],[16.5282,39.6697],[16.5288,39.6609],[16.5231,39.6595],[16.5179,39.6689],[16.5272,39.6736],[16.5302,39.7227],[16.5037,39.7385],[16.4897,39.7555],[16.4861,39.7803],[16.4906,39.8052],[16.5429,39.8776],[16.604,39.9295],[16.6271,39.957],[16.6297,39.9655],[16.6141,39.9851],[16.6099,40.0164],[16.5993,40.0436],[16.6062,40.0819],[16.6443,40.1191],[16.639,40.1234],[16.621,40.1321],[16.6103,40.1289],[16.5867,40.1345],[16.5729,40.1265],[16.5542,40.1283],[16.5301,40.1181],[16.5181,40.1288],[16.5032,40.1299],[16.4947,40.124],[16.4709,40.1341],[16.4521,40.1348],[16.4342,40.1277],[16.4212,40.1439],[16.42,40.1285],[16.409,40.1209],[16.4161,40.1069],[16.4118,40.0902],[16.4157,40.085],[16.3932,40.0443],[16.3986,40.0173],[16.3604,39.968],[16.3582,39.9541],[16.347,39.9493],[16.3379,39.9361],[16.3599,39.9194],[16.3553,39.9011],[16.3502,39.8987],[16.3097,39.934],[16.2825,39.9309],[16.2685,39.9359],[16.2327,39.9242],[16.2144,39.9266],[16.2195,39.9176],[16.2148,39.8959],[16.1587,39.92],[16.1381,39.9014],[16.1318,39.9072],[16.1034,39.9069],[16.0825,39.8962],[16.0491,39.8947],[16.038,39.916],[16.0166,39.9257],[16.022,39.9341],[16.0069,39.9573],[16.0202,39.9751],[16.0339,39.9827],[16.0308,39.9933],[16.0186,39.9965],[15.9793,39.9824],[15.9686,39.9917],[15.9281,40.001],[15.8981,39.9816],[15.8904,39.9945],[15.8766,39.9964],[15.8696,39.9868],[15.8518,40.0059],[15.8323,40.0045],[15.8201,40.0018],[15.7952,39.9716],[15.7721,39.9592],[15.766,39.9306],[15.755,39.9227],[15.7799,39.8926],[15.7823,39.8731],[15.7914,39.8639],[15.7893,39.8498],[15.7795,39.8487],[15.7689,39.8367],[15.7774,39.8322],[15.7777,39.8205],[15.7869,39.8173],[15.7919,39.7785],[15.8096,39.7255],[15.8043,39.7142],[15.815,39.6778],[15.8321,39.6677],[15.874,39.5539],[15.8861,39.541],[15.9053,39.5376],[15.9161,39.527],[15.9243,39.5265],[15.9608,39.4758],[15.9943,39.4436],[16.0367,39.3492],[16.0507,39.2994]]]}},{"type":"Feature","properties":{"id":"s-anna-di-isola-capo-rizzuto","name":"S. Anna di Isola Capo Rizzuto","full_name":"S. Anna di Isola Capo Rizzuto","region":"Calabria","grapes":["Gaglioppo","Greco Bianco","Malvasia Bianca","Malvasia Nera Di Brindisi","Nerello Cappuccio","Nerello Mascalese"],"key_appellations":["S. Anna di Isola Capo Rizzuto"],"desc":"S. Anna di Isola Capo Rizzuto is a protected wine appellation in Calabria.","level":"appellation"},"geometry":{"type":"Polygon","coordinates":[[[17.1642,38.995],[17.1889,39.0205],[17.2045,39.0217],[17.2066,39.0282],[17.1746,39.0325],[17.1468,39.0465],[17.1312,39.0682],[17.1305,39.0761],[17.1385,39.0801],[17.1351,39.087],[17.1267,39.0961],[17.1361,39.0835],[17.1168,39.0897],[17.1256,39.0931],[17.1125,39.0936],[17.109,39.1086],[17.1131,39.1335],[17.1484,39.2096],[17.1412,39.2152],[17.1254,39.2153],[17.1062,39.1961],[17.0842,39.186],[17.0933,39.1827],[17.0916,39.179],[17.0748,39.1819],[17.0745,39.1757],[17.0659,39.1757],[17.0624,39.1826],[17.053,39.1726],[17.0381,39.1719],[17.0415,39.1504],[17.0373,39.1445],[17.0439,39.1402],[17.0273,39.136],[17.0275,39.1275],[17.022,39.1236],[17.0343,39.1125],[17.0515,39.1093],[17.049,39.1024],[17.0333,39.0933],[17.0079,39.0968],[16.9969,39.0873],[16.9882,39.0915],[16.9718,39.0865],[16.9768,39.0796],[16.9736,39.0693],[16.9524,39.0623],[16.9654,39.0429],[16.9413,39.0217],[16.9395,39.0],[16.9202,39.0025],[16.9147,38.9954],[16.9172,38.9909],[16.9087,38.9855],[16.9244,38.9775],[16.9134,38.9713],[16.9207,38.9526],[16.9071,38.9491],[16.905,38.9369],[16.8923,38.9342],[16.8907,38.9271],[16.982,38.9384],[17.022,38.9058],[17.0337,38.917],[17.064,38.9174],[17.0894,38.9098],[17.0942,38.8926],[17.1013,38.9049],[17.1719,38.9572],[17.162,38.9662],[17.1593,38.9805],[17.1642,38.995]]]}},{"type":"Feature","properties":{"id":"biferno","name":"Biferno","full_name":"Biferno","region":"Molise","grapes":["Aglianico","Barbera","Bombino Bianco","Cabernet Franc","Cabernet Sauvignon","Ciliegiolo"],"key_appellations":["Biferno"],"desc":"Biferno is a protected wine appellation in Molise.","level":"appellation"},"geometry":{"type":"MultiPolygon","coordinates":[[[[14.6532,41.6341],[14.7017,41.6305],[14.7135,41.6476],[14.7099,41.6562],[14.7186,41.6605],[14.7469,41.6665],[14.7386,41.6592],[14.7488,41.6523],[14.7699,41.6549],[14.7596,41.6628],[14.7577,41.6925],[14.7334,41.7155],[14.7343,41.7367],[14.7574,41.7436],[14.7714,41.7554],[14.7848,41.7724],[14.801,41.7817],[14.8101,41.8015],[14.8228,41.7912],[14.8335,41.7942],[14.8276,41.8114],[14.8409,41.8226],[14.8544,41.8256],[14.8655,41.8166],[14.8684,41.8046],[14.8635,41.7942],[14.8896,41.7658],[14.9039,41.7647],[14.8993,41.7356],[14.9316,41.7343],[14.9574,41.7242],[14.9574,41.7148],[14.9762,41.7064],[14.9383,41.6965],[14.939,41.6898],[14.9297,41.6796],[14.9484,41.6575],[14.9526,41.6379],[14.96,41.646],[14.9887,41.6378],[14.9905,41.6296],[14.9986,41.6261],[15.0026,41.6297],[15.0084,41.6223],[15.0254,41.6223],[15.0239,41.63],[15.0311,41.6386],[15.0452,41.6369],[15.0431,41.6452],[15.0503,41.6573],[15.0689,41.6582],[15.0704,41.665],[15.0904,41.6721],[15.0859,41.675],[15.09,41.6818],[15.1025,41.672],[15.1061,41.6856],[15.1171,41.6937],[15.1611,41.709],[15.1209,41.7204],[15.1019,41.7427],[15.1033,41.749],[15.1166,41.7489],[15.097,41.7678],[15.101,41.782],[15.1152,41.7895],[15.1179,41.8011],[15.115,41.8174],[15.0999,41.834],[15.1038,41.847],[15.1201,41.8538],[15.125,41.871],[15.1418,41.8795],[15.1313,41.9],[15.1382,41.927],[15.0955,41.936],[15.0738,41.9462],[15.0311,41.9799],[15.0036,41.9915],[15.0005,42.0059],[14.8904,42.0239],[14.7796,42.07],[14.7607,42.0423],[14.7823,42.0351],[14.781,42.0307],[14.7168,41.9941],[14.7009,41.9727],[14.6687,41.9466],[14.663,41.9154],[14.6508,41.9038],[14.6428,41.9046],[14.6414,41.8993],[14.6143,41.8892],[14.604,41.8701],[14.6205,41.8437],[14.6688,41.8209],[14.6886,41.8326],[14.6839,41.838],[14.6936,41.8601],[14.7195,41.8725],[14.7239,41.8594],[14.7651,41.8382],[14.7508,41.8311],[14.742,41.8182],[14.7433,41.7959],[14.7148,41.7762],[14.7105,41.7639],[14.6885,41.7642],[14.6611,41.7513],[14.6304,41.7544],[14.6217,41.7343],[14.6325,41.7255],[14.6301,41.7088],[14.6355,41.7082],[14.6064,41.6828],[14.5836,41.6795],[14.5911,41.676],[14.5973,41.6387],[14.6335,41.6487],[14.6532,41.6341]]],[[[14.6984,41.4863],[14.7038,41.4938],[14.6985,41.5022],[14.7306,41.5328],[14.739,41.5346],[14.7421,41.5268],[14.7558,41.525],[14.7747,41.5311],[14.771,41.5458],[14.7892,41.536],[14.8106,41.5552],[14.8345,41.528],[14.8522,41.535],[14.8638,41.5225],[14.8854,41.5131],[14.8897,41.4963],[14.8823,41.4879],[14.8829,41.4774],[14.9041,41.4601],[14.8934,41.4478],[14.9469,41.4561],[14.9605,41.4654],[14.9823,41.469],[14.9834,41.4794],[15.0077,41.4864],[14.9664,41.519],[14.9374,41.5271],[14.9374,41.5498],[14.9501,41.573],[14.9449,41.5779],[14.9503,41.5926],[14.9453,41.6016],[14.9478,41.6086],[14.9533,41.6086],[14.9301,41.6213],[14.9079,41.6098],[14.8566,41.6134],[14.8461,41.6008],[14.8367,41.5995],[14.8166,41.5827],[14.7982,41.5918],[14.8022,41.6002],[14.7989,41.6097],[14.774,41.617],[14.7635,41.6083],[14.7425,41.6149],[14.7209,41.5882],[14.6969,41.6021],[14.6798,41.598],[14.6679,41.5885],[14.6285,41.5899],[14.6081,41.5691],[14.6148,41.5599],[14.6068,41.5532],[14.609,41.545],[14.618,41.5456],[14.6158,41.5333],[14.6282,41.5293],[14.6272,41.5128],[14.6394,41.5064],[14.6458,41.487],[14.6984,41.4863]]],[[[14.6184,41.6047],[14.6258,41.5945],[14.6278,41.6142],[14.5978,41.6192],[14.5932,41.6145],[14.6009,41.6043],[14.6184,41.6047]]]]}},{"type":"Feature","properties":{"id":"tintilia-del-molise","name":"Tintilia del Molise","full_name":"Tintilia del Molise","region":"Molise","grapes":["Aglianico","Barbera","Cabernet Franc","Cabernet Sauvignon","Ciliegiolo","Merlot"],"key_appellations":["Tintilia del Molise"],"desc":"Tintilia del Molise is a protected wine appellation in Molise.","level":"appellation"},"geometry":{"type":"MultiPolygon","coordinates":[[[[14.4956,41.4761],[14.5189,41.4925],[14.5242,41.4889],[14.5285,41.4958],[14.5434,41.4871],[14.5547,41.4954],[14.5535,41.4833],[14.5446,41.4804],[14.5469,41.4713],[14.5779,41.4624],[14.6084,41.468],[14.6172,41.479],[14.638,41.4859],[14.6971,41.4849],[14.7038,41.4938],[14.6985,41.5022],[14.7295,41.5322],[14.739,41.5346],[14.7421,41.5268],[14.7558,41.525],[14.7747,41.5311],[14.771,41.5458],[14.7892,41.536],[14.8106,41.5552],[14.8345,41.528],[14.8522,41.535],[14.8638,41.5225],[14.8854,41.5131],[14.8897,41.4963],[14.8823,41.4879],[14.8829,41.4774],[14.9041,41.4601],[14.8934,41.4478],[14.9469,41.4561],[14.9605,41.4654],[14.9823,41.469],[14.9834,41.4794],[15.0077,41.4864],[14.9664,41.519],[14.9371,41.5278],[14.9374,41.5498],[14.9501,41.573],[14.9449,41.5779],[14.9503,41.5926],[14.9453,41.6016],[14.9527,41.6102],[14.9403,41.6123],[14.9301,41.6213],[14.9079,41.6098],[14.8646,41.6142],[14.8498,41.6091],[14.8385,41.6139],[14.8319,41.6382],[14.8426,41.6617],[14.8031,41.6545],[14.7963,41.6442],[14.787,41.6611],[14.7699,41.6549],[14.7596,41.6628],[14.7577,41.6925],[14.7334,41.7155],[14.7343,41.7367],[14.7574,41.7436],[14.7877,41.7737],[14.7854,41.7668],[14.7944,41.7621],[14.8039,41.7449],[14.826,41.7551],[14.8349,41.7427],[14.8438,41.7207],[14.8378,41.6973],[14.8681,41.7106],[14.886,41.6848],[14.8985,41.6927],[14.9123,41.6909],[14.9297,41.6796],[14.9484,41.6575],[14.9526,41.6379],[14.96,41.646],[14.9887,41.6378],[14.9905,41.6296],[14.9986,41.6261],[15.0026,41.6297],[15.0084,41.6223],[15.0254,41.6223],[15.0239,41.63],[15.0311,41.6386],[15.0452,41.6369],[15.0431,41.6452],[15.0503,41.6573],[15.0689,41.6582],[15.0704,41.665],[15.0904,41.6721],[15.0859,41.675],[15.09,41.6818],[15.1025,41.672],[15.1061,41.6856],[15.1171,41.6937],[15.1615,41.7094],[15.1212,41.7202],[15.1019,41.7427],[15.1033,41.749],[15.1166,41.7489],[15.097,41.7678],[15.101,41.782],[15.1152,41.7895],[15.1179,41.8011],[15.115,41.8174],[15.0999,41.834],[15.106,41.8501],[15.1204,41.8547],[15.1123,41.8633],[15.0681,41.8756],[15.0417,41.8912],[15.0364,41.9034],[15.0434,41.9108],[15.0362,41.9225],[15.0093,41.92],[14.9823,41.9301],[14.9656,41.9551],[14.9721,41.9837],[14.9469,41.9889],[14.9351,41.9822],[14.9334,41.9733],[14.9248,41.974],[14.9175,41.9658],[14.9075,41.9695],[14.892,41.99],[14.8947,42.01],[14.8898,42.0139],[14.9002,42.0214],[14.8493,42.0379],[14.7796,42.07],[14.7607,42.0423],[14.7823,42.0351],[14.781,42.0307],[14.7642,42.0173],[14.7272,42.0032],[14.7009,41.9727],[14.6687,41.9466],[14.663,41.9154],[14.6508,41.9038],[14.6428,41.9046],[14.6414,41.8993],[14.6143,41.8892],[14.604,41.8701],[14.6205,41.8437],[14.6383,41.8354],[14.6319,41.8057],[14.5765,41.821],[14.5605,41.8193],[14.531,41.8007],[14.5337,41.792],[14.5289,41.787],[14.4991,41.7727],[14.4896,41.7609],[14.4573,41.7621],[14.4579,41.7712],[14.4671,41.777],[14.4548,41.7958],[14.4443,41.8398],[14.4304,41.8408],[14.4254,41.8531],[14.3975,41.8697],[14.3786,41.8661],[14.3767,41.8799],[14.3643,41.8764],[14.3582,41.8599],[14.343,41.8625],[14.3381,41.8572],[14.341,41.8413],[14.3344,41.8276],[14.3137,41.8357],[14.3114,41.813],[14.295,41.8141],[14.2919,41.7992],[14.3213,41.7786],[14.3033,41.7756],[14.3039,41.7527],[14.3228,41.7565],[14.3372,41.7501],[14.3239,41.7357],[14.3286,41.7278],[14.3394,41.7242],[14.3589,41.7417],[14.3637,41.7255],[14.3561,41.712],[14.3575,41.7027],[14.3755,41.7046],[14.3836,41.7211],[14.4165,41.7218],[14.4369,41.7393],[14.4616,41.7359],[14.4713,41.7443],[14.4816,41.7447],[14.5192,41.7264],[14.5208,41.6989],[14.5306,41.6997],[14.5266,41.6917],[14.5357,41.6818],[14.5258,41.6759],[14.5255,41.6666],[14.5341,41.6588],[14.5315,41.6526],[14.5604,41.6541],[14.5688,41.6476],[14.5433,41.6286],[14.5237,41.6233],[14.5161,41.6083],[14.5097,41.6089],[14.5122,41.5964],[14.4916,41.5909],[14.4934,41.5723],[14.5287,41.5486],[14.5279,41.5423],[14.4918,41.522],[14.4771,41.5258],[14.4699,41.5394],[14.4576,41.5461],[14.4527,41.5201],[14.4436,41.5165],[14.4192,41.4869],[14.4252,41.4739],[14.4106,41.4428],[14.4194,41.4351],[14.4314,41.4438],[14.4522,41.4455],[14.4836,41.4679],[14.4996,41.4715],[14.4956,41.4761]],[[14.634,41.7938],[14.6779,41.8129],[14.7004,41.8068],[14.7198,41.8092],[14.7177,41.7959],[14.7433,41.7959],[14.7148,41.7762],[14.7105,41.7639],[14.6885,41.7642],[14.6611,41.7513],[14.6304,41.7544],[14.6256,41.7666],[14.6348,41.7769],[14.634,41.7938]],[[14.7469,41.6665],[14.7248,41.6488],[14.7355,41.62],[14.7425,41.6149],[14.7308,41.5969],[14.7209,41.5882],[14.6976,41.6019],[14.6871,41.6014],[14.6978,41.6288],[14.7135,41.6476],[14.7099,41.6562],[14.7469,41.6665]]],[[[13.9827,41.4729],[13.9779,41.4625],[14.0077,41.4508],[14.0023,41.4282],[14.0231,41.4182],[14.0218,41.4605],[14.0284,41.4601],[14.0458,41.4416],[14.0559,41.4451],[14.0621,41.4412],[14.0678,41.4492],[14.0784,41.4471],[14.0801,41.4566],[14.0867,41.4586],[14.0816,41.4649],[14.1132,41.4867],[14.1105,41.4919],[14.1184,41.4966],[14.1208,41.507],[14.1517,41.4826],[14.165,41.4787],[14.1673,41.4944],[14.1738,41.5007],[14.1903,41.4957],[14.2049,41.4999],[14.2408,41.4972],[14.2494,41.4845],[14.2792,41.4863],[14.2735,41.5329],[14.2706,41.5393],[14.2544,41.5466],[14.2588,41.5552],[14.2655,41.5502],[14.2771,41.557],[14.2691,41.5608],[14.2604,41.5805],[14.2747,41.5971],[14.2968,41.5998],[14.3251,41.6225],[14.3041,41.6216],[14.2836,41.6314],[14.2929,41.6372],[14.2919,41.6536],[14.2669,41.6566],[14.2596,41.6673],[14.2441,41.6598],[14.2296,41.6613],[14.2225,41.6746],[14.2049,41.674],[14.2093,41.6821],[14.2035,41.6942],[14.2065,41.708],[14.2249,41.7224],[14.182,41.7331],[14.1642,41.7232],[14.1715,41.7111],[14.1699,41.6983],[14.16,41.6908],[14.1738,41.6765],[14.1724,41.6721],[14.1568,41.6656],[14.1449,41.6485],[14.125,41.6419],[14.1177,41.6309],[14.126,41.6263],[14.1187,41.6205],[14.0996,41.6231],[14.1004,41.6128],[14.0762,41.6098],[14.0633,41.5882],[14.0644,41.5803],[14.0595,41.5796],[14.0756,41.5787],[14.0733,41.5653],[14.0871,41.5583],[14.0887,41.5402],[14.0712,41.5305],[14.0446,41.5425],[14.0066,41.5402],[14.0275,41.5243],[14.0193,41.5218],[14.0202,41.517],[14.0351,41.5144],[14.0442,41.5008],[14.019,41.4932],[14.0246,41.4886],[14.0192,41.4804],[13.9976,41.484],[13.9827,41.4729]],[[14.196,41.5607],[14.208,41.5687],[14.2192,41.5686],[14.2369,41.5593],[14.2333,41.5303],[14.2203,41.5117],[14.2149,41.5113],[14.2052,41.5322],[14.1894,41.5439],[14.196,41.5607]]]]}},{"type":"Feature","properties":{"id":"cannellino-di-frascati","name":"Cannellino di Frascati","full_name":"Cannellino di Frascati","region":"Lazio","grapes":["Bellone","Biancolella","Bombino Bianco","Canaiolo Bianco","Capolongo","Falanghina"],"key_appellations":["Cannellino di Frascati"],"desc":"Cannellino di Frascati is a protected wine appellation in Lazio.","level":"appellation"},"geometry":{"type":"MultiPolygon","coordinates":[[[[12.7593,41.8187],[12.7403,41.8334],[12.7476,41.8355],[12.7389,41.843],[12.7444,41.8675],[12.7262,41.8849],[12.7368,41.8933],[12.7355,41.8993],[12.7757,41.9116],[12.8452,41.8674],[12.8469,41.8728],[12.8559,41.8732],[12.8427,41.8787],[12.8512,41.886],[12.8438,41.8937],[12.8284,41.8896],[12.7977,41.9035],[12.7999,41.9094],[12.8065,41.9081],[12.8071,41.9166],[12.7712,41.9294],[12.7532,41.9218],[12.7358,41.9332],[12.7276,41.9278],[12.7002,41.9378],[12.6825,41.9306],[12.6753,41.933],[12.6696,41.9266],[12.656,41.9313],[12.6555,41.9424],[12.6451,41.9417],[12.6434,41.9574],[12.627,41.959],[12.6109,41.9703],[12.6183,41.9903],[12.5966,42.0016],[12.6085,42.0118],[12.6018,42.0194],[12.6128,42.0205],[12.6148,42.0294],[12.5826,42.0463],[12.5795,42.0554],[12.5652,42.0636],[12.562,42.0775],[12.5474,42.073],[12.5446,42.0772],[12.5336,42.0659],[12.526,42.0722],[12.5225,42.0663],[12.5046,42.0693],[12.4963,42.0662],[12.494,42.0576],[12.4862,42.0731],[12.4763,42.0748],[12.4826,42.0631],[12.4536,42.0586],[12.4571,42.0501],[12.4521,42.0414],[12.4458,42.0466],[12.4302,42.0448],[12.4279,42.0522],[12.4045,42.0594],[12.4132,42.0431],[12.4245,42.0382],[12.4284,42.0253],[12.3915,42.0406],[12.383,42.0552],[12.3729,42.0553],[12.3737,42.0801],[12.391,42.0861],[12.3915,42.0951],[12.3438,42.1039],[12.3381,42.094],[12.3167,42.0862],[12.3218,42.0747],[12.3082,42.0593],[12.2966,42.0617],[12.2971,42.0545],[12.2767,42.0622],[12.2619,42.0597],[12.2636,42.0188],[12.2429,42.0175],[12.249,41.9727],[12.2639,41.9762],[12.2694,41.9672],[12.3044,41.9639],[12.2926,41.942],[12.2709,41.9241],[12.2564,41.8964],[12.237,41.8846],[12.2609,41.8649],[12.2649,41.853],[12.317,41.7977],[12.2818,41.7849],[12.2784,41.7668],[12.2861,41.756],[12.2312,41.7411],[12.3244,41.7098],[12.4161,41.6557],[12.4619,41.6859],[12.4951,41.6941],[12.5094,41.6865],[12.5531,41.7116],[12.5748,41.7145],[12.592,41.6943],[12.6032,41.6914],[12.603,41.7001],[12.6129,41.7089],[12.6042,41.7065],[12.6003,41.7197],[12.5922,41.72],[12.5901,41.7268],[12.597,41.726],[12.5931,41.7328],[12.6,41.7392],[12.5844,41.7396],[12.59,41.7485],[12.5825,41.7538],[12.5967,41.7586],[12.5835,41.7594],[12.5903,41.7855],[12.5993,41.7972],[12.588,41.8082],[12.5934,41.812],[12.5863,41.8216],[12.6045,41.8078],[12.6305,41.8055],[12.6493,41.7757],[12.672,41.777],[12.6817,41.7713],[12.6969,41.7827],[12.7393,41.7783],[12.7374,41.7861],[12.7599,41.8078],[12.7593,41.8187]]],[[[12.6835,41.7689],[12.6755,41.7596],[12.6805,41.7557],[12.6944,41.7583],[12.6835,41.7689]]],[[[12.3069,42.1039],[12.316,42.1143],[12.3367,42.1124],[12.3368,42.1226],[12.3073,42.1409],[12.3007,42.1353],[12.2855,42.1362],[12.2818,42.1124],[12.3016,42.1119],[12.3069,42.1039]]]]}},{"type":"Feature","properties":{"id":"cesanese-del-piglio","name":"Cesanese del Piglio","full_name":"Cesanese del Piglio / Piglio","region":"Lazio","grapes":["Abbuoto","Aglianico","Alicante","Ancellotta","Barbera","Bombino Nero"],"key_appellations":["Cesanese del Piglio"],"desc":"Cesanese del Piglio is a protected wine appellation in Lazio.","level":"appellation"},"geometry":{"type":"Polygon","coordinates":[[[13.0988,41.6798],[13.1163,41.6713],[13.1154,41.6912],[13.1322,41.6952],[13.1482,41.6869],[13.1675,41.6919],[13.1701,41.6831],[13.1966,41.6737],[13.214,41.6991],[13.2052,41.7083],[13.2052,41.7164],[13.2162,41.7242],[13.2305,41.7243],[13.235,41.7338],[13.2462,41.7322],[13.2024,41.7523],[13.1914,41.7654],[13.1963,41.7734],[13.2126,41.7785],[13.1744,41.8121],[13.1909,41.8205],[13.2018,41.8338],[13.1985,41.8391],[13.1664,41.8501],[13.1545,41.8437],[13.1365,41.8437],[13.0979,41.861],[13.0717,41.8542],[13.0654,41.8313],[13.0562,41.8271],[13.0398,41.8323],[13.034,41.8309],[13.0335,41.8227],[13.0094,41.8252],[13.0133,41.8089],[13.006,41.8055],[12.9924,41.7686],[13.0066,41.7706],[13.0264,41.7475],[13.0513,41.7422],[13.0583,41.7273],[13.0644,41.7309],[13.0662,41.7248],[13.0869,41.719],[13.0988,41.7056],[13.0909,41.6895],[13.0976,41.6868],[13.0988,41.6798]]]}},{"type":"Feature","properties":{"id":"frascati-superiore","name":"Frascati Superiore","full_name":"Frascati Superiore","region":"Lazio","grapes":["Bellone","Biancolella","Bombino Bianco","Canaiolo Bianco","Capolongo","Falanghina"],"key_appellations":["Frascati Superiore"],"desc":"Frascati Superiore is a protected wine appellation in Lazio.","level":"appellation"},"geometry":{"type":"MultiPolygon","coordinates":[[[[12.7593,41.8187],[12.7403,41.8334],[12.7476,41.8355],[12.7389,41.843],[12.7444,41.8675],[12.7262,41.8849],[12.7368,41.8933],[12.7355,41.8993],[12.7757,41.9116],[12.8452,41.8674],[12.8469,41.8728],[12.8559,41.8732],[12.8427,41.8787],[12.8512,41.886],[12.8438,41.8937],[12.8284,41.8896],[12.7977,41.9035],[12.7999,41.9094],[12.8065,41.9081],[12.8071,41.9166],[12.7712,41.9294],[12.7532,41.9218],[12.7358,41.9332],[12.7276,41.9278],[12.7002,41.9378],[12.6825,41.9306],[12.6753,41.933],[12.6696,41.9266],[12.656,41.9313],[12.6555,41.9424],[12.6451,41.9417],[12.6434,41.9574],[12.627,41.959],[12.6109,41.9703],[12.6183,41.9903],[12.5966,42.0016],[12.6085,42.0118],[12.6018,42.0194],[12.6128,42.0205],[12.6148,42.0294],[12.5826,42.0463],[12.5795,42.0554],[12.5652,42.0636],[12.562,42.0775],[12.5474,42.073],[12.5446,42.0772],[12.5336,42.0659],[12.526,42.0722],[12.5225,42.0663],[12.5046,42.0693],[12.4963,42.0662],[12.494,42.0576],[12.4862,42.0731],[12.4763,42.0748],[12.4826,42.0631],[12.4536,42.0586],[12.4571,42.0501],[12.4521,42.0414],[12.4458,42.0466],[12.4302,42.0448],[12.4279,42.0522],[12.4045,42.0594],[12.4132,42.0431],[12.4245,42.0382],[12.4284,42.0253],[12.3915,42.0406],[12.383,42.0552],[12.3729,42.0553],[12.3737,42.0801],[12.391,42.0861],[12.3915,42.0951],[12.3438,42.1039],[12.3381,42.094],[12.3167,42.0862],[12.3218,42.0747],[12.3082,42.0593],[12.2966,42.0617],[12.2971,42.0545],[12.2767,42.0622],[12.2619,42.0597],[12.2636,42.0188],[12.2429,42.0175],[12.249,41.9727],[12.2639,41.9762],[12.2694,41.9672],[12.3044,41.9639],[12.2926,41.942],[12.2709,41.9241],[12.2564,41.8964],[12.237,41.8846],[12.2609,41.8649],[12.2649,41.853],[12.317,41.7977],[12.2818,41.7849],[12.2784,41.7668],[12.2861,41.756],[12.2312,41.7411],[12.3244,41.7098],[12.4161,41.6557],[12.4619,41.6859],[12.4951,41.6941],[12.5094,41.6865],[12.5531,41.7116],[12.5748,41.7145],[12.592,41.6943],[12.6032,41.6914],[12.603,41.7001],[12.6129,41.7089],[12.6042,41.7065],[12.6003,41.7197],[12.5922,41.72],[12.5901,41.7268],[12.597,41.726],[12.5931,41.7328],[12.6,41.7392],[12.5844,41.7396],[12.59,41.7485],[12.5825,41.7538],[12.5967,41.7586],[12.5835,41.7594],[12.5903,41.7855],[12.5993,41.7972],[12.588,41.8082],[12.5934,41.812],[12.5863,41.8216],[12.6045,41.8078],[12.6305,41.8055],[12.6493,41.7757],[12.672,41.777],[12.6817,41.7713],[12.6969,41.7827],[12.7393,41.7783],[12.7374,41.7861],[12.7599,41.8078],[12.7593,41.8187]]],[[[12.6835,41.7689],[12.6755,41.7596],[12.6805,41.7557],[12.6944,41.7583],[12.6835,41.7689]]],[[[12.3069,42.1039],[12.316,42.1143],[12.3367,42.1124],[12.3368,42.1226],[12.3073,42.1409],[12.3007,42.1353],[12.2855,42.1362],[12.2818,42.1124],[12.3016,42.1119],[12.3069,42.1039]]]]}},{"type":"Feature","properties":{"id":"pentro-di-isernia","name":"Pentro di Isernia","full_name":"Pentro di Isernia / Pentro","region":"Molise","grapes":["Aglianico","Barbera","Bombino Bianco","Cabernet Franc","Cabernet Sauvignon","Ciliegiolo"],"key_appellations":["Pentro di Isernia"],"desc":"Pentro di Isernia is a protected wine appellation in Molise.","level":"appellation"},"geometry":{"type":"MultiPolygon","coordinates":[[[[13.9816,41.4699],[13.9798,41.4609],[14.0077,41.4508],[14.0023,41.4282],[14.0231,41.4182],[14.0218,41.4605],[14.0284,41.4601],[14.0458,41.4416],[14.0559,41.4451],[14.0621,41.4412],[14.0678,41.4492],[14.0784,41.4471],[14.0801,41.4566],[14.0867,41.4586],[14.0816,41.4649],[14.1132,41.4867],[14.1105,41.4919],[14.1184,41.4966],[14.1208,41.507],[14.1517,41.4826],[14.165,41.4787],[14.1673,41.4944],[14.1738,41.5007],[14.1903,41.4957],[14.2049,41.4999],[14.2408,41.4972],[14.2494,41.4845],[14.2792,41.4863],[14.2735,41.5329],[14.2706,41.5393],[14.2544,41.5466],[14.2588,41.5552],[14.2655,41.5502],[14.2771,41.557],[14.2691,41.5608],[14.2604,41.5805],[14.2747,41.5971],[14.2968,41.5998],[14.3251,41.6225],[14.3041,41.6216],[14.2836,41.6314],[14.2929,41.6372],[14.2919,41.6536],[14.2669,41.6566],[14.2596,41.6673],[14.2441,41.6598],[14.2296,41.6613],[14.2263,41.6725],[14.2182,41.6757],[14.2049,41.674],[14.1744,41.6355],[14.1484,41.6514],[14.1327,41.6465],[14.1179,41.6317],[14.126,41.6263],[14.1187,41.6205],[14.0996,41.6231],[14.1004,41.6128],[14.0762,41.6098],[14.0633,41.5882],[14.0644,41.5803],[14.0595,41.5796],[14.0756,41.5787],[14.0733,41.5653],[14.0871,41.5583],[14.0887,41.5402],[14.0712,41.5305],[14.0446,41.5425],[14.0066,41.5402],[14.0275,41.5243],[14.0193,41.5218],[14.0202,41.517],[14.0351,41.5144],[14.0442,41.5008],[14.019,41.4932],[14.0246,41.4886],[14.0192,41.4804],[13.9976,41.484],[13.9816,41.4699]]],[[[14.4165,41.7218],[14.4385,41.7395],[14.4622,41.7361],[14.4785,41.7475],[14.4854,41.7596],[14.4548,41.7633],[14.4671,41.777],[14.4548,41.7958],[14.4424,41.8412],[14.4304,41.8408],[14.4254,41.8531],[14.4008,41.8684],[14.3792,41.8658],[14.3767,41.8799],[14.3643,41.8764],[14.3582,41.8599],[14.343,41.8625],[14.3381,41.8572],[14.341,41.8413],[14.3344,41.8276],[14.3137,41.8357],[14.3114,41.813],[14.295,41.8141],[14.2919,41.7992],[14.3213,41.7786],[14.3033,41.7756],[14.3007,41.7572],[14.3071,41.7516],[14.3228,41.7565],[14.3372,41.7501],[14.3239,41.7357],[14.3286,41.7278],[14.3394,41.7242],[14.3589,41.7417],[14.3637,41.7255],[14.3567,41.7029],[14.3755,41.7046],[14.3836,41.7211],[14.4165,41.7218]]]]}},{"type":"Feature","properties":{"id":"aleatico-di-gradoli","name":"Aleatico di Gradoli","full_name":"Aleatico di Gradoli","region":"Lazio","grapes":["Abbuoto","Aglianico","Alicante","Aléatico","Ancellotta","Barbera"],"key_appellations":["Aleatico di Gradoli"],"desc":"Aleatico di Gradoli is a protected wine appellation in Lazio.","level":"appellation"},"geometry":{"type":"Polygon","coordinates":[[[11.799,42.6439],[11.7809,42.6347],[11.7831,42.6056],[11.7923,42.5981],[11.8614,42.5921],[11.9509,42.5943],[11.9216,42.6516],[11.9227,42.6563],[11.9313,42.657],[11.9299,42.6633],[11.9363,42.6664],[11.9488,42.696],[11.9263,42.7047],[11.8945,42.7007],[11.8792,42.7074],[11.8415,42.7013],[11.8283,42.6721],[11.8253,42.6401],[11.799,42.6439]]]}},{"type":"Feature","properties":{"id":"aprilia","name":"Aprilia","full_name":"Aprilia","region":"Lazio","grapes":["Abbuoto","Aglianico","Alicante","Ancellotta","Barbera","Bellone"],"key_appellations":["Aprilia"],"desc":"Aprilia is a protected wine appellation in Lazio.","level":"appellation"},"geometry":{"type":"Polygon","coordinates":[[[12.7647,41.4084],[12.7808,41.4178],[12.8387,41.4152],[12.8696,41.4065],[12.9157,41.3836],[12.9526,41.3876],[12.97,41.3909],[12.9915,41.4074],[12.9989,41.427],[13.0247,41.4457],[12.9505,41.5034],[12.9567,41.5103],[12.9517,41.5209],[12.9575,41.5336],[12.9222,41.5482],[12.9222,41.5535],[12.9114,41.5594],[12.9378,41.5779],[12.9545,41.5711],[12.9572,41.5827],[12.9276,41.6064],[12.8972,41.5956],[12.8721,41.5992],[12.861,41.6061],[12.8578,41.62],[12.8475,41.6277],[12.8647,41.6213],[12.8634,41.641],[12.8572,41.6415],[12.8614,41.6545],[12.8577,41.6653],[12.8409,41.6654],[12.8349,41.6522],[12.8302,41.6588],[12.8231,41.6555],[12.8187,41.6501],[12.8252,41.6415],[12.8089,41.6376],[12.8105,41.62],[12.7934,41.6237],[12.7917,41.6175],[12.7824,41.6187],[12.7784,41.6017],[12.7559,41.5727],[12.7504,41.584],[12.7462,41.5787],[12.7324,41.5813],[12.7404,41.5931],[12.7393,41.6039],[12.7193,41.5935],[12.7022,41.5952],[12.6975,41.61],[12.6615,41.5963],[12.6524,41.6082],[12.6581,41.6473],[12.6531,41.662],[12.6486,41.6543],[12.6429,41.6543],[12.6473,41.6666],[12.6339,41.6719],[12.5522,41.6199],[12.5515,41.6049],[12.5305,41.5988],[12.5479,41.5929],[12.5597,41.5779],[12.5707,41.5776],[12.5879,41.5422],[12.6174,41.5443],[12.6291,41.5143],[12.6447,41.4923],[12.6457,41.4771],[12.637,41.4514],[12.6664,41.4569],[12.6867,41.4521],[12.7647,41.4084]]]}},{"type":"Feature","properties":{"id":"atina","name":"Atina","full_name":"Atina","region":"Lazio","grapes":["Abbuoto","Aglianico","Alicante","Ancellotta","Barbera","Bellone"],"key_appellations":["Atina"],"desc":"Atina is a protected wine appellation in Lazio.","level":"appellation"},"geometry":{"type":"Polygon","coordinates":[[[13.7668,41.5883],[13.7814,41.5902],[13.7956,41.5723],[13.8303,41.5548],[13.8313,41.5479],[13.8228,41.5444],[13.844,41.5253],[13.9111,41.5155],[13.892,41.5268],[13.8795,41.5611],[13.881,41.5691],[13.8978,41.5748],[13.9091,41.5897],[13.908,41.5959],[13.8931,41.5959],[13.8894,41.6025],[13.902,41.6037],[13.9047,41.6113],[13.9176,41.6145],[13.9534,41.6477],[13.9663,41.6517],[13.9757,41.6647],[13.9325,41.6933],[13.9193,41.7178],[13.9045,41.7182],[13.8954,41.734],[13.8806,41.7283],[13.8565,41.7312],[13.8474,41.7385],[13.8235,41.7409],[13.8116,41.7542],[13.7902,41.7429],[13.7638,41.7485],[13.7617,41.7556],[13.7495,41.7606],[13.7487,41.7695],[13.743,41.7676],[13.7315,41.7629],[13.7197,41.7391],[13.7213,41.732],[13.7151,41.7285],[13.7217,41.7146],[13.7127,41.7093],[13.7141,41.6961],[13.701,41.6837],[13.6799,41.6809],[13.6923,41.6635],[13.6766,41.635],[13.6831,41.6234],[13.6961,41.6203],[13.6972,41.6129],[13.6836,41.6041],[13.6703,41.6089],[13.6655,41.5997],[13.744,41.5804],[13.756,41.5799],[13.7668,41.5883]]]}},{"type":"Feature","properties":{"id":"bianco-capena","name":"Bianco Capena","full_name":"Bianco Capena","region":"Lazio","grapes":["Bellone","Bombino Bianco","Malvasia Bianca Lunga","Malvasia Del Lazio","Malvasia Di Candia Aromatica","Trebbiano Giallo"],"key_appellations":["Bianco Capena"],"desc":"Bianco Capena is a protected wine appellation in Lazio.","level":"appellation"},"geometry":{"type":"Polygon","coordinates":[[[12.4664,42.1607],[12.4464,42.1289],[12.4531,42.1202],[12.4641,42.1176],[12.4625,42.1052],[12.4759,42.0997],[12.4754,42.0858],[12.4947,42.1029],[12.5147,42.1079],[12.5222,42.1038],[12.5245,42.1081],[12.5859,42.0732],[12.5896,42.088],[12.6035,42.088],[12.6111,42.1048],[12.6287,42.1074],[12.6224,42.1171],[12.6379,42.121],[12.6344,42.13],[12.6386,42.147],[12.6308,42.1695],[12.6083,42.1816],[12.6175,42.1902],[12.6126,42.1989],[12.5957,42.1956],[12.6004,42.1886],[12.5954,42.1862],[12.582,42.1867],[12.5531,42.1722],[12.5503,42.1602],[12.5449,42.1719],[12.527,42.179],[12.518,42.1766],[12.5048,42.1601],[12.4909,42.1651],[12.4854,42.1574],[12.4751,42.1557],[12.4664,42.1607]]]}},{"type":"Feature","properties":{"id":"castelli-romani","name":"Castelli Romani","full_name":"Castelli Romani","region":"Lazio","grapes":["Abbuoto","Aglianico","Alicante","Ancellotta","Barbera","Bellone"],"key_appellations":["Castelli Romani"],"desc":"Castelli Romani is a protected wine appellation in Lazio.","level":"appellation"},"geometry":{"type":"MultiPolygon","coordinates":[[[[12.7192,41.5054],[12.7269,41.4978],[12.7319,41.5007],[12.753,41.5167],[12.7673,41.5434],[12.7803,41.5455],[12.7905,41.5264],[12.7997,41.5224],[12.7903,41.5054],[12.7995,41.486],[12.8341,41.4743],[12.8382,41.5117],[12.8885,41.5614],[12.9222,41.5482],[12.9222,41.5535],[12.9114,41.5594],[12.9256,41.5726],[12.9378,41.5779],[12.9563,41.5723],[12.9572,41.5827],[12.9276,41.6064],[12.945,41.6161],[12.966,41.612],[12.986,41.6455],[12.9595,41.6586],[12.9432,41.6741],[12.9356,41.6707],[12.8908,41.6816],[12.9031,41.6925],[12.8872,41.697],[12.8788,41.7066],[12.9391,41.7134],[12.9468,41.6984],[12.9562,41.6949],[12.9589,41.728],[12.9548,41.7343],[12.9587,41.7422],[12.9696,41.7427],[12.9771,41.7496],[12.965,41.7534],[12.9366,41.7472],[12.9154,41.7538],[12.8769,41.7501],[12.8533,41.7604],[12.7973,41.7678],[12.7965,41.7729],[12.8088,41.7815],[12.8141,41.8008],[12.8304,41.8078],[12.8539,41.8314],[12.8407,41.8397],[12.838,41.8511],[12.8145,41.8661],[12.8078,41.8584],[12.7952,41.8671],[12.7786,41.8626],[12.7415,41.8976],[12.7757,41.9116],[12.8452,41.8674],[12.8469,41.8728],[12.8559,41.8732],[12.8427,41.8787],[12.8512,41.886],[12.8438,41.8937],[12.8284,41.8896],[12.7977,41.9035],[12.7999,41.9094],[12.8065,41.9081],[12.8071,41.9166],[12.7712,41.9294],[12.7532,41.9218],[12.7358,41.9332],[12.7276,41.9278],[12.7002,41.9378],[12.6825,41.9306],[12.6753,41.933],[12.6696,41.9266],[12.656,41.9313],[12.6555,41.9424],[12.6451,41.9417],[12.6434,41.9574],[12.627,41.959],[12.6109,41.9703],[12.6183,41.9903],[12.5966,42.0016],[12.6085,42.0118],[12.6018,42.0194],[12.6128,42.0205],[12.6148,42.0294],[12.5826,42.0463],[12.5795,42.0554],[12.5622,42.0682],[12.5627,42.0773],[12.5474,42.073],[12.5446,42.0772],[12.5336,42.0659],[12.526,42.0722],[12.5225,42.0663],[12.5046,42.0693],[12.4963,42.0662],[12.494,42.0576],[12.4862,42.0731],[12.4763,42.0748],[12.4826,42.0631],[12.4536,42.0586],[12.4571,42.0501],[12.4521,42.0414],[12.4458,42.0466],[12.4302,42.0448],[12.4279,42.0522],[12.4045,42.0594],[12.4132,42.0431],[12.4245,42.0382],[12.4288,42.0253],[12.3915,42.0406],[12.383,42.0552],[12.3729,42.0553],[12.3737,42.0801],[12.3928,42.0907],[12.3776,42.1006],[12.3589,42.0979],[12.3438,42.1039],[12.3381,42.094],[12.3167,42.0862],[12.3218,42.0747],[12.3082,42.0593],[12.2948,42.0608],[12.2971,42.0545],[12.2767,42.0622],[12.2619,42.0597],[12.2636,42.0188],[12.2424,42.0144],[12.2452,41.9886],[12.2516,41.9791],[12.249,41.9727],[12.2639,41.9762],[12.2694,41.9672],[12.3044,41.9639],[12.2926,41.942],[12.2709,41.9241],[12.2564,41.8964],[12.237,41.8846],[12.2609,41.8649],[12.2649,41.853],[12.317,41.7977],[12.2818,41.7849],[12.2784,41.7668],[12.2861,41.756],[12.2312,41.7411],[12.3148,41.714],[12.3937,41.6722],[12.4608,41.6211],[12.5528,41.534],[12.5792,41.544],[12.6169,41.5446],[12.621,41.538],[12.6525,41.5361],[12.6709,41.5262],[12.6798,41.5173],[12.6809,41.5079],[12.7192,41.5054]]],[[[12.3062,42.1041],[12.316,42.1143],[12.3367,42.1124],[12.3368,42.1226],[12.3073,42.1409],[12.3007,42.1353],[12.2855,42.1362],[12.2818,42.1124],[12.3016,42.1119],[12.3062,42.1041]]]]}},{"type":"Feature","properties":{"id":"cerveteri","name":"Cerveteri","full_name":"Cerveteri","region":"Lazio","grapes":["Bellone","Biancolella","Bombino Bianco","Canaiolo Bianco","Capolongo","Falanghina"],"key_appellations":["Cerveteri"],"desc":"Cerveteri is a protected wine appellation in Lazio.","level":"appellation"},"geometry":{"type":"MultiPolygon","coordinates":[[[[12.365,41.6898],[12.4161,41.6557],[12.4515,41.6815],[12.4951,41.6941],[12.5135,41.6877],[12.5531,41.7116],[12.5748,41.7145],[12.592,41.6943],[12.6032,41.6914],[12.603,41.7001],[12.6129,41.7089],[12.6042,41.7065],[12.6003,41.7197],[12.5922,41.72],[12.5901,41.7268],[12.597,41.726],[12.5931,41.7328],[12.6,41.7392],[12.5844,41.7396],[12.59,41.7485],[12.5825,41.7538],[12.5967,41.7586],[12.5835,41.7594],[12.5903,41.7855],[12.5993,41.7972],[12.5838,41.8201],[12.5913,41.8204],[12.6045,41.8078],[12.6295,41.8062],[12.6516,41.7913],[12.6531,41.7964],[12.6369,41.8037],[12.6385,41.8099],[12.626,41.8213],[12.6308,41.8287],[12.6517,41.8162],[12.6608,41.8184],[12.6385,41.831],[12.6532,41.8316],[12.6512,41.8502],[12.6638,41.8409],[12.6538,41.8525],[12.6687,41.8482],[12.676,41.8522],[12.683,41.8486],[12.682,41.839],[12.6908,41.8453],[12.6977,41.8373],[12.6969,41.8425],[12.7016,41.8426],[12.7075,41.8337],[12.7161,41.8414],[12.7245,41.8372],[12.7264,41.8268],[12.7425,41.8312],[12.7349,41.8469],[12.7053,41.8655],[12.6972,41.8906],[12.7284,41.8865],[12.7368,41.8933],[12.7355,41.8993],[12.7757,41.9116],[12.8022,41.8989],[12.8431,41.868],[12.8555,41.8723],[12.8427,41.8787],[12.8512,41.886],[12.8438,41.8937],[12.8284,41.8896],[12.7977,41.9035],[12.7999,41.9094],[12.8065,41.9081],[12.8071,41.9166],[12.7712,41.9294],[12.7532,41.9218],[12.7358,41.9332],[12.7276,41.9278],[12.7002,41.9378],[12.6825,41.9306],[12.6753,41.933],[12.6696,41.9266],[12.656,41.9313],[12.6555,41.9424],[12.6451,41.9417],[12.6434,41.9574],[12.627,41.959],[12.6109,41.9703],[12.6183,41.9903],[12.5966,42.0016],[12.6085,42.0118],[12.6018,42.0194],[12.6128,42.0205],[12.6148,42.0294],[12.5826,42.0463],[12.5795,42.0554],[12.5622,42.0682],[12.5627,42.0773],[12.5474,42.073],[12.5446,42.0772],[12.5336,42.0659],[12.526,42.0722],[12.5225,42.0663],[12.5046,42.0693],[12.4963,42.0662],[12.494,42.0576],[12.4862,42.0731],[12.4763,42.0748],[12.4826,42.0631],[12.4536,42.0586],[12.4571,42.0501],[12.4521,42.0414],[12.4458,42.0466],[12.4302,42.0448],[12.4279,42.0522],[12.4045,42.0594],[12.4132,42.0431],[12.4245,42.0382],[12.4284,42.0253],[12.3915,42.0406],[12.383,42.0552],[12.3729,42.0553],[12.3737,42.0801],[12.391,42.0861],[12.3915,42.0951],[12.3438,42.1039],[12.3381,42.094],[12.3167,42.0862],[12.3218,42.0747],[12.3082,42.0593],[12.2966,42.0617],[12.2971,42.0545],[12.2767,42.0622],[12.2619,42.0597],[12.2636,42.0188],[12.2429,42.0175],[12.249,41.9727],[12.2639,41.9762],[12.2694,41.9672],[12.3044,41.9639],[12.2926,41.942],[12.2709,41.9241],[12.2564,41.8964],[12.237,41.8846],[12.2609,41.8649],[12.2649,41.853],[12.317,41.7977],[12.2818,41.7849],[12.2784,41.7668],[12.2861,41.756],[12.2312,41.7411],[12.2579,41.7354],[12.365,41.6898]]],[[[12.0914,41.9358],[12.1277,41.9263],[12.1371,41.9357],[12.1503,41.9347],[12.1751,41.9497],[12.173,41.9558],[12.1806,41.9664],[12.1747,41.9737],[12.1808,41.9733],[12.1822,41.9899],[12.1877,41.9887],[12.1914,42.0023],[12.2028,42.0143],[12.2041,42.0296],[12.185,42.0235],[12.171,42.0324],[12.1646,42.025],[12.1354,42.0218],[12.1313,42.0503],[12.1223,42.0472],[12.1287,42.0342],[12.1193,42.0324],[12.0947,42.0362],[12.0732,42.0518],[12.0634,42.0464],[12.0667,42.0596],[12.0577,42.0694],[12.0593,42.0771],[12.0745,42.0887],[12.0571,42.0923],[12.0267,42.1251],[12.0509,42.1531],[12.0023,42.1584],[11.9867,42.1961],[11.9738,42.2071],[11.9734,42.2136],[11.9542,42.2122],[11.9473,42.2188],[11.9359,42.2188],[11.9373,42.2251],[11.9132,42.2333],[11.9119,42.2411],[11.8828,42.23],[11.8737,42.2509],[11.8509,42.2637],[11.8559,42.2645],[11.8653,42.2986],[11.8597,42.3056],[11.8633,42.315],[11.8531,42.3186],[11.8418,42.3096],[11.8309,42.314],[11.8403,42.3034],[11.8157,42.2964],[11.8035,42.2986],[11.7956,42.3086],[11.7811,42.3066],[11.7757,42.3443],[11.7897,42.3523],[11.7891,42.358],[11.7724,42.3652],[11.7548,42.3611],[11.7047,42.3216],[11.6885,42.339],[11.6872,42.3493],[11.6498,42.3347],[11.6402,42.3215],[11.651,42.3164],[11.6324,42.2953],[11.6971,42.2336],[11.721,42.1869],[11.7399,42.1699],[11.7337,42.1579],[11.7435,42.1493],[11.7434,42.1415],[11.7555,42.1244],[11.7681,42.1202],[11.7713,42.1103],[11.7823,42.1031],[11.7819,42.0955],[11.7909,42.0919],[11.7807,42.0933],[11.8069,42.0801],[11.8048,42.0738],[11.8145,42.0604],[11.8095,42.0632],[11.819,42.0563],[11.833,42.0309],[11.9155,42.0395],[11.9634,42.0149],[11.9762,41.9981],[12.0185,41.9862],[12.0488,41.9555],[12.0743,41.9486],[12.0914,41.9358]]],[[[12.3074,42.1042],[12.316,42.1143],[12.3367,42.1124],[12.3368,42.1226],[12.3073,42.1409],[12.3007,42.1353],[12.2855,42.1362],[12.2818,42.1124],[12.3016,42.1119],[12.3074,42.1042]]]]}},{"type":"Feature","properties":{"id":"cesanese-di-affile","name":"Cesanese di Affile","full_name":"Cesanese di Affile / Affile","region":"Lazio","grapes":["Ancellotta","Bellone","Biancolella","Bombino Bianco","Cabernet Franc","Cabernet Sauvignon"],"key_appellations":["Cesanese di Affile"],"desc":"Cesanese di Affile is a protected wine appellation in Lazio.","level":"appellation"},"geometry":{"type":"Polygon","coordinates":[[[13.0605,41.8511],[13.0979,41.861],[13.1219,41.8474],[13.1545,41.8437],[13.164,41.8502],[13.1842,41.846],[13.1915,41.8539],[13.1847,41.866],[13.1588,41.8746],[13.1416,41.8928],[13.1136,41.8952],[13.0886,41.9081],[13.0591,41.9138],[13.0512,41.9015],[13.0557,41.8875],[13.0459,41.8801],[13.0465,41.8665],[13.0603,41.8593],[13.0605,41.8511]]]}},{"type":"Feature","properties":{"id":"cesanese-di-olevano-romano","name":"Cesanese di Olevano Romano","full_name":"Cesanese di Olevano Romano / Olevano Romano","region":"Lazio","grapes":["Abbuoto","Aglianico","Alicante","Ancellotta","Barbera","Bombino Nero"],"key_appellations":["Cesanese di Olevano Romano"],"desc":"Cesanese di Olevano Romano is a protected wine appellation in Lazio.","level":"appellation"},"geometry":{"type":"Polygon","coordinates":[[[12.9819,41.7677],[12.9919,41.7676],[13.006,41.8055],[13.0133,41.8089],[13.0094,41.8252],[13.0335,41.8227],[13.034,41.8309],[13.0398,41.8323],[13.0589,41.8283],[13.0654,41.8313],[13.0717,41.8542],[13.0605,41.8511],[13.0598,41.8598],[13.0477,41.8596],[13.0375,41.872],[13.0312,41.8682],[13.0237,41.8753],[13.0058,41.864],[12.9999,41.8677],[12.9677,41.8604],[12.9592,41.8277],[12.9632,41.8225],[12.9569,41.8198],[12.951,41.8046],[12.961,41.7947],[12.9603,41.7828],[12.9819,41.7677]]]}},{"type":"Feature","properties":{"id":"circeo","name":"Circeo","full_name":"Circeo","region":"Lazio","grapes":["Abbuoto","Aglianico","Alicante","Ancellotta","Barbera","Bellone"],"key_appellations":["Circeo"],"desc":"Circeo is a protected wine appellation in Lazio.","level":"appellation"},"geometry":{"type":"Polygon","coordinates":[[[13.1056,41.2416],[13.1559,41.2693],[13.1893,41.28],[13.2605,41.2824],[13.2541,41.2838],[13.2532,41.286],[13.2575,41.2838],[13.2664,41.2949],[13.2813,41.2972],[13.3136,41.3257],[13.3067,41.3331],[13.2884,41.3277],[13.2608,41.3646],[13.2606,41.3571],[13.2504,41.3559],[13.2403,41.3592],[13.2283,41.3544],[13.2055,41.3642],[13.1946,41.3586],[13.1937,41.3687],[13.1825,41.3784],[13.1695,41.3601],[13.1524,41.3571],[13.1168,41.3286],[13.0831,41.3786],[12.9994,41.4263],[13.0247,41.4457],[12.9505,41.5034],[12.9567,41.5103],[12.9517,41.5209],[12.9575,41.5336],[12.8893,41.5619],[12.8382,41.5117],[12.8341,41.4743],[12.7995,41.486],[12.7903,41.5054],[12.7997,41.5224],[12.7905,41.5264],[12.7803,41.5455],[12.7673,41.5434],[12.753,41.5167],[12.7269,41.4978],[12.7232,41.5024],[12.7197,41.499],[12.7269,41.4836],[12.7476,41.4742],[12.7474,41.4591],[12.7379,41.4571],[12.7387,41.4472],[12.7541,41.4458],[12.7672,41.4354],[12.7781,41.4237],[12.7733,41.4163],[12.8339,41.4157],[12.8608,41.4098],[12.9198,41.3818],[12.9609,41.3537],[13.0078,41.3011],[13.0355,41.2505],[13.0337,41.2412],[13.0447,41.2275],[13.068,41.222],[13.0956,41.2242],[13.0923,41.2257],[13.1056,41.2416]]]}},{"type":"Feature","properties":{"id":"colli-albani","name":"Colli Albani","full_name":"Colli Albani","region":"Lazio","grapes":["Abbuoto","Aglianico","Alicante","Ancellotta","Barbera","Bellone"],"key_appellations":["Colli Albani"],"desc":"Colli Albani is a protected wine appellation in Lazio.","level":"appellation"},"geometry":{"type":"Polygon","coordinates":[[[12.4608,41.6211],[12.5528,41.534],[12.5883,41.5445],[12.5707,41.5776],[12.5597,41.5779],[12.5479,41.5929],[12.5302,41.5982],[12.5515,41.6049],[12.5522,41.6199],[12.6328,41.6715],[12.6473,41.6666],[12.6429,41.6543],[12.6486,41.6543],[12.6531,41.662],[12.6581,41.6473],[12.6524,41.6082],[12.6615,41.5963],[12.714,41.6113],[12.7234,41.6189],[12.7171,41.6264],[12.7333,41.6374],[12.7254,41.6432],[12.7176,41.6311],[12.7028,41.6453],[12.7195,41.6593],[12.7157,41.6616],[12.7192,41.6675],[12.7055,41.6662],[12.7149,41.6714],[12.7121,41.6823],[12.6652,41.6836],[12.6652,41.6959],[12.6895,41.7129],[12.6977,41.729],[12.7093,41.7334],[12.6913,41.7394],[12.6889,41.7493],[12.6744,41.7606],[12.6553,41.7636],[12.6297,41.7468],[12.6311,41.7394],[12.625,41.7426],[12.6228,41.738],[12.5931,41.7328],[12.597,41.7263],[12.5901,41.7268],[12.5922,41.72],[12.6003,41.7197],[12.6042,41.7065],[12.6129,41.7089],[12.603,41.7001],[12.6032,41.6914],[12.592,41.6943],[12.5748,41.7145],[12.5531,41.7116],[12.5094,41.6865],[12.4951,41.6941],[12.4619,41.6859],[12.4161,41.6557],[12.4608,41.6211]]]}},{"type":"Feature","properties":{"id":"colli-della-sabina","name":"Colli della Sabina","full_name":"Colli della Sabina","region":"Lazio","grapes":["Abbuoto","Aglianico","Alicante","Ancellotta","Barbera","Bellone"],"key_appellations":["Colli della Sabina"],"desc":"Colli della Sabina is a protected wine appellation in Lazio.","level":"appellation"},"geometry":{"type":"Polygon","coordinates":[[[12.6686,42.0109],[12.6706,42.0046],[12.6577,41.9801],[12.647,41.9746],[12.6343,41.9872],[12.6181,41.9871],[12.6109,41.9703],[12.627,41.959],[12.6434,41.9574],[12.6451,41.9417],[12.6555,41.9424],[12.656,41.9313],[12.6687,41.9267],[12.7021,41.9458],[12.7103,41.9544],[12.7146,41.972],[12.7233,41.972],[12.7282,41.9523],[12.7632,41.956],[12.7645,41.973],[12.7792,41.9799],[12.7691,41.9794],[12.7707,41.9882],[12.7579,41.9947],[12.7566,42.0026],[12.785,42.0022],[12.7899,41.9934],[12.8032,41.9904],[12.802,42.0052],[12.8256,42.0056],[12.8455,41.9877],[12.8547,42.0109],[12.8523,42.0276],[12.8275,42.0368],[12.8482,42.0416],[12.862,42.0581],[12.8736,42.0607],[12.87,42.0772],[12.8772,42.0762],[12.8636,42.0827],[12.8555,42.0958],[12.8358,42.0953],[12.8263,42.104],[12.7999,42.106],[12.7848,42.1146],[12.8202,42.1198],[12.8496,42.1433],[12.7806,42.1667],[12.7787,42.1706],[12.7941,42.1775],[12.7884,42.1861],[12.7682,42.1884],[12.7563,42.1828],[12.7521,42.1944],[12.7295,42.2169],[12.7519,42.2245],[12.7536,42.2437],[12.7162,42.2445],[12.7261,42.2542],[12.7343,42.2799],[12.7223,42.2851],[12.7179,42.2989],[12.7223,42.3047],[12.7106,42.3106],[12.6781,42.3087],[12.6574,42.2894],[12.6619,42.3121],[12.6375,42.3296],[12.652,42.337],[12.6536,42.3569],[12.6697,42.3676],[12.6535,42.3727],[12.6419,42.3697],[12.6194,42.4093],[12.57,42.3829],[12.549,42.3823],[12.5288,42.3644],[12.5188,42.3676],[12.5129,42.3793],[12.5133,42.3942],[12.5183,42.3972],[12.5117,42.4031],[12.4881,42.3987],[12.4871,42.3919],[12.4745,42.3875],[12.4622,42.3994],[12.4381,42.396],[12.4448,42.3936],[12.4381,42.3901],[12.4383,42.3839],[12.4586,42.3817],[12.4556,42.3772],[12.4641,42.3733],[12.4535,42.3739],[12.4642,42.3705],[12.4557,42.3667],[12.4547,42.3574],[12.4748,42.3569],[12.463,42.3452],[12.4622,42.3371],[12.4693,42.3274],[12.4892,42.3195],[12.4744,42.3157],[12.4891,42.2962],[12.526,42.2919],[12.5473,42.295],[12.5577,42.2889],[12.5582,42.2691],[12.5757,42.2733],[12.5747,42.2849],[12.5839,42.2839],[12.5764,42.2705],[12.5788,42.2641],[12.6051,42.2743],[12.6063,42.2596],[12.6338,42.2478],[12.6306,42.2366],[12.638,42.2381],[12.6418,42.2333],[12.6373,42.208],[12.6132,42.2019],[12.6175,42.1902],[12.6082,42.1824],[12.6209,42.1784],[12.6321,42.1669],[12.6384,42.1485],[12.6344,42.13],[12.6379,42.121],[12.6225,42.1176],[12.6287,42.1074],[12.6111,42.1048],[12.6035,42.088],[12.5891,42.0875],[12.5834,42.0659],[12.5652,42.0636],[12.6066,42.0315],[12.6499,42.0124],[12.6686,42.0109]]]}},{"type":"Feature","properties":{"id":"colli-etruschi-viterbesi","name":"Colli Etruschi Viterbesi","full_name":"Colli Etruschi Viterbesi / Tuscia","region":"Lazio","grapes":["Abbuoto","Aglianico","Alicante","Ancellotta","Barbera","Bellone"],"key_appellations":["Colli Etruschi Viterbesi"],"desc":"Colli Etruschi Viterbesi is a protected wine appellation in Lazio.","level":"appellation"},"geometry":{"type":"Polygon","coordinates":[[[11.8806,42.2413],[11.8828,42.23],[11.9119,42.2411],[11.9132,42.2333],[11.9373,42.2251],[11.9359,42.2188],[11.9473,42.2188],[11.9542,42.2122],[11.9734,42.2136],[12.0033,42.1579],[12.0348,42.1516],[12.054,42.1538],[12.0577,42.164],[12.1004,42.1633],[12.1178,42.1615],[12.136,42.1473],[12.1475,42.1561],[12.1452,42.1599],[12.1655,42.1676],[12.1671,42.1783],[12.1429,42.1873],[12.1203,42.2039],[12.1231,42.2195],[12.1337,42.2284],[12.13,42.2414],[12.118,42.253],[12.1215,42.2593],[12.1179,42.2756],[12.1077,42.2791],[12.1146,42.2883],[12.112,42.2954],[12.1203,42.2964],[12.1136,42.3051],[12.1418,42.3176],[12.1431,42.3266],[12.131,42.3388],[12.0774,42.3443],[12.0612,42.3515],[12.0507,42.3477],[12.0073,42.3541],[11.9987,42.3433],[11.9744,42.3434],[11.9589,42.3207],[11.9467,42.3254],[11.9344,42.3208],[11.9203,42.3013],[11.9055,42.3061],[11.9044,42.3457],[11.9599,42.3814],[11.9542,42.3869],[11.9627,42.4033],[11.9581,42.4059],[11.9592,42.4132],[11.9682,42.4264],[11.9326,42.4179],[11.9223,42.4261],[11.9312,42.4535],[11.9278,42.4827],[11.9406,42.5073],[11.954,42.5229],[11.9801,42.5243],[11.9897,42.5132],[11.9864,42.4947],[11.9933,42.4882],[11.9896,42.4747],[11.9933,42.4673],[12.0066,42.4624],[12.0242,42.4742],[12.0399,42.494],[12.053,42.4954],[12.0499,42.5034],[12.0573,42.5091],[12.0658,42.5071],[12.0939,42.5295],[12.0904,42.5528],[12.0766,42.5689],[12.0677,42.5706],[12.0644,42.582],[12.0531,42.5826],[12.0536,42.5868],[12.132,42.5838],[12.0968,42.5789],[12.0915,42.5603],[12.0956,42.5477],[12.1316,42.5276],[12.134,42.538],[12.1542,42.5456],[12.1615,42.5551],[12.1546,42.5619],[12.1526,42.5814],[12.1725,42.5746],[12.1741,42.5822],[12.196,42.5736],[12.1852,42.5685],[12.1972,42.5518],[12.2114,42.5569],[12.2263,42.5507],[12.2137,42.5387],[12.2019,42.5062],[12.1883,42.5066],[12.1756,42.4971],[12.161,42.4956],[12.1509,42.4826],[12.1443,42.4868],[12.1351,42.4827],[12.1471,42.4568],[12.1711,42.4468],[12.1689,42.437],[12.1838,42.4269],[12.1867,42.4127],[12.1926,42.4497],[12.1993,42.4591],[12.1893,42.4822],[12.2146,42.4841],[12.2225,42.4917],[12.2286,42.4891],[12.2273,42.47],[12.2357,42.4645],[12.2498,42.4669],[12.2544,42.4775],[12.2616,42.4761],[12.2637,42.4827],[12.2931,42.4803],[12.2962,42.4598],[12.2881,42.452],[12.3136,42.4437],[12.3402,42.451],[12.3507,42.4369],[12.3704,42.4315],[12.3754,42.4211],[12.3819,42.4199],[12.3774,42.3977],[12.3953,42.3874],[12.4183,42.3972],[12.4251,42.3926],[12.4563,42.4024],[12.4587,42.4172],[12.4672,42.4237],[12.4616,42.4294],[12.4501,42.423],[12.439,42.4264],[12.4207,42.4216],[12.4137,42.4256],[12.4195,42.4365],[12.4114,42.4451],[12.4137,42.4551],[12.4304,42.458],[12.4275,42.4653],[12.4125,42.4675],[12.4129,42.4788],[12.4278,42.4869],[12.4191,42.4976],[12.414,42.4938],[12.4035,42.4999],[12.3902,42.4982],[12.3877,42.4891],[12.3512,42.4736],[12.3449,42.4849],[12.3249,42.4949],[12.3142,42.4879],[12.2904,42.4916],[12.2986,42.4951],[12.303,42.4913],[12.3074,42.4973],[12.2904,42.5106],[12.2746,42.5095],[12.2755,42.516],[12.2903,42.519],[12.2745,42.5239],[12.2668,42.5334],[12.2786,42.5415],[12.2751,42.5599],[12.2622,42.5597],[12.2387,42.572],[12.2421,42.5764],[12.2359,42.5833],[12.2435,42.5923],[12.2408,42.5973],[12.2476,42.5967],[12.2463,42.6025],[12.2282,42.6108],[12.2429,42.629],[12.2257,42.6355],[12.2269,42.6435],[12.2044,42.6604],[12.1895,42.6619],[12.161,42.6769],[12.1486,42.6674],[12.1471,42.6593],[12.1408,42.6563],[12.1324,42.6616],[12.1241,42.6493],[12.1067,42.6646],[12.0945,42.6555],[12.0737,42.6567],[12.03,42.6432],[12.0298,42.6504],[12.0071,42.6624],[11.978,42.6755],[11.9413,42.6833],[11.9488,42.696],[11.9263,42.7038],[11.9301,42.7129],[11.9492,42.7274],[11.963,42.7267],[11.9616,42.7329],[11.9688,42.7341],[11.9741,42.7494],[11.9819,42.7552],[11.9795,42.7646],[11.9274,42.7809],[11.9169,42.8076],[11.9082,42.8162],[11.9056,42.8325],[11.8482,42.8385],[11.832,42.8268],[11.8137,42.8227],[11.8069,42.7948],[11.7864,42.8163],[11.7691,42.8202],[11.746,42.7857],[11.783,42.7671],[11.7794,42.758],[11.8091,42.7532],[11.8196,42.745],[11.8094,42.7339],[11.8016,42.7072],[11.7756,42.7095],[11.7826,42.7055],[11.7865,42.6892],[11.7845,42.6713],[11.8009,42.6684],[11.8087,42.6592],[11.8048,42.644],[11.7809,42.6347],[11.7498,42.6396],[11.7518,42.6256],[11.7352,42.612],[11.736,42.6066],[11.7111,42.6109],[11.7002,42.601],[11.6791,42.5948],[11.686,42.5853],[11.6815,42.5813],[11.6572,42.5771],[11.643,42.5662],[11.625,42.5691],[11.614,42.5572],[11.6005,42.5707],[11.5792,42.568],[11.5809,42.5531],[11.5865,42.5508],[11.5809,42.5475],[11.5885,42.5422],[11.5688,42.5338],[11.5602,42.5157],[11.5842,42.5069],[11.5877,42.4952],[11.6163,42.4886],[11.6176,42.4356],[11.6292,42.441],[11.6321,42.4281],[11.6404,42.4216],[11.6311,42.4028],[11.6396,42.3895],[11.6532,42.4025],[11.6761,42.4011],[11.6978,42.3872],[11.6995,42.3602],[11.6876,42.3445],[11.7047,42.3216],[11.7548,42.3611],[11.7724,42.3652],[11.7891,42.358],[11.7897,42.3523],[11.7757,42.3443],[11.7811,42.3066],[11.7956,42.3086],[11.8035,42.2986],[11.8157,42.2964],[11.8403,42.3034],[11.8309,42.314],[11.8418,42.3096],[11.8531,42.3186],[11.8633,42.315],[11.8597,42.3056],[11.8653,42.2986],[11.8559,42.2645],[11.8509,42.2637],[11.8675,42.2568],[11.8806,42.2413]]]}},{"type":"Feature","properties":{"id":"colli-lanuvini","name":"Colli Lanuvini","full_name":"Colli Lanuvini","region":"Lazio","grapes":["Abbuoto","Aglianico","Alicante","Ancellotta","Barbera","Bellone"],"key_appellations":["Colli Lanuvini"],"desc":"Colli Lanuvini is a protected wine appellation in Lazio.","level":"appellation"},"geometry":{"type":"Polygon","coordinates":[[[12.6615,41.5963],[12.7221,41.6166],[12.7171,41.6264],[12.7334,41.6378],[12.7254,41.6432],[12.7213,41.6335],[12.7169,41.6427],[12.7429,41.6482],[12.7436,41.6543],[12.7428,41.663],[12.7314,41.6712],[12.7403,41.6782],[12.7165,41.6822],[12.7023,41.6949],[12.7031,41.7052],[12.6904,41.7147],[12.6652,41.6959],[12.6658,41.6839],[12.653,41.6733],[12.6581,41.6473],[12.6531,41.6354],[12.653,41.6066],[12.6615,41.5963]]]}},{"type":"Feature","properties":{"id":"est-est-est-di-montefiascone","name":"Est! Est!! Est!!! di Montefiascone","full_name":"Est! Est!! Est!!! di Montefiascone","region":"Lazio","grapes":["Bellone","Biancolella","Bombino Bianco","Canaiolo Bianco","Capolongo","Falanghina"],"key_appellations":["Est! Est!! Est!!! di Montefiascone"],"desc":"Est! Est!! Est!!! di Montefiascone is a protected wine appellation in Lazio.","level":"appellation"},"geometry":{"type":"Polygon","coordinates":[[[11.9044,42.4859],[11.9278,42.4827],[11.9505,42.5203],[11.9784,42.5248],[11.9897,42.5132],[11.99,42.4728],[11.9996,42.4615],[12.0066,42.4624],[12.0249,42.4749],[12.0399,42.494],[12.0526,42.4949],[12.0488,42.5024],[12.055,42.5074],[12.0658,42.5071],[12.0939,42.5295],[12.0914,42.5512],[12.0766,42.5689],[12.0677,42.5706],[12.0644,42.582],[12.0492,42.582],[12.0381,42.5916],[12.0217,42.5886],[12.017,42.5989],[12.0097,42.5994],[12.0157,42.6197],[12.0262,42.6268],[12.0298,42.6504],[11.978,42.6755],[11.9413,42.6833],[11.9488,42.696],[11.9263,42.7047],[11.8945,42.7007],[11.8792,42.7074],[11.8556,42.7057],[11.8415,42.7013],[11.835,42.6924],[11.8245,42.639],[11.8346,42.6318],[11.844,42.6064],[11.8356,42.5887],[11.8461,42.5543],[11.8378,42.5451],[11.868,42.5277],[11.867,42.5083],[11.8768,42.4846],[11.8886,42.4866],[11.8925,42.48],[11.9044,42.4859]]]}},{"type":"Feature","properties":{"id":"cori","name":"Cori","full_name":"Cori","region":"Lazio","grapes":["Abbuoto","Aglianico","Alicante","Ancellotta","Barbera","Bellone"],"key_appellations":["Cori"],"desc":"Cori is a protected wine appellation in Lazio.","level":"appellation"},"geometry":{"type":"Polygon","coordinates":[[[12.8893,41.5619],[12.9222,41.5482],[12.9222,41.5535],[12.9114,41.5594],[12.9256,41.5726],[12.9378,41.5779],[12.9563,41.5723],[12.9572,41.5827],[12.9276,41.6064],[12.945,41.6161],[12.966,41.612],[12.987,41.6433],[12.9432,41.6741],[12.9356,41.6707],[12.8908,41.6816],[12.9031,41.6925],[12.8683,41.7029],[12.8636,41.7133],[12.8584,41.7098],[12.8509,41.7148],[12.8366,41.7039],[12.8539,41.6976],[12.8487,41.6785],[12.8513,41.6664],[12.8398,41.6648],[12.8407,41.6571],[12.8349,41.6522],[12.8302,41.6588],[12.8231,41.6555],[12.8187,41.6501],[12.8252,41.6415],[12.8089,41.6376],[12.8105,41.62],[12.7934,41.6237],[12.7917,41.6175],[12.7824,41.6187],[12.7784,41.6017],[12.7512,41.5627],[12.7718,41.557],[12.7711,41.5446],[12.782,41.5447],[12.7905,41.5264],[12.7996,41.5227],[12.7903,41.5054],[12.7995,41.486],[12.8341,41.4743],[12.8382,41.5117],[12.8893,41.5619]]]}},{"type":"Feature","properties":{"id":"montepulciano-dabruzzo","name":"Montepulciano d’Abruzzo","full_name":"Montepulciano d’Abruzzo","region":"Abruzzo","grapes":["Aglianico","Barbera","Cabernet Franc","Cabernet Sauvignon","Calabrese","Canaiolo Nero"],"key_appellations":["Montepulciano d’Abruzzo"],"desc":"Montepulciano d’Abruzzo is a protected wine appellation in Abruzzo.","level":"appellation"},"geometry":{"type":"MultiPolygon","coordinates":[[[[13.7173,42.0612],[13.7671,41.9988],[13.78,41.9698],[13.8078,41.9583],[13.8185,41.967],[13.8428,41.9598],[13.8651,41.9683],[13.8761,41.9629],[13.8919,41.9402],[13.9169,41.9331],[13.9392,41.9173],[13.9381,41.9082],[13.9438,41.9079],[13.9695,41.9445],[13.99,41.9415],[14.0013,41.9611],[13.9963,41.982],[13.9655,42.01],[13.9708,42.0169],[13.9772,42.0208],[13.9894,42.0162],[13.9985,42.0246],[14.0352,42.0211],[14.0746,42.0339],[14.0906,42.0327],[14.0906,42.0409],[14.1041,42.0479],[14.1002,42.0746],[14.083,42.0873],[14.0306,42.0829],[14.0061,42.0731],[13.9926,42.0919],[13.9685,42.1101],[13.962,42.1247],[13.9345,42.1304],[13.9104,42.1435],[13.9048,42.1484],[13.9053,42.16],[13.9177,42.1583],[13.9221,42.1662],[13.9602,42.1822],[13.9566,42.1892],[13.9654,42.2125],[14.0044,42.1966],[13.9939,42.2192],[14.008,42.237],[14.0303,42.2387],[14.0424,42.2139],[14.0865,42.196],[14.0961,42.1859],[14.1066,42.1886],[14.0937,42.2009],[14.0945,42.206],[14.1106,42.2105],[14.1216,42.2245],[14.14,42.2243],[14.1588,42.2396],[14.1672,42.2394],[14.1631,42.2345],[14.1801,42.2266],[14.1942,42.2353],[14.2049,42.2245],[14.1983,42.2009],[14.1913,42.2013],[14.187,42.191],[14.1729,42.1807],[14.1634,42.1824],[14.1597,42.1749],[14.1385,42.1711],[14.1346,42.1609],[14.1563,42.1589],[14.2032,42.18],[14.2361,42.1682],[14.2173,42.1539],[14.2557,42.1332],[14.2535,42.1172],[14.236,42.1048],[14.2511,42.0905],[14.2463,42.0774],[14.2759,42.0837],[14.2968,42.0816],[14.2959,42.1007],[14.3211,42.1044],[14.3106,42.0903],[14.3489,42.0817],[14.3439,42.066],[14.3522,42.059],[14.3445,42.0566],[14.3478,42.0516],[14.3434,42.0351],[14.3603,42.0019],[14.3844,42.0087],[14.3918,41.9982],[14.4059,41.9996],[14.411,41.9836],[14.4211,41.9931],[14.4546,42.0019],[14.4731,42.0145],[14.4838,42.0138],[14.4923,42.0087],[14.4908,42.0001],[14.5097,41.9784],[14.4876,41.9719],[14.4961,41.9577],[14.5105,41.9525],[14.5111,41.9568],[14.5348,41.9657],[14.5805,41.961],[14.5587,41.9382],[14.5835,41.91],[14.5629,41.9098],[14.5528,41.8996],[14.5717,41.8973],[14.5674,41.8889],[14.5556,41.8845],[14.5647,41.8603],[14.593,41.8483],[14.6179,41.8914],[14.6051,41.9],[14.599,41.9151],[14.6021,41.9371],[14.6042,41.9428],[14.6204,41.9438],[14.624,41.9634],[14.6349,41.9724],[14.6725,41.9497],[14.7272,42.0032],[14.7642,42.0173],[14.7829,42.034],[14.7607,42.0423],[14.7796,42.07],[14.7421,42.086],[14.7183,42.1057],[14.7232,42.126],[14.7167,42.1719],[14.7119,42.1775],[14.7104,42.1723],[14.7096,42.1786],[14.7022,42.1738],[14.621,42.199],[14.5134,42.249],[14.501,42.2608],[14.5023,42.2721],[14.4261,42.3256],[14.4262,42.335],[14.4133,42.3429],[14.4088,42.3578],[14.4239,42.3511],[14.4197,42.355],[14.254,42.4448],[14.2278,42.4678],[14.2342,42.4676],[14.2291,42.4697],[14.2247,42.4671],[14.2066,42.4777],[14.1095,42.5626],[14.062,42.6181],[13.9915,42.7165],[13.9742,42.7511],[13.9796,42.7555],[13.9717,42.7523],[13.9777,42.7552],[13.9654,42.7614],[13.9445,42.8033],[13.9204,42.8934],[13.9103,42.8948],[13.8803,42.8908],[13.8769,42.8947],[13.8749,42.8888],[13.8221,42.8796],[13.778,42.8604],[13.7225,42.8553],[13.7066,42.8493],[13.7109,42.8433],[13.6995,42.8228],[13.6636,42.8071],[13.6355,42.8033],[13.6244,42.8165],[13.6016,42.8064],[13.5843,42.8076],[13.5739,42.7989],[13.6119,42.7417],[13.601,42.7155],[13.6094,42.6994],[13.6054,42.6967],[13.6526,42.6625],[13.6666,42.6668],[13.675,42.6625],[13.6758,42.652],[13.6502,42.647],[13.6382,42.6334],[13.5862,42.6348],[13.5828,42.6264],[13.5873,42.617],[13.5814,42.6074],[13.5645,42.6047],[13.5674,42.586],[13.5795,42.574],[13.5758,42.5677],[13.5994,42.5195],[13.5693,42.4889],[13.5641,42.4625],[13.5712,42.4537],[13.6007,42.4542],[13.6781,42.439],[13.6831,42.4423],[13.6856,42.4614],[13.6936,42.4646],[13.6892,42.4696],[13.7006,42.4917],[13.6897,42.5023],[13.6949,42.507],[13.6873,42.5096],[13.6936,42.5159],[13.7463,42.5282],[13.7667,42.524],[13.7713,42.5136],[13.7997,42.5157],[13.8129,42.5047],[13.8059,42.474],[13.7968,42.4691],[13.7901,42.4517],[13.772,42.4378],[13.7653,42.4201],[13.7764,42.4139],[13.7877,42.3913],[13.7979,42.3882],[13.8086,42.3787],[13.8093,42.3725],[13.7946,42.3819],[13.7855,42.3785],[13.7774,42.3858],[13.7574,42.3822],[13.7485,42.388],[13.7524,42.3934],[13.7424,42.4051],[13.7356,42.4012],[13.7354,42.3896],[13.7693,42.3614],[13.7406,42.3528],[13.7191,42.3368],[13.7423,42.3047],[13.729,42.3073],[13.7196,42.3026],[13.7301,42.2835],[13.7185,42.2774],[13.7252,42.2709],[13.7347,42.2728],[13.7599,42.2497],[13.7988,42.2411],[13.808,42.2276],[13.8005,42.2102],[13.8107,42.196],[13.7961,42.1828],[13.8008,42.1748],[13.797,42.1753],[13.7994,42.1681],[13.7944,42.1607],[13.7804,42.1457],[13.7741,42.1463],[13.767,42.1606],[13.755,42.1684],[13.7499,42.1892],[13.7065,42.2101],[13.704,42.2186],[13.7084,42.2218],[13.6871,42.2263],[13.6712,42.2221],[13.6546,42.2318],[13.6448,42.2316],[13.6344,42.2433],[13.6348,42.25],[13.6155,42.2552],[13.6028,42.2689],[13.5782,42.279],[13.5758,42.2869],[13.5851,42.2918],[13.5869,42.2997],[13.5584,42.3102],[13.5656,42.3375],[13.5618,42.342],[13.5519,42.3414],[13.5496,42.3296],[13.5165,42.3135],[13.4995,42.3135],[13.4905,42.3207],[13.471,42.3099],[13.4835,42.2905],[13.4977,42.2841],[13.4925,42.2725],[13.5071,42.2716],[13.529,42.2539],[13.5394,42.2519],[13.5397,42.2428],[13.5582,42.2331],[13.5684,42.2089],[13.5956,42.1842],[13.5691,42.1643],[13.6411,42.1298],[13.6523,42.1203],[13.644,42.1027],[13.6562,42.0902],[13.6884,42.0882],[13.6937,42.072],[13.7173,42.0612]],[[13.8093,42.3725],[13.824,42.4078],[13.8375,42.3958],[13.85,42.4002],[13.8682,42.3915],[13.8823,42.3737],[13.8698,42.3726],[13.8563,42.3623],[13.8521,42.3734],[13.8403,42.3822],[13.8248,42.3802],[13.8128,42.3683],[13.8093,42.3725]],[[13.8128,42.3683],[13.8212,42.3609],[13.835,42.3736],[13.8384,42.3596],[13.8717,42.3548],[13.872,42.3422],[13.8827,42.3393],[13.8688,42.3316],[13.8693,42.3245],[13.8245,42.3161],[13.8045,42.3344],[13.8072,42.3462],[13.7991,42.3658],[13.8128,42.3683]],[[14.3908,42.0397],[14.4006,42.0522],[14.414,42.0568],[14.4356,42.0561],[14.4608,42.042],[14.4606,42.0341],[14.4508,42.0333],[14.4573,42.0214],[14.4446,42.0162],[14.4453,42.0053],[14.4407,42.0078],[14.4287,41.9976],[14.4198,41.9993],[14.4206,42.0049],[14.405,42.0043],[14.4039,42.0101],[14.3865,42.0172],[14.3921,42.0262],[14.3908,42.0397]]],[[[13.5051,41.8016],[13.5216,41.7798],[13.5205,41.7729],[13.5739,41.7543],[13.5861,41.7664],[13.6288,41.7813],[13.6429,41.7928],[13.6319,41.8123],[13.6346,41.8207],[13.5947,41.8393],[13.5984,41.8425],[13.561,41.8642],[13.515,41.8791],[13.5099,41.8921],[13.5028,41.8909],[13.4967,41.9002],[13.5083,41.9087],[13.4813,41.9067],[13.4431,41.9516],[13.4211,41.9584],[13.385,41.9442],[13.3566,41.9257],[13.3653,41.9241],[13.384,41.9042],[13.3735,41.8842],[13.3575,41.8694],[13.3673,41.8633],[13.3673,41.8305],[13.3795,41.8174],[13.391,41.8192],[13.3963,41.834],[13.4075,41.8374],[13.4522,41.8227],[13.4697,41.8066],[13.5051,41.8016]]]]}},{"type":"Feature","properties":{"id":"trebbiano-d-abruzzo","name":"Trebbiano d'Abruzzo","full_name":"Trebbiano d'Abruzzo","region":"Abruzzo","grapes":["Barbera Bianca","Biancame","Bombino Bianco","Cococciola","Falanghina","Fiano"],"key_appellations":["Trebbiano d'Abruzzo"],"desc":"Trebbiano d'Abruzzo is a protected wine appellation in Abruzzo.","level":"appellation"},"geometry":{"type":"MultiPolygon","coordinates":[[[[13.7173,42.0612],[13.7671,41.9988],[13.78,41.9698],[13.8078,41.9583],[13.8185,41.967],[13.8428,41.9598],[13.8651,41.9683],[13.8761,41.9629],[13.8919,41.9402],[13.9169,41.9331],[13.9392,41.9173],[13.9381,41.9082],[13.9438,41.9079],[13.9695,41.9445],[13.99,41.9415],[14.0013,41.9611],[13.9963,41.982],[13.9655,42.01],[13.9708,42.0169],[13.9772,42.0208],[13.9894,42.0162],[13.9985,42.0246],[14.0352,42.0211],[14.0746,42.0339],[14.0906,42.0327],[14.0906,42.0409],[14.1041,42.0479],[14.1002,42.0746],[14.083,42.0873],[14.0306,42.0829],[14.0061,42.0731],[13.9926,42.0919],[13.9685,42.1101],[13.962,42.1247],[13.9345,42.1304],[13.9104,42.1435],[13.9048,42.1484],[13.9053,42.16],[13.9177,42.1583],[13.9221,42.1662],[13.9602,42.1822],[13.9566,42.1892],[13.9654,42.2125],[14.0044,42.1966],[13.9939,42.2192],[14.008,42.237],[14.0303,42.2387],[14.0424,42.2139],[14.0865,42.196],[14.0961,42.1859],[14.1066,42.1886],[14.0937,42.2009],[14.0945,42.206],[14.1106,42.2105],[14.1216,42.2245],[14.14,42.2243],[14.1588,42.2396],[14.1672,42.2394],[14.1631,42.2345],[14.1801,42.2266],[14.1942,42.2353],[14.2049,42.2245],[14.1983,42.2009],[14.1913,42.2013],[14.187,42.191],[14.1729,42.1807],[14.1634,42.1824],[14.1597,42.1749],[14.1385,42.1711],[14.1346,42.1609],[14.1563,42.1589],[14.2032,42.18],[14.2361,42.1682],[14.2173,42.1539],[14.2557,42.1332],[14.2535,42.1172],[14.236,42.1048],[14.2511,42.0905],[14.2463,42.0774],[14.2759,42.0837],[14.2968,42.0816],[14.2959,42.1007],[14.3211,42.1044],[14.3106,42.0903],[14.3489,42.0817],[14.3439,42.066],[14.3522,42.059],[14.3445,42.0566],[14.3478,42.0516],[14.3434,42.0351],[14.3603,42.0019],[14.3844,42.0087],[14.3918,41.9982],[14.4059,41.9996],[14.411,41.9836],[14.4211,41.9931],[14.4546,42.0019],[14.4731,42.0145],[14.4838,42.0138],[14.4923,42.0087],[14.4908,42.0001],[14.5097,41.9784],[14.4876,41.9719],[14.4961,41.9577],[14.5105,41.9525],[14.5111,41.9568],[14.5348,41.9657],[14.5805,41.961],[14.5587,41.9382],[14.5835,41.91],[14.5629,41.9098],[14.5528,41.8996],[14.5717,41.8973],[14.5674,41.8889],[14.5556,41.8845],[14.5647,41.8603],[14.593,41.8483],[14.6179,41.8914],[14.6051,41.9],[14.599,41.9151],[14.6021,41.9371],[14.6042,41.9428],[14.6204,41.9438],[14.624,41.9634],[14.6349,41.9724],[14.6725,41.9497],[14.7272,42.0032],[14.7642,42.0173],[14.7829,42.034],[14.7607,42.0423],[14.7796,42.07],[14.7421,42.086],[14.7183,42.1057],[14.7232,42.126],[14.7167,42.1719],[14.7119,42.1775],[14.7104,42.1723],[14.7096,42.1786],[14.7022,42.1738],[14.621,42.199],[14.5134,42.249],[14.501,42.2608],[14.5023,42.2721],[14.4261,42.3256],[14.4262,42.335],[14.4133,42.3429],[14.4088,42.3578],[14.4239,42.3511],[14.4197,42.355],[14.254,42.4448],[14.2278,42.4678],[14.2342,42.4676],[14.2291,42.4697],[14.2247,42.4671],[14.2066,42.4777],[14.1095,42.5626],[14.062,42.6181],[13.9915,42.7165],[13.9742,42.7511],[13.9796,42.7555],[13.9717,42.7523],[13.9777,42.7552],[13.9654,42.7614],[13.9445,42.8033],[13.9204,42.8934],[13.9103,42.8948],[13.8803,42.8908],[13.8769,42.8947],[13.8749,42.8888],[13.8221,42.8796],[13.778,42.8604],[13.7225,42.8553],[13.7066,42.8493],[13.7109,42.8433],[13.6995,42.8228],[13.6636,42.8071],[13.6355,42.8033],[13.6244,42.8165],[13.6016,42.8064],[13.5843,42.8076],[13.5739,42.7989],[13.6119,42.7417],[13.601,42.7155],[13.6094,42.6994],[13.6054,42.6967],[13.6526,42.6625],[13.6666,42.6668],[13.675,42.6625],[13.6758,42.652],[13.6502,42.647],[13.6382,42.6334],[13.5862,42.6348],[13.5828,42.6264],[13.5873,42.617],[13.5814,42.6074],[13.5645,42.6047],[13.5674,42.586],[13.5795,42.574],[13.5758,42.5677],[13.5994,42.5195],[13.5693,42.4889],[13.5641,42.4625],[13.5712,42.4537],[13.6007,42.4542],[13.6781,42.439],[13.6831,42.4423],[13.6856,42.4614],[13.6936,42.4646],[13.6892,42.4696],[13.7006,42.4917],[13.6897,42.5023],[13.6949,42.507],[13.6873,42.5096],[13.6936,42.5159],[13.7463,42.5282],[13.7667,42.524],[13.7713,42.5136],[13.7997,42.5157],[13.8129,42.5047],[13.8059,42.474],[13.7968,42.4691],[13.7901,42.4517],[13.772,42.4378],[13.7653,42.4201],[13.7764,42.4139],[13.7877,42.3913],[13.7979,42.3882],[13.8086,42.3787],[13.8093,42.3725],[13.7946,42.3819],[13.7855,42.3785],[13.7774,42.3858],[13.7574,42.3822],[13.7485,42.388],[13.7524,42.3934],[13.7424,42.4051],[13.7356,42.4012],[13.7354,42.3896],[13.7693,42.3614],[13.7406,42.3528],[13.7191,42.3368],[13.7423,42.3047],[13.729,42.3073],[13.7196,42.3026],[13.7301,42.2835],[13.7185,42.2774],[13.7252,42.2709],[13.7347,42.2728],[13.7599,42.2497],[13.7988,42.2411],[13.808,42.2276],[13.8005,42.2102],[13.8107,42.196],[13.7961,42.1828],[13.8008,42.1748],[13.797,42.1753],[13.7994,42.1681],[13.7944,42.1607],[13.7804,42.1457],[13.7741,42.1463],[13.767,42.1606],[13.755,42.1684],[13.7499,42.1892],[13.7065,42.2101],[13.704,42.2186],[13.7084,42.2218],[13.6871,42.2263],[13.6712,42.2221],[13.6546,42.2318],[13.6448,42.2316],[13.6344,42.2433],[13.6348,42.25],[13.6155,42.2552],[13.6028,42.2689],[13.5782,42.279],[13.5758,42.2869],[13.5851,42.2918],[13.5869,42.2997],[13.5584,42.3102],[13.5656,42.3375],[13.5618,42.342],[13.5519,42.3414],[13.5496,42.3296],[13.5165,42.3135],[13.4995,42.3135],[13.4905,42.3207],[13.471,42.3099],[13.4835,42.2905],[13.4977,42.2841],[13.4925,42.2725],[13.5071,42.2716],[13.529,42.2539],[13.5394,42.2519],[13.5397,42.2428],[13.5582,42.2331],[13.5684,42.2089],[13.5956,42.1842],[13.5691,42.1643],[13.6411,42.1298],[13.6523,42.1203],[13.644,42.1027],[13.6562,42.0902],[13.6884,42.0882],[13.6937,42.072],[13.7173,42.0612]],[[13.8093,42.3725],[13.824,42.4078],[13.8375,42.3958],[13.85,42.4002],[13.8682,42.3915],[13.8823,42.3737],[13.8698,42.3726],[13.8563,42.3623],[13.8521,42.3734],[13.8403,42.3822],[13.8248,42.3802],[13.8128,42.3683],[13.8093,42.3725]],[[13.8128,42.3683],[13.8212,42.3609],[13.835,42.3736],[13.8384,42.3596],[13.8717,42.3548],[13.872,42.3422],[13.8827,42.3393],[13.8688,42.3316],[13.8693,42.3245],[13.8245,42.3161],[13.8045,42.3344],[13.8072,42.3462],[13.7991,42.3658],[13.8128,42.3683]],[[14.3908,42.0397],[14.4006,42.0522],[14.414,42.0568],[14.4356,42.0561],[14.4608,42.042],[14.4606,42.0341],[14.4508,42.0333],[14.4573,42.0214],[14.4446,42.0162],[14.4453,42.0053],[14.4407,42.0078],[14.4287,41.9976],[14.4198,41.9993],[14.4206,42.0049],[14.405,42.0043],[14.4039,42.0101],[14.3865,42.0172],[14.3921,42.0262],[14.3908,42.0397]]],[[[13.5051,41.8016],[13.5216,41.7798],[13.5205,41.7729],[13.5739,41.7543],[13.5861,41.7664],[13.6288,41.7813],[13.6429,41.7928],[13.6319,41.8123],[13.6346,41.8207],[13.5947,41.8393],[13.5984,41.8425],[13.561,41.8642],[13.515,41.8791],[13.5099,41.8921],[13.5028,41.8909],[13.4967,41.9002],[13.5083,41.9087],[13.4813,41.9067],[13.4431,41.9516],[13.4211,41.9584],[13.385,41.9442],[13.3566,41.9257],[13.3653,41.9241],[13.384,41.9042],[13.3735,41.8842],[13.3575,41.8694],[13.3673,41.8633],[13.3673,41.8305],[13.3795,41.8174],[13.391,41.8192],[13.3963,41.834],[13.4075,41.8374],[13.4522,41.8227],[13.4697,41.8066],[13.5051,41.8016]]]]}},{"type":"Feature","properties":{"id":"terre-tollesi","name":"Terre Tollesi","full_name":"Terre Tollesi / Tullum","region":"Abruzzo","grapes":["Aglianico","Barbera Bianca","Barbera","Biancame","Bombino Bianco","Cabernet Franc"],"key_appellations":["Terre Tollesi"],"desc":"Terre Tollesi is a protected wine appellation in Abruzzo.","level":"appellation"},"geometry":{"type":"Polygon","coordinates":[[[14.3365,42.3253],[14.3327,42.3398],[14.3419,42.3656],[14.3167,42.3714],[14.3139,42.3659],[14.3049,42.3653],[14.3066,42.3549],[14.2936,42.3395],[14.3019,42.3303],[14.2997,42.3223],[14.3217,42.3205],[14.3365,42.3253]]]}},{"type":"Feature","properties":{"id":"cerasuolo-d-abruzzo","name":"Cerasuolo d'Abruzzo","full_name":"Cerasuolo d'Abruzzo","region":"Abruzzo","grapes":["Aglianico","Barbera","Cabernet Franc","Cabernet Sauvignon","Calabrese","Canaiolo Nero"],"key_appellations":["Cerasuolo d'Abruzzo"],"desc":"Cerasuolo d'Abruzzo is a protected wine appellation in Abruzzo.","level":"appellation"},"geometry":{"type":"MultiPolygon","coordinates":[[[[13.7173,42.0612],[13.7671,41.9988],[13.78,41.9698],[13.8078,41.9583],[13.8185,41.967],[13.8428,41.9598],[13.8651,41.9683],[13.8761,41.9629],[13.8919,41.9402],[13.9169,41.9331],[13.9392,41.9173],[13.9381,41.9082],[13.9438,41.9079],[13.9695,41.9445],[13.99,41.9415],[14.0013,41.9611],[13.9963,41.982],[13.9655,42.01],[13.9708,42.0169],[13.9772,42.0208],[13.9894,42.0162],[13.9985,42.0246],[14.0352,42.0211],[14.0746,42.0339],[14.0906,42.0327],[14.0906,42.0409],[14.1041,42.0479],[14.1002,42.0746],[14.083,42.0873],[14.0306,42.0829],[14.0061,42.0731],[13.9926,42.0919],[13.9685,42.1101],[13.962,42.1247],[13.9345,42.1304],[13.9104,42.1435],[13.9048,42.1484],[13.9053,42.16],[13.9177,42.1583],[13.9221,42.1662],[13.9602,42.1822],[13.9566,42.1892],[13.9654,42.2125],[14.0044,42.1966],[13.9939,42.2192],[14.008,42.237],[14.0303,42.2387],[14.0424,42.2139],[14.0865,42.196],[14.0961,42.1859],[14.1066,42.1886],[14.0937,42.2009],[14.0945,42.206],[14.1106,42.2105],[14.1216,42.2245],[14.14,42.2243],[14.1588,42.2396],[14.1672,42.2394],[14.1631,42.2345],[14.1801,42.2266],[14.1942,42.2353],[14.2049,42.2245],[14.1983,42.2009],[14.1913,42.2013],[14.187,42.191],[14.1729,42.1807],[14.1634,42.1824],[14.1597,42.1749],[14.1385,42.1711],[14.1346,42.1609],[14.1563,42.1589],[14.2032,42.18],[14.2361,42.1682],[14.2173,42.1539],[14.2557,42.1332],[14.2535,42.1172],[14.236,42.1048],[14.2511,42.0905],[14.2463,42.0774],[14.2759,42.0837],[14.2968,42.0816],[14.2959,42.1007],[14.3211,42.1044],[14.3106,42.0903],[14.3489,42.0817],[14.3439,42.066],[14.3522,42.059],[14.3445,42.0566],[14.3478,42.0516],[14.3434,42.0351],[14.3603,42.0019],[14.3844,42.0087],[14.3918,41.9982],[14.4059,41.9996],[14.411,41.9836],[14.4211,41.9931],[14.4546,42.0019],[14.4731,42.0145],[14.4838,42.0138],[14.4923,42.0087],[14.4908,42.0001],[14.5097,41.9784],[14.4876,41.9719],[14.4961,41.9577],[14.5105,41.9525],[14.5111,41.9568],[14.5348,41.9657],[14.5805,41.961],[14.5587,41.9382],[14.5835,41.91],[14.5629,41.9098],[14.5528,41.8996],[14.5717,41.8973],[14.5674,41.8889],[14.5556,41.8845],[14.5647,41.8603],[14.593,41.8483],[14.6179,41.8914],[14.6051,41.9],[14.599,41.9151],[14.6021,41.9371],[14.6042,41.9428],[14.6204,41.9438],[14.624,41.9634],[14.6349,41.9724],[14.6725,41.9497],[14.7272,42.0032],[14.7642,42.0173],[14.7829,42.034],[14.7607,42.0423],[14.7796,42.07],[14.7421,42.086],[14.7183,42.1057],[14.7232,42.126],[14.7167,42.1719],[14.7119,42.1775],[14.7104,42.1723],[14.7096,42.1786],[14.7022,42.1738],[14.621,42.199],[14.5134,42.249],[14.501,42.2608],[14.5023,42.2721],[14.4261,42.3256],[14.4262,42.335],[14.4133,42.3429],[14.4088,42.3578],[14.4239,42.3511],[14.4197,42.355],[14.254,42.4448],[14.2278,42.4678],[14.2342,42.4676],[14.2291,42.4697],[14.2247,42.4671],[14.2066,42.4777],[14.1095,42.5626],[14.062,42.6181],[13.9915,42.7165],[13.9742,42.7511],[13.9796,42.7555],[13.9717,42.7523],[13.9777,42.7552],[13.9654,42.7614],[13.9445,42.8033],[13.9204,42.8934],[13.9103,42.8948],[13.8803,42.8908],[13.8769,42.8947],[13.8749,42.8888],[13.8221,42.8796],[13.778,42.8604],[13.7225,42.8553],[13.7066,42.8493],[13.7109,42.8433],[13.6995,42.8228],[13.6636,42.8071],[13.6355,42.8033],[13.6244,42.8165],[13.6016,42.8064],[13.5843,42.8076],[13.5739,42.7989],[13.6119,42.7417],[13.601,42.7155],[13.6094,42.6994],[13.6054,42.6967],[13.6526,42.6625],[13.6666,42.6668],[13.675,42.6625],[13.6758,42.652],[13.6502,42.647],[13.6382,42.6334],[13.5862,42.6348],[13.5828,42.6264],[13.5873,42.617],[13.5814,42.6074],[13.5645,42.6047],[13.5674,42.586],[13.5795,42.574],[13.5758,42.5677],[13.5994,42.5195],[13.5693,42.4889],[13.5641,42.4625],[13.5712,42.4537],[13.6007,42.4542],[13.6781,42.439],[13.6831,42.4423],[13.6856,42.4614],[13.6936,42.4646],[13.6892,42.4696],[13.7006,42.4917],[13.6897,42.5023],[13.6949,42.507],[13.6873,42.5096],[13.6936,42.5159],[13.7463,42.5282],[13.7667,42.524],[13.7713,42.5136],[13.7997,42.5157],[13.8129,42.5047],[13.8059,42.474],[13.7968,42.4691],[13.7901,42.4517],[13.772,42.4378],[13.7653,42.4201],[13.7764,42.4139],[13.7877,42.3913],[13.7979,42.3882],[13.8086,42.3787],[13.8093,42.3725],[13.7946,42.3819],[13.7855,42.3785],[13.7774,42.3858],[13.7574,42.3822],[13.7485,42.388],[13.7524,42.3934],[13.7424,42.4051],[13.7356,42.4012],[13.7354,42.3896],[13.7693,42.3614],[13.7406,42.3528],[13.7191,42.3368],[13.7423,42.3047],[13.729,42.3073],[13.7196,42.3026],[13.7301,42.2835],[13.7185,42.2774],[13.7252,42.2709],[13.7347,42.2728],[13.7599,42.2497],[13.7988,42.2411],[13.808,42.2276],[13.8005,42.2102],[13.8107,42.196],[13.7961,42.1828],[13.8008,42.1748],[13.797,42.1753],[13.7994,42.1681],[13.7944,42.1607],[13.7804,42.1457],[13.7741,42.1463],[13.767,42.1606],[13.755,42.1684],[13.7499,42.1892],[13.7065,42.2101],[13.704,42.2186],[13.7084,42.2218],[13.6871,42.2263],[13.6712,42.2221],[13.6546,42.2318],[13.6448,42.2316],[13.6344,42.2433],[13.6348,42.25],[13.6155,42.2552],[13.6028,42.2689],[13.5782,42.279],[13.5758,42.2869],[13.5851,42.2918],[13.5869,42.2997],[13.5584,42.3102],[13.5656,42.3375],[13.5618,42.342],[13.5519,42.3414],[13.5496,42.3296],[13.5165,42.3135],[13.4995,42.3135],[13.4905,42.3207],[13.471,42.3099],[13.4835,42.2905],[13.4977,42.2841],[13.4925,42.2725],[13.5071,42.2716],[13.529,42.2539],[13.5394,42.2519],[13.5397,42.2428],[13.5582,42.2331],[13.5684,42.2089],[13.5956,42.1842],[13.5691,42.1643],[13.6411,42.1298],[13.6523,42.1203],[13.644,42.1027],[13.6562,42.0902],[13.6884,42.0882],[13.6937,42.072],[13.7173,42.0612]],[[13.8093,42.3725],[13.824,42.4078],[13.8375,42.3958],[13.85,42.4002],[13.8682,42.3915],[13.8823,42.3737],[13.8698,42.3726],[13.8563,42.3623],[13.8521,42.3734],[13.8403,42.3822],[13.8248,42.3802],[13.8128,42.3683],[13.8093,42.3725]],[[13.8128,42.3683],[13.8212,42.3609],[13.835,42.3736],[13.8384,42.3596],[13.8717,42.3548],[13.872,42.3422],[13.8827,42.3393],[13.8688,42.3316],[13.8693,42.3245],[13.8245,42.3161],[13.8045,42.3344],[13.8072,42.3462],[13.7991,42.3658],[13.8128,42.3683]],[[14.3908,42.0397],[14.4006,42.0522],[14.414,42.0568],[14.4356,42.0561],[14.4608,42.042],[14.4606,42.0341],[14.4508,42.0333],[14.4573,42.0214],[14.4446,42.0162],[14.4453,42.0053],[14.4407,42.0078],[14.4287,41.9976],[14.4198,41.9993],[14.4206,42.0049],[14.405,42.0043],[14.4039,42.0101],[14.3865,42.0172],[14.3921,42.0262],[14.3908,42.0397]]],[[[13.5051,41.8016],[13.5216,41.7798],[13.5205,41.7729],[13.5739,41.7543],[13.5861,41.7664],[13.6288,41.7813],[13.6429,41.7928],[13.6319,41.8123],[13.6346,41.8207],[13.5947,41.8393],[13.5984,41.8425],[13.561,41.8642],[13.515,41.8791],[13.5099,41.8921],[13.5028,41.8909],[13.4967,41.9002],[13.5083,41.9087],[13.4813,41.9067],[13.4431,41.9516],[13.4211,41.9584],[13.385,41.9442],[13.3566,41.9257],[13.3653,41.9241],[13.384,41.9042],[13.3735,41.8842],[13.3575,41.8694],[13.3673,41.8633],[13.3673,41.8305],[13.3795,41.8174],[13.391,41.8192],[13.3963,41.834],[13.4075,41.8374],[13.4522,41.8227],[13.4697,41.8066],[13.5051,41.8016]]]]}},{"type":"Feature","properties":{"id":"casteller","name":"Casteller","full_name":"Casteller","region":"Trentino-Alto Adige","grapes":["Lagrein","Lambrusco A Foglia Frastagliata","Merlot","Schiava Gentile","Schiava Grossa","Teroldego"],"key_appellations":["Casteller"],"desc":"Casteller is a protected wine appellation in Trentino-Alto Adige.","level":"appellation"},"geometry":{"type":"MultiPolygon","coordinates":[[[[10.9254,45.6984],[10.912,45.6883],[10.9202,45.6803],[10.943,45.6731],[10.95,45.6849],[10.9641,45.6875],[10.9722,45.7018],[10.975,45.6959],[10.9684,45.6801],[10.9902,45.6909],[10.9889,45.695],[10.998,45.6991],[10.9927,45.708],[11.0076,45.7104],[11.0115,45.7189],[11.0176,45.7183],[11.0165,45.7057],[11.0418,45.7062],[11.0567,45.7184],[11.0942,45.6928],[11.1141,45.6967],[11.1225,45.6952],[11.1226,45.6891],[11.1383,45.6971],[11.1441,45.7201],[11.1021,45.7391],[11.0993,45.7566],[11.0853,45.7708],[11.084,45.7802],[11.0718,45.7864],[11.0527,45.8251],[11.0533,45.8497],[11.0614,45.862],[11.0596,45.8796],[11.0678,45.8712],[11.0724,45.835],[11.0821,45.8231],[11.1019,45.8289],[11.1164,45.8246],[11.127,45.8138],[11.1449,45.8195],[11.1518,45.8067],[11.1474,45.8016],[11.1592,45.7919],[11.1901,45.7816],[11.2044,45.7838],[11.1929,45.7955],[11.1984,45.8011],[11.1895,45.8049],[11.1889,45.8136],[11.1987,45.8242],[11.1844,45.8162],[11.1781,45.819],[11.1838,45.8379],[11.1719,45.8357],[11.1576,45.8506],[11.1363,45.8556],[11.1162,45.8728],[11.0913,45.8699],[11.1078,45.8877],[11.124,45.8939],[11.1184,45.901],[11.1242,45.9217],[11.1652,45.9431],[11.1855,45.9446],[11.1826,45.9523],[11.1933,45.9633],[11.1574,45.9777],[11.1574,46.0005],[11.1666,46.0045],[11.1589,46.0181],[11.1827,46.0257],[11.1878,46.0321],[11.2029,46.0317],[11.2206,46.0119],[11.2761,46.011],[11.2648,46.0282],[11.2721,46.0228],[11.2771,46.0266],[11.2731,46.0304],[11.2834,46.0367],[11.26,46.0491],[11.2583,46.0573],[11.2673,46.0602],[11.2536,46.0621],[11.2702,46.0743],[11.2835,46.0719],[11.2853,46.0847],[11.2695,46.0913],[11.2668,46.1045],[11.2252,46.0898],[11.2198,46.0954],[11.2211,46.1097],[11.1997,46.106],[11.1886,46.1106],[11.1868,46.1177],[11.2123,46.1495],[11.21,46.1545],[11.2344,46.1694],[11.2515,46.166],[11.2642,46.1728],[11.2838,46.17],[11.3225,46.1947],[11.3136,46.2155],[11.3035,46.2219],[11.3214,46.2448],[11.3097,46.2571],[11.2908,46.2616],[11.2467,46.2303],[11.2065,46.2198],[11.1837,46.2258],[11.1724,46.2379],[11.1861,46.2527],[11.197,46.2459],[11.2025,46.2554],[11.1979,46.2597],[11.1747,46.2593],[11.1498,46.28],[11.115,46.2901],[11.0707,46.2805],[11.0621,46.2705],[11.0658,46.2679],[11.0584,46.2466],[11.0625,46.2328],[11.0691,46.2311],[11.0629,46.2262],[11.0739,46.2036],[11.0686,46.1995],[11.0903,46.1998],[11.0841,46.1776],[11.0709,46.1677],[11.0619,46.1719],[11.0559,46.1687],[11.0472,46.1417],[11.037,46.1418],[11.0493,46.1758],[11.0277,46.1686],[11.0209,46.1513],[10.9863,46.1387],[10.9677,46.1141],[10.9679,46.1001],[10.9557,46.0941],[10.9449,46.0736],[10.9314,46.0642],[10.9304,46.0556],[10.9284,46.0622],[10.9205,46.0642],[10.9408,46.0369],[10.9148,46.0237],[10.9106,46.0015],[10.8982,45.9881],[10.8921,45.9899],[10.8847,45.9769],[10.8709,45.9727],[10.8599,45.9537],[10.8416,45.9552],[10.8361,45.9612],[10.8066,45.9578],[10.7659,45.9643],[10.7726,45.948],[10.7636,45.9324],[10.7683,45.906],[10.785,45.9009],[10.7897,45.8909],[10.8193,45.8843],[10.8245,45.8787],[10.8211,45.8759],[10.8293,45.8717],[10.858,45.8644],[10.8532,45.8554],[10.8273,45.862],[10.8098,45.8532],[10.7988,45.836],[10.8259,45.8377],[10.8876,45.8116],[10.8768,45.8033],[10.8726,45.788],[10.8854,45.7756],[10.8772,45.7724],[10.8765,45.7644],[10.867,45.7642],[10.8627,45.7437],[10.8498,45.7356],[10.8439,45.7186],[10.885,45.7165],[10.9254,45.6984]],[[10.9635,45.9202],[10.9829,45.9201],[10.9779,45.9075],[10.9837,45.8985],[10.9708,45.8825],[10.9431,45.8767],[10.9404,45.8859],[10.9241,45.8892],[10.9312,45.9024],[10.9635,45.9202]]],[[[11.3076,46.0492],[11.3345,46.05],[11.3116,46.0617],[11.302,46.0611],[11.3076,46.0492]]]]}},{"type":"Feature","properties":{"id":"teroldego-rotaliano","name":"Teroldego Rotaliano","full_name":"Teroldego Rotaliano","region":"Trentino-Alto Adige","grapes":["Teroldego"],"key_appellations":["Teroldego Rotaliano"],"desc":"Teroldego Rotaliano is a protected wine appellation in Trentino-Alto Adige.","level":"appellation"},"geometry":{"type":"Polygon","coordinates":[[[11.1139,46.1812],[11.1113,46.1747],[11.1213,46.1761],[11.1228,46.1821],[11.1361,46.1805],[11.1488,46.2223],[11.1758,46.2311],[11.1685,46.2389],[11.1803,46.2482],[11.163,46.2377],[11.1557,46.2424],[11.1601,46.2462],[11.1513,46.2502],[11.1563,46.256],[11.1331,46.2588],[11.1177,46.2428],[11.0917,46.2433],[11.0629,46.2262],[11.0739,46.2036],[11.0682,46.2012],[11.0708,46.1966],[11.0903,46.1998],[11.0839,46.1818],[11.0928,46.1777],[11.1139,46.1812]]]}},{"type":"Feature","properties":{"id":"frascati","name":"Frascati","full_name":"Frascati","region":"Lazio","grapes":["Bellone","Bombino Bianco","Greco Bianco","Malvasia Bianca Di Candia","Malvasia Del Lazio","Trebbiano Giallo"],"key_appellations":["Frascati"],"desc":"Frascati is a protected wine appellation in Lazio.","level":"appellation"},"geometry":{"type":"MultiPolygon","coordinates":[[[[12.7593,41.8187],[12.7403,41.8334],[12.7476,41.8355],[12.7389,41.843],[12.7444,41.8675],[12.7262,41.8849],[12.7368,41.8933],[12.7355,41.8993],[12.7757,41.9116],[12.8452,41.8674],[12.8469,41.8728],[12.8559,41.8732],[12.8427,41.8787],[12.8512,41.886],[12.8438,41.8937],[12.8284,41.8896],[12.7977,41.9035],[12.7999,41.9094],[12.8065,41.9081],[12.8071,41.9166],[12.7712,41.9294],[12.7532,41.9218],[12.7358,41.9332],[12.7276,41.9278],[12.7002,41.9378],[12.6825,41.9306],[12.6753,41.933],[12.6696,41.9266],[12.656,41.9313],[12.6555,41.9424],[12.6451,41.9417],[12.6434,41.9574],[12.627,41.959],[12.6109,41.9703],[12.6183,41.9903],[12.5966,42.0016],[12.6085,42.0118],[12.6018,42.0194],[12.6128,42.0205],[12.6148,42.0294],[12.5826,42.0463],[12.5795,42.0554],[12.5652,42.0636],[12.562,42.0775],[12.5474,42.073],[12.5446,42.0772],[12.5336,42.0659],[12.526,42.0722],[12.5225,42.0663],[12.5046,42.0693],[12.4963,42.0662],[12.494,42.0576],[12.4862,42.0731],[12.4763,42.0748],[12.4826,42.0631],[12.4536,42.0586],[12.4571,42.0501],[12.4521,42.0414],[12.4458,42.0466],[12.4302,42.0448],[12.4279,42.0522],[12.4045,42.0594],[12.4132,42.0431],[12.4245,42.0382],[12.4284,42.0253],[12.3915,42.0406],[12.383,42.0552],[12.3729,42.0553],[12.3737,42.0801],[12.391,42.0861],[12.3915,42.0951],[12.3438,42.1039],[12.3381,42.094],[12.3167,42.0862],[12.3218,42.0747],[12.3082,42.0593],[12.2966,42.0617],[12.2971,42.0545],[12.2767,42.0622],[12.2619,42.0597],[12.2636,42.0188],[12.2429,42.0175],[12.249,41.9727],[12.2639,41.9762],[12.2694,41.9672],[12.3044,41.9639],[12.2926,41.942],[12.2709,41.9241],[12.2564,41.8964],[12.237,41.8846],[12.2609,41.8649],[12.2649,41.853],[12.317,41.7977],[12.2818,41.7849],[12.2784,41.7668],[12.2861,41.756],[12.2312,41.7411],[12.3244,41.7098],[12.4161,41.6557],[12.4619,41.6859],[12.4951,41.6941],[12.5094,41.6865],[12.5531,41.7116],[12.5748,41.7145],[12.592,41.6943],[12.6032,41.6914],[12.603,41.7001],[12.6129,41.7089],[12.6042,41.7065],[12.6003,41.7197],[12.5922,41.72],[12.5901,41.7268],[12.597,41.726],[12.5931,41.7328],[12.6,41.7392],[12.5844,41.7396],[12.59,41.7485],[12.5825,41.7538],[12.5967,41.7586],[12.5835,41.7594],[12.5903,41.7855],[12.5993,41.7972],[12.588,41.8082],[12.5934,41.812],[12.5863,41.8216],[12.6045,41.8078],[12.6305,41.8055],[12.6493,41.7757],[12.672,41.777],[12.6817,41.7713],[12.6969,41.7827],[12.7393,41.7783],[12.7374,41.7861],[12.7599,41.8078],[12.7593,41.8187]]],[[[12.6835,41.7689],[12.6755,41.7596],[12.6805,41.7557],[12.6944,41.7583],[12.6835,41.7689]]],[[[12.3069,42.1039],[12.316,42.1143],[12.3367,42.1124],[12.3368,42.1226],[12.3073,42.1409],[12.3007,42.1353],[12.2855,42.1362],[12.2818,42.1124],[12.3016,42.1119],[12.3069,42.1039]]]]}},{"type":"Feature","properties":{"id":"genazzano","name":"Genazzano","full_name":"Genazzano","region":"Lazio","grapes":["Abbuoto","Aglianico","Alicante","Ancellotta","Barbera","Bellone"],"key_appellations":["Genazzano"],"desc":"Genazzano is a protected wine appellation in Lazio.","level":"appellation"},"geometry":{"type":"Polygon","coordinates":[[[13.0562,41.729],[13.0644,41.7309],[13.0662,41.7248],[13.0869,41.719],[13.0821,41.7263],[13.0858,41.7403],[13.0763,41.7461],[13.0692,41.7408],[13.0626,41.7431],[13.0674,41.7514],[13.0866,41.7571],[13.0887,41.7644],[13.1011,41.7691],[13.0978,41.7762],[13.0867,41.78],[13.1078,41.7923],[13.1054,41.8152],[13.0925,41.8123],[13.0825,41.8245],[13.0679,41.8292],[13.0717,41.8542],[13.0605,41.8511],[13.0598,41.8598],[13.0477,41.8596],[13.0375,41.872],[13.0312,41.8682],[13.0224,41.8752],[13.0045,41.8642],[12.9926,41.9028],[12.954,41.8881],[12.9542,41.8763],[12.9696,41.8613],[12.9646,41.8551],[12.9636,41.8335],[12.9576,41.8264],[12.9451,41.8243],[12.9251,41.8309],[12.9246,41.8365],[12.9155,41.8353],[12.9035,41.8209],[12.9094,41.7974],[12.9349,41.7869],[12.9372,41.7918],[12.9422,41.787],[12.9589,41.7867],[12.9833,41.7669],[13.0066,41.7706],[13.0264,41.7475],[13.0556,41.7402],[13.0562,41.729]]]}},{"type":"Feature","properties":{"id":"trento","name":"Trento","full_name":"Trento","region":"Trentino-Alto Adige","grapes":["Chardonnay","Meunier","Pinot Bianco","Pinot Nero"],"key_appellations":["Trento"],"desc":"Trento is a protected wine appellation in Trentino-Alto Adige.","level":"appellation"},"geometry":{"type":"MultiPolygon","coordinates":[[[[10.926,45.6991],[10.912,45.6883],[10.9202,45.6803],[10.943,45.6731],[10.95,45.6849],[10.9641,45.6875],[10.9722,45.7018],[10.975,45.6959],[10.9684,45.6801],[10.9902,45.6909],[10.9889,45.695],[10.998,45.6991],[10.9927,45.708],[11.0076,45.7104],[11.0115,45.7189],[11.0176,45.7183],[11.0165,45.7057],[11.0272,45.7047],[11.0418,45.7062],[11.0562,45.7184],[11.0942,45.6928],[11.1141,45.6967],[11.1225,45.6952],[11.1226,45.6891],[11.1379,45.6965],[11.1387,45.7093],[11.1459,45.7169],[11.1783,45.7365],[11.1751,45.7491],[11.1806,45.7657],[11.1736,45.7867],[11.1901,45.7816],[11.2044,45.7838],[11.1935,45.7939],[11.1992,45.7999],[11.1902,45.8029],[11.1889,45.8136],[11.2028,45.827],[11.2191,45.8327],[11.2219,45.849],[11.2127,45.8701],[11.204,45.876],[11.1887,45.8785],[11.1793,45.8878],[11.1599,45.8864],[11.124,45.8939],[11.1184,45.901],[11.1242,45.9217],[11.1652,45.9431],[11.1855,45.9446],[11.1933,45.938],[11.2666,45.9656],[11.3153,45.9607],[11.3201,45.9505],[11.3309,45.946],[11.3818,45.9425],[11.3738,45.9835],[11.4468,45.9809],[11.4681,45.9976],[11.4826,45.9982],[11.4888,46.0082],[11.5003,46.0109],[11.5389,46.0133],[11.567,46.0057],[11.5846,46.0092],[11.5998,46.0323],[11.5816,46.0452],[11.5841,46.0628],[11.571,46.0662],[11.5629,46.0753],[11.5455,46.0723],[11.5385,46.0828],[11.5561,46.1058],[11.5558,46.1258],[11.5695,46.1281],[11.5741,46.1349],[11.5646,46.1376],[11.5709,46.1459],[11.56,46.1685],[11.5378,46.1813],[11.5253,46.1619],[11.5207,46.1711],[11.4984,46.1857],[11.4587,46.1724],[11.44,46.1753],[11.4157,46.1639],[11.3882,46.1674],[11.3716,46.1574],[11.3889,46.1364],[11.4028,46.1323],[11.3993,46.1254],[11.4202,46.1239],[11.4302,46.1023],[11.4496,46.0897],[11.4651,46.0704],[11.4607,46.0633],[11.4346,46.0628],[11.427,46.0575],[11.4271,46.0647],[11.4153,46.0666],[11.4161,46.0716],[11.3885,46.0873],[11.385,46.095],[11.3597,46.0943],[11.3345,46.05],[11.3116,46.0617],[11.302,46.0611],[11.3076,46.0492],[11.2991,46.0359],[11.2771,46.0266],[11.2731,46.0304],[11.2834,46.0367],[11.26,46.0491],[11.2583,46.0573],[11.2673,46.0602],[11.2536,46.0621],[11.2633,46.0715],[11.2864,46.0755],[11.2822,46.081],[11.2853,46.0847],[11.2695,46.0913],[11.2668,46.1045],[11.2252,46.0898],[11.2198,46.0954],[11.2211,46.1097],[11.1997,46.106],[11.1886,46.1106],[11.1868,46.1177],[11.2123,46.1495],[11.21,46.1545],[11.2344,46.1694],[11.2515,46.166],[11.2642,46.1728],[11.2838,46.17],[11.3225,46.1947],[11.3136,46.2155],[11.3035,46.2219],[11.3214,46.2448],[11.3057,46.2588],[11.2908,46.2616],[11.2467,46.2303],[11.2065,46.2198],[11.1837,46.2258],[11.1724,46.2379],[11.1861,46.2527],[11.197,46.2459],[11.2025,46.2554],[11.1979,46.2597],[11.1747,46.2593],[11.1498,46.28],[11.115,46.2901],[11.0707,46.2805],[11.0621,46.2705],[11.0658,46.2679],[11.0583,46.2475],[11.0618,46.2346],[11.043,46.2325],[11.0364,46.2236],[11.0276,46.226],[11.0325,46.2187],[11.0,46.2065],[10.9919,46.2098],[10.9708,46.2023],[10.9654,46.2125],[10.9698,46.2156],[10.9514,46.213],[10.9522,46.204],[10.9333,46.1968],[10.9304,46.1896],[10.9483,46.1764],[10.9625,46.1777],[10.9683,46.1861],[11.0105,46.1885],[11.0289,46.2018],[11.0392,46.1914],[11.0566,46.1905],[11.0656,46.2058],[11.0714,46.1963],[11.0903,46.1998],[11.0841,46.1776],[11.0709,46.1677],[11.0619,46.1719],[11.0559,46.1687],[11.0459,46.1414],[11.037,46.1418],[11.0378,46.1538],[11.0518,46.1752],[11.0291,46.1697],[11.0209,46.1513],[10.994,46.1436],[10.9763,46.1198],[10.9462,46.1089],[10.9417,46.1129],[10.9577,46.127],[10.9491,46.131],[10.9569,46.1348],[10.952,46.1401],[10.93,46.1463],[10.929,46.1383],[10.9197,46.15],[10.8672,46.1548],[10.8564,46.1616],[10.8463,46.1806],[10.8222,46.1881],[10.8159,46.1822],[10.8139,46.1556],[10.8034,46.1486],[10.7931,46.1302],[10.7872,46.1101],[10.7912,46.0997],[10.7846,46.0873],[10.8093,46.0856],[10.8196,46.0603],[10.8146,46.0538],[10.8031,46.052],[10.8036,46.0449],[10.7893,46.0443],[10.7877,46.0362],[10.7751,46.0347],[10.7755,46.0166],[10.7811,46.0132],[10.7513,45.9972],[10.7496,45.9739],[10.7609,45.966],[10.7694,45.9727],[10.7772,45.9716],[10.8013,45.9963],[10.8099,45.998],[10.8171,45.9906],[10.824,46.0102],[10.8329,46.0178],[10.8584,46.0221],[10.8513,46.0111],[10.8612,46.0078],[10.8613,45.9997],[10.855,45.9885],[10.8336,45.9755],[10.8361,45.9612],[10.8066,45.9578],[10.7659,45.9643],[10.7726,45.948],[10.7636,45.9324],[10.7683,45.9204],[10.7637,45.9124],[10.7728,45.9029],[10.785,45.9009],[10.7897,45.8909],[10.8081,45.8834],[10.8169,45.8855],[10.8293,45.8717],[10.858,45.8644],[10.8532,45.8554],[10.8273,45.862],[10.8098,45.8532],[10.7988,45.836],[10.8259,45.8377],[10.8876,45.8116],[10.8768,45.8033],[10.8726,45.788],[10.8854,45.7756],[10.8772,45.7724],[10.8765,45.7644],[10.867,45.7642],[10.8627,45.7437],[10.8498,45.7356],[10.8439,45.7186],[10.885,45.7165],[10.926,45.6991]],[[10.9635,45.9202],[10.9829,45.9201],[10.9779,45.9075],[10.9837,45.8985],[10.9708,45.8825],[10.9431,45.8767],[10.9404,45.8859],[10.9241,45.8892],[10.9312,45.9024],[10.9635,45.9202]],[[11.2344,46.0095],[11.2603,46.0048],[11.2619,46.002],[11.237,45.9853],[11.2321,45.9953],[11.2344,46.0095]],[[11.5343,46.0786],[11.5175,46.073],[11.5142,46.1052],[11.5311,46.1033],[11.5343,46.0786]]],[[[10.6037,45.8253],[10.6272,45.821],[10.6327,45.8126],[10.6439,45.8291],[10.6281,45.8324],[10.6372,45.8419],[10.6164,45.8626],[10.567,45.8648],[10.5246,45.8855],[10.5262,45.8968],[10.5218,45.9017],[10.5062,45.9034],[10.4921,45.8971],[10.4969,45.8928],[10.491,45.8823],[10.5041,45.8742],[10.5016,45.8586],[10.5079,45.841],[10.502,45.8322],[10.5086,45.8236],[10.5289,45.8266],[10.5434,45.8157],[10.5782,45.8093],[10.5908,45.8116],[10.6037,45.8253]]]]}},{"type":"Feature","properties":{"id":"marino","name":"Marino","full_name":"Marino","region":"Lazio","grapes":["Bellone","Biancolella","Bombino Bianco","Canaiolo Bianco","Capolongo","Falanghina"],"key_appellations":["Marino"],"desc":"Marino is a protected wine appellation in Lazio.","level":"appellation"},"geometry":{"type":"MultiPolygon","coordinates":[[[[12.6358,41.7933],[12.6425,41.7981],[12.6535,41.7922],[12.6369,41.8037],[12.6385,41.8099],[12.626,41.8213],[12.6308,41.8287],[12.6517,41.8162],[12.6608,41.8184],[12.6385,41.831],[12.6532,41.8316],[12.6512,41.8502],[12.6638,41.8409],[12.6538,41.8525],[12.6687,41.8482],[12.676,41.8522],[12.683,41.8486],[12.682,41.839],[12.6908,41.8453],[12.6977,41.8373],[12.6969,41.8425],[12.7016,41.8426],[12.7075,41.8337],[12.7161,41.8414],[12.7245,41.8372],[12.7264,41.8268],[12.7425,41.8312],[12.7349,41.8469],[12.7053,41.8655],[12.6972,41.8906],[12.7284,41.8865],[12.7368,41.8933],[12.7355,41.8993],[12.7757,41.9116],[12.8022,41.8989],[12.8431,41.868],[12.8555,41.8723],[12.8427,41.8787],[12.8512,41.886],[12.8438,41.8937],[12.8284,41.8896],[12.7977,41.9035],[12.7999,41.9094],[12.8065,41.9081],[12.8071,41.9166],[12.7712,41.9294],[12.7532,41.9218],[12.7358,41.9332],[12.7276,41.9278],[12.7002,41.9378],[12.6825,41.9306],[12.6753,41.933],[12.6696,41.9266],[12.656,41.9313],[12.6555,41.9424],[12.6451,41.9417],[12.6434,41.9574],[12.627,41.959],[12.6109,41.9703],[12.6183,41.9903],[12.5966,42.0016],[12.6085,42.0118],[12.6018,42.0194],[12.6128,42.0205],[12.6148,42.0294],[12.5826,42.0463],[12.5795,42.0554],[12.5652,42.0636],[12.562,42.0775],[12.5474,42.073],[12.5446,42.0772],[12.5336,42.0659],[12.526,42.0722],[12.5225,42.0663],[12.5046,42.0693],[12.4963,42.0662],[12.494,42.0576],[12.4862,42.0731],[12.4763,42.0748],[12.4826,42.0631],[12.4536,42.0586],[12.4571,42.0501],[12.4521,42.0414],[12.4458,42.0466],[12.4302,42.0448],[12.4279,42.0522],[12.4045,42.0594],[12.4132,42.0431],[12.4245,42.0382],[12.4288,42.0253],[12.3915,42.0406],[12.383,42.0552],[12.3729,42.0553],[12.3737,42.0801],[12.3928,42.0907],[12.3776,42.1006],[12.3589,42.0979],[12.3438,42.1039],[12.3381,42.094],[12.3167,42.0862],[12.3218,42.0747],[12.3082,42.0593],[12.2948,42.0608],[12.2971,42.0545],[12.2767,42.0622],[12.2619,42.0597],[12.2636,42.0188],[12.2424,42.0144],[12.2452,41.9886],[12.2516,41.9791],[12.249,41.9727],[12.2639,41.9762],[12.2694,41.9672],[12.3044,41.9639],[12.2926,41.942],[12.2709,41.9241],[12.2564,41.8964],[12.237,41.8846],[12.2609,41.8649],[12.2649,41.853],[12.317,41.7977],[12.2818,41.7849],[12.2784,41.7668],[12.2861,41.756],[12.2335,41.7393],[12.2579,41.7354],[12.3244,41.7098],[12.4161,41.6557],[12.4619,41.6859],[12.4951,41.6941],[12.5094,41.6865],[12.5531,41.7116],[12.5748,41.7145],[12.5998,41.6901],[12.6129,41.7089],[12.6042,41.7065],[12.6003,41.7197],[12.5922,41.72],[12.5901,41.7268],[12.6071,41.7327],[12.6117,41.7249],[12.6208,41.726],[12.6358,41.7301],[12.6338,41.7381],[12.6473,41.7396],[12.6544,41.7333],[12.6852,41.7365],[12.6861,41.7523],[12.6755,41.7596],[12.684,41.7724],[12.6493,41.7757],[12.6358,41.7933]]],[[[12.3074,42.1042],[12.316,42.1143],[12.3367,42.1124],[12.3368,42.1226],[12.3073,42.1409],[12.3007,42.1353],[12.2855,42.1362],[12.2818,42.1124],[12.3016,42.1119],[12.3074,42.1042]]]]}},{"type":"Feature","properties":{"id":"trentino","name":"Trentino","full_name":"Trentino","region":"Trentino-Alto Adige","grapes":["Bronner","Cabernet Franc","Cabernet Sauvignon","Carmenère","Casetta","Chardonnay"],"key_appellations":["Trentino"],"desc":"Trentino is a protected wine appellation in Trentino-Alto Adige.","level":"appellation"},"geometry":{"type":"MultiPolygon","coordinates":[[[[10.926,45.6991],[10.912,45.6883],[10.9202,45.6803],[10.943,45.6731],[10.95,45.6849],[10.9641,45.6875],[10.9722,45.7018],[10.975,45.6959],[10.9684,45.6801],[10.9902,45.6909],[10.9889,45.695],[10.998,45.6991],[10.9927,45.708],[11.0076,45.7104],[11.0115,45.7189],[11.0176,45.7183],[11.0165,45.7057],[11.0272,45.7047],[11.0418,45.7062],[11.0562,45.7184],[11.0942,45.6928],[11.1141,45.6967],[11.1225,45.6952],[11.1226,45.6891],[11.1379,45.6965],[11.1387,45.7093],[11.1459,45.7169],[11.1783,45.7365],[11.1751,45.7491],[11.1806,45.7657],[11.1736,45.7867],[11.1901,45.7816],[11.2044,45.7838],[11.1935,45.7939],[11.1992,45.7999],[11.1902,45.8029],[11.1889,45.8136],[11.2028,45.827],[11.2191,45.8327],[11.2219,45.849],[11.2127,45.8701],[11.204,45.876],[11.1887,45.8785],[11.1793,45.8878],[11.1599,45.8864],[11.124,45.8939],[11.1184,45.901],[11.1242,45.9217],[11.1652,45.9431],[11.1855,45.9446],[11.1933,45.938],[11.2666,45.9656],[11.3153,45.9607],[11.3201,45.9505],[11.3309,45.946],[11.3818,45.9425],[11.3738,45.9835],[11.4468,45.9809],[11.4681,45.9976],[11.4826,45.9982],[11.4888,46.0082],[11.5003,46.0109],[11.5389,46.0133],[11.567,46.0057],[11.5846,46.0092],[11.5998,46.0323],[11.5816,46.0452],[11.5841,46.0628],[11.571,46.0662],[11.5629,46.0753],[11.5455,46.0723],[11.5385,46.0828],[11.5561,46.1058],[11.5558,46.1258],[11.5695,46.1281],[11.5741,46.1349],[11.5646,46.1376],[11.5709,46.1459],[11.56,46.1685],[11.5378,46.1813],[11.5253,46.1619],[11.5207,46.1711],[11.4984,46.1857],[11.4587,46.1724],[11.44,46.1753],[11.4157,46.1639],[11.3882,46.1674],[11.3716,46.1574],[11.3889,46.1364],[11.4028,46.1323],[11.3993,46.1254],[11.4202,46.1239],[11.4302,46.1023],[11.4496,46.0897],[11.4651,46.0704],[11.4607,46.0633],[11.4346,46.0628],[11.427,46.0575],[11.4271,46.0647],[11.4153,46.0666],[11.4161,46.0716],[11.3885,46.0873],[11.385,46.095],[11.3597,46.0943],[11.3345,46.05],[11.3116,46.0617],[11.302,46.0611],[11.3076,46.0492],[11.2991,46.0359],[11.2771,46.0266],[11.2731,46.0304],[11.2834,46.0367],[11.26,46.0491],[11.2583,46.0573],[11.2673,46.0602],[11.2536,46.0621],[11.2633,46.0715],[11.2864,46.0755],[11.2822,46.081],[11.2853,46.0847],[11.2695,46.0913],[11.2668,46.1045],[11.2252,46.0898],[11.2198,46.0954],[11.2211,46.1097],[11.1997,46.106],[11.1886,46.1106],[11.1868,46.1177],[11.2086,46.1444],[11.223,46.1302],[11.2359,46.1534],[11.2583,46.1578],[11.2579,46.1666],[11.2644,46.1718],[11.2945,46.174],[11.2987,46.1815],[11.3225,46.1947],[11.3136,46.2155],[11.3035,46.2219],[11.3214,46.2448],[11.3161,46.2526],[11.2908,46.2616],[11.2467,46.2303],[11.2065,46.2198],[11.1837,46.2258],[11.1724,46.2379],[11.1861,46.2527],[11.197,46.2459],[11.2025,46.2554],[11.1979,46.2597],[11.1747,46.2593],[11.1498,46.28],[11.115,46.2901],[11.0707,46.2805],[11.0621,46.2705],[11.0658,46.2679],[11.06,46.2425],[11.0133,46.2467],[10.9694,46.2215],[10.9698,46.2156],[10.9508,46.2128],[10.9522,46.204],[10.9333,46.1968],[10.9304,46.1896],[10.9485,46.1764],[10.9625,46.1777],[10.9683,46.1861],[11.0105,46.1885],[11.0289,46.2018],[11.0392,46.1914],[11.0513,46.1896],[11.0636,46.1965],[11.0656,46.2058],[11.0714,46.1963],[11.0903,46.1998],[11.0841,46.1776],[11.0709,46.1677],[11.0619,46.1719],[11.0539,46.1664],[11.0472,46.1417],[11.037,46.1418],[11.0493,46.1758],[11.0277,46.1686],[11.0209,46.1513],[10.9863,46.1387],[10.9677,46.1141],[10.9435,46.1086],[10.9446,46.117],[10.9577,46.127],[10.9491,46.131],[10.9569,46.1348],[10.947,46.1431],[10.93,46.1463],[10.929,46.1383],[10.9197,46.15],[10.8672,46.1548],[10.8564,46.1616],[10.8463,46.1806],[10.8287,46.1828],[10.827,46.1896],[10.8159,46.1822],[10.8145,46.1577],[10.8629,46.1469],[10.8434,46.1357],[10.8478,46.1132],[10.8092,46.1184],[10.8115,46.1053],[10.7877,46.1118],[10.7912,46.0997],[10.7858,46.0846],[10.8093,46.0856],[10.819,46.0669],[10.8146,46.0538],[10.8463,46.0515],[10.858,46.0388],[10.8747,46.0372],[10.9186,46.0643],[10.9407,46.0378],[10.9148,46.0237],[10.9106,46.0015],[10.8982,45.9881],[10.8921,45.9899],[10.8847,45.9769],[10.8709,45.9727],[10.8599,45.9537],[10.8416,45.9552],[10.833,45.9733],[10.8495,45.9889],[10.855,45.9885],[10.8613,45.9997],[10.8612,46.0078],[10.8513,46.0111],[10.8584,46.0221],[10.8433,46.0184],[10.8448,46.0244],[10.8265,46.0332],[10.8328,46.0451],[10.7967,46.0461],[10.7893,46.0443],[10.7877,46.0362],[10.7751,46.0347],[10.7755,46.0166],[10.7805,46.0118],[10.7513,45.9972],[10.7518,45.9698],[10.728,45.9638],[10.7108,45.9541],[10.702,45.9389],[10.6712,45.9299],[10.6485,45.9122],[10.6196,45.9252],[10.6151,45.9169],[10.6059,45.9168],[10.6034,45.9014],[10.5991,45.9011],[10.5852,45.911],[10.562,45.9133],[10.5585,45.9213],[10.5673,45.9168],[10.5766,45.9244],[10.5822,45.9212],[10.5738,45.9326],[10.5428,45.9242],[10.5677,45.9437],[10.5929,45.9419],[10.5994,45.9355],[10.6345,45.9394],[10.6586,45.9626],[10.654,45.9654],[10.655,45.9821],[10.6503,45.9861],[10.6432,45.9748],[10.6276,45.9744],[10.6283,45.966],[10.5874,45.9858],[10.5884,45.9972],[10.5771,46.0112],[10.5711,46.0411],[10.5648,46.0468],[10.5749,46.056],[10.5742,46.0623],[10.5849,46.0686],[10.5932,46.0876],[10.597,46.1066],[10.586,46.1353],[10.5922,46.1486],[10.5477,46.1461],[10.5512,46.1245],[10.5416,46.1033],[10.481,46.0563],[10.4774,46.0513],[10.4847,46.0466],[10.4847,46.0246],[10.4583,46.0104],[10.453,45.9896],[10.4534,45.9765],[10.4887,45.9718],[10.4847,45.9451],[10.5102,45.9186],[10.5077,45.9052],[10.4938,45.8999],[10.4969,45.8928],[10.4901,45.8871],[10.5041,45.8742],[10.5016,45.8586],[10.5079,45.841],[10.5029,45.8297],[10.5086,45.8236],[10.5289,45.8266],[10.5434,45.8157],[10.5774,45.8094],[10.5908,45.8116],[10.6037,45.8253],[10.6271,45.8211],[10.6414,45.8019],[10.6575,45.8225],[10.6536,45.8329],[10.6757,45.8305],[10.6995,45.8417],[10.711,45.8361],[10.7356,45.8427],[10.7564,45.83],[10.7626,45.8396],[10.7747,45.8431],[10.7917,45.8331],[10.8259,45.8377],[10.8876,45.8116],[10.8768,45.8033],[10.8726,45.788],[10.8854,45.7756],[10.8772,45.7724],[10.8765,45.7644],[10.867,45.7642],[10.8627,45.7437],[10.8498,45.7356],[10.8439,45.7186],[10.885,45.7165],[10.926,45.6991]],[[10.9635,45.9202],[10.9829,45.9201],[10.9779,45.9075],[10.9837,45.8985],[10.9708,45.8825],[10.9431,45.8767],[10.9404,45.8859],[10.9241,45.8892],[10.9312,45.9024],[10.9635,45.9202]],[[11.5359,46.0795],[11.5175,46.073],[11.5142,46.1052],[11.5311,46.1033],[11.5359,46.0795]]],[[[11.3441,46.186],[11.3814,46.1851],[11.3848,46.1949],[11.3547,46.2028],[11.3571,46.1942],[11.3441,46.186]]]]}},{"type":"Feature","properties":{"id":"montecompatri-colonna","name":"Montecompatri Colonna","full_name":"Montecompatri Colonna / Montecompatri / Colonna","region":"Lazio","grapes":["Bellone","Biancame","Malvasia Bianca Di Candia","Malvasia Del Lazio","Trebbiano Giallo","Trebbiano Toscano"],"key_appellations":["Montecompatri Colonna"],"desc":"Montecompatri Colonna is a protected wine appellation in Lazio.","level":"appellation"},"geometry":{"type":"MultiPolygon","coordinates":[[[[12.8221,41.8276],[12.8325,41.812],[12.854,41.8312],[12.8407,41.8397],[12.838,41.8511],[12.8145,41.8661],[12.8078,41.8584],[12.7952,41.8671],[12.7786,41.8626],[12.7371,41.8995],[12.7284,41.8865],[12.6972,41.8906],[12.7053,41.8655],[12.7349,41.8469],[12.7406,41.8321],[12.7478,41.8359],[12.7389,41.843],[12.7448,41.8555],[12.7596,41.8631],[12.7723,41.8461],[12.7882,41.8503],[12.7996,41.8289],[12.8221,41.8276]]],[[[12.795,41.7556],[12.8244,41.7502],[12.8409,41.7566],[12.795,41.7556]]],[[[12.7886,41.7592],[12.8088,41.7815],[12.8144,41.7994],[12.8104,41.8061],[12.8019,41.8105],[12.7994,41.8007],[12.7599,41.8078],[12.7593,41.8187],[12.7495,41.8306],[12.7264,41.8268],[12.7239,41.8378],[12.7161,41.8414],[12.7117,41.8379],[12.7267,41.8229],[12.727,41.8093],[12.7212,41.8039],[12.7291,41.782],[12.7638,41.7574],[12.7886,41.7592]]]]}},{"type":"Feature","properties":{"id":"nettuno","name":"Nettuno","full_name":"Nettuno","region":"Lazio","grapes":["Abbuoto","Aglianico","Alicante","Ancellotta","Barbera","Bellone"],"key_appellations":["Nettuno"],"desc":"Nettuno is a protected wine appellation in Lazio.","level":"appellation"},"geometry":{"type":"Polygon","coordinates":[[[12.7647,41.4084],[12.7781,41.4237],[12.7541,41.4458],[12.7387,41.4472],[12.7379,41.4571],[12.7474,41.4591],[12.7479,41.4733],[12.7269,41.4836],[12.7218,41.5048],[12.6809,41.5079],[12.6798,41.5173],[12.6709,41.5262],[12.6525,41.5361],[12.621,41.538],[12.6169,41.5446],[12.5792,41.544],[12.5528,41.534],[12.6053,41.4708],[12.6177,41.4474],[12.6224,41.4447],[12.6353,41.4434],[12.6298,41.4467],[12.6516,41.4558],[12.6749,41.4553],[12.7141,41.4405],[12.7647,41.4084]]]}},{"type":"Feature","properties":{"id":"tarquinia","name":"Tarquinia","full_name":"Tarquinia","region":"Lazio","grapes":["Abbuoto","Aglianico","Alicante","Ancellotta","Barbera","Bellone"],"key_appellations":["Tarquinia"],"desc":"Tarquinia is a protected wine appellation in Lazio.","level":"appellation"},"geometry":{"type":"Polygon","coordinates":[[[12.0284,41.9799],[12.0488,41.9555],[12.0743,41.9486],[12.0914,41.9358],[12.1209,41.9286],[12.1537,41.9039],[12.1831,41.8667],[12.2099,41.8162],[12.2234,41.7832],[12.2182,41.7712],[12.2288,41.7523],[12.2225,41.7439],[12.3244,41.7098],[12.4161,41.6557],[12.4619,41.6859],[12.4951,41.6941],[12.5094,41.6865],[12.5531,41.7116],[12.5748,41.7145],[12.592,41.6943],[12.6032,41.6914],[12.603,41.7001],[12.6129,41.7089],[12.6042,41.7065],[12.6003,41.7197],[12.5922,41.72],[12.5901,41.7268],[12.597,41.726],[12.5931,41.7328],[12.6,41.7392],[12.5844,41.7396],[12.59,41.7485],[12.5825,41.7538],[12.5967,41.7586],[12.5835,41.7594],[12.5903,41.7855],[12.5993,41.7972],[12.5838,41.8201],[12.5913,41.8204],[12.6045,41.8078],[12.6295,41.8062],[12.6516,41.7913],[12.6531,41.7964],[12.6369,41.8037],[12.6385,41.8099],[12.626,41.8213],[12.6308,41.8287],[12.6517,41.8162],[12.6608,41.8184],[12.6385,41.831],[12.6532,41.8316],[12.6512,41.8502],[12.6638,41.8409],[12.6538,41.8525],[12.6687,41.8482],[12.676,41.8522],[12.683,41.8486],[12.682,41.839],[12.6908,41.8453],[12.6977,41.8373],[12.6969,41.8425],[12.7016,41.8426],[12.7075,41.8337],[12.7161,41.8414],[12.7245,41.8372],[12.7264,41.8268],[12.7425,41.8312],[12.7349,41.8469],[12.7053,41.8655],[12.6972,41.8906],[12.7284,41.8865],[12.7368,41.8933],[12.7355,41.8993],[12.7757,41.9116],[12.8022,41.8989],[12.8419,41.8685],[12.8559,41.8732],[12.8427,41.8787],[12.8512,41.886],[12.8438,41.8937],[12.8284,41.8896],[12.7977,41.9035],[12.7999,41.9094],[12.8065,41.9081],[12.8071,41.9166],[12.7712,41.9294],[12.7532,41.9218],[12.7358,41.9332],[12.7276,41.9278],[12.7002,41.9378],[12.6825,41.9306],[12.6753,41.933],[12.6696,41.9266],[12.656,41.9313],[12.6555,41.9424],[12.6451,41.9417],[12.6434,41.9574],[12.627,41.959],[12.6109,41.9703],[12.6183,41.9903],[12.5966,42.0016],[12.6085,42.0118],[12.6018,42.0194],[12.6128,42.0205],[12.6148,42.0294],[12.5826,42.0463],[12.5795,42.0554],[12.5622,42.0682],[12.5627,42.0773],[12.5474,42.073],[12.5446,42.0772],[12.5336,42.0659],[12.526,42.0722],[12.5225,42.0663],[12.5046,42.0693],[12.4963,42.0662],[12.494,42.0576],[12.4862,42.0731],[12.4763,42.0748],[12.4826,42.0631],[12.4536,42.0586],[12.4571,42.0501],[12.451,42.0419],[12.4521,42.0554],[12.4387,42.0765],[12.419,42.0925],[12.4159,42.1106],[12.4258,42.1176],[12.4215,42.1257],[12.4261,42.1374],[12.4041,42.1373],[12.3979,42.1496],[12.3782,42.1635],[12.3788,42.1708],[12.371,42.1738],[12.3536,42.167],[12.3441,42.1525],[12.3323,42.1537],[12.3305,42.1458],[12.3054,42.1509],[12.3066,42.1596],[12.2854,42.1741],[12.2721,42.1731],[12.2722,42.1834],[12.2868,42.2001],[12.289,42.2356],[12.2955,42.2441],[12.2907,42.2501],[12.3054,42.2672],[12.2864,42.2828],[12.2888,42.2878],[12.2728,42.2954],[12.2463,42.2981],[12.2265,42.3085],[12.206,42.3091],[12.1997,42.3037],[12.1459,42.3207],[12.1431,42.3266],[12.1403,42.315],[12.1232,42.3096],[12.1267,42.3036],[12.112,42.2954],[12.1146,42.2883],[12.1078,42.2787],[12.0823,42.2809],[12.064,42.2761],[12.0478,42.2907],[12.0209,42.2978],[12.0011,42.2942],[11.9866,42.28],[11.9702,42.2845],[11.9597,42.2644],[11.9288,42.2551],[11.9333,42.2644],[11.9297,42.2717],[11.902,42.306],[11.9061,42.3064],[11.9082,42.3209],[11.9044,42.3457],[11.9599,42.3814],[11.9542,42.3869],[11.9627,42.4033],[11.9581,42.4059],[11.9592,42.4132],[11.9682,42.4264],[11.9326,42.4179],[11.9226,42.4252],[11.9312,42.4535],[11.9278,42.4827],[11.9044,42.4859],[11.892,42.48],[11.8874,42.4866],[11.838,42.4792],[11.8352,42.4895],[11.8251,42.4914],[11.8219,42.4857],[11.8197,42.4918],[11.8049,42.4865],[11.8081,42.4931],[11.8035,42.4951],[11.7704,42.4742],[11.7623,42.4587],[11.7553,42.4079],[11.7246,42.3848],[11.7188,42.3715],[11.7004,42.3772],[11.6978,42.3872],[11.6761,42.4011],[11.6475,42.4013],[11.6396,42.3895],[11.6311,42.4028],[11.6404,42.4216],[11.6321,42.4281],[11.6284,42.4411],[11.6191,42.4342],[11.5443,42.4421],[11.518,42.4335],[11.4889,42.4394],[11.4811,42.4336],[11.4821,42.4199],[11.4498,42.394],[11.455,42.3881],[11.4499,42.3777],[11.5553,42.3392],[11.6551,42.2772],[11.6958,42.2354],[11.721,42.1869],[11.7391,42.1715],[11.7337,42.1579],[11.7435,42.1493],[11.7551,42.1248],[11.7681,42.1202],[11.7713,42.1103],[11.7823,42.1031],[11.7819,42.0955],[11.7909,42.0919],[11.7807,42.0933],[11.8066,42.0805],[11.8048,42.0738],[11.8145,42.0604],[11.8095,42.0632],[11.8348,42.0294],[11.9155,42.0395],[11.9634,42.0149],[11.9762,41.9981],[12.0284,41.9799]]]}},{"type":"Feature","properties":{"id":"terracina","name":"Terracina","full_name":"Terracina / Moscato di Terracina","region":"Lazio","grapes":["Bellone","Biancolella","Bombino Bianco","Canaiolo Bianco","Capolongo","Falanghina"],"key_appellations":["Terracina"],"desc":"Terracina is a protected wine appellation in Lazio.","level":"appellation"},"geometry":{"type":"Polygon","coordinates":[[[13.2813,41.2972],[13.3026,41.3118],[13.3031,41.3189],[13.3249,41.331],[13.3413,41.3258],[13.3452,41.3365],[13.3466,41.3285],[13.3606,41.324],[13.3672,41.3332],[13.3683,41.3725],[13.3564,41.381],[13.3555,41.3932],[13.3602,41.3978],[13.3516,41.4033],[13.3237,41.4067],[13.3065,41.4025],[13.2943,41.4186],[13.2524,41.4332],[13.2361,41.4505],[13.1942,41.4339],[13.1884,41.4166],[13.1927,41.4057],[13.1695,41.3601],[13.1524,41.3571],[13.0609,41.2851],[13.1116,41.2851],[13.1353,41.2583],[13.1893,41.28],[13.2605,41.2824],[13.2541,41.2838],[13.2532,41.286],[13.2575,41.2838],[13.2664,41.2949],[13.2813,41.2972]]]}},{"type":"Feature","properties":{"id":"velletri","name":"Velletri","full_name":"Velletri","region":"Lazio","grapes":["Abbuoto","Aglianico","Alicante","Ancellotta","Barbera","Bellone"],"key_appellations":["Velletri"],"desc":"Velletri is a protected wine appellation in Lazio.","level":"appellation"},"geometry":{"type":"Polygon","coordinates":[[[12.8893,41.5619],[12.9222,41.5482],[12.9126,41.5611],[12.9378,41.5779],[12.9545,41.5711],[12.9574,41.582],[12.9276,41.6064],[12.8972,41.5956],[12.8721,41.5992],[12.861,41.6061],[12.8578,41.62],[12.8475,41.6277],[12.8647,41.6213],[12.8634,41.641],[12.8572,41.6415],[12.8614,41.6545],[12.8581,41.6648],[12.8398,41.6648],[12.8297,41.6986],[12.8519,41.7153],[12.8551,41.7308],[12.8485,41.7496],[12.8394,41.755],[12.8005,41.751],[12.7729,41.7237],[12.748,41.7313],[12.7193,41.7292],[12.7203,41.7137],[12.7057,41.6914],[12.7165,41.6822],[12.7213,41.6843],[12.7221,41.6792],[12.7403,41.6782],[12.7314,41.6712],[12.7428,41.663],[12.7429,41.6482],[12.7211,41.6471],[12.7169,41.6427],[12.7213,41.6335],[12.7254,41.6432],[12.7333,41.6374],[12.7171,41.6264],[12.7221,41.6166],[12.6975,41.61],[12.6978,41.6029],[12.7032,41.6015],[12.7022,41.5952],[12.7137,41.5935],[12.7407,41.603],[12.7324,41.5813],[12.7462,41.5787],[12.7529,41.5828],[12.7559,41.5727],[12.7512,41.5627],[12.7718,41.557],[12.7711,41.5446],[12.782,41.5447],[12.7905,41.5264],[12.7996,41.5227],[12.7903,41.5054],[12.8022,41.4832],[12.8348,41.4747],[12.8329,41.4928],[12.8382,41.5117],[12.8893,41.5619]]]}},{"type":"Feature","properties":{"id":"vignanello","name":"Vignanello","full_name":"Vignanello","region":"Lazio","grapes":["Abbuoto","Aglianico","Alicante","Ancellotta","Barbera","Bellone"],"key_appellations":["Vignanello"],"desc":"Vignanello is a protected wine appellation in Lazio.","level":"appellation"},"geometry":{"type":"MultiPolygon","coordinates":[[[[12.3361,42.2853],[12.3567,42.283],[12.3576,42.2962],[12.3637,42.2963],[12.3668,42.3079],[12.3873,42.3144],[12.3846,42.3226],[12.4058,42.3305],[12.4029,42.3357],[12.4152,42.3395],[12.4226,42.3514],[12.4547,42.3574],[12.4557,42.3667],[12.4642,42.3705],[12.4531,42.3732],[12.4641,42.3733],[12.4556,42.3772],[12.4591,42.3812],[12.4383,42.3839],[12.4437,42.395],[12.4271,42.3967],[12.4251,42.3926],[12.4183,42.3972],[12.3953,42.3874],[12.3789,42.3958],[12.3819,42.4199],[12.3324,42.4523],[12.335,42.4659],[12.3054,42.4879],[12.2931,42.4803],[12.2637,42.4827],[12.2441,42.4646],[12.2273,42.47],[12.2276,42.4907],[12.2212,42.4917],[12.213,42.4836],[12.1896,42.4827],[12.1993,42.4591],[12.1926,42.4497],[12.1897,42.4068],[12.1833,42.3987],[12.1903,42.3872],[12.2132,42.402],[12.2562,42.3913],[12.2711,42.3929],[12.2728,42.4031],[12.2799,42.3909],[12.2687,42.3815],[12.2754,42.3713],[12.2966,42.3593],[12.2763,42.3591],[12.2675,42.3465],[12.2783,42.3432],[12.2817,42.3294],[12.3189,42.3134],[12.3246,42.3014],[12.3323,42.3004],[12.3296,42.2965],[12.3357,42.2945],[12.3361,42.2853]]],[[[12.4674,42.3961],[12.4745,42.3875],[12.4871,42.3919],[12.4881,42.3987],[12.4814,42.4041],[12.4674,42.3961]]]]}},{"type":"Feature","properties":{"id":"zagarolo","name":"Zagarolo","full_name":"Zagarolo","region":"Lazio","grapes":["Bellone","Bombino Bianco","Malvasia Bianca Di Candia","Malvasia Del Lazio","Trebbiano Giallo","Trebbiano Toscano"],"key_appellations":["Zagarolo"],"desc":"Zagarolo is a protected wine appellation in Lazio.","level":"appellation"},"geometry":{"type":"Polygon","coordinates":[[[12.8208,41.8284],[12.8325,41.812],[12.854,41.8312],[12.8423,41.8378],[12.8319,41.8548],[12.8309,41.8622],[12.8403,41.8594],[12.8449,41.864],[12.8395,41.8718],[12.7757,41.9116],[12.7355,41.8993],[12.7368,41.8933],[12.7263,41.8847],[12.7399,41.8753],[12.7448,41.8555],[12.759,41.8632],[12.7723,41.8461],[12.7872,41.8509],[12.7996,41.8289],[12.8208,41.8284]]]}},{"type":"Feature","properties":{"id":"cerasuolo-di-vittoria","name":"Cerasuolo di Vittoria","full_name":"Cerasuolo di Vittoria","region":"Sicily","grapes":["Nero d'Avola","Frappato"],"key_appellations":["Cerasuolo di Vittoria"],"desc":"Sicily's only DOCG. Blend of Nero d'Avola and Frappato — fragrant, medium-bodied and food-friendly.","level":"appellation"},"geometry":{"type":"Polygon","coordinates":[[[14.3819,36.9573],[14.4224,36.9035],[14.426,36.895],[14.4216,36.8925],[14.436,36.8849],[14.4443,36.87],[14.4601,36.8147],[14.4664,36.8153],[14.4944,36.7864],[14.515,36.7875],[14.5332,36.7803],[14.5558,36.7825],[14.5952,36.7723],[14.5957,36.7869],[14.6209,36.801],[14.618,36.8088],[14.6301,36.8045],[14.636,36.8135],[14.6457,36.8119],[14.6493,36.8214],[14.6608,36.8289],[14.67,36.8271],[14.6741,36.8365],[14.7144,36.8388],[14.7122,36.8526],[14.7211,36.8501],[14.7282,36.8601],[14.7346,36.8605],[14.729,36.8641],[14.7427,36.881],[14.7501,36.8789],[14.7514,36.8876],[14.77,36.8969],[14.7795,36.9099],[14.787,36.908],[14.7911,36.9184],[14.8158,36.9112],[14.818,36.9218],[14.8239,36.9203],[14.8242,36.9321],[14.7917,36.9387],[14.8096,36.9675],[14.8283,36.9596],[14.8291,36.9506],[14.8374,36.9482],[14.8371,36.9744],[14.8605,36.9739],[14.8758,36.9825],[14.8673,36.9874],[14.863,37.0019],[14.8443,36.9949],[14.8427,37.0089],[14.8278,37.0083],[14.8259,37.0228],[14.8143,37.0279],[14.8108,37.0096],[14.7897,37.01],[14.7906,37.025],[14.7791,37.0296],[14.7665,37.0207],[14.7626,37.0249],[14.7688,37.0314],[14.7549,37.0435],[14.7425,37.0223],[14.7308,37.0219],[14.7216,37.0371],[14.7356,37.0622],[14.7335,37.0786],[14.7101,37.082],[14.7066,37.0892],[14.6796,37.0801],[14.6752,37.0864],[14.667,37.0858],[14.6746,37.0894],[14.672,37.097],[14.6813,37.1087],[14.7031,37.118],[14.7088,37.1272],[14.7292,37.1174],[14.7279,37.0959],[14.7438,37.101],[14.7657,37.0955],[14.7714,37.1026],[14.7962,37.1079],[14.7864,37.1126],[14.7768,37.1283],[14.7575,37.1388],[14.7511,37.1301],[14.7378,37.1339],[14.7327,37.1252],[14.722,37.1213],[14.7375,37.1472],[14.7244,37.1557],[14.7203,37.1726],[14.7123,37.1722],[14.7058,37.1638],[14.6911,37.1677],[14.7031,37.1803],[14.6965,37.1871],[14.6936,37.2068],[14.7022,37.213],[14.6912,37.2196],[14.6625,37.217],[14.644,37.1999],[14.6012,37.198],[14.5874,37.1856],[14.5795,37.1865],[14.6029,37.2283],[14.6017,37.2348],[14.5892,37.2428],[14.5833,37.242],[14.5771,37.2297],[14.5717,37.2307],[14.5749,37.2473],[14.5995,37.2655],[14.6038,37.279],[14.5963,37.3023],[14.5801,37.3017],[14.5659,37.2918],[14.5243,37.2883],[14.5027,37.3091],[14.4909,37.2954],[14.4422,37.3034],[14.4325,37.2925],[14.4564,37.2873],[14.4652,37.2916],[14.4759,37.2808],[14.4679,37.2677],[14.4439,37.2653],[14.4312,37.253],[14.4192,37.2511],[14.4186,37.2649],[14.3928,37.2619],[14.3818,37.2861],[14.3528,37.2781],[14.3527,37.3061],[14.3158,37.303],[14.3168,37.3268],[14.2662,37.3313],[14.2651,37.3429],[14.2311,37.3476],[14.2159,37.3362],[14.2044,37.3371],[14.1662,37.324],[14.1415,37.3365],[14.133,37.3351],[14.1288,37.3454],[14.1271,37.3383],[14.1124,37.3322],[14.0859,37.3377],[14.0902,37.3495],[14.0814,37.3493],[14.0869,37.3549],[14.08,37.3568],[14.0873,37.3646],[14.0564,37.3632],[14.0431,37.3492],[14.0396,37.3343],[14.0543,37.3263],[14.052,37.3166],[14.0466,37.3156],[14.0501,37.3117],[14.0198,37.2953],[14.0211,37.2875],[14.0252,37.2933],[14.0315,37.2922],[14.031,37.2826],[14.0281,37.2749],[14.0097,37.2625],[14.0177,37.2559],[14.0054,37.2417],[14.0075,37.2319],[14.0163,37.2283],[13.9885,37.2197],[13.995,37.2176],[13.9946,37.2038],[14.0043,37.1936],[13.9959,37.1926],[13.9915,37.2012],[13.9915,37.1951],[13.9823,37.1931],[14.0075,37.1716],[14.0112,37.16],[14.03,37.1546],[14.037,37.1415],[14.0362,37.106],[14.0692,37.1106],[14.1504,37.0966],[14.1998,37.0808],[14.229,37.0637],[14.2281,37.0671],[14.2316,37.0676],[14.2298,37.0628],[14.2385,37.0668],[14.2609,37.058],[14.3137,37.0229],[14.3819,36.9573]]]}},{"type":"Feature","properties":{"id":"alcamo","name":"Alcamo","full_name":"Alcamo","region":"Sicily","grapes":["Aglianico","Albanello","Alicante Bouschet","Alicante","Ancellotta","Ansonica"],"key_appellations":["Alcamo"],"desc":"Alcamo is a protected wine appellation in Sicily.","level":"appellation"},"geometry":{"type":"MultiPolygon","coordinates":[[[[12.9264,37.7822],[12.9321,37.7694],[12.9374,37.7727],[12.9357,37.78],[12.9456,37.7931],[12.9627,37.7813],[12.9782,37.779],[12.9875,37.7971],[13.0186,37.7956],[13.0139,37.8197],[13.0513,37.8146],[13.0571,37.808],[13.0622,37.8148],[13.082,37.8206],[13.087,37.8114],[13.0896,37.8177],[13.0967,37.8165],[13.0947,37.8084],[13.0813,37.8041],[13.075,37.7883],[13.0941,37.7775],[13.1008,37.7788],[13.0979,37.7845],[13.1108,37.7899],[13.1088,37.7944],[13.1243,37.7936],[13.1247,37.8021],[13.1328,37.7994],[13.1361,37.8077],[13.1391,37.8015],[13.1485,37.8073],[13.1562,37.8245],[13.1555,37.8303],[13.1295,37.8291],[13.1198,37.8417],[13.1282,37.8614],[13.1532,37.8631],[13.2133,37.8415],[13.2374,37.8624],[13.2513,37.8621],[13.2665,37.8733],[13.2898,37.8788],[13.3051,37.8743],[13.3131,37.8797],[13.3182,37.8746],[13.3167,37.8621],[13.3067,37.8469],[13.3249,37.8477],[13.3503,37.8384],[13.3669,37.8592],[13.3983,37.857],[13.3913,37.881],[13.4147,37.9096],[13.413,37.919],[13.4244,37.9326],[13.4116,37.9344],[13.3967,37.928],[13.3852,37.9315],[13.3735,37.9264],[13.3685,37.9117],[13.3615,37.9105],[13.3529,37.9165],[13.3374,37.9102],[13.3211,37.9243],[13.3077,37.9198],[13.2853,37.9277],[13.2866,37.9354],[13.2781,37.9416],[13.2793,37.9619],[13.2547,37.9691],[13.2659,38.007],[13.2823,38.0231],[13.2733,38.0272],[13.2707,38.0511],[13.2836,38.0502],[13.2971,38.0578],[13.2999,38.0668],[13.3179,38.0568],[13.3253,38.0657],[13.315,38.0702],[13.3133,38.0783],[13.303,38.0747],[13.3055,38.0971],[13.2943,38.1009],[13.2917,38.1086],[13.1906,38.0978],[13.1966,38.0857],[13.2179,38.0887],[13.2284,38.0833],[13.2228,38.0715],[13.2104,38.0582],[13.1993,38.0553],[13.1988,38.0378],[13.1858,38.045],[13.1746,38.0389],[13.1793,38.0298],[13.1737,38.0169],[13.1581,38.0147],[13.1565,38.0204],[13.1421,38.0211],[13.1349,38.0085],[13.1204,38.0214],[13.1205,38.0273],[13.1377,38.0368],[13.1275,38.0528],[13.1535,38.0692],[13.1474,38.0752],[13.1062,38.0825],[13.0856,38.0828],[13.071,38.0753],[13.0611,38.0606],[13.0484,38.0687],[13.0373,38.0607],[13.035,38.0659],[13.0282,38.0596],[13.0018,38.0551],[12.9977,38.048],[12.9734,38.0386],[12.9116,38.0252],[12.8788,38.0291],[12.8765,38.0336],[12.8815,38.0346],[12.8714,38.0366],[12.8686,38.0512],[12.8585,38.0478],[12.8503,38.0569],[12.841,38.0562],[12.8165,38.0801],[12.805,38.0826],[12.7945,38.077],[12.7985,38.0561],[12.8066,38.0592],[12.8115,38.0536],[12.8052,38.0448],[12.7976,38.0473],[12.7919,38.0405],[12.7751,38.0368],[12.7555,38.0402],[12.7585,38.0539],[12.7311,38.0542],[12.7179,38.0348],[12.736,38.0218],[12.7505,38.0232],[12.7572,38.0001],[12.7817,37.9924],[12.7827,37.9841],[12.8047,37.981],[12.8034,37.9688],[12.8114,37.9506],[12.784,37.9439],[12.7902,37.9385],[12.7878,37.9153],[12.8116,37.8916],[12.812,37.8783],[12.8296,37.8707],[12.848,37.8756],[12.8523,37.8695],[12.8616,37.869],[12.8582,37.8477],[12.8535,37.8453],[12.8605,37.8293],[12.8793,37.8211],[12.9018,37.8272],[12.9071,37.7997],[12.9264,37.7822]],[[13.3774,37.8813],[13.3769,37.8845],[13.3795,37.8821],[13.3774,37.8813]]],[[[12.8666,37.8038],[12.875,37.8012],[12.8779,37.8154],[12.8676,37.8184],[12.8666,37.8038]]]]}},{"type":"Feature","properties":{"id":"contea-di-sclafani","name":"Contea di Sclafani","full_name":"Contea di Sclafani / Valledolmo-Contea di Sclafani","region":"Sicily","grapes":["Catarratto Bianco Comune","Catarratto Bianco Lucido","Perricone"],"key_appellations":["Contea di Sclafani"],"desc":"Contea di Sclafani is a protected wine appellation in Sicily.","level":"appellation"},"geometry":{"type":"Polygon","coordinates":[[[13.5769,37.5865],[13.5763,37.5716],[13.5848,37.5676],[13.6195,37.5661],[13.6364,37.5752],[13.6704,37.5655],[13.677,37.5676],[13.6672,37.5752],[13.6807,37.5869],[13.7065,37.5822],[13.7541,37.5917],[13.7656,37.5972],[13.7624,37.6072],[13.7769,37.6069],[13.7886,37.6235],[13.8248,37.615],[13.8309,37.6186],[13.8294,37.6292],[13.8491,37.6259],[13.8738,37.6025],[13.8823,37.6155],[13.8973,37.619],[13.9307,37.6073],[13.9233,37.5965],[13.9566,37.5856],[14.0291,37.6026],[14.02,37.6197],[14.0251,37.6323],[14.0421,37.6446],[14.0568,37.648],[14.0781,37.6442],[14.0808,37.6495],[14.0886,37.6472],[14.1075,37.6553],[14.1002,37.6612],[14.0655,37.6628],[14.0562,37.6718],[14.0335,37.6555],[14.0215,37.6562],[14.0062,37.6718],[14.0107,37.6901],[14.0415,37.6894],[14.0416,37.6978],[14.0294,37.7044],[14.0359,37.7204],[14.0483,37.7304],[14.0657,37.7672],[14.1069,37.8056],[14.1035,37.8219],[14.1108,37.8296],[14.1096,37.8382],[14.1027,37.8394],[14.1061,37.8536],[14.0967,37.8626],[14.0981,37.8786],[14.0813,37.8758],[14.072,37.8822],[14.0757,37.887],[14.072,37.8933],[14.0473,37.9113],[14.0214,37.8897],[14.0143,37.8735],[14.019,37.8694],[14.0054,37.8682],[13.9956,37.8764],[13.9695,37.8798],[13.9587,37.8702],[13.9531,37.8328],[13.9259,37.8369],[13.8899,37.8637],[13.8797,37.8618],[13.8668,37.868],[13.8678,37.8799],[13.8551,37.9069],[13.8576,37.9182],[13.8511,37.9358],[13.843,37.9424],[13.8184,37.9244],[13.8186,37.9138],[13.7838,37.8989],[13.7828,37.887],[13.7514,37.8931],[13.7487,37.8757],[13.7552,37.8495],[13.7233,37.8558],[13.715,37.8512],[13.7075,37.8383],[13.7121,37.8298],[13.7099,37.8182],[13.7202,37.8079],[13.7203,37.7933],[13.7049,37.7869],[13.6725,37.7875],[13.6645,37.7701],[13.6685,37.7668],[13.6631,37.7592],[13.6672,37.752],[13.6633,37.7421],[13.6373,37.736],[13.6334,37.7265],[13.623,37.7311],[13.6137,37.7107],[13.5959,37.7059],[13.58,37.7335],[13.5633,37.7304],[13.5522,37.7434],[13.5417,37.7469],[13.5266,37.7294],[13.4962,37.7422],[13.4802,37.7173],[13.49,37.7117],[13.4962,37.6931],[13.4711,37.6854],[13.4618,37.6773],[13.4636,37.669],[13.4536,37.6605],[13.4603,37.6571],[13.4624,37.647],[13.5117,37.6592],[13.5105,37.6481],[13.518,37.6412],[13.5691,37.6359],[13.5578,37.6318],[13.5464,37.611],[13.5569,37.6057],[13.5576,37.6001],[13.5725,37.5953],[13.5769,37.5865]],[[13.6738,37.6445],[13.6874,37.6457],[13.6915,37.6259],[13.6863,37.6148],[13.6663,37.609],[13.6532,37.5961],[13.6213,37.5902],[13.6034,37.6057],[13.6078,37.6194],[13.6244,37.6231],[13.6427,37.6351],[13.6623,37.6363],[13.6738,37.6445]]]}},{"type":"Feature","properties":{"id":"contessa-entellina","name":"Contessa Entellina","full_name":"Contessa Entellina","region":"Sicily","grapes":["Aglianico","Albanello","Alicante Bouschet","Alicante","Ancellotta","Ansonica"],"key_appellations":["Contessa Entellina"],"desc":"Contessa Entellina is a protected wine appellation in Sicily.","level":"appellation"},"geometry":{"type":"Polygon","coordinates":[[[13.0795,37.6902],[13.1237,37.7015],[13.144,37.689],[13.1596,37.6873],[13.1945,37.6925],[13.2029,37.7067],[13.2225,37.7068],[13.2277,37.7218],[13.2141,37.7268],[13.1954,37.7228],[13.1831,37.744],[13.1925,37.7514],[13.2119,37.7521],[13.2125,37.7612],[13.2369,37.7612],[13.2328,37.772],[13.2182,37.7837],[13.1931,37.7818],[13.1865,37.7808],[13.1786,37.7661],[13.1673,37.7727],[13.1484,37.774],[13.1227,37.7943],[13.1091,37.7945],[13.1108,37.7899],[13.0979,37.7845],[13.1017,37.7793],[13.0941,37.7775],[13.0988,37.77],[13.0838,37.7687],[13.0623,37.757],[13.0524,37.765],[13.0433,37.7547],[13.0142,37.7501],[13.0121,37.7427],[13.0275,37.7407],[13.0467,37.712],[13.0795,37.6902]]]}},{"type":"Feature","properties":{"id":"delia-nivolelli","name":"Delia Nivolelli","full_name":"Delia Nivolelli","region":"Sicily","grapes":["Aglianico","Albanello","Alicante Bouschet","Alicante","Ancellotta","Ansonica"],"key_appellations":["Delia Nivolelli"],"desc":"Delia Nivolelli is a protected wine appellation in Sicily.","level":"appellation"},"geometry":{"type":"MultiPolygon","coordinates":[[[[12.6252,37.6073],[12.6538,37.5754],[12.6856,37.6181],[12.6909,37.6332],[12.7251,37.6477],[12.7313,37.6601],[12.7487,37.6625],[12.7456,37.6709],[12.7353,37.6724],[12.7281,37.6815],[12.7371,37.6867],[12.7217,37.6883],[12.7138,37.695],[12.7309,37.7075],[12.7324,37.7193],[12.7521,37.7136],[12.7587,37.717],[12.7562,37.7442],[12.7668,37.7575],[12.7788,37.76],[12.8078,37.7831],[12.8269,37.787],[12.8311,37.7933],[12.8559,37.7925],[12.8582,37.797],[12.8511,37.7959],[12.856,37.8014],[12.8714,37.8034],[12.8593,37.8106],[12.8768,37.8222],[12.8605,37.8293],[12.8385,37.8586],[12.8088,37.8599],[12.8132,37.878],[12.8048,37.8998],[12.7853,37.8936],[12.7623,37.8945],[12.7367,37.8845],[12.7244,37.8701],[12.7053,37.8783],[12.6931,37.864],[12.6995,37.8592],[12.6992,37.8457],[12.6695,37.8456],[12.6549,37.8369],[12.6487,37.842],[12.6297,37.8401],[12.6281,37.8481],[12.6181,37.8442],[12.6101,37.8547],[12.6273,37.8639],[12.6206,37.8689],[12.6008,37.8705],[12.5926,37.8606],[12.5754,37.8566],[12.5483,37.8814],[12.5106,37.8851],[12.506,37.8939],[12.4827,37.904],[12.4886,37.9125],[12.4832,37.9254],[12.493,37.9301],[12.4906,37.9345],[12.4795,37.9318],[12.4588,37.9088],[12.4625,37.9019],[12.4684,37.9028],[12.4661,37.8935],[12.4709,37.886],[12.4861,37.8748],[12.4748,37.8523],[12.4648,37.8474],[12.4687,37.8279],[12.4575,37.8137],[12.4405,37.81],[12.4421,37.8164],[12.4242,37.8021],[12.4348,37.7834],[12.4332,37.794],[12.451,37.7792],[12.4701,37.747],[12.4717,37.7238],[12.4666,37.7198],[12.475,37.7107],[12.4712,37.7039],[12.4936,37.6873],[12.4992,37.6757],[12.5174,37.6656],[12.5178,37.6607],[12.5355,37.6578],[12.5599,37.6628],[12.5788,37.6537],[12.5786,37.6484],[12.5863,37.6516],[12.6097,37.6391],[12.6252,37.6073]]],[[[12.8778,37.8067],[12.8755,37.8022],[12.8785,37.7998],[12.8813,37.8026],[12.8778,37.8067]]],[[[12.4719,37.8661],[12.4645,37.8692],[12.4652,37.8641],[12.4719,37.8661]]],[[[12.455,37.8984],[12.4548,37.9049],[12.4287,37.8922],[12.4378,37.8799],[12.4459,37.8441],[12.4508,37.8482],[12.4485,37.8683],[12.4529,37.8726],[12.4454,37.8921],[12.455,37.8984]]]]}},{"type":"Feature","properties":{"id":"eloro","name":"Eloro","full_name":"Eloro","region":"Sicily","grapes":["Aglianico","Alicante Bouschet","Alicante","Ancellotta","Ansonica","Barbera"],"key_appellations":["Eloro"],"desc":"Eloro is a protected wine appellation in Sicily.","level":"appellation"},"geometry":{"type":"Polygon","coordinates":[[[15.1403,36.6853],[15.1238,36.7013],[15.1224,36.7331],[15.1181,36.7332],[15.1235,36.7338],[15.0999,36.7656],[15.0943,36.7998],[15.1061,36.8061],[15.1103,36.8165],[15.106,36.8332],[15.1118,36.8503],[15.1273,36.8662],[15.1367,36.8664],[15.139,36.8742],[15.0789,36.8877],[15.0671,36.9156],[15.076,36.9312],[15.0679,36.9394],[15.091,36.9735],[15.1572,36.9594],[15.1724,36.9777],[15.1677,36.9941],[15.1822,37.0061],[15.1593,37.0174],[15.1201,37.0213],[15.0944,37.0147],[15.0639,37.0283],[15.0439,37.0289],[15.0443,37.0411],[15.0634,37.0427],[15.0735,37.038],[15.0774,37.0471],[15.0734,37.0542],[15.0843,37.0584],[15.0844,37.0638],[15.0635,37.062],[15.0196,37.0762],[15.013,37.0758],[15.0096,37.0653],[15.0161,37.0543],[15.0073,37.0513],[14.9949,37.0571],[14.9825,37.051],[14.9887,37.0389],[14.9853,37.036],[14.9423,37.0472],[14.897,37.0417],[14.8683,37.0085],[14.8871,36.9885],[14.8888,36.9609],[14.9027,36.9501],[14.9052,36.9401],[14.9206,36.9357],[14.9193,36.9236],[14.93,36.9196],[14.9374,36.9006],[14.8641,36.9542],[14.8548,36.9706],[14.8606,36.9743],[14.8371,36.9744],[14.8388,36.9468],[14.866,36.944],[14.8968,36.9253],[14.8775,36.9194],[14.8841,36.8988],[14.8997,36.889],[14.913,36.8878],[14.9149,36.8821],[14.9232,36.8808],[14.921,36.8747],[14.9308,36.8732],[14.9386,36.8637],[14.9253,36.848],[14.8989,36.8572],[14.8862,36.8682],[14.8706,36.8715],[14.864,36.8652],[14.8609,36.8339],[14.8522,36.8275],[14.8625,36.8159],[14.8734,36.7832],[14.8635,36.7712],[14.8679,36.7636],[14.8624,36.7581],[14.8813,36.752],[14.8925,36.7401],[14.894,36.7293],[14.916,36.7211],[14.9561,36.6944],[14.9912,36.6945],[14.993,36.7007],[15.007,36.7034],[15.0268,36.6986],[15.0469,36.6849],[15.0553,36.6608],[15.0692,36.6596],[15.0793,36.647],[15.1131,36.6661],[15.1088,36.6692],[15.1158,36.6748],[15.1316,36.6668],[15.1403,36.6853]]]}},{"type":"Feature","properties":{"id":"erice","name":"Erice","full_name":"Erice","region":"Sicily","grapes":["Aglianico","Albanello","Alicante Bouschet","Alicante","Ancellotta","Ansonica"],"key_appellations":["Erice"],"desc":"Erice is a protected wine appellation in Sicily.","level":"appellation"},"geometry":{"type":"Polygon","coordinates":[[[12.4985,37.9661],[12.4795,37.9318],[12.4906,37.9345],[12.493,37.9301],[12.4832,37.9254],[12.4886,37.9125],[12.4827,37.904],[12.506,37.8939],[12.5163,37.8822],[12.5483,37.8814],[12.5754,37.8566],[12.5926,37.8606],[12.6008,37.8705],[12.6206,37.8689],[12.6273,37.8639],[12.6101,37.8547],[12.6181,37.8442],[12.6281,37.8481],[12.6297,37.8401],[12.6487,37.842],[12.6549,37.8369],[12.6695,37.8456],[12.6992,37.8457],[12.6995,37.8592],[12.6931,37.864],[12.7053,37.8783],[12.7244,37.8701],[12.7367,37.8845],[12.7623,37.8945],[12.7961,37.8966],[12.8008,37.9007],[12.7878,37.9153],[12.7902,37.9385],[12.784,37.9439],[12.8829,37.9614],[12.8911,37.9715],[12.9042,37.9737],[12.9219,37.9871],[12.9146,37.99],[12.9147,37.9997],[12.9025,38.0044],[12.906,38.0103],[12.8965,38.0147],[12.9072,38.025],[12.8788,38.0291],[12.8765,38.0336],[12.8815,38.0346],[12.8714,38.0366],[12.8686,38.0512],[12.8585,38.0478],[12.8503,38.0569],[12.841,38.0562],[12.8165,38.0801],[12.8041,38.0827],[12.7945,38.0779],[12.7976,38.0581],[12.7847,38.0718],[12.7505,38.0749],[12.7531,38.0878],[12.7205,38.1073],[12.6889,38.1055],[12.6719,38.1143],[12.6584,38.11],[12.6629,38.0944],[12.6384,38.075],[12.6044,38.0647],[12.5963,38.0694],[12.5693,38.0687],[12.5594,38.0639],[12.5485,38.0458],[12.5256,38.0334],[12.5277,38.0291],[12.5205,38.0225],[12.4917,38.017],[12.5221,38.0132],[12.5193,38.0091],[12.5053,38.0113],[12.5078,37.9964],[12.4988,37.9887],[12.5008,37.985],[12.4944,37.9849],[12.4985,37.9661]]]}},{"type":"Feature","properties":{"id":"etna","name":"Etna","full_name":"Etna","region":"Sicily","grapes":["Nerello Mascalese","Nerello Cappuccio","Carricante"],"key_appellations":["Etna Rosso","Etna Bianco"],"desc":"Volcanic slopes of Mount Etna. Elegant, mineral reds from Nerello Mascalese and precise whites from Carricante.","level":"appellation"},"geometry":{"type":"MultiPolygon","coordinates":[[[[14.8364,37.442],[14.8444,37.4245],[14.8419,37.4115],[14.8485,37.4063],[14.8778,37.4055],[14.9154,37.4127],[14.9358,37.4084],[14.95,37.4306],[14.9484,37.4398],[14.9473,37.4338],[14.9407,37.4356],[14.9369,37.4306],[14.9336,37.4377],[14.9353,37.4429],[14.9489,37.444],[14.9377,37.4623],[14.943,37.4728],[14.9387,37.498],[14.9493,37.5278],[14.9732,37.5365],[14.9865,37.5343],[15.0043,37.5742],[15.0169,37.581],[15.0217,37.6093],[15.037,37.6176],[15.0494,37.6011],[15.0766,37.5918],[15.0862,37.6004],[15.1041,37.5909],[15.0993,37.5971],[15.1074,37.6066],[15.1143,37.5942],[15.1301,37.5948],[15.1373,37.6205],[15.1487,37.6001],[15.1453,37.5918],[15.1544,37.5801],[15.1768,37.5763],[15.1742,37.6321],[15.1985,37.6542],[15.1994,37.6718],[15.1721,37.6809],[15.1841,37.6835],[15.2006,37.7019],[15.1751,37.6932],[15.1738,37.7022],[15.192,37.7075],[15.1975,37.7179],[15.1952,37.7379],[15.2047,37.7374],[15.2235,37.7685],[15.2196,37.77],[15.224,37.7801],[15.2187,37.7847],[15.2195,37.7796],[15.211,37.775],[15.1953,37.7759],[15.1762,37.7861],[15.1774,37.7975],[15.1888,37.7966],[15.1957,37.8036],[15.1666,37.8402],[15.1768,37.8465],[15.2268,37.8425],[15.2229,37.8494],[15.1887,37.8757],[15.1742,37.8762],[15.1536,37.895],[15.133,37.8921],[15.1117,37.9061],[15.0727,37.9042],[15.0426,37.8937],[15.0105,37.8997],[14.9833,37.8918],[14.9789,37.907],[14.9557,37.9114],[14.9527,37.9258],[14.9412,37.9405],[14.9412,37.9508],[14.9328,37.9528],[14.9293,37.9609],[14.894,37.9488],[14.8783,37.9312],[14.8572,37.9265],[14.8467,37.9435],[14.8514,37.9551],[14.8406,37.959],[14.8285,37.9351],[14.8434,37.9123],[14.835,37.9086],[14.8351,37.894],[14.8629,37.8947],[14.8651,37.874],[14.8883,37.8694],[14.9175,37.83],[14.9865,37.7895],[14.9944,37.7512],[14.9109,37.7092],[14.8999,37.6852],[14.8886,37.682],[14.8842,37.6705],[14.848,37.6599],[14.8495,37.6539],[14.8283,37.6385],[14.8269,37.6227],[14.8198,37.6157],[14.8279,37.6089],[14.829,37.5889],[14.8072,37.5802],[14.791,37.5617],[14.8014,37.5549],[14.8016,37.54],[14.7912,37.528],[14.7951,37.5181],[14.7913,37.5074],[14.7738,37.4966],[14.782,37.4983],[14.7832,37.4908],[14.7957,37.4852],[14.8082,37.4899],[14.8098,37.4847],[14.8254,37.4797],[14.8402,37.4527],[14.8364,37.442]],[[14.941,37.6621],[14.9323,37.6821],[14.9952,37.7328],[14.9802,37.7004],[14.9757,37.6736],[14.974,37.657],[14.9821,37.6488],[14.9722,37.6382],[14.9593,37.6381],[14.9543,37.6294],[14.9616,37.626],[14.9524,37.6256],[14.9355,37.6055],[14.9311,37.6103],[14.927,37.6063],[14.9055,37.6116],[14.9176,37.6224],[14.9208,37.6412],[14.941,37.6621]]],[[[14.7136,37.7056],[14.7228,37.6824],[14.728,37.6823],[14.7366,37.6931],[14.752,37.6864],[14.7979,37.7127],[14.7802,37.7335],[14.7897,37.7521],[14.7645,37.7441],[14.7368,37.7536],[14.7063,37.7315],[14.7213,37.7195],[14.7136,37.7056]]]]}},{"type":"Feature","properties":{"id":"faro","name":"Faro","full_name":"Faro","region":"Sicily","grapes":["Calabrese","Catarratto Bianco Comune","Fiano","Gaglioppo","Nerello Cappuccio","Nerello Mascalese"],"key_appellations":["Faro"],"desc":"Faro is a protected wine appellation in Sicily.","level":"appellation"},"geometry":{"type":"Polygon","coordinates":[[[15.4169,38.0709],[15.4772,38.0545],[15.4937,38.0746],[15.5327,38.1451],[15.5724,38.1897],[15.5602,38.1882],[15.5574,38.1941],[15.5726,38.2342],[15.5841,38.247],[15.6511,38.2646],[15.6523,38.2691],[15.6103,38.2742],[15.541,38.3016],[15.5198,38.2974],[15.4439,38.2487],[15.4601,38.2323],[15.4802,38.2239],[15.4821,38.214],[15.4762,38.2112],[15.4804,38.1889],[15.4656,38.1698],[15.4597,38.142],[15.4492,38.1311],[15.4458,38.1159],[15.4244,38.1037],[15.4081,38.0791],[15.4169,38.0709]]]}},{"type":"Feature","properties":{"id":"malvasia-delle-lipari","name":"Malvasia delle Lipari","full_name":"Malvasia delle Lipari","region":"Italy","grapes":["Catarratto Bianco Comune","Corinto Nero","Malvasia Di Lipari","Viognier"],"key_appellations":["Malvasia delle Lipari"],"desc":"Malvasia delle Lipari is a protected wine appellation in Italy.","level":"appellation"},"geometry":{"type":"MultiPolygon","coordinates":[[[[14.9619,38.5217],[14.9127,38.5186],[14.9055,38.5118],[14.8977,38.486],[14.9109,38.4667],[14.9332,38.4609],[14.942,38.4426],[14.9542,38.4386],[14.9626,38.4518],[14.9548,38.4737],[14.9804,38.4807],[14.9627,38.4908],[14.9619,38.5217]]],[[[14.9688,38.4254],[14.9602,38.4324],[14.9554,38.4302],[14.9551,38.4182],[14.942,38.4189],[14.9471,38.4152],[14.9388,38.4119],[14.942,38.4048],[14.9367,38.4025],[14.9509,38.3837],[14.9616,38.3818],[14.9762,38.3692],[15.0029,38.3702],[15.0069,38.3755],[14.996,38.3977],[14.9823,38.4105],[14.9766,38.407],[14.9603,38.414],[14.9688,38.4254]]],[[[14.3663,38.5507],[14.3607,38.5548],[14.345,38.5528],[14.3396,38.5473],[14.3415,38.5343],[14.3599,38.5321],[14.3663,38.5507]]],[[[14.7973,38.5603],[14.8564,38.5346],[14.8715,38.5373],[14.8681,38.5501],[14.8749,38.5631],[14.8724,38.5806],[14.8063,38.5829],[14.7973,38.5603]]],[[[14.5757,38.5812],[14.544,38.5857],[14.5393,38.5775],[14.5557,38.5578],[14.5932,38.5557],[14.5807,38.5619],[14.5757,38.5812]]],[[[15.0739,38.6459],[15.0578,38.6432],[15.0541,38.6255],[15.0726,38.6287],[15.0777,38.6363],[15.0739,38.6459]]],[[[15.2428,38.8025],[15.213,38.8101],[15.1895,38.7958],[15.1882,38.7879],[15.2166,38.7722],[15.227,38.7771],[15.2428,38.8025]]]]}},{"type":"Feature","properties":{"id":"mamertino","name":"Mamertino","full_name":"Mamertino / Mamertino di Milazzo","region":"Sicily","grapes":["Aglianico","Albanello","Alicante Bouschet","Alicante","Ancellotta","Ansonica"],"key_appellations":["Mamertino"],"desc":"Mamertino is a protected wine appellation in Sicily.","level":"appellation"},"geometry":{"type":"Polygon","coordinates":[[[14.9482,37.9802],[14.9611,37.9769],[14.9931,37.986],[15.0246,37.984],[15.0245,37.9627],[15.0176,37.9537],[15.0387,37.9451],[15.0531,37.9538],[15.0559,37.9684],[15.0682,37.9763],[15.0889,37.9791],[15.0848,38.0006],[15.0959,38.0089],[15.1062,38.0325],[15.1175,38.0382],[15.1232,38.0494],[15.1146,38.0603],[15.1369,38.0591],[15.14,38.0746],[15.1474,38.0732],[15.1496,38.061],[15.1644,38.0596],[15.1754,38.0488],[15.1954,38.0443],[15.2058,38.0305],[15.2076,38.0153],[15.2208,38.0041],[15.2397,38.008],[15.2688,38.0321],[15.2875,38.0308],[15.3162,38.0386],[15.3232,38.0277],[15.3347,38.0257],[15.335,38.0182],[15.3615,37.9972],[15.3645,37.9879],[15.3853,37.9776],[15.3806,37.9665],[15.3865,37.964],[15.445,38.0284],[15.4772,38.0545],[15.4169,38.0709],[15.4081,38.0791],[15.4244,38.1037],[15.4435,38.1144],[15.4171,38.1436],[15.3928,38.1565],[15.3881,38.1637],[15.4014,38.1703],[15.3945,38.1856],[15.3886,38.1884],[15.3824,38.1836],[15.359,38.1971],[15.3536,38.2178],[15.2938,38.2065],[15.2449,38.2134],[15.241,38.2183],[15.2499,38.216],[15.2433,38.2255],[15.2537,38.2454],[15.2396,38.271],[15.2313,38.2715],[15.2244,38.2684],[15.2359,38.2661],[15.2346,38.2542],[15.2412,38.2432],[15.2142,38.189],[15.1776,38.1558],[15.1112,38.1273],[15.1138,38.1225],[15.1122,38.1201],[15.111,38.1282],[15.0885,38.1199],[15.0602,38.1286],[15.0546,38.1435],[15.0638,38.1434],[15.0484,38.146],[15.0433,38.1522],[14.9819,38.1501],[14.9643,38.1576],[14.9321,38.1464],[14.94,38.1369],[14.9548,38.1406],[14.9582,38.1204],[14.9664,38.1094],[14.9489,38.1058],[14.9428,38.0989],[14.9209,38.0985],[14.9311,38.0736],[14.9546,38.0696],[14.9722,38.0731],[14.9856,38.0628],[15.0109,38.0716],[15.0051,38.0518],[14.9877,38.0407],[14.987,38.0143],[14.9775,38.0086],[14.9646,37.9878],[14.9482,37.9802]]]}},{"type":"Feature","properties":{"id":"marsala","name":"Marsala","full_name":"Marsala","region":"Sicily","grapes":["Ansonica","Calabrese","Catarratto Bianco Comune","Catarratto Bianco Lucido","Damaschino","Grillo"],"key_appellations":["Marsala"],"desc":"Marsala is a protected wine appellation in Sicily.","level":"appellation"},"geometry":{"type":"MultiPolygon","coordinates":[[[[12.7547,37.5768],[12.8542,37.5828],[12.8965,37.5771],[12.9082,37.596],[12.9095,37.6323],[12.9169,37.6448],[12.888,37.6419],[12.8875,37.6484],[12.8997,37.6539],[12.8935,37.6623],[12.9049,37.6646],[12.9068,37.6718],[12.9145,37.6699],[12.9178,37.6893],[12.9306,37.6944],[12.9278,37.6999],[12.9358,37.6992],[12.9435,37.7159],[12.9599,37.7206],[12.9597,37.7275],[12.9905,37.7345],[12.9929,37.7422],[12.9969,37.7355],[13.0086,37.7375],[13.015,37.7507],[13.0433,37.7547],[13.0524,37.765],[13.0623,37.757],[13.1003,37.7711],[13.075,37.7883],[13.0813,37.8041],[13.099,37.8137],[13.0896,37.8177],[13.087,37.8114],[13.082,37.8206],[13.0622,37.8148],[13.0571,37.808],[13.0513,37.8146],[12.9686,37.8236],[12.9662,37.8355],[12.9452,37.8393],[12.9439,37.8527],[12.9586,37.8648],[12.949,37.8725],[12.9479,37.8839],[12.9289,37.8861],[12.9378,37.8909],[12.9342,37.8984],[12.9398,37.8991],[12.942,37.9165],[12.9233,37.9246],[12.9332,37.9345],[12.9174,37.9569],[12.9211,37.9605],[12.9162,37.9711],[12.9232,37.9762],[12.9229,37.9856],[12.9146,37.99],[12.9147,37.9997],[12.9025,38.0044],[12.906,38.0103],[12.8965,38.0147],[12.9072,38.025],[12.8788,38.0291],[12.8765,38.0336],[12.8815,38.0346],[12.8714,38.0366],[12.8686,38.0512],[12.8585,38.0478],[12.8503,38.0569],[12.841,38.0562],[12.84,38.062],[12.8115,38.0795],[12.7897,38.1096],[12.7909,38.1351],[12.7794,38.1509],[12.7686,38.1539],[12.7682,38.1797],[12.7381,38.1759],[12.7317,38.1803],[12.7367,38.1816],[12.733,38.1899],[12.7183,38.1818],[12.7157,38.1731],[12.7376,38.1394],[12.711,38.1094],[12.6889,38.1055],[12.6777,38.1141],[12.6609,38.1119],[12.6574,38.1023],[12.6629,38.0944],[12.645,38.0786],[12.6044,38.0647],[12.5963,38.0694],[12.5693,38.0687],[12.5594,38.0639],[12.5485,38.0458],[12.5256,38.0334],[12.5277,38.0291],[12.5205,38.0225],[12.4917,38.017],[12.5221,38.0132],[12.5193,38.0091],[12.5053,38.0113],[12.5078,37.9964],[12.4988,37.9887],[12.5008,37.985],[12.4944,37.9849],[12.4959,37.9533],[12.4588,37.9088],[12.4625,37.9019],[12.4684,37.9028],[12.4661,37.8935],[12.4709,37.886],[12.4824,37.8816],[12.4859,37.8735],[12.4748,37.8523],[12.4648,37.8474],[12.4687,37.8279],[12.4607,37.8161],[12.4405,37.81],[12.4421,37.8164],[12.4242,37.8021],[12.4348,37.7834],[12.4332,37.794],[12.451,37.7792],[12.4701,37.747],[12.4717,37.7238],[12.4666,37.7198],[12.475,37.7107],[12.4712,37.7039],[12.5178,37.6607],[12.5355,37.6578],[12.5599,37.6628],[12.5788,37.6537],[12.5786,37.6484],[12.5863,37.6516],[12.6061,37.6415],[12.6491,37.5769],[12.6728,37.5601],[12.7547,37.5768]]],[[[12.4724,37.8682],[12.4653,37.8697],[12.4652,37.8641],[12.4687,37.8639],[12.4724,37.8682]]],[[[12.4454,37.8921],[12.455,37.8984],[12.4552,37.9048],[12.4287,37.8922],[12.4364,37.8837],[12.4469,37.844],[12.4529,37.8726],[12.4454,37.8921]]]]}},{"type":"Feature","properties":{"id":"menfi","name":"Menfi","full_name":"Menfi","region":"Sicily","grapes":["Aglianico","Albanello","Alicante Bouschet","Alicante","Ancellotta","Ansonica"],"key_appellations":["Menfi"],"desc":"Menfi is a protected wine appellation in Sicily.","level":"appellation"},"geometry":{"type":"Polygon","coordinates":[[[13.1878,37.4792],[13.2026,37.4643],[13.2019,37.4748],[13.2204,37.4843],[13.2231,37.5294],[13.1905,37.5375],[13.1944,37.5492],[13.1829,37.5486],[13.1704,37.5561],[13.1642,37.5786],[13.1065,37.5806],[13.0974,37.5902],[13.1085,37.5904],[13.1069,37.6027],[13.113,37.6136],[13.1456,37.6259],[13.1444,37.6431],[13.1791,37.6516],[13.2091,37.6465],[13.2138,37.6531],[13.2138,37.6743],[13.1919,37.6834],[13.1878,37.6916],[13.1483,37.6873],[13.1237,37.7015],[13.0957,37.691],[13.0798,37.6938],[13.0755,37.663],[13.0609,37.6416],[13.0619,37.6329],[13.0225,37.6586],[12.9979,37.6553],[12.9826,37.677],[12.9234,37.6572],[12.8934,37.6609],[12.9065,37.6681],[12.8771,37.6771],[12.881,37.6891],[12.8406,37.6859],[12.8383,37.6792],[12.8296,37.678],[12.8307,37.7053],[12.8415,37.714],[12.8341,37.7233],[12.8391,37.7358],[12.8333,37.746],[12.8277,37.7426],[12.8273,37.7469],[12.7665,37.7522],[12.7562,37.7442],[12.7587,37.717],[12.7521,37.7136],[12.7324,37.7193],[12.7309,37.7075],[12.7138,37.695],[12.7217,37.6883],[12.7371,37.6867],[12.7281,37.6815],[12.7308,37.6769],[12.7456,37.6709],[12.7733,37.6309],[12.7456,37.6092],[12.7649,37.5788],[12.8542,37.5828],[12.9068,37.5724],[12.9146,37.5772],[12.9408,37.5727],[12.9582,37.5659],[12.9886,37.541],[13.0138,37.51],[13.0125,37.5002],[13.0203,37.4951],[13.0783,37.5056],[13.0834,37.5025],[13.0756,37.5007],[13.0917,37.5038],[13.1306,37.4925],[13.1546,37.4968],[13.1878,37.4792]]]}},{"type":"Feature","properties":{"id":"monreale","name":"Monreale","full_name":"Monreale","region":"Sicily","grapes":["Aglianico","Albanello","Alicante Bouschet","Alicante","Ancellotta","Ansonica"],"key_appellations":["Monreale"],"desc":"Monreale is a protected wine appellation in Sicily.","level":"appellation"},"geometry":{"type":"Polygon","coordinates":[[[13.3246,37.7172],[13.3367,37.7156],[13.3387,37.7369],[13.3947,37.745],[13.4109,37.7535],[13.4098,37.7719],[13.3919,37.7772],[13.3896,37.7824],[13.3922,37.7924],[13.3867,37.8052],[13.391,37.8114],[13.3973,37.7975],[13.4064,37.7915],[13.4286,37.7882],[13.433,37.7636],[13.4412,37.7588],[13.447,37.7708],[13.4459,37.7991],[13.4516,37.7992],[13.4621,37.8234],[13.4481,37.8397],[13.4299,37.8187],[13.4217,37.8212],[13.4042,37.8128],[13.3925,37.8145],[13.3765,37.8276],[13.3983,37.857],[13.3913,37.881],[13.4147,37.9096],[13.413,37.919],[13.4244,37.9326],[13.3974,37.9415],[13.4052,37.9624],[13.4006,37.9663],[13.384,37.9569],[13.3719,37.9596],[13.3739,37.9698],[13.3622,37.9751],[13.3615,37.9834],[13.374,37.9878],[13.3865,38.0025],[13.3622,38.0231],[13.3544,38.0231],[13.3475,37.9997],[13.3376,37.9919],[13.3153,38.0061],[13.3182,38.0191],[13.3121,38.0267],[13.303,38.0278],[13.2931,38.0194],[13.2733,38.0272],[13.2707,38.0511],[13.2836,38.0502],[13.2971,38.0578],[13.2999,38.0668],[13.3179,38.0568],[13.3253,38.0657],[13.315,38.0702],[13.3133,38.0783],[13.303,38.0747],[13.3055,38.0971],[13.2943,38.1009],[13.2917,38.1086],[13.1906,38.0978],[13.1966,38.0857],[13.2179,38.0887],[13.2285,38.0825],[13.2111,38.0588],[13.1993,38.0553],[13.1988,38.0378],[13.1858,38.045],[13.1746,38.0389],[13.1793,38.0298],[13.1737,38.0169],[13.1657,38.0142],[13.1421,38.0211],[13.1349,38.0085],[13.1204,38.0214],[13.0824,38.0001],[13.0733,37.9772],[13.0835,37.9588],[13.0735,37.9465],[13.0536,37.9587],[13.0445,37.9567],[13.0417,37.9468],[13.047,37.9392],[13.0405,37.923],[13.0469,37.9174],[13.0238,37.9023],[12.9996,37.9022],[12.9951,37.9117],[12.9976,37.9009],[12.9928,37.8974],[12.9607,37.9022],[12.9541,37.8971],[12.9411,37.9059],[12.9398,37.8991],[12.9342,37.8984],[12.9378,37.8909],[12.9289,37.8865],[12.9479,37.8839],[12.949,37.8725],[12.9586,37.8644],[12.9439,37.8527],[12.9429,37.8449],[12.9459,37.8388],[12.9662,37.8355],[12.9686,37.8236],[13.0513,37.8146],[13.0571,37.808],[13.0622,37.8148],[13.082,37.8206],[13.087,37.8114],[13.0896,37.8177],[13.0967,37.8165],[13.0947,37.8084],[13.0813,37.8041],[13.075,37.7883],[13.0941,37.7775],[13.1017,37.7793],[13.0979,37.7845],[13.1108,37.7899],[13.1088,37.7944],[13.1243,37.7936],[13.1247,37.8021],[13.1328,37.7994],[13.1361,37.8077],[13.1391,37.8015],[13.1512,37.8101],[13.1505,37.8052],[13.1705,37.8064],[13.1796,37.8009],[13.184,37.7814],[13.2262,37.7804],[13.2369,37.7612],[13.247,37.776],[13.2535,37.7722],[13.2538,37.7815],[13.274,37.7855],[13.2891,37.7799],[13.2947,37.7549],[13.2819,37.7409],[13.2745,37.7422],[13.2829,37.7317],[13.2738,37.723],[13.3008,37.7092],[13.323,37.7129],[13.3246,37.7172]]]}},{"type":"Feature","properties":{"id":"noto","name":"Noto","full_name":"Noto","region":"Sicily","grapes":["Aglianico","Alicante Bouschet","Alicante","Ancellotta","Barbera","Cabernet Franc"],"key_appellations":["Noto"],"desc":"Noto is a protected wine appellation in Sicily.","level":"appellation"},"geometry":{"type":"Polygon","coordinates":[[[15.0553,36.6608],[15.0737,36.6559],[15.0658,36.6722],[15.0807,36.6784],[15.0729,36.6845],[15.0871,36.6881],[15.094,36.68],[15.1131,36.6883],[15.1309,36.6861],[15.1347,36.6916],[15.121,36.7105],[15.1224,36.7331],[15.1181,36.7332],[15.1235,36.7338],[15.1174,36.7365],[15.1195,36.745],[15.105,36.7544],[15.0949,36.7769],[15.0989,36.7907],[15.0943,36.7998],[15.1061,36.8061],[15.1103,36.8165],[15.106,36.8332],[15.1137,36.8533],[15.1273,36.8662],[15.1367,36.8664],[15.1372,36.8805],[15.153,36.9138],[15.1731,36.9239],[15.1777,36.9366],[15.1904,36.9479],[15.1714,36.9587],[15.1572,36.9594],[15.1724,36.9777],[15.1677,36.9941],[15.1818,37.0064],[15.1593,37.0174],[15.1201,37.0213],[15.0944,37.0147],[15.0639,37.0283],[15.0439,37.0289],[15.0443,37.0411],[15.0634,37.0427],[15.0735,37.038],[15.0774,37.0471],[15.0734,37.0542],[15.0843,37.0584],[15.0844,37.0638],[15.0635,37.062],[15.0529,37.0689],[15.013,37.0758],[15.0096,37.0653],[15.0161,37.0543],[15.0073,37.0513],[14.9949,37.0571],[14.9825,37.051],[14.9887,37.0389],[14.9853,37.036],[14.9423,37.0472],[14.9009,37.044],[14.8817,37.0294],[14.8683,37.0085],[14.8871,36.9885],[14.8888,36.9609],[14.9027,36.9501],[14.9052,36.9401],[14.9206,36.9357],[14.9193,36.9236],[14.93,36.9196],[14.9357,36.8988],[14.8592,36.9591],[14.8548,36.9706],[14.8606,36.9743],[14.8371,36.9744],[14.8388,36.9468],[14.866,36.944],[14.8968,36.9253],[14.8775,36.9194],[14.8841,36.8988],[14.8997,36.889],[14.913,36.8878],[14.9149,36.8821],[14.9232,36.8808],[14.921,36.8747],[14.9308,36.8732],[14.9386,36.8637],[14.9233,36.8481],[14.8706,36.8715],[14.8619,36.8602],[14.8653,36.85],[14.8609,36.8339],[14.8522,36.8275],[14.86,36.8169],[14.8665,36.8145],[14.8644,36.8206],[14.8869,36.8248],[14.9036,36.8132],[14.9232,36.8145],[14.943,36.8044],[14.9406,36.7977],[14.9536,36.8034],[14.986,36.78],[14.9929,36.7591],[14.9856,36.7508],[14.9942,36.7449],[14.9994,36.7038],[15.0193,36.7018],[15.0428,36.6887],[15.0515,36.6785],[15.0553,36.6608]]]}},{"type":"Feature","properties":{"id":"pantelleria","name":"Pantelleria","full_name":"Pantelleria / Moscato di Pantelleria / Passito di Pantelleria","region":"Sicily","grapes":["Albanello","Ansonica","Carricante","Catarratto Bianco Comune","Catarratto Bianco Lucido","Chenin"],"key_appellations":["Pantelleria"],"desc":"Pantelleria is a protected wine appellation in Sicily.","level":"appellation"},"geometry":{"type":"Polygon","coordinates":[[[11.9752,36.8346],[11.9441,36.8363],[11.9423,36.831],[11.941,36.8348],[11.9355,36.8321],[11.9403,36.8378],[11.9362,36.8351],[11.9262,36.8161],[11.9266,36.8023],[11.9519,36.7836],[11.9569,36.7683],[11.9712,36.7659],[11.9791,36.7481],[11.9925,36.7374],[12.0232,36.7346],[12.047,36.7491],[12.0552,36.763],[12.0512,36.7998],[12.0251,36.8117],[12.0137,36.8249],[12.001,36.8193],[11.9792,36.8266],[11.9752,36.8346]]]}},{"type":"Feature","properties":{"id":"riesi","name":"Riesi","full_name":"Riesi","region":"Sicily","grapes":["Aglianico","Albanello","Alicante Bouschet","Alicante","Ancellotta","Ansonica"],"key_appellations":["Riesi"],"desc":"Riesi is a protected wine appellation in Sicily.","level":"appellation"},"geometry":{"type":"Polygon","coordinates":[[[14.2966,37.1633],[14.3482,37.171],[14.3421,37.1791],[14.3535,37.19],[14.3536,37.1999],[14.3753,37.2058],[14.3834,37.2569],[14.3928,37.2619],[14.3825,37.2856],[14.3528,37.2781],[14.3527,37.3061],[14.3158,37.303],[14.3168,37.3268],[14.271,37.3299],[14.266,37.3317],[14.2656,37.3427],[14.2526,37.3458],[14.2299,37.3473],[14.2159,37.3362],[14.2044,37.3371],[14.1672,37.324],[14.1554,37.3257],[14.1415,37.3365],[14.133,37.3351],[14.1288,37.3454],[14.1271,37.3383],[14.1124,37.3322],[14.0859,37.3377],[14.0902,37.3495],[14.0814,37.3493],[14.0869,37.3549],[14.08,37.3568],[14.0876,37.3643],[14.0776,37.3671],[14.0574,37.364],[14.0431,37.3492],[14.0396,37.3343],[14.0543,37.3263],[14.052,37.3166],[14.0466,37.3156],[14.0496,37.3111],[14.0194,37.2945],[14.0211,37.2875],[14.0311,37.2925],[14.0316,37.2859],[14.0281,37.2749],[14.0097,37.2625],[14.0177,37.2559],[14.0054,37.2417],[14.0075,37.2319],[14.0163,37.2283],[13.9885,37.2197],[13.995,37.2176],[13.9946,37.2038],[14.0043,37.1936],[13.9959,37.1926],[13.9915,37.2012],[13.9915,37.1951],[13.9823,37.1931],[14.0075,37.1716],[14.0112,37.16],[14.03,37.1546],[14.037,37.1415],[14.0362,37.106],[14.0692,37.1106],[14.1158,37.1028],[14.1148,37.112],[14.1458,37.1309],[14.1511,37.1469],[14.1593,37.1525],[14.1772,37.1532],[14.2072,37.1449],[14.2231,37.1512],[14.2372,37.1492],[14.2563,37.1676],[14.2966,37.1633]]]}},{"type":"Feature","properties":{"id":"salaparuta","name":"Salaparuta","full_name":"Salaparuta","region":"Sicily","grapes":["Aglianico","Albanello","Alicante Bouschet","Alicante","Ancellotta","Ansonica"],"key_appellations":["Salaparuta"],"desc":"Salaparuta is a protected wine appellation in Sicily.","level":"appellation"},"geometry":{"type":"Polygon","coordinates":[[[12.9611,37.7281],[12.9905,37.7345],[12.9929,37.7422],[12.9969,37.7355],[13.0086,37.7375],[13.0153,37.7436],[13.0142,37.7501],[13.028,37.7541],[13.0284,37.7649],[13.0186,37.7736],[13.0134,37.7961],[12.9875,37.7971],[12.9782,37.779],[12.9627,37.7813],[12.9513,37.7929],[12.9449,37.7929],[12.9357,37.78],[12.9374,37.7727],[12.9292,37.7691],[12.95,37.7529],[12.9611,37.7281]]]}},{"type":"Feature","properties":{"id":"sambuca-di-sicilia","name":"Sambuca di Sicilia","full_name":"Sambuca di Sicilia","region":"Sicily","grapes":["Aglianico","Albanello","Alicante Bouschet","Alicante","Ancellotta","Ansonica"],"key_appellations":["Sambuca di Sicilia"],"desc":"Sambuca di Sicilia is a protected wine appellation in Sicily.","level":"appellation"},"geometry":{"type":"Polygon","coordinates":[[[13.0482,37.6123],[13.0641,37.6218],[13.068,37.6317],[13.0787,37.6344],[13.0809,37.6257],[13.099,37.6192],[13.1002,37.6115],[13.1277,37.6163],[13.1456,37.6259],[13.1453,37.6436],[13.156,37.6425],[13.1791,37.6516],[13.2091,37.6465],[13.2147,37.6721],[13.1919,37.6834],[13.1878,37.6916],[13.1483,37.6873],[13.1237,37.7015],[13.0957,37.691],[13.0798,37.6938],[13.0755,37.663],[13.0609,37.6416],[13.0619,37.6329],[13.0225,37.6586],[13.0082,37.6558],[13.0142,37.642],[13.0031,37.6294],[13.004,37.623],[13.0482,37.6123]]]}},{"type":"Feature","properties":{"id":"santa-margherita-di-belice","name":"Santa Margherita di Belice","full_name":"Santa Margherita di Belice","region":"Sicily","grapes":["Aglianico","Albanello","Alicante Bouschet","Alicante","Ancellotta","Ansonica"],"key_appellations":["Santa Margherita di Belice"],"desc":"Santa Margherita di Belice is a protected wine appellation in Sicily.","level":"appellation"},"geometry":{"type":"Polygon","coordinates":[[[12.9979,37.6553],[13.0225,37.6586],[13.0619,37.6329],[13.0609,37.6416],[13.0755,37.663],[13.0795,37.6902],[13.0467,37.712],[13.0352,37.7332],[13.0236,37.7425],[12.9977,37.7354],[12.9929,37.7422],[12.9905,37.7345],[12.9597,37.7275],[12.9599,37.7206],[12.9435,37.7159],[12.9358,37.6992],[12.9278,37.6999],[12.9306,37.6944],[12.9178,37.6893],[12.9145,37.6699],[12.9068,37.6718],[12.9049,37.6646],[12.893,37.6616],[12.9385,37.659],[12.9826,37.677],[12.9979,37.6553]]]}},{"type":"Feature","properties":{"id":"sciacca","name":"Sciacca","full_name":"Sciacca","region":"Sicily","grapes":["Aglianico","Albanello","Alicante Bouschet","Alicante","Ancellotta","Ansonica"],"key_appellations":["Sciacca"],"desc":"Sciacca is a protected wine appellation in Sicily.","level":"appellation"},"geometry":{"type":"Polygon","coordinates":[[[13.2014,37.4642],[13.2012,37.4742],[13.2379,37.4989],[13.2396,37.5112],[13.2449,37.5105],[13.2687,37.5399],[13.2656,37.555],[13.2606,37.5572],[13.2604,37.5931],[13.2509,37.598],[13.2523,37.6118],[13.2459,37.6213],[13.2278,37.629],[13.2027,37.6497],[13.1781,37.6514],[13.1687,37.6457],[13.1823,37.6339],[13.1324,37.6225],[13.1158,37.6131],[13.1002,37.6115],[13.099,37.6192],[13.0809,37.6257],[13.0798,37.6343],[13.068,37.6317],[13.0641,37.6218],[13.0448,37.6097],[13.0366,37.5941],[13.0225,37.5896],[13.0205,37.5749],[13.0083,37.5692],[12.9909,37.5385],[13.0138,37.51],[13.0125,37.5002],[13.0203,37.4951],[13.0783,37.5056],[13.0834,37.5025],[13.0756,37.5007],[13.0917,37.5038],[13.1306,37.4925],[13.1546,37.4968],[13.1717,37.4906],[13.2014,37.4642]]]}},{"type":"Feature","properties":{"id":"siracusa","name":"Siracusa","full_name":"Siracusa","region":"Sicily","grapes":["Aglianico","Albanello","Alicante Bouschet","Alicante","Ancellotta","Ansonica"],"key_appellations":["Siracusa"],"desc":"Siracusa is a protected wine appellation in Sicily.","level":"appellation"},"geometry":{"type":"Polygon","coordinates":[[[15.1572,36.9594],[15.1714,36.9587],[15.1915,36.9478],[15.208,36.9533],[15.2052,36.9595],[15.2106,36.9646],[15.2199,36.9624],[15.2355,36.9724],[15.2617,36.9741],[15.255,36.9804],[15.2691,36.9859],[15.2638,36.9912],[15.2695,36.9923],[15.2645,36.9949],[15.2678,37.0026],[15.2996,37.0152],[15.3134,37.0038],[15.3365,37.002],[15.3308,37.0174],[15.3191,37.0237],[15.3082,37.0417],[15.2987,37.042],[15.2891,37.0325],[15.2756,37.0392],[15.2704,37.0541],[15.2742,37.0622],[15.2915,37.0645],[15.2963,37.0526],[15.2985,37.0593],[15.2974,37.0673],[15.2887,37.0671],[15.3013,37.08],[15.2955,37.1068],[15.2821,37.1102],[15.2783,37.1058],[15.2632,37.106],[15.2592,37.1097],[15.2681,37.1159],[15.2589,37.1098],[15.2369,37.1154],[15.2337,37.1033],[15.2136,37.0955],[15.2034,37.097],[15.1793,37.1144],[15.176,37.1061],[15.1397,37.1044],[15.1723,37.0805],[15.1679,37.0668],[15.1538,37.0639],[15.0844,37.0709],[15.0887,37.0659],[15.0834,37.0659],[15.0845,37.0579],[15.0932,37.0479],[15.1012,37.0481],[15.1082,37.0286],[15.1152,37.0273],[15.1046,37.0199],[15.1593,37.0174],[15.1822,37.0061],[15.1677,36.9941],[15.1724,36.9777],[15.1572,36.9594]]]}},{"type":"Feature","properties":{"id":"vittoria","name":"Vittoria","full_name":"Vittoria","region":"Sicily","grapes":["Nero d'Avola","Frappato"],"key_appellations":["Cerasuolo di Vittoria"],"desc":"Sicily's only DOCG. Blend of Nero d'Avola and Frappato — fragrant, medium-bodied and food-friendly.","level":"appellation"},"geometry":{"type":"Polygon","coordinates":[[[14.3819,36.9573],[14.4224,36.9035],[14.426,36.895],[14.4216,36.8925],[14.436,36.8849],[14.4443,36.87],[14.4601,36.8147],[14.4664,36.8153],[14.4944,36.7864],[14.515,36.7875],[14.5332,36.7803],[14.5558,36.7825],[14.5952,36.7723],[14.5957,36.7869],[14.6209,36.801],[14.618,36.8088],[14.6301,36.8045],[14.636,36.8135],[14.6457,36.8119],[14.6493,36.8214],[14.6608,36.8289],[14.67,36.8271],[14.6741,36.8365],[14.7144,36.8388],[14.7122,36.8526],[14.7211,36.8501],[14.7282,36.8601],[14.7346,36.8605],[14.729,36.8641],[14.7427,36.881],[14.7501,36.8789],[14.7514,36.8876],[14.77,36.8969],[14.7795,36.9099],[14.787,36.908],[14.7911,36.9184],[14.8158,36.9112],[14.818,36.9218],[14.8239,36.9203],[14.8242,36.9321],[14.7917,36.9387],[14.8096,36.9675],[14.8283,36.9596],[14.8291,36.9506],[14.8374,36.9482],[14.8371,36.9744],[14.8605,36.9739],[14.8758,36.9825],[14.8673,36.9874],[14.863,37.0019],[14.8443,36.9949],[14.8427,37.0089],[14.8278,37.0083],[14.8259,37.0228],[14.8143,37.0279],[14.8108,37.0096],[14.7897,37.01],[14.7906,37.025],[14.7791,37.0296],[14.7665,37.0207],[14.7626,37.0249],[14.7688,37.0314],[14.7549,37.0435],[14.7425,37.0223],[14.7308,37.0219],[14.7216,37.0371],[14.7356,37.0622],[14.7335,37.0786],[14.7101,37.082],[14.7066,37.0892],[14.6796,37.0801],[14.6752,37.0864],[14.667,37.0858],[14.6746,37.0894],[14.672,37.097],[14.6813,37.1087],[14.7031,37.118],[14.7088,37.1272],[14.7292,37.1174],[14.7279,37.0959],[14.7438,37.101],[14.7657,37.0955],[14.7714,37.1026],[14.7962,37.1079],[14.7864,37.1126],[14.7768,37.1283],[14.7575,37.1388],[14.7511,37.1301],[14.7378,37.1339],[14.7327,37.1252],[14.722,37.1213],[14.7375,37.1472],[14.7244,37.1557],[14.7203,37.1726],[14.7123,37.1722],[14.7058,37.1638],[14.6911,37.1677],[14.7031,37.1803],[14.6965,37.1871],[14.6936,37.2068],[14.7022,37.213],[14.6912,37.2196],[14.6625,37.217],[14.644,37.1999],[14.6012,37.198],[14.5874,37.1856],[14.5795,37.1865],[14.6029,37.2283],[14.6017,37.2348],[14.5892,37.2428],[14.5833,37.242],[14.5771,37.2297],[14.5717,37.2307],[14.5749,37.2473],[14.5995,37.2655],[14.6038,37.279],[14.5963,37.3023],[14.5801,37.3017],[14.5659,37.2918],[14.5243,37.2883],[14.5027,37.3091],[14.4909,37.2954],[14.4422,37.3034],[14.4325,37.2925],[14.4564,37.2873],[14.4652,37.2916],[14.4759,37.2808],[14.4679,37.2677],[14.4439,37.2653],[14.4312,37.253],[14.4192,37.2511],[14.4186,37.2649],[14.3928,37.2619],[14.3818,37.2861],[14.3528,37.2781],[14.3527,37.3061],[14.3158,37.303],[14.3168,37.3268],[14.2662,37.3313],[14.2651,37.3429],[14.2311,37.3476],[14.2159,37.3362],[14.2044,37.3371],[14.1662,37.324],[14.1415,37.3365],[14.133,37.3351],[14.1288,37.3454],[14.1271,37.3383],[14.1124,37.3322],[14.0859,37.3377],[14.0902,37.3495],[14.0814,37.3493],[14.0869,37.3549],[14.08,37.3568],[14.0873,37.3646],[14.0564,37.3632],[14.0431,37.3492],[14.0396,37.3343],[14.0543,37.3263],[14.052,37.3166],[14.0466,37.3156],[14.0501,37.3117],[14.0198,37.2953],[14.0211,37.2875],[14.0252,37.2933],[14.0315,37.2922],[14.031,37.2826],[14.0281,37.2749],[14.0097,37.2625],[14.0177,37.2559],[14.0054,37.2417],[14.0075,37.2319],[14.0163,37.2283],[13.9885,37.2197],[13.995,37.2176],[13.9946,37.2038],[14.0043,37.1936],[13.9959,37.1926],[13.9915,37.2012],[13.9915,37.1951],[13.9823,37.1931],[14.0075,37.1716],[14.0112,37.16],[14.03,37.1546],[14.037,37.1415],[14.0362,37.106],[14.0692,37.1106],[14.1504,37.0966],[14.1998,37.0808],[14.229,37.0637],[14.2281,37.0671],[14.2316,37.0676],[14.2298,37.0628],[14.2385,37.0668],[14.2609,37.058],[14.3137,37.0229],[14.3819,36.9573]]]}},{"type":"Feature","properties":{"id":"montefalco-sagrantino","name":"Montefalco Sagrantino","full_name":"Montefalco Sagrantino","region":"Umbria","grapes":["Sagrantino"],"key_appellations":["Montefalco Sagrantino","Montefalco"],"desc":"Intensely tannic, powerful red from the Sagrantino grape around the hill town of Montefalco.","level":"appellation"},"geometry":{"type":"Polygon","coordinates":[[[12.7123,42.8281],[12.7163,42.8385],[12.7098,42.8434],[12.6938,42.8408],[12.6901,42.846],[12.7004,42.8657],[12.7015,42.9029],[12.6881,42.9117],[12.6492,42.9212],[12.6347,42.932],[12.6297,42.9453],[12.6119,42.9614],[12.6064,42.9808],[12.5705,42.9768],[12.5589,42.991],[12.5328,42.9721],[12.5352,42.9648],[12.5185,42.9464],[12.5074,42.9562],[12.506,42.9692],[12.4995,42.9719],[12.4783,42.9473],[12.4744,42.9181],[12.4466,42.9219],[12.4482,42.9145],[12.4565,42.9128],[12.4528,42.9093],[12.4578,42.8999],[12.4653,42.8962],[12.4515,42.8748],[12.4444,42.8743],[12.4349,42.8537],[12.4617,42.857],[12.4606,42.8502],[12.4694,42.8496],[12.478,42.8371],[12.4724,42.8275],[12.4835,42.8312],[12.4967,42.8456],[12.5135,42.8451],[12.5337,42.8334],[12.5405,42.8231],[12.5481,42.8281],[12.5511,42.817],[12.5663,42.8006],[12.5798,42.8047],[12.5823,42.8134],[12.6054,42.8038],[12.6206,42.8142],[12.6444,42.8188],[12.649,42.811],[12.6775,42.8076],[12.7123,42.8281]]]}},{"type":"Feature","properties":{"id":"torgiano-rosso-riserva","name":"Torgiano Rosso Riserva","full_name":"Torgiano Rosso Riserva","region":"Umbria","grapes":["Aglianico","Alicante","Barbera","Cabernet Franc","Cabernet Sauvignon","Calabrese"],"key_appellations":["Torgiano Rosso Riserva"],"desc":"Torgiano Rosso Riserva is a protected wine appellation in Umbria.","level":"appellation"},"geometry":{"type":"Polygon","coordinates":[[[12.4974,43.0691],[12.4653,43.071],[12.449,43.0904],[12.4487,43.0836],[12.4192,43.0561],[12.4289,43.0553],[12.426,43.0497],[12.4321,43.0451],[12.426,43.0378],[12.4139,43.0352],[12.4159,43.0268],[12.4065,43.0164],[12.4208,43.0074],[12.4297,43.0105],[12.4408,42.9958],[12.4564,42.996],[12.4683,43.0125],[12.4651,43.0413],[12.4768,43.0418],[12.4773,43.0467],[12.4873,43.043],[12.4974,43.0691]]]}},{"type":"Feature","properties":{"id":"amelia","name":"Amelia","full_name":"Amelia","region":"Umbria","grapes":["Aglianico","Albana","Alicante","Barbera","Bellone","Biancame"],"key_appellations":["Amelia"],"desc":"Amelia is a protected wine appellation in Umbria.","level":"appellation"},"geometry":{"type":"Polygon","coordinates":[[[12.2895,42.4947],[12.3152,42.488],[12.3249,42.4949],[12.3449,42.4849],[12.3512,42.4736],[12.3877,42.4891],[12.3902,42.4982],[12.4035,42.4999],[12.414,42.4938],[12.4191,42.4976],[12.4278,42.4869],[12.4129,42.4788],[12.4125,42.4675],[12.4275,42.4653],[12.4304,42.458],[12.4137,42.4551],[12.4114,42.4451],[12.4195,42.4365],[12.4137,42.4256],[12.4207,42.4216],[12.439,42.4264],[12.4501,42.423],[12.4636,42.4291],[12.4673,42.4204],[12.4587,42.4172],[12.4585,42.4043],[12.4447,42.3988],[12.4622,42.3994],[12.4663,42.3949],[12.4784,42.4036],[12.4916,42.3974],[12.5117,42.4031],[12.5183,42.3972],[12.5133,42.3942],[12.5129,42.3793],[12.5178,42.3689],[12.5304,42.3646],[12.549,42.3823],[12.57,42.3829],[12.6064,42.4024],[12.6054,42.4075],[12.6149,42.4145],[12.6115,42.4354],[12.6195,42.4519],[12.6141,42.4641],[12.6214,42.4686],[12.6411,42.4678],[12.6394,42.4591],[12.6495,42.4433],[12.666,42.441],[12.694,42.4494],[12.7028,42.4609],[12.7247,42.4604],[12.7416,42.4705],[12.7204,42.4855],[12.7112,42.5008],[12.7276,42.5091],[12.7736,42.5131],[12.77,42.5244],[12.7732,42.5313],[12.7837,42.5327],[12.7872,42.5515],[12.7832,42.5593],[12.7732,42.5608],[12.7594,42.5538],[12.742,42.5773],[12.7478,42.5812],[12.741,42.582],[12.7272,42.5987],[12.7194,42.5975],[12.7121,42.6223],[12.6993,42.6312],[12.6987,42.6371],[12.6756,42.6438],[12.6637,42.6591],[12.6413,42.6664],[12.6391,42.6748],[12.625,42.6735],[12.6064,42.6412],[12.5703,42.6415],[12.545,42.6471],[12.5397,42.65],[12.5406,42.6573],[12.5204,42.6615],[12.5241,42.6691],[12.4835,42.6883],[12.4753,42.6999],[12.465,42.6852],[12.4721,42.6833],[12.4767,42.6671],[12.4665,42.6598],[12.4461,42.6574],[12.4375,42.6418],[12.4427,42.6379],[12.4407,42.6251],[12.4204,42.6365],[12.4117,42.6447],[12.414,42.6488],[12.4047,42.6502],[12.4065,42.662],[12.3972,42.6624],[12.3776,42.6576],[12.3871,42.6382],[12.372,42.6282],[12.3468,42.624],[12.3351,42.6494],[12.318,42.6478],[12.3054,42.6388],[12.3026,42.6429],[12.2731,42.6356],[12.236,42.6214],[12.2282,42.6108],[12.245,42.6047],[12.2476,42.5967],[12.2406,42.597],[12.2435,42.5923],[12.2359,42.5833],[12.2421,42.5764],[12.2387,42.572],[12.2622,42.5597],[12.2751,42.5599],[12.2786,42.5415],[12.2668,42.5334],[12.2745,42.5239],[12.2903,42.519],[12.2755,42.516],[12.2746,42.5095],[12.2904,42.5106],[12.3071,42.498],[12.303,42.4913],[12.2895,42.4947]]]}},{"type":"Feature","properties":{"id":"assisi","name":"Assisi","full_name":"Assisi","region":"Umbria","grapes":["Aglianico","Albana","Alicante","Barbera","Bellone","Biancame"],"key_appellations":["Assisi"],"desc":"Assisi is a protected wine appellation in Umbria.","level":"appellation"},"geometry":{"type":"Polygon","coordinates":[[[12.5924,43.0108],[12.6116,42.9642],[12.6414,42.9641],[12.6848,42.9738],[12.6945,42.9866],[12.7079,42.9924],[12.7125,43.0024],[12.7174,43.0015],[12.7286,43.022],[12.7166,43.0438],[12.72,43.0544],[12.7099,43.0678],[12.7264,43.0816],[12.7169,43.0841],[12.713,43.0914],[12.7271,43.1241],[12.7236,43.133],[12.7076,43.1425],[12.7038,43.1337],[12.7127,43.1274],[12.7078,43.1244],[12.699,43.137],[12.6901,43.1391],[12.6958,43.1537],[12.6825,43.1587],[12.6376,43.1524],[12.63,43.1388],[12.6125,43.137],[12.5989,43.1288],[12.5731,43.1346],[12.5525,43.1614],[12.5547,43.1737],[12.5624,43.1739],[12.5565,43.2042],[12.5339,43.1956],[12.5263,43.2046],[12.5291,43.2145],[12.4927,43.2108],[12.4641,43.2245],[12.4579,43.2306],[12.4758,43.2432],[12.4832,43.2585],[12.4545,43.2683],[12.4429,43.2667],[12.4444,43.2748],[12.4331,43.2856],[12.4073,43.2827],[12.3933,43.2578],[12.3759,43.2501],[12.3785,43.2395],[12.37,43.2285],[12.3401,43.2482],[12.3111,43.235],[12.2959,43.236],[12.2979,43.2213],[12.3187,43.2117],[12.317,43.2037],[12.2994,43.1983],[12.298,43.1757],[12.3084,43.1665],[12.3168,43.1733],[12.3409,43.1548],[12.3308,43.1412],[12.3334,43.1374],[12.309,43.1262],[12.3208,43.1042],[12.3136,43.0881],[12.3217,43.0775],[12.3165,43.071],[12.2865,43.0581],[12.282,43.0592],[12.2837,43.0673],[12.2945,43.0769],[12.2772,43.0777],[12.2632,43.0699],[12.2664,43.0654],[12.262,43.0553],[12.2441,43.0517],[12.2269,43.0564],[12.2134,43.0713],[12.1971,43.0722],[12.1861,43.0675],[12.2005,43.0554],[12.202,43.0439],[12.1826,43.045],[12.1731,43.0314],[12.1806,43.0088],[12.1909,43.0123],[12.1943,43.0033],[12.2082,43.0072],[12.2297,43.0022],[12.2409,43.013],[12.2369,43.0213],[12.2414,43.0374],[12.2686,43.0341],[12.2704,43.0254],[12.2988,43.0442],[12.3105,43.0299],[12.3249,43.035],[12.3331,43.0251],[12.3243,43.014],[12.3443,43.0079],[12.3427,42.9965],[12.3576,42.9934],[12.363,42.9955],[12.3708,43.0238],[12.4065,43.0164],[12.4159,43.0268],[12.4139,43.0352],[12.426,43.0378],[12.4321,43.0451],[12.426,43.0497],[12.4289,43.0553],[12.4192,43.0561],[12.4487,43.0836],[12.449,43.0904],[12.4653,43.071],[12.4974,43.0691],[12.4905,43.0817],[12.4932,43.0893],[12.5051,43.0872],[12.5086,43.0914],[12.5585,43.0835],[12.5721,43.0708],[12.5638,43.0625],[12.5654,43.0548],[12.5437,43.0459],[12.548,43.0384],[12.5431,43.0327],[12.5517,43.0306],[12.5525,43.0214],[12.5924,43.0108]]]}},{"type":"Feature","properties":{"id":"colli-altotiberini","name":"Colli Altotiberini","full_name":"Colli Altotiberini","region":"Umbria","grapes":["Aglianico","Albana","Alicante","Barbera","Bellone","Biancame"],"key_appellations":["Colli Altotiberini"],"desc":"Colli Altotiberini is a protected wine appellation in Umbria.","level":"appellation"},"geometry":{"type":"MultiPolygon","coordinates":[[[[12.5051,43.0872],[12.5304,43.1335],[12.5417,43.1432],[12.565,43.1436],[12.5521,43.1632],[12.5547,43.1737],[12.5624,43.1739],[12.5583,43.2003],[12.5899,43.1942],[12.5918,43.2032],[12.6122,43.2008],[12.6356,43.2125],[12.6479,43.2288],[12.6576,43.2314],[12.6534,43.2349],[12.6701,43.2533],[12.6672,43.2602],[12.6906,43.2616],[12.7083,43.2756],[12.7095,43.2832],[12.7027,43.288],[12.7073,43.298],[12.7021,43.3],[12.7077,43.3064],[12.7037,43.3206],[12.7074,43.3229],[12.6992,43.3344],[12.6872,43.3321],[12.6751,43.3371],[12.6729,43.3442],[12.6498,43.3521],[12.6556,43.3604],[12.6471,43.3715],[12.6561,43.3756],[12.6532,43.3864],[12.6192,43.4167],[12.6226,43.424],[12.5636,43.4602],[12.5222,43.5019],[12.4914,43.4914],[12.4977,43.4737],[12.4939,43.4578],[12.4511,43.4315],[12.4301,43.3808],[12.4077,43.368],[12.3992,43.3475],[12.3816,43.3552],[12.3672,43.3695],[12.3945,43.3862],[12.4008,43.3986],[12.4195,43.4138],[12.4217,43.4281],[12.4098,43.4248],[12.401,43.4319],[12.3988,43.407],[12.3716,43.4171],[12.3753,43.4074],[12.3636,43.4011],[12.3601,43.4062],[12.3526,43.3931],[12.3463,43.4019],[12.3384,43.3943],[12.3364,43.4044],[12.3232,43.4035],[12.3195,43.4181],[12.3379,43.4168],[12.3525,43.4332],[12.3504,43.4428],[12.3797,43.4601],[12.3715,43.467],[12.3604,43.4622],[12.3401,43.4637],[12.332,43.4668],[12.3357,43.4769],[12.3956,43.4938],[12.405,43.4936],[12.4142,43.4843],[12.4165,43.5032],[12.3864,43.5108],[12.3874,43.5213],[12.3668,43.5341],[12.3501,43.5218],[12.3332,43.5236],[12.3128,43.5442],[12.3203,43.5533],[12.344,43.5528],[12.3703,43.5794],[12.3735,43.5843],[12.3613,43.5965],[12.3713,43.6111],[12.3561,43.6173],[12.3508,43.608],[12.3357,43.6115],[12.3247,43.6017],[12.3132,43.602],[12.307,43.5903],[12.2978,43.5858],[12.2878,43.5946],[12.2615,43.5889],[12.2393,43.5959],[12.2255,43.5933],[12.2139,43.6108],[12.2032,43.6062],[12.1944,43.5887],[12.1627,43.5613],[12.1534,43.529],[12.1421,43.5358],[12.116,43.5276],[12.1089,43.5325],[12.0954,43.5226],[12.0925,43.501],[12.1407,43.4824],[12.1433,43.4703],[12.1296,43.4729],[12.104,43.4604],[12.0999,43.4478],[12.0814,43.434],[12.0569,43.4382],[12.0252,43.4156],[12.033,43.4002],[12.0773,43.4021],[12.0728,43.3812],[12.0774,43.3656],[12.1026,43.3724],[12.1249,43.3579],[12.1348,43.3434],[12.1374,43.3278],[12.1259,43.3068],[12.1325,43.2931],[12.1771,43.2818],[12.1852,43.2944],[12.1829,43.3005],[12.1951,43.3144],[12.2237,43.2962],[12.2137,43.291],[12.1984,43.2639],[12.1964,43.2267],[12.2287,43.2189],[12.2487,43.2308],[12.2518,43.2156],[12.28,43.2267],[12.2764,43.2146],[12.301,43.1996],[12.3008,43.1718],[12.3084,43.1665],[12.3168,43.1733],[12.3409,43.1548],[12.3308,43.1412],[12.3334,43.1374],[12.309,43.1262],[12.3208,43.1042],[12.3136,43.0881],[12.3217,43.0775],[12.3165,43.071],[12.2865,43.0581],[12.282,43.0592],[12.2837,43.0673],[12.2945,43.0769],[12.2772,43.0777],[12.2632,43.0699],[12.2664,43.0654],[12.262,43.0553],[12.2441,43.0517],[12.2269,43.0564],[12.2134,43.0713],[12.1874,43.0693],[12.2005,43.0554],[12.2023,43.0447],[12.1874,43.0465],[12.179,43.0415],[12.1731,43.0314],[12.1813,43.0174],[12.1789,43.0114],[12.1909,43.0123],[12.1943,43.0033],[12.2082,43.0072],[12.2306,43.0024],[12.2409,43.013],[12.2369,43.0213],[12.2414,43.0374],[12.2686,43.0341],[12.2704,43.0254],[12.2988,43.0442],[12.3105,43.0299],[12.3184,43.0356],[12.3317,43.0291],[12.3316,43.0208],[12.3243,43.014],[12.3443,43.0079],[12.3427,42.9965],[12.3622,42.9945],[12.3708,43.0238],[12.4065,43.0164],[12.4159,43.0268],[12.4139,43.0352],[12.4298,43.0414],[12.4289,43.0553],[12.4192,43.0561],[12.4487,43.0836],[12.449,43.0904],[12.4653,43.071],[12.4793,43.0691],[12.4974,43.0691],[12.4905,43.0817],[12.4932,43.0893],[12.5051,43.0872]]],[[[12.4279,43.6087],[12.4078,43.6021],[12.4251,43.5917],[12.4334,43.5927],[12.4348,43.5995],[12.4279,43.6087]]]]}},{"type":"Feature","properties":{"id":"colli-del-trasimeno","name":"Colli del Trasimeno","full_name":"Colli del Trasimeno / Trasimeno","region":"Umbria","grapes":["Aglianico","Albana","Alicante","Barbera","Bellone","Biancame"],"key_appellations":["Colli del Trasimeno"],"desc":"Colli del Trasimeno is a protected wine appellation in Umbria.","level":"appellation"},"geometry":{"type":"Polygon","coordinates":[[[11.96,42.8692],[11.9333,42.8693],[11.9369,42.8627],[11.962,42.8619],[11.9658,42.8683],[12.0301,42.8813],[12.009,42.8907],[12.0156,42.8968],[12.0074,42.9017],[12.0114,42.9055],[11.9997,42.9099],[12.0151,42.9081],[12.0371,42.9323],[12.0498,42.9341],[12.0501,42.9406],[12.0622,42.934],[12.0895,42.9414],[12.1237,42.9386],[12.1281,42.9431],[12.1426,42.9349],[12.1507,42.9424],[12.1533,42.9334],[12.1887,42.9395],[12.2055,42.9336],[12.2038,42.9404],[12.2104,42.943],[12.2118,42.953],[12.2243,42.9666],[12.2655,42.9746],[12.2418,42.9899],[12.2467,43.0007],[12.2449,43.0077],[12.2369,43.0082],[12.2414,43.0374],[12.2686,43.0341],[12.2704,43.0254],[12.2988,43.0442],[12.3105,43.0299],[12.3244,43.0353],[12.3331,43.0251],[12.3243,43.014],[12.3443,43.0079],[12.3427,42.9965],[12.3493,42.9943],[12.363,42.9955],[12.3708,43.0238],[12.4065,43.0164],[12.4159,43.0268],[12.4139,43.0352],[12.426,43.0378],[12.4321,43.0451],[12.426,43.0497],[12.4289,43.0553],[12.4192,43.0561],[12.4487,43.0836],[12.449,43.0904],[12.4653,43.071],[12.4974,43.0691],[12.4905,43.0817],[12.4932,43.0893],[12.5107,43.0908],[12.529,43.132],[12.5417,43.1432],[12.5637,43.1413],[12.5637,43.1489],[12.5521,43.1632],[12.5547,43.1737],[12.5624,43.1739],[12.5565,43.2042],[12.5339,43.1956],[12.5263,43.2046],[12.5291,43.2145],[12.4927,43.2108],[12.4641,43.2245],[12.4579,43.2306],[12.4758,43.2432],[12.4832,43.2585],[12.4545,43.2683],[12.4429,43.2667],[12.4444,43.2748],[12.4331,43.2856],[12.4073,43.2827],[12.3933,43.2578],[12.3759,43.2501],[12.3785,43.2395],[12.37,43.2285],[12.3401,43.2482],[12.3111,43.235],[12.2959,43.236],[12.2979,43.2213],[12.3187,43.2117],[12.317,43.2037],[12.3002,43.1995],[12.2764,43.2146],[12.28,43.2267],[12.2518,43.2156],[12.2487,43.2308],[12.2287,43.2189],[12.2005,43.228],[12.1904,43.2159],[12.1466,43.2125],[12.132,43.2316],[12.117,43.2266],[12.0489,43.2531],[12.034,43.2467],[12.0434,43.2295],[12.0362,43.2256],[12.0228,43.1862],[11.9889,43.1816],[11.9702,43.1692],[11.9402,43.1612],[11.925,43.1492],[11.9204,43.1317],[11.9124,43.1283],[11.9304,43.0943],[11.9225,43.0815],[11.9361,43.0559],[11.9481,43.0556],[11.9567,43.0687],[11.9726,43.064],[11.9824,43.0505],[11.9724,43.0353],[11.972,43.0219],[11.9543,42.9787],[11.9495,42.9774],[11.9486,42.9619],[11.9541,42.9554],[11.9348,42.927],[11.9335,42.9054],[11.9521,42.901],[11.9577,42.9116],[11.9518,42.9132],[11.9576,42.9168],[11.9665,42.9102],[11.9985,42.9093],[11.9854,42.8926],[11.9705,42.8885],[11.9586,42.8743],[11.96,42.8692]]]}},{"type":"Feature","properties":{"id":"colli-martani","name":"Colli Martani","full_name":"Colli Martani","region":"Umbria","grapes":["Aglianico","Albana","Alicante","Barbera","Bellone","Biancame"],"key_appellations":["Colli Martani"],"desc":"Colli Martani is a protected wine appellation in Umbria.","level":"appellation"},"geometry":{"type":"Polygon","coordinates":[[[12.3007,42.7815],[12.2908,42.7812],[12.2973,42.7489],[12.3157,42.7408],[12.3271,42.753],[12.3333,42.7509],[12.3599,42.7191],[12.3768,42.7076],[12.3679,42.704],[12.3742,42.694],[12.3687,42.6869],[12.3815,42.6842],[12.386,42.6733],[12.3973,42.6779],[12.4006,42.6995],[12.4147,42.7006],[12.4171,42.6804],[12.4502,42.7023],[12.4625,42.7047],[12.4891,42.7238],[12.4932,42.7347],[12.5119,42.7325],[12.5161,42.7178],[12.5324,42.711],[12.5421,42.7125],[12.5434,42.7173],[12.5737,42.7139],[12.5805,42.7193],[12.577,42.7399],[12.5846,42.7491],[12.5963,42.7469],[12.6126,42.7212],[12.6284,42.7215],[12.6193,42.7082],[12.5923,42.7112],[12.5799,42.7055],[12.5839,42.6882],[12.6143,42.6946],[12.6222,42.6735],[12.6391,42.6748],[12.6413,42.6664],[12.6637,42.6591],[12.6756,42.6438],[12.6987,42.6371],[12.6993,42.6312],[12.7121,42.6223],[12.7205,42.5968],[12.7362,42.6107],[12.7338,42.6241],[12.7502,42.634],[12.7751,42.6359],[12.7924,42.663],[12.8004,42.6575],[12.8121,42.6595],[12.8028,42.6693],[12.8015,42.6783],[12.8066,42.6834],[12.7888,42.6858],[12.7826,42.6929],[12.7923,42.6932],[12.7888,42.7013],[12.8107,42.707],[12.8048,42.7084],[12.8051,42.717],[12.8141,42.7234],[12.8049,42.7288],[12.8015,42.7474],[12.8133,42.7532],[12.8103,42.7586],[12.828,42.7907],[12.8417,42.7941],[12.8466,42.8057],[12.8221,42.8216],[12.8127,42.843],[12.8111,42.8313],[12.7982,42.8176],[12.7741,42.8124],[12.7579,42.8179],[12.759,42.8307],[12.7428,42.8343],[12.7392,42.8405],[12.7281,42.8422],[12.7198,42.836],[12.7098,42.8434],[12.693,42.8412],[12.6901,42.846],[12.6991,42.8602],[12.7031,42.8935],[12.697,42.908],[12.6534,42.9195],[12.6347,42.932],[12.6297,42.9453],[12.6119,42.9614],[12.5924,43.0108],[12.5525,43.0214],[12.5517,43.0306],[12.527,43.0353],[12.4914,43.0532],[12.4873,43.043],[12.4773,43.0467],[12.4768,43.0418],[12.4651,43.0413],[12.4683,43.0125],[12.4548,42.9955],[12.4399,42.9963],[12.4297,43.0105],[12.4208,43.0074],[12.384,43.0229],[12.3689,43.0214],[12.3622,42.9945],[12.3972,42.9797],[12.3886,42.9756],[12.4018,42.9689],[12.3958,42.9655],[12.3997,42.9569],[12.3887,42.9463],[12.3964,42.9335],[12.3804,42.9345],[12.3708,42.929],[12.3699,42.9222],[12.3779,42.9057],[12.3883,42.9023],[12.3749,42.8967],[12.3927,42.8865],[12.3835,42.8833],[12.3766,42.8905],[12.3676,42.8867],[12.3771,42.8827],[12.3745,42.8781],[12.3815,42.8676],[12.3721,42.8695],[12.3719,42.8641],[12.3971,42.8536],[12.3794,42.846],[12.3563,42.8561],[12.326,42.8564],[12.3231,42.8394],[12.3134,42.8337],[12.2992,42.795],[12.3007,42.7815]]]}},{"type":"Feature","properties":{"id":"colli-perugini","name":"Colli Perugini","full_name":"Colli Perugini","region":"Umbria","grapes":["Aglianico","Albana","Alicante","Barbera","Bellone","Biancame"],"key_appellations":["Colli Perugini"],"desc":"Colli Perugini is a protected wine appellation in Umbria.","level":"appellation"},"geometry":{"type":"Polygon","coordinates":[[[12.4057,42.8406],[12.3971,42.8536],[12.3716,42.8647],[12.3721,42.8695],[12.3815,42.8676],[12.3745,42.8781],[12.3771,42.8827],[12.3683,42.8881],[12.3794,42.8902],[12.3835,42.8833],[12.3927,42.8865],[12.3749,42.8967],[12.3883,42.9023],[12.3772,42.9064],[12.3708,42.929],[12.382,42.9347],[12.4133,42.9318],[12.421,42.9386],[12.4176,42.9552],[12.4257,42.962],[12.4648,42.9548],[12.4682,42.9669],[12.4775,42.9748],[12.4658,42.978],[12.4531,42.9982],[12.4408,42.9958],[12.4297,43.0105],[12.4208,43.0074],[12.4065,43.0164],[12.4159,43.0268],[12.4139,43.0352],[12.426,43.0378],[12.4321,43.0451],[12.426,43.0497],[12.4289,43.0553],[12.4192,43.0561],[12.4487,43.0836],[12.4497,43.0907],[12.4653,43.071],[12.4974,43.0691],[12.4905,43.0817],[12.4932,43.0893],[12.5107,43.0908],[12.529,43.132],[12.5417,43.1432],[12.565,43.144],[12.5521,43.1632],[12.5547,43.1737],[12.5624,43.1739],[12.5565,43.2042],[12.5339,43.1956],[12.5263,43.2046],[12.5291,43.2145],[12.4927,43.2108],[12.4641,43.2245],[12.4579,43.2306],[12.4758,43.2432],[12.4832,43.2585],[12.4545,43.2683],[12.4429,43.2667],[12.4444,43.2748],[12.4331,43.2856],[12.4073,43.2827],[12.3933,43.2578],[12.3759,43.2501],[12.3785,43.2395],[12.37,43.2285],[12.3401,43.2482],[12.3111,43.235],[12.2959,43.236],[12.2979,43.2213],[12.3187,43.2117],[12.317,43.2037],[12.2994,43.1983],[12.298,43.1757],[12.3084,43.1665],[12.3168,43.1733],[12.3409,43.1548],[12.3308,43.1412],[12.3334,43.1374],[12.309,43.1262],[12.3208,43.1042],[12.3136,43.0881],[12.3217,43.0775],[12.3165,43.071],[12.2865,43.0581],[12.282,43.0592],[12.2837,43.0673],[12.2945,43.0769],[12.2772,43.0777],[12.2632,43.0699],[12.2664,43.0654],[12.262,43.0553],[12.2441,43.0517],[12.2269,43.0564],[12.2134,43.0713],[12.1874,43.0693],[12.2009,43.0546],[12.202,43.0439],[12.1811,43.044],[12.1731,43.0314],[12.1806,43.0088],[12.1594,43.0038],[12.1638,42.9988],[12.1577,42.9988],[12.1473,42.9842],[12.1278,42.9998],[12.1008,42.9882],[12.07,43.0068],[12.0611,43.0038],[12.0552,42.9813],[12.0587,42.9792],[12.0521,42.9757],[12.0604,42.9547],[12.0508,42.9407],[12.0616,42.934],[12.0895,42.9414],[12.1237,42.9386],[12.1281,42.9431],[12.1426,42.9349],[12.1507,42.9424],[12.1533,42.9334],[12.1729,42.9329],[12.1793,42.9126],[12.1693,42.9072],[12.1639,42.8856],[12.1649,42.8805],[12.1729,42.8844],[12.1813,42.8799],[12.188,42.8525],[12.1774,42.84],[12.1675,42.8458],[12.1648,42.8393],[12.1384,42.836],[12.1356,42.8278],[12.1406,42.8277],[12.1301,42.8214],[12.1264,42.8098],[12.1313,42.8026],[12.1552,42.8098],[12.157,42.8152],[12.1743,42.8151],[12.2109,42.808],[12.2013,42.794],[12.2099,42.7928],[12.2106,42.8],[12.225,42.8056],[12.2294,42.8132],[12.2513,42.8131],[12.2636,42.7959],[12.269,42.7973],[12.274,42.7909],[12.2615,42.7837],[12.2999,42.781],[12.302,42.7915],[12.3126,42.796],[12.3362,42.7882],[12.3479,42.7987],[12.353,42.8178],[12.3674,42.8304],[12.3888,42.83],[12.4057,42.8406]]]}},{"type":"Feature","properties":{"id":"lago-di-corbara","name":"Lago di Corbara","full_name":"Lago di Corbara","region":"Umbria","grapes":["Aglianico","Albana","Alicante","Barbera","Bellone","Biancame"],"key_appellations":["Lago di Corbara"],"desc":"Lago di Corbara is a protected wine appellation in Umbria.","level":"appellation"},"geometry":{"type":"Polygon","coordinates":[[[12.3167,42.7413],[12.2973,42.7489],[12.2908,42.7812],[12.2615,42.7837],[12.274,42.7909],[12.269,42.7973],[12.2636,42.7959],[12.2547,42.8117],[12.2294,42.8132],[12.225,42.8056],[12.2106,42.8],[12.2099,42.7928],[12.2013,42.794],[12.2109,42.808],[12.1603,42.8154],[12.125,42.799],[12.0947,42.8041],[12.0912,42.7963],[12.096,42.7857],[12.0847,42.7827],[12.0885,42.7601],[12.0842,42.757],[12.0568,42.7758],[12.0472,42.7763],[12.0436,42.7713],[12.0519,42.7584],[12.0443,42.7534],[12.0549,42.7351],[12.0264,42.7329],[11.9919,42.7464],[11.9821,42.7306],[11.9989,42.721],[12.0032,42.7294],[12.0174,42.7255],[12.0175,42.7145],[12.0271,42.7112],[12.0215,42.7059],[12.0303,42.7004],[12.0193,42.6844],[12.0262,42.6752],[12.0071,42.6624],[12.0298,42.6504],[12.03,42.6432],[12.0757,42.6576],[12.0814,42.6841],[12.0796,42.6899],[12.0702,42.6891],[12.0773,42.7016],[12.0956,42.7007],[12.1004,42.706],[12.1181,42.6846],[12.1102,42.6784],[12.1138,42.6717],[12.1044,42.6669],[12.1179,42.6505],[12.1254,42.6498],[12.1324,42.6616],[12.1408,42.6563],[12.1471,42.6593],[12.1486,42.6674],[12.165,42.6768],[12.1895,42.6619],[12.2044,42.6604],[12.2269,42.6435],[12.2257,42.6355],[12.2434,42.6281],[12.2507,42.6335],[12.2345,42.6515],[12.2492,42.6598],[12.2539,42.6682],[12.2479,42.6779],[12.2562,42.6868],[12.2692,42.6824],[12.2907,42.691],[12.3121,42.6863],[12.3218,42.6904],[12.3275,42.6845],[12.3496,42.6972],[12.3668,42.6861],[12.3742,42.694],[12.3679,42.704],[12.3768,42.7076],[12.3599,42.7191],[12.3333,42.7509],[12.3271,42.753],[12.3167,42.7413]]]}},{"type":"Feature","properties":{"id":"montefalco","name":"Montefalco","full_name":"Montefalco","region":"Umbria","grapes":["Sagrantino"],"key_appellations":["Montefalco Sagrantino","Montefalco"],"desc":"Intensely tannic, powerful red from the Sagrantino grape around the hill town of Montefalco.","level":"appellation"},"geometry":{"type":"Polygon","coordinates":[[[12.7123,42.8281],[12.7163,42.8385],[12.7098,42.8434],[12.6938,42.8408],[12.6901,42.846],[12.7004,42.8657],[12.7015,42.9029],[12.6881,42.9117],[12.6492,42.9212],[12.6347,42.932],[12.6297,42.9453],[12.6119,42.9614],[12.6064,42.9808],[12.5705,42.9768],[12.5589,42.991],[12.5328,42.9721],[12.5352,42.9648],[12.5185,42.9464],[12.5074,42.9562],[12.506,42.9692],[12.4995,42.9719],[12.4783,42.9473],[12.4744,42.9181],[12.4466,42.9219],[12.4482,42.9145],[12.4565,42.9128],[12.4528,42.9093],[12.4578,42.8999],[12.4653,42.8962],[12.4515,42.8748],[12.4444,42.8743],[12.4349,42.8537],[12.4617,42.857],[12.4606,42.8502],[12.4694,42.8496],[12.478,42.8371],[12.4724,42.8275],[12.4835,42.8312],[12.4967,42.8456],[12.5135,42.8451],[12.5337,42.8334],[12.5405,42.8231],[12.5481,42.8281],[12.5511,42.817],[12.5663,42.8006],[12.5798,42.8047],[12.5823,42.8134],[12.6054,42.8038],[12.6206,42.8142],[12.6444,42.8188],[12.649,42.811],[12.6775,42.8076],[12.7123,42.8281]]]}},{"type":"Feature","properties":{"id":"orvieto","name":"Orvieto","full_name":"Orvieto","region":"Umbria","grapes":["Albana","Bellone","Biancame","Bombino Bianco","Canaiolo Bianco","Capolongo"],"key_appellations":["Orvieto"],"desc":"Orvieto is a protected wine appellation in Umbria.","level":"appellation"},"geometry":{"type":"MultiPolygon","coordinates":[[[[12.0381,42.5916],[12.0525,42.581],[12.0536,42.5868],[12.1221,42.5867],[12.1725,42.5746],[12.1741,42.5822],[12.1963,42.5733],[12.1852,42.5685],[12.1972,42.5518],[12.2114,42.5569],[12.2263,42.5507],[12.2137,42.5387],[12.2161,42.5318],[12.2737,42.5365],[12.2788,42.5509],[12.2751,42.5599],[12.2672,42.5612],[12.3043,42.5842],[12.3191,42.5876],[12.317,42.5976],[12.3238,42.6069],[12.3452,42.6127],[12.3468,42.624],[12.3356,42.6435],[12.3424,42.6505],[12.3376,42.6604],[12.3631,42.6752],[12.3725,42.6726],[12.3841,42.678],[12.3815,42.6842],[12.3687,42.6869],[12.3742,42.694],[12.3679,42.704],[12.3768,42.7076],[12.3727,42.7129],[12.3599,42.7191],[12.3527,42.7328],[12.3285,42.7532],[12.3157,42.7408],[12.2973,42.7489],[12.2908,42.7812],[12.2615,42.7837],[12.274,42.7909],[12.269,42.7973],[12.2636,42.7959],[12.2547,42.8117],[12.2294,42.8132],[12.225,42.8056],[12.2106,42.8],[12.2099,42.7928],[12.2013,42.794],[12.2109,42.808],[12.1743,42.8151],[12.157,42.8152],[12.1552,42.8098],[12.1313,42.8026],[12.1237,42.8315],[12.1135,42.8292],[12.1051,42.8341],[12.094,42.8479],[12.0969,42.8556],[12.091,42.8705],[12.082,42.8753],[12.1212,42.8937],[12.1377,42.884],[12.1361,42.8773],[12.1649,42.8805],[12.1693,42.9072],[12.1787,42.9157],[12.1725,42.9335],[12.1533,42.9334],[12.1507,42.9424],[12.1426,42.9349],[12.1281,42.9431],[12.1237,42.9386],[12.0895,42.9414],[12.0622,42.934],[12.0501,42.9406],[12.0498,42.9341],[12.0371,42.9323],[12.0151,42.9081],[11.9997,42.9099],[12.0114,42.9055],[12.0074,42.9017],[12.0156,42.8968],[12.009,42.8907],[12.0301,42.8813],[11.9658,42.8683],[11.962,42.8619],[11.9386,42.8622],[11.9305,42.8697],[11.9132,42.8505],[11.8919,42.8429],[11.8955,42.8341],[11.9061,42.8321],[11.9082,42.8162],[11.9169,42.8076],[11.9274,42.7809],[11.9795,42.7646],[11.9819,42.7552],[11.9741,42.7494],[11.9688,42.7341],[11.9616,42.7329],[11.963,42.7267],[11.9444,42.7249],[11.9263,42.7038],[11.9488,42.696],[11.9413,42.6833],[11.978,42.6755],[12.03,42.6503],[12.0262,42.6268],[12.0157,42.6197],[12.0097,42.5994],[12.017,42.5989],[12.0217,42.5886],[12.0381,42.5916]]],[[[11.9569,42.8991],[11.9586,42.8743],[11.9705,42.8885],[11.9854,42.8926],[11.9985,42.9093],[11.9665,42.9102],[11.9553,42.9159],[11.9521,42.9007],[11.9569,42.8991]]],[[[12.3946,42.6162],[12.4111,42.6301],[12.3821,42.6386],[12.372,42.6282],[12.3504,42.6249],[12.3956,42.5977],[12.3946,42.6162]]]]}},{"type":"Feature","properties":{"id":"rosso-orvietano","name":"Rosso Orvietano","full_name":"Rosso Orvietano / Orvietano Rosso","region":"Umbria","grapes":["Aglianico","Alicante","Aléatico","Barbera","Cabernet Franc","Cabernet Sauvignon"],"key_appellations":["Rosso Orvietano"],"desc":"Rosso Orvietano is a protected wine appellation in Umbria.","level":"appellation"},"geometry":{"type":"MultiPolygon","coordinates":[[[[12.0945,42.6555],[12.1067,42.6646],[12.1241,42.6493],[12.1304,42.6604],[12.1471,42.6593],[12.1486,42.6674],[12.163,42.6769],[12.1895,42.6619],[12.2044,42.6604],[12.2269,42.6435],[12.2257,42.6355],[12.2429,42.629],[12.2282,42.6108],[12.2463,42.6025],[12.2476,42.5967],[12.2408,42.5973],[12.2435,42.5923],[12.2359,42.5833],[12.2421,42.5764],[12.2387,42.572],[12.2622,42.5597],[12.3191,42.5876],[12.3171,42.5979],[12.3335,42.613],[12.3441,42.6109],[12.3468,42.624],[12.3356,42.6435],[12.3424,42.6505],[12.3376,42.6604],[12.3631,42.6752],[12.3725,42.6726],[12.3841,42.6784],[12.3815,42.6842],[12.3687,42.6869],[12.3742,42.694],[12.3679,42.704],[12.3768,42.7076],[12.3585,42.7205],[12.3527,42.7328],[12.3285,42.7532],[12.3157,42.7408],[12.2973,42.7489],[12.2905,42.7689],[12.2908,42.7812],[12.301,42.782],[12.2992,42.795],[12.3134,42.8337],[12.3231,42.8394],[12.3273,42.8504],[12.3228,42.8628],[12.3315,42.8727],[12.3306,42.8896],[12.3076,42.8877],[12.3043,42.8938],[12.3205,42.9147],[12.2917,42.9155],[12.2821,42.9243],[12.2787,42.9165],[12.267,42.9249],[12.2603,42.9162],[12.2534,42.9186],[12.2545,42.9227],[12.2308,42.9214],[12.2257,42.9286],[12.2075,42.924],[12.2055,42.9336],[12.1887,42.9395],[12.1533,42.9334],[12.1507,42.9424],[12.1426,42.9349],[12.1281,42.9431],[12.1237,42.9386],[12.0895,42.9414],[12.0616,42.934],[12.0508,42.9407],[12.0498,42.9341],[12.0371,42.9323],[12.0151,42.9081],[11.9997,42.9099],[12.0114,42.9055],[12.0074,42.9017],[12.0156,42.8968],[12.009,42.8907],[12.0301,42.8813],[11.9658,42.8683],[11.962,42.8619],[11.9386,42.8622],[11.9305,42.8697],[11.9132,42.8505],[11.8919,42.8429],[11.8955,42.8341],[11.9061,42.8321],[11.9082,42.8162],[11.9169,42.8076],[11.9274,42.7809],[11.9795,42.7646],[11.9819,42.7536],[11.9741,42.7494],[11.9688,42.7341],[11.9616,42.7329],[11.963,42.7267],[11.9492,42.7274],[11.9301,42.7129],[11.9263,42.7038],[11.9488,42.696],[11.9413,42.6833],[11.978,42.6755],[12.0071,42.6624],[12.0298,42.6504],[12.03,42.6432],[12.0737,42.6567],[12.0945,42.6555]],[[12.0826,42.8743],[12.1089,42.8916],[12.1212,42.8937],[12.1377,42.884],[12.1361,42.8773],[12.1729,42.8844],[12.1813,42.8799],[12.188,42.8525],[12.1774,42.84],[12.1675,42.8458],[12.1648,42.8393],[12.1387,42.8362],[12.1356,42.8278],[12.1406,42.8277],[12.1299,42.8211],[12.1237,42.8315],[12.1135,42.8292],[12.1051,42.8341],[12.094,42.8479],[12.0969,42.8556],[12.091,42.8705],[12.0826,42.8743]]],[[[11.9569,42.8991],[11.9586,42.8743],[11.9705,42.8885],[11.9854,42.8926],[11.9985,42.9093],[11.9665,42.9102],[11.9553,42.9159],[11.9521,42.9007],[11.9569,42.8991]]],[[[12.3946,42.6162],[12.4111,42.6301],[12.3821,42.6386],[12.372,42.6282],[12.3504,42.6249],[12.3956,42.5977],[12.3946,42.6162]]]]}},{"type":"Feature","properties":{"id":"spoleto","name":"Spoleto","full_name":"Spoleto","region":"Umbria","grapes":["Albana","Bellone","Biancame","Bombino Bianco","Canaiolo Bianco","Falanghina"],"key_appellations":["Spoleto"],"desc":"Spoleto is a protected wine appellation in Umbria.","level":"appellation"},"geometry":{"type":"Polygon","coordinates":[[[12.7924,42.663],[12.8121,42.6595],[12.8047,42.6644],[12.8014,42.6771],[12.8066,42.6834],[12.7888,42.6858],[12.7826,42.6929],[12.7923,42.6932],[12.7888,42.7013],[12.8107,42.707],[12.8048,42.7084],[12.8051,42.717],[12.8141,42.7234],[12.8049,42.7288],[12.8015,42.7474],[12.8133,42.7532],[12.8103,42.7586],[12.828,42.7907],[12.8417,42.7941],[12.8466,42.8057],[12.8428,42.8096],[12.8628,42.8212],[12.8602,42.8347],[12.8495,42.8472],[12.8725,42.8432],[12.8895,42.8579],[12.869,42.8748],[12.8549,42.8639],[12.8259,42.8782],[12.8271,42.8896],[12.8071,42.8979],[12.8031,42.9047],[12.8121,42.914],[12.8114,42.9232],[12.851,42.936],[12.8727,42.9308],[12.8793,42.9232],[12.9143,42.932],[12.9285,42.9223],[12.9364,42.9229],[12.9514,42.9339],[12.9481,42.9414],[12.9272,42.9541],[12.9162,42.9535],[12.8958,42.9646],[12.9082,42.9853],[12.888,43.0107],[12.8977,43.0248],[12.9055,43.0201],[12.9067,43.0354],[12.8931,43.0463],[12.8901,43.0595],[12.8541,43.066],[12.8177,43.0596],[12.8035,43.0638],[12.7972,43.0721],[12.7965,43.0629],[12.8065,43.0537],[12.7965,43.0454],[12.7965,43.0285],[12.7726,43.0251],[12.7605,43.0291],[12.7539,43.0402],[12.7234,43.0339],[12.7286,43.022],[12.7255,43.0126],[12.7079,42.9924],[12.6945,42.9866],[12.6892,42.9763],[12.6414,42.9641],[12.6116,42.9642],[12.6396,42.928],[12.6144,42.9064],[12.6016,42.9081],[12.5862,42.9006],[12.5783,42.8788],[12.5879,42.8667],[12.6043,42.8647],[12.6238,42.8502],[12.6185,42.8395],[12.6218,42.8298],[12.6153,42.8206],[12.6213,42.8145],[12.6054,42.8038],[12.5823,42.8134],[12.5798,42.8047],[12.5663,42.8006],[12.5581,42.7796],[12.5699,42.7653],[12.5865,42.7678],[12.5846,42.7491],[12.6023,42.7431],[12.6126,42.7212],[12.6284,42.7215],[12.6193,42.7082],[12.5923,42.7112],[12.5799,42.7055],[12.5839,42.6882],[12.6143,42.6946],[12.6222,42.6735],[12.6391,42.6748],[12.6413,42.6664],[12.6637,42.6591],[12.6756,42.6438],[12.6987,42.6371],[12.6993,42.6312],[12.7121,42.6223],[12.7205,42.5968],[12.7362,42.6107],[12.7338,42.6241],[12.7502,42.634],[12.7751,42.6359],[12.7924,42.663]]]}},{"type":"Feature","properties":{"id":"todi","name":"Todi","full_name":"Todi","region":"Umbria","grapes":["Aglianico","Albana","Alicante","Barbera","Bellone","Biancame"],"key_appellations":["Todi"],"desc":"Todi is a protected wine appellation in Umbria.","level":"appellation"},"geometry":{"type":"Polygon","coordinates":[[[12.2999,42.781],[12.2908,42.7812],[12.29,42.7721],[12.2973,42.7489],[12.3157,42.7408],[12.3271,42.753],[12.3333,42.7509],[12.3599,42.7191],[12.3768,42.7076],[12.3679,42.704],[12.3742,42.694],[12.3687,42.6869],[12.3815,42.6842],[12.386,42.6733],[12.3973,42.6779],[12.4006,42.6995],[12.4147,42.7006],[12.4171,42.6804],[12.4502,42.7023],[12.4625,42.7047],[12.4891,42.7238],[12.4932,42.7347],[12.5119,42.7325],[12.5161,42.7178],[12.5324,42.711],[12.5421,42.7125],[12.5434,42.7173],[12.5737,42.7139],[12.5805,42.7193],[12.5766,42.7388],[12.5873,42.7578],[12.5865,42.7678],[12.5699,42.7653],[12.5581,42.7796],[12.5637,42.7872],[12.5602,42.7916],[12.5693,42.7991],[12.5511,42.817],[12.5481,42.8281],[12.5405,42.8231],[12.5282,42.8378],[12.5135,42.8451],[12.4967,42.8456],[12.4835,42.8312],[12.4724,42.8275],[12.478,42.8371],[12.4694,42.8496],[12.4606,42.8502],[12.4617,42.857],[12.4445,42.8582],[12.4351,42.853],[12.4444,42.8743],[12.4515,42.8748],[12.4653,42.8962],[12.4578,42.8999],[12.4528,42.9093],[12.4565,42.9128],[12.4482,42.9145],[12.4466,42.9219],[12.4739,42.9177],[12.4787,42.9404],[12.4616,42.9569],[12.4447,42.9558],[12.4349,42.9628],[12.4185,42.9569],[12.421,42.9386],[12.4139,42.932],[12.382,42.9347],[12.3706,42.9284],[12.3772,42.9064],[12.3883,42.9023],[12.3749,42.8967],[12.3927,42.8865],[12.3835,42.8833],[12.3794,42.8902],[12.3683,42.8881],[12.3771,42.8827],[12.3745,42.8781],[12.3815,42.8676],[12.3721,42.8695],[12.3716,42.8647],[12.3971,42.8536],[12.3794,42.846],[12.3563,42.8561],[12.326,42.8564],[12.3231,42.8394],[12.3134,42.8337],[12.2992,42.795],[12.2999,42.781]]]}},{"type":"Feature","properties":{"id":"torgiano","name":"Torgiano","full_name":"Torgiano","region":"Umbria","grapes":["Aglianico","Albana","Alicante","Barbera","Bellone","Biancame"],"key_appellations":["Torgiano"],"desc":"Torgiano is a protected wine appellation in Umbria.","level":"appellation"},"geometry":{"type":"Polygon","coordinates":[[[12.4974,43.0691],[12.4653,43.071],[12.449,43.0904],[12.4487,43.0836],[12.4192,43.0561],[12.4289,43.0553],[12.426,43.0497],[12.4321,43.0451],[12.426,43.0378],[12.4139,43.0352],[12.4159,43.0268],[12.4065,43.0164],[12.4208,43.0074],[12.4297,43.0105],[12.4408,42.9958],[12.4564,42.996],[12.4683,43.0125],[12.4651,43.0413],[12.4768,43.0418],[12.4773,43.0467],[12.4873,43.043],[12.4974,43.0691]]]}},{"type":"Feature","properties":{"id":"montepulciano-d-abruzzo-colline-teramane","name":"Montepulciano d'Abruzzo Colline Teramane","full_name":"Montepulciano d'Abruzzo Colline Teramane","region":"Abruzzo","grapes":["Montepulciano","Sangiovese"],"key_appellations":["Montepulciano d'Abruzzo Colline Teramane"],"desc":"Montepulciano d'Abruzzo Colline Teramane is a protected wine appellation in Abruzzo.","level":"appellation"},"geometry":{"type":"Polygon","coordinates":[[[13.7441,42.554],[13.7661,42.5492],[13.8,42.56],[13.8184,42.5545],[13.838,42.533],[13.8443,42.5145],[13.8367,42.5067],[13.8379,42.4979],[13.8625,42.487],[13.8841,42.4893],[13.8812,42.504],[13.8925,42.5121],[13.9133,42.5063],[13.9252,42.5153],[13.9579,42.5054],[13.9519,42.5293],[13.9557,42.5343],[13.9725,42.5306],[13.9907,42.5421],[14.0574,42.5306],[14.0667,42.5445],[14.0849,42.5435],[14.1012,42.5313],[14.1072,42.5348],[14.1322,42.5255],[14.1344,42.5311],[14.1469,42.5306],[14.0768,42.599],[14.0056,42.6936],[13.9749,42.749],[13.9796,42.7555],[13.9732,42.7507],[13.9706,42.7547],[13.9777,42.7552],[13.9654,42.7614],[13.9402,42.8143],[13.9006,42.8197],[13.8601,42.8044],[13.8545,42.8072],[13.8806,42.8215],[13.8869,42.819],[13.8942,42.8298],[13.9333,42.838],[13.9204,42.8934],[13.9157,42.8946],[13.8803,42.8908],[13.8769,42.8947],[13.8749,42.8888],[13.8221,42.8796],[13.778,42.8604],[13.7225,42.8553],[13.7066,42.8493],[13.7109,42.8433],[13.6995,42.8228],[13.6636,42.8071],[13.6355,42.8033],[13.6244,42.8165],[13.6016,42.8064],[13.5843,42.8076],[13.5747,42.8008],[13.6119,42.7417],[13.601,42.7155],[13.6094,42.6994],[13.6054,42.6967],[13.6526,42.6625],[13.6666,42.6668],[13.675,42.6625],[13.6758,42.652],[13.6502,42.647],[13.6382,42.6334],[13.5859,42.6346],[13.5828,42.6264],[13.5874,42.6176],[13.5814,42.6074],[13.5645,42.6047],[13.5674,42.586],[13.5795,42.574],[13.5745,42.5718],[13.5883,42.5385],[13.5947,42.5317],[13.598,42.5365],[13.6051,42.5702],[13.6244,42.557],[13.6724,42.5839],[13.6714,42.5698],[13.6857,42.5654],[13.7033,42.5751],[13.7127,42.5898],[13.7269,42.5854],[13.7187,42.5753],[13.7202,42.5654],[13.7441,42.554]],[[13.8605,42.5385],[13.8536,42.5553],[13.8573,42.5654],[13.9031,42.571],[13.9121,42.5796],[13.9237,42.5737],[13.9344,42.5577],[13.9337,42.5522],[13.9158,42.553],[13.9123,42.5458],[13.8894,42.5359],[13.8605,42.5385]]]}},{"type":"Feature","properties":{"id":"controguerra","name":"Controguerra","full_name":"Controguerra","region":"Abruzzo","grapes":["Aglianico","Barbera Bianca","Barbera","Biancame","Bombino Bianco","Cabernet Franc"],"key_appellations":["Controguerra"],"desc":"Controguerra is a protected wine appellation in Abruzzo.","level":"appellation"},"geometry":{"type":"Polygon","coordinates":[[[13.7915,42.8064],[13.796,42.8313],[13.8181,42.8321],[13.8326,42.8134],[13.836,42.7984],[13.8471,42.7933],[13.8468,42.8002],[13.8564,42.8043],[13.8575,42.812],[13.8806,42.8215],[13.8869,42.819],[13.8942,42.8298],[13.9077,42.8318],[13.9041,42.8409],[13.909,42.8432],[13.8976,42.859],[13.9016,42.8628],[13.8926,42.8834],[13.8769,42.8947],[13.8749,42.8888],[13.8221,42.8796],[13.778,42.8604],[13.7225,42.8553],[13.7248,42.8351],[13.7537,42.8095],[13.7915,42.8064]]]}},{"type":"Feature","properties":{"id":"villamagna","name":"Villamagna","full_name":"Villamagna","region":"Abruzzo","grapes":["Aglianico","Barbera","Cabernet Franc","Cabernet Sauvignon","Calabrese","Canaiolo Nero"],"key_appellations":["Villamagna"],"desc":"Villamagna is a protected wine appellation in Abruzzo.","level":"appellation"},"geometry":{"type":"Polygon","coordinates":[[[14.2369,42.2613],[14.248,42.2752],[14.2384,42.2896],[14.2574,42.3125],[14.2462,42.3135],[14.264,42.3401],[14.2572,42.3388],[14.2515,42.3491],[14.2409,42.3477],[14.2429,42.3429],[14.2357,42.3471],[14.2149,42.3411],[14.2062,42.3481],[14.1816,42.3226],[14.1524,42.3269],[14.1195,42.3178],[14.1442,42.2898],[14.156,42.2868],[14.1535,42.2822],[14.1632,42.2684],[14.1934,42.2718],[14.2108,42.2901],[14.2261,42.2777],[14.2282,42.2639],[14.2369,42.2613]]]}},{"type":"Feature","properties":{"id":"vermentino-di-gallura","name":"Vermentino di Gallura","full_name":"Vermentino di Gallura","region":"Sardinia","grapes":["Albaranzeuli Bianco","Ansonica","Arneis","Arvesiniadu","Biancolella","Clairette"],"key_appellations":["Vermentino di Gallura"],"desc":"Vermentino di Gallura is a protected wine appellation in Sardinia.","level":"appellation"},"geometry":{"type":"MultiPolygon","coordinates":[[[[9.1332,40.6583],[9.1754,40.6618],[9.202,40.68],[9.2256,40.6881],[9.2352,40.7092],[9.2415,40.715],[9.2488,40.7137],[9.276,40.7403],[9.3246,40.7336],[9.3624,40.7432],[9.3714,40.7393],[9.3835,40.7465],[9.3994,40.7442],[9.3999,40.7383],[9.4194,40.7379],[9.4225,40.7315],[9.4549,40.7372],[9.4794,40.7511],[9.4753,40.7582],[9.4832,40.7663],[9.4776,40.7703],[9.5027,40.8024],[9.5202,40.7867],[9.5319,40.792],[9.575,40.7925],[9.5836,40.7859],[9.5777,40.7314],[9.5831,40.706],[9.6032,40.6969],[9.6241,40.6991],[9.6514,40.6922],[9.6836,40.6581],[9.6809,40.6666],[9.6854,40.6733],[9.6983,40.6799],[9.737,40.6718],[9.7365,40.6623],[9.7494,40.6581],[9.7536,40.673],[9.746,40.6872],[9.7152,40.7097],[9.7125,40.722],[9.7183,40.7276],[9.7114,40.7398],[9.7178,40.7503],[9.7012,40.7546],[9.6937,40.7665],[9.6788,40.7737],[9.6703,40.7894],[9.676,40.8069],[9.6883,40.8063],[9.6919,40.8113],[9.6807,40.8228],[9.6896,40.8311],[9.6865,40.8358],[9.6986,40.8367],[9.6985,40.8407],[9.6991,40.838],[9.698,40.834],[9.7082,40.8314],[9.72,40.8349],[9.728,40.8444],[9.7215,40.8399],[9.7132,40.8452],[9.705,40.8413],[9.6996,40.8481],[9.6934,40.8464],[9.6812,40.8613],[9.6651,40.8533],[9.6524,40.861],[9.6537,40.8705],[9.6596,40.8739],[9.6544,40.8798],[9.6457,40.8798],[9.6497,40.8773],[9.6426,40.8708],[9.6358,40.8844],[9.6257,40.882],[9.6272,40.888],[9.6161,40.8895],[9.6153,40.8945],[9.6247,40.8962],[9.6444,40.9199],[9.6307,40.9176],[9.6184,40.923],[9.588,40.8996],[9.5717,40.9081],[9.5794,40.9153],[9.5693,40.9119],[9.5616,40.9208],[9.556,40.916],[9.5624,40.9178],[9.5607,40.913],[9.5682,40.9108],[9.561,40.9082],[9.5582,40.9158],[9.5487,40.9149],[9.5522,40.9205],[9.5431,40.9188],[9.5446,40.9133],[9.5408,40.9108],[9.5379,40.9165],[9.5059,40.9113],[9.503,40.9183],[9.4945,40.9166],[9.5078,40.9244],[9.5247,40.9222],[9.5023,40.9276],[9.5278,40.9349],[9.5393,40.9259],[9.575,40.9279],[9.5682,40.9424],[9.5789,40.9463],[9.5774,40.9531],[9.5822,40.9549],[9.5786,40.9577],[9.5883,40.9595],[9.5938,40.9681],[9.5844,40.9729],[9.5823,40.9834],[9.5893,40.9901],[9.5988,40.9886],[9.5989,40.9951],[9.611,41.0033],[9.6212,41.0016],[9.6224,40.9931],[9.652,40.984],[9.6649,40.9955],[9.656,41.0042],[9.623,41.0044],[9.5952,41.0227],[9.5859,41.0107],[9.5761,41.015],[9.5774,41.0031],[9.5644,41.0094],[9.5595,41.0013],[9.551,41.0069],[9.5643,41.0271],[9.556,41.0304],[9.5611,41.0374],[9.5438,41.0273],[9.528,41.0298],[9.5274,41.0223],[9.5219,41.0207],[9.5298,41.0179],[9.5233,41.0101],[9.5109,41.006],[9.5015,41.0103],[9.518,41.0171],[9.5155,41.0214],[9.5221,41.0352],[9.5258,41.0336],[9.5231,41.0529],[9.5346,41.0555],[9.5335,41.0621],[9.5405,41.061],[9.5414,41.065],[9.5288,41.0693],[9.5337,41.0812],[9.5426,41.0899],[9.5421,41.0825],[9.5531,41.078],[9.5625,41.0845],[9.5657,41.0986],[9.5721,41.0995],[9.5635,41.1022],[9.5697,41.1096],[9.5614,41.12],[9.5471,41.1125],[9.5406,41.1144],[9.5377,41.1222],[9.5461,41.1337],[9.5268,41.1333],[9.5384,41.1379],[9.5262,41.1457],[9.5315,41.1518],[9.5265,41.1567],[9.5092,41.1513],[9.5209,41.1417],[9.4964,41.1437],[9.4971,41.1359],[9.4857,41.1464],[9.4813,41.1404],[9.4669,41.1433],[9.4642,41.1363],[9.4724,41.1343],[9.4684,41.1291],[9.472,41.1258],[9.4658,41.1263],[9.4495,41.1081],[9.4476,41.1015],[9.4498,41.1007],[9.4501,41.0974],[9.4489,41.0961],[9.4407,41.1037],[9.4439,41.1095],[9.4393,41.1264],[9.4453,41.1349],[9.4384,41.1341],[9.4298,41.1432],[9.4296,41.1561],[9.4054,41.1571],[9.4216,41.1659],[9.4235,41.1776],[9.4098,41.1775],[9.4074,41.173],[9.3928,41.1818],[9.3842,41.1784],[9.3812,41.1873],[9.3701,41.1834],[9.3634,41.2076],[9.3542,41.2027],[9.3488,41.2077],[9.3382,41.2046],[9.3305,41.1948],[9.3436,41.194],[9.3316,41.1853],[9.3193,41.1935],[9.3203,41.2029],[9.3143,41.1915],[9.2894,41.1935],[9.289,41.1977],[9.3011,41.2019],[9.2867,41.219],[9.2787,41.1983],[9.2798,41.1916],[9.2894,41.1899],[9.2855,41.184],[9.2659,41.1999],[9.2723,41.2013],[9.2809,41.2154],[9.2806,41.2278],[9.2706,41.2393],[9.2634,41.237],[9.2561,41.2432],[9.2472,41.2414],[9.2442,41.2474],[9.2371,41.246],[9.2352,41.259],[9.2151,41.2548],[9.2141,41.2466],[9.2043,41.2492],[9.1939,41.2346],[9.1942,41.2468],[9.1878,41.2453],[9.184,41.2523],[9.1637,41.2356],[9.1583,41.2393],[9.1625,41.2419],[9.1446,41.2469],[9.1381,41.2376],[9.1414,41.2325],[9.1583,41.236],[9.1673,41.2297],[9.161,41.2042],[9.1535,41.1977],[9.1626,41.1912],[9.1582,41.1841],[9.1713,41.1769],[9.1672,41.1676],[9.1498,41.1547],[9.1211,41.1553],[9.1231,41.1472],[9.1107,41.1351],[9.0864,41.1279],[9.0593,41.1276],[9.047,41.138],[9.0305,41.1324],[9.0291,41.1272],[9.0132,41.1252],[8.9799,41.0901],[8.9834,41.0863],[8.9368,41.0518],[8.9317,41.0424],[8.923,41.0422],[8.9185,41.0338],[8.9031,41.0352],[8.8918,41.0257],[8.879,41.0271],[8.8885,41.0173],[8.87,41.0139],[8.8768,41.009],[8.8729,40.9953],[8.835,40.9557],[8.8027,40.931],[8.8323,40.9485],[8.8727,40.9339],[8.8694,40.9135],[8.8846,40.9122],[8.8872,40.9054],[8.9013,40.8994],[8.8951,40.888],[8.9035,40.8772],[8.8962,40.8709],[8.907,40.8543],[8.9125,40.8578],[8.9263,40.8497],[8.9391,40.8613],[8.9566,40.8667],[8.962,40.8595],[8.9769,40.8603],[8.9943,40.8421],[9.009,40.846],[9.0083,40.8413],[8.9964,40.8389],[9.0077,40.8244],[8.9877,40.8112],[9.0069,40.8116],[9.0088,40.8038],[9.0152,40.8085],[9.0161,40.8014],[9.0272,40.7966],[9.0206,40.784],[9.0267,40.7761],[9.0194,40.7665],[9.032,40.7474],[9.0175,40.7214],[9.0192,40.7009],[9.0143,40.6951],[9.0026,40.6955],[9.0053,40.687],[9.0302,40.674],[9.0588,40.6735],[9.0681,40.6697],[9.0761,40.6562],[9.1146,40.647],[9.1339,40.6508],[9.1332,40.6583]]],[[[9.7364,40.8761],[9.7159,40.8763],[9.7101,40.8694],[9.736,40.8592],[9.7433,40.8702],[9.7364,40.8761]]],[[[9.7393,40.9203],[9.7308,40.9196],[9.7374,40.9276],[9.6731,40.889],[9.6828,40.894],[9.6928,40.8878],[9.7194,40.9048],[9.7423,40.9116],[9.7393,40.9203]]]]}},{"type":"Feature","properties":{"id":"alghero","name":"Alghero","full_name":"Alghero","region":"Sardinia","grapes":["Aglianico","Albaranzeuli Bianco","Albaranzeuli Nero","Alicante Bouschet","Alicante","Ancellotta"],"key_appellations":["Alghero"],"desc":"Alghero is a protected wine appellation in Sardinia.","level":"appellation"},"geometry":{"type":"Polygon","coordinates":[[[8.4799,40.5359],[8.5118,40.5446],[8.5235,40.5549],[8.5407,40.5497],[8.5507,40.5379],[8.5678,40.5375],[8.5729,40.5278],[8.5845,40.5337],[8.59,40.5301],[8.5936,40.5425],[8.6063,40.537],[8.6082,40.5459],[8.6116,40.5426],[8.6214,40.5475],[8.6179,40.5543],[8.6255,40.5606],[8.6248,40.5674],[8.6401,40.5705],[8.627,40.5828],[8.6357,40.5868],[8.6239,40.5878],[8.6049,40.6001],[8.6185,40.6135],[8.6325,40.6047],[8.6439,40.6116],[8.6318,40.6368],[8.6335,40.6463],[8.6111,40.6631],[8.611,40.6789],[8.5891,40.6989],[8.6053,40.7163],[8.6147,40.7128],[8.6413,40.7183],[8.6436,40.7256],[8.6325,40.738],[8.6285,40.7609],[8.5918,40.7554],[8.5949,40.7598],[8.58,40.7713],[8.5644,40.7763],[8.542,40.7741],[8.5328,40.7837],[8.526,40.7781],[8.5148,40.7885],[8.5183,40.7908],[8.5079,40.8056],[8.4957,40.8123],[8.4687,40.8143],[8.467,40.8194],[8.4537,40.8148],[8.4496,40.8013],[8.4224,40.797],[8.4004,40.8089],[8.3538,40.8134],[8.3257,40.7815],[8.315,40.7851],[8.2934,40.8239],[8.3133,40.8449],[8.277,40.8678],[8.2626,40.8691],[8.2766,40.8499],[8.2622,40.8417],[8.2605,40.8267],[8.2536,40.8278],[8.2361,40.8159],[8.2255,40.8169],[8.2257,40.8235],[8.2167,40.8245],[8.2114,40.8322],[8.2176,40.8494],[8.2038,40.8481],[8.1987,40.8366],[8.1909,40.8339],[8.1956,40.8284],[8.184,40.8177],[8.1877,40.812],[8.1791,40.8101],[8.1695,40.7964],[8.162,40.7959],[8.1669,40.7666],[8.1572,40.7488],[8.1309,40.7327],[8.1485,40.7249],[8.1554,40.7144],[8.1636,40.7143],[8.1756,40.7014],[8.175,40.6948],[8.2015,40.6892],[8.2053,40.6838],[8.1964,40.6784],[8.199,40.6729],[8.1893,40.6578],[8.1926,40.6536],[8.1847,40.6366],[8.1608,40.6337],[8.1618,40.6276],[8.1446,40.6232],[8.1504,40.579],[8.1558,40.5794],[8.1613,40.5609],[8.1658,40.5663],[8.1631,40.5817],[8.1711,40.5802],[8.1739,40.5883],[8.168,40.5929],[8.1815,40.5977],[8.1939,40.6182],[8.2099,40.6147],[8.2195,40.6012],[8.2162,40.5936],[8.2037,40.5939],[8.2083,40.5876],[8.1978,40.5757],[8.2036,40.5682],[8.2376,40.5725],[8.2449,40.569],[8.2457,40.581],[8.2509,40.5844],[8.2654,40.5812],[8.2678,40.5895],[8.2755,40.5933],[8.2944,40.5933],[8.3181,40.5712],[8.3169,40.5652],[8.3078,40.5645],[8.3162,40.5641],[8.3148,40.5605],[8.3053,40.5651],[8.3205,40.5499],[8.3394,40.5092],[8.3376,40.5003],[8.3503,40.5036],[8.3642,40.495],[8.3733,40.5117],[8.4197,40.5303],[8.4197,40.5597],[8.4075,40.5852],[8.3913,40.6025],[8.4004,40.6163],[8.4171,40.6203],[8.4392,40.6171],[8.4311,40.606],[8.4367,40.5958],[8.4463,40.5978],[8.4914,40.5809],[8.4992,40.5633],[8.4799,40.5359]]]}},{"type":"Feature","properties":{"id":"friuli-annia","name":"Friuli Annia","full_name":"Friuli Annia","region":"Friuli-Venezia Giulia","grapes":["Ancellotta","Cabernet Franc","Cabernet Sauvignon","Chardonnay","Cividin","Cjanorie"],"key_appellations":["Friuli Annia"],"desc":"Friuli Annia is a protected wine appellation in Friuli-Venezia Giulia.","level":"appellation"},"geometry":{"type":"MultiPolygon","coordinates":[[[[13.1814,45.7639],[13.1849,45.7738],[13.1929,45.7747],[13.2052,45.7661],[13.2212,45.7721],[13.2269,45.7555],[13.2351,45.7534],[13.251,45.757],[13.2513,45.7664],[13.2665,45.7757],[13.3016,45.779],[13.3095,45.7887],[13.3028,45.8015],[13.2965,45.8028],[13.3161,45.8461],[13.3039,45.8557],[13.2959,45.8522],[13.2943,45.8573],[13.3125,45.8732],[13.317,45.8676],[13.3214,45.875],[13.3282,45.87],[13.3335,45.8894],[13.3251,45.8954],[13.3103,45.8908],[13.2813,45.8956],[13.2725,45.8733],[13.2355,45.8743],[13.2331,45.8837],[13.2276,45.8789],[13.2082,45.8799],[13.2043,45.8862],[13.2315,45.9087],[13.1964,45.9325],[13.1648,45.9261],[13.1587,45.8957],[13.1664,45.8868],[13.1602,45.8797],[13.1628,45.8739],[13.1483,45.8495],[13.1244,45.8409],[13.1097,45.8149],[13.1137,45.8092],[13.107,45.8001],[13.1076,45.7823],[13.1117,45.7701],[13.1235,45.7631],[13.1309,45.7718],[13.1436,45.7512],[13.1564,45.7605],[13.1543,45.7552],[13.1609,45.7528],[13.1695,45.766],[13.1814,45.7639]]],[[[13.0679,45.6987],[13.0765,45.691],[13.0796,45.6973],[13.0695,45.7126],[13.0647,45.7111],[13.0679,45.6987]]],[[[13.1543,45.7067],[13.1708,45.703],[13.1789,45.7064],[13.1781,45.7151],[13.1543,45.7067]]],[[[13.0924,45.7415],[13.1058,45.7372],[13.1168,45.7515],[13.1124,45.7577],[13.1077,45.7483],[13.0975,45.7493],[13.0924,45.7415]]],[[[13.2444,45.7186],[13.1801,45.7134],[13.2413,45.7143],[13.2367,45.7153],[13.2444,45.7186]]]]}},{"type":"Feature","properties":{"id":"arborea","name":"Arborea","full_name":"Arborea","region":"Sardinia","grapes":["Aglianico","Albaranzeuli Bianco","Albaranzeuli Nero","Alicante Bouschet","Alicante","Ancellotta"],"key_appellations":["Arborea"],"desc":"Arborea is a protected wine appellation in Sardinia.","level":"appellation"},"geometry":{"type":"Polygon","coordinates":[[[8.6905,39.644],[8.7229,39.6365],[8.7284,39.6409],[8.7432,39.6271],[8.7756,39.6405],[8.7849,39.6542],[8.8227,39.6609],[8.8317,39.6671],[8.8395,39.6638],[8.8615,39.668],[8.8644,39.6842],[8.8787,39.6946],[8.8815,39.7049],[8.913,39.7215],[8.9018,39.733],[8.9243,39.7584],[8.9156,39.7603],[8.9162,39.7673],[8.893,39.773],[8.8809,39.7926],[8.9274,39.7933],[8.9531,39.7786],[8.986,39.8208],[8.987,39.8311],[8.9539,39.8438],[8.9582,39.8581],[8.9734,39.8588],[8.9765,39.8647],[8.9804,39.8738],[8.9746,39.887],[8.9645,39.8962],[8.959,39.8895],[8.9424,39.8969],[8.936,39.8933],[8.9374,39.9013],[8.929,39.8969],[8.9216,39.911],[8.9148,39.9122],[8.9172,39.9168],[8.8891,39.9371],[8.8404,39.9174],[8.7902,39.9639],[8.7825,39.989],[8.772,39.987],[8.7496,39.968],[8.7415,39.9681],[8.7375,39.9758],[8.7431,39.9877],[8.7366,40.0051],[8.7594,40.0173],[8.7355,40.0117],[8.7166,40.0183],[8.7025,40.042],[8.6763,40.0576],[8.6758,40.0652],[8.6641,40.0631],[8.6592,40.0682],[8.6571,40.0645],[8.6502,40.0723],[8.611,40.0555],[8.6022,40.0396],[8.5929,40.0601],[8.5698,40.074],[8.5218,40.0542],[8.5186,40.0636],[8.4833,40.0742],[8.4447,40.0479],[8.4378,40.0523],[8.4119,40.0413],[8.4026,40.0518],[8.3965,40.0439],[8.3857,40.0441],[8.3764,40.0358],[8.3783,40.029],[8.4006,40.0329],[8.4142,40.0168],[8.4111,39.9994],[8.3915,39.9756],[8.3998,39.9656],[8.4028,39.9439],[8.3958,39.909],[8.402,39.8986],[8.4108,39.9009],[8.435,39.8841],[8.4389,39.8711],[8.4327,39.8603],[8.4366,39.8585],[8.4403,39.8652],[8.4441,39.8826],[8.4706,39.901],[8.4666,39.9038],[8.4908,39.9056],[8.4876,39.9015],[8.5064,39.9079],[8.5378,39.8914],[8.5456,39.8762],[8.5398,39.8698],[8.543,39.8653],[8.5702,39.8655],[8.5617,39.8596],[8.537,39.8654],[8.5525,39.8609],[8.5552,39.8531],[8.5473,39.8029],[8.5327,39.7711],[8.5091,39.7533],[8.5195,39.7438],[8.504,39.7287],[8.5076,39.722],[8.5002,39.7085],[8.5208,39.7009],[8.5214,39.6929],[8.5424,39.6918],[8.5493,39.6961],[8.5715,39.6846],[8.5894,39.692],[8.6085,39.6898],[8.6282,39.6544],[8.6603,39.642],[8.6713,39.6312],[8.6905,39.644]],[[8.8445,39.7614],[8.8517,39.744],[8.8459,39.7415],[8.8116,39.737],[8.804,39.7446],[8.8035,39.7489],[8.8221,39.758],[8.8445,39.7614]]]}},{"type":"Feature","properties":{"id":"malvasia-di-bosa","name":"Malvasia di Bosa","full_name":"Malvasia di Bosa","region":"Sardinia","grapes":["Albaranzeuli Bianco","Ansonica","Arneis","Arvesiniadu","Biancolella","Clairette"],"key_appellations":["Malvasia di Bosa"],"desc":"Malvasia di Bosa is a protected wine appellation in Sardinia.","level":"appellation"},"geometry":{"type":"Polygon","coordinates":[[[8.4561,40.1763],[8.4741,40.1791],[8.479,40.1905],[8.4916,40.1946],[8.4973,40.2074],[8.5108,40.2145],[8.5199,40.2297],[8.5493,40.2356],[8.5596,40.2328],[8.5725,40.2466],[8.565,40.2561],[8.5744,40.2712],[8.6213,40.2769],[8.6247,40.2814],[8.614,40.2911],[8.6185,40.3042],[8.6112,40.3075],[8.6209,40.3222],[8.5915,40.3327],[8.5876,40.3534],[8.5688,40.3617],[8.5602,40.3836],[8.5281,40.3846],[8.5075,40.378],[8.5169,40.3641],[8.5171,40.3482],[8.5006,40.3414],[8.4932,40.3449],[8.482,40.3655],[8.4849,40.3886],[8.4629,40.4079],[8.4442,40.3957],[8.4381,40.3996],[8.4238,40.3929],[8.3998,40.4076],[8.3862,40.3725],[8.3896,40.3659],[8.3785,40.3581],[8.3876,40.3483],[8.3826,40.3388],[8.4206,40.3379],[8.4329,40.3333],[8.4435,40.3186],[8.4589,40.3195],[8.4682,40.3065],[8.4646,40.3005],[8.4761,40.2915],[8.4725,40.2868],[8.4837,40.2829],[8.4741,40.2434],[8.4617,40.2297],[8.4662,40.226],[8.4617,40.2089],[8.4678,40.1993],[8.4561,40.1763]]]}},{"type":"Feature","properties":{"id":"collio-goriziano","name":"Collio Goriziano","full_name":"Collio Goriziano / Collio","region":"Friuli-Venezia Giulia","grapes":["Ancellotta","Cabernet Franc","Cabernet Sauvignon","Chardonnay","Cividin","Cjanorie"],"key_appellations":["Collio Goriziano"],"desc":"Collio Goriziano is a protected wine appellation in Friuli-Venezia Giulia.","level":"appellation"},"geometry":{"type":"Polygon","coordinates":[[[13.5099,45.9194],[13.5004,45.9119],[13.5147,45.8898],[13.5532,45.899],[13.5569,45.9086],[13.5884,45.9188],[13.5866,45.9097],[13.6157,45.9077],[13.638,45.9352],[13.6329,45.9493],[13.643,45.9829],[13.6335,45.9891],[13.6184,45.9832],[13.5908,45.9901],[13.5776,45.9831],[13.5685,45.9687],[13.5283,45.9669],[13.5138,45.9799],[13.5018,45.9804],[13.4762,46.0061],[13.4969,46.0165],[13.5087,46.0349],[13.5085,46.0459],[13.4969,46.0513],[13.487,46.0486],[13.471,46.0117],[13.4602,46.0055],[13.4606,45.9997],[13.4682,45.9975],[13.4649,45.9848],[13.4526,45.9862],[13.4531,45.9802],[13.437,45.9727],[13.4428,45.9579],[13.4251,45.954],[13.4291,45.9486],[13.4202,45.9415],[13.4208,45.9305],[13.4452,45.9297],[13.4559,45.9214],[13.4865,45.9288],[13.4952,45.9382],[13.5103,45.9352],[13.5149,45.9287],[13.5073,45.9256],[13.5099,45.9194]]]}},{"type":"Feature","properties":{"id":"moscato-di-sorso","name":"Moscato di Sorso","full_name":"Moscato di Sorso / Moscato di Sennori / Moscato di Sorso - Sennori","region":"Sardinia","grapes":["Albaranzeuli Bianco","Ansonica","Arneis","Arvesiniadu","Biancolella","Clairette"],"key_appellations":["Moscato di Sorso"],"desc":"Moscato di Sorso is a protected wine appellation in Sardinia.","level":"appellation"},"geometry":{"type":"Polygon","coordinates":[[[8.6684,40.8328],[8.6584,40.8556],[8.666,40.8658],[8.6308,40.8784],[8.6213,40.8608],[8.578,40.837],[8.5355,40.8255],[8.4645,40.8162],[8.4957,40.8123],[8.5079,40.8056],[8.5183,40.7908],[8.5148,40.7885],[8.526,40.7781],[8.5323,40.7837],[8.542,40.7741],[8.5644,40.7763],[8.5909,40.7637],[8.5949,40.7598],[8.5918,40.7554],[8.6087,40.756],[8.6163,40.7602],[8.6179,40.7668],[8.6117,40.7732],[8.6149,40.7781],[8.6361,40.7995],[8.6527,40.8006],[8.6643,40.8134],[8.6625,40.8235],[8.6684,40.8328]]]}},{"type":"Feature","properties":{"id":"carso","name":"Carso","full_name":"Carso / Carso - Kras","region":"Friuli-Venezia Giulia","grapes":["Cabernet Franc","Cabernet Sauvignon","Chardonnay","Franconia","Gamay","Garganega"],"key_appellations":["Carso"],"desc":"Carso is a protected wine appellation in Friuli-Venezia Giulia.","level":"appellation"},"geometry":{"type":"Polygon","coordinates":[[[13.5785,45.7872],[13.6005,45.772],[13.6318,45.7702],[13.6427,45.7569],[13.7121,45.7102],[13.712,45.7024],[13.7334,45.6962],[13.7534,45.6806],[13.7691,45.653],[13.759,45.6457],[13.7546,45.65],[13.7439,45.6408],[13.7624,45.6349],[13.7549,45.6312],[13.7568,45.6279],[13.766,45.6305],[13.7667,45.6369],[13.7757,45.6355],[13.7782,45.6312],[13.7717,45.6253],[13.7834,45.6128],[13.7998,45.6098],[13.8138,45.6146],[13.7854,45.5979],[13.7525,45.6106],[13.7344,45.6105],[13.7191,45.6057],[13.7228,45.5947],[13.7469,45.5979],[13.7871,45.5828],[13.8391,45.5823],[13.8511,45.5847],[13.8539,45.5925],[13.8654,45.5964],[13.869,45.6093],[13.9183,45.6312],[13.8712,45.6561],[13.8336,45.6871],[13.8339,45.7072],[13.8108,45.7233],[13.7944,45.7441],[13.7656,45.7509],[13.7623,45.7562],[13.7355,45.7596],[13.6793,45.7942],[13.6746,45.7906],[13.6694,45.7997],[13.6375,45.8014],[13.6241,45.796],[13.6238,45.8002],[13.5959,45.8081],[13.5971,45.8195],[13.5886,45.8354],[13.5746,45.8423],[13.5752,45.8535],[13.5933,45.8747],[13.5865,45.8819],[13.5931,45.8914],[13.6141,45.9075],[13.5835,45.9111],[13.5884,45.9188],[13.5733,45.9155],[13.5569,45.9086],[13.5532,45.899],[13.5302,45.8969],[13.4736,45.8749],[13.467,45.8657],[13.4729,45.8601],[13.4723,45.8506],[13.4867,45.8486],[13.474,45.847],[13.4768,45.8316],[13.4699,45.822],[13.5054,45.8104],[13.5064,45.8056],[13.5177,45.8064],[13.5175,45.7996],[13.5106,45.7972],[13.5207,45.7753],[13.5279,45.7718],[13.5472,45.786],[13.5384,45.782],[13.5309,45.7856],[13.5324,45.7905],[13.5481,45.7902],[13.5333,45.8046],[13.5571,45.7824],[13.5636,45.7833],[13.5599,45.7779],[13.5798,45.7749],[13.5785,45.7872]]]}},{"type":"Feature","properties":{"id":"colli-orientali-del-friuli-picolit","name":"Colli Orientali del Friuli Picolit","full_name":"Colli Orientali del Friuli Picolit","region":"Friuli-Venezia Giulia","grapes":["Cividin","Garganega","Glera","Malvasia Bianca Lunga","Malvasia Di Candia Aromatica","Malvasia Istriana"],"key_appellations":["Colli Orientali del Friuli Picolit"],"desc":"Colli Orientali del Friuli Picolit is a protected wine appellation in Friuli-Venezia Giulia.","level":"appellation"},"geometry":{"type":"Polygon","coordinates":[[[13.316,46.0347],[13.3129,45.9977],[13.3539,45.9525],[13.3863,45.9465],[13.3886,45.9318],[13.4144,45.9396],[13.4163,45.9348],[13.4289,45.9478],[13.4251,45.954],[13.4423,45.9571],[13.437,45.9727],[13.4531,45.9802],[13.4526,45.9862],[13.4649,45.9848],[13.4682,45.9975],[13.4606,45.9997],[13.4602,46.0055],[13.471,46.0117],[13.4783,46.0368],[13.486,46.0481],[13.4978,46.0515],[13.4963,46.0583],[13.5302,46.0665],[13.5432,46.0824],[13.5726,46.0885],[13.6025,46.1131],[13.5963,46.117],[13.5704,46.1087],[13.5446,46.0933],[13.5316,46.0997],[13.5176,46.095],[13.5099,46.0993],[13.5156,46.1036],[13.4959,46.1189],[13.5128,46.1238],[13.5086,46.1317],[13.5164,46.1344],[13.5136,46.1394],[13.5359,46.1467],[13.5237,46.1608],[13.5312,46.1614],[13.5327,46.175],[13.5177,46.1799],[13.5115,46.165],[13.5028,46.1681],[13.4874,46.1589],[13.4873,46.1466],[13.4734,46.1393],[13.4725,46.1328],[13.4599,46.1354],[13.4607,46.1456],[13.4551,46.154],[13.4448,46.1544],[13.4509,46.1566],[13.4444,46.1732],[13.4342,46.1862],[13.428,46.1855],[13.4329,46.1897],[13.422,46.2089],[13.404,46.2149],[13.3876,46.2107],[13.3862,46.2153],[13.3592,46.2236],[13.3591,46.2337],[13.352,46.2261],[13.3331,46.2354],[13.3299,46.2321],[13.3273,46.2377],[13.3178,46.2385],[13.312,46.2488],[13.3019,46.2468],[13.3056,46.2558],[13.2908,46.2577],[13.2874,46.2485],[13.2709,46.2433],[13.2356,46.2642],[13.2299,46.255],[13.2163,46.2565],[13.2156,46.251],[13.2053,46.2498],[13.1957,46.2347],[13.1699,46.2379],[13.1573,46.2173],[13.1902,46.1917],[13.2132,46.1904],[13.2094,46.1855],[13.2142,46.177],[13.1919,46.1631],[13.1744,46.1652],[13.1592,46.1572],[13.1815,46.1532],[13.2008,46.1304],[13.2187,46.1368],[13.2206,46.1293],[13.2253,46.1298],[13.2231,46.1246],[13.2365,46.1267],[13.2508,46.1131],[13.267,46.1171],[13.2906,46.0918],[13.2865,46.0863],[13.2998,46.0495],[13.3145,46.0395],[13.3323,46.0415],[13.316,46.0347]]]}},{"type":"Feature","properties":{"id":"ramandolo","name":"Ramandolo","full_name":"Ramandolo","region":"Friuli-Venezia Giulia","grapes":["Verduzzo Friulano"],"key_appellations":["Ramandolo"],"desc":"Ramandolo is a protected wine appellation in Friuli-Venezia Giulia.","level":"appellation"},"geometry":{"type":"Polygon","coordinates":[[[13.255,46.1857],[13.2648,46.186],[13.2701,46.1925],[13.2854,46.1913],[13.2915,46.1998],[13.3087,46.2067],[13.3302,46.2082],[13.3508,46.2172],[13.3531,46.2234],[13.3382,46.2335],[13.3209,46.2362],[13.312,46.2488],[13.3019,46.2468],[13.3056,46.2558],[13.2908,46.2577],[13.2874,46.2485],[13.2709,46.2433],[13.2356,46.2642],[13.2299,46.255],[13.2163,46.2565],[13.2156,46.251],[13.1968,46.2426],[13.2011,46.2187],[13.1796,46.2204],[13.1914,46.2011],[13.1864,46.2002],[13.1902,46.1917],[13.2186,46.1904],[13.2324,46.184],[13.2434,46.1953],[13.255,46.1857]]]}},{"type":"Feature","properties":{"id":"scanzo","name":"Scanzo","full_name":"Scanzo / Moscato di Scanzo","region":"Lombardy","grapes":["Moscato Di Scanzo"],"key_appellations":["Scanzo"],"desc":"Scanzo is a protected wine appellation in Lombardy.","level":"appellation"},"geometry":{"type":"Polygon","coordinates":[[[9.7933,45.7058],[9.8007,45.7242],[9.7781,45.7288],[9.7643,45.718],[9.7275,45.7145],[9.7219,45.7061],[9.7566,45.6987],[9.7671,45.7088],[9.7712,45.7087],[9.7694,45.7043],[9.7933,45.7058]]]}},{"type":"Feature","properties":{"id":"friuli-aquileia","name":"Friuli Aquileia","full_name":"Friuli Aquileia","region":"Friuli-Venezia Giulia","grapes":["Ancellotta","Cabernet Franc","Cabernet Sauvignon","Chardonnay","Cjanorie","Cordenossa"],"key_appellations":["Friuli Aquileia"],"desc":"Friuli Aquileia is a protected wine appellation in Friuli-Venezia Giulia.","level":"appellation"},"geometry":{"type":"Polygon","coordinates":[[[13.2509,45.7527],[13.314,45.749],[13.3428,45.7363],[13.3719,45.7374],[13.3658,45.7327],[13.3898,45.7237],[13.4065,45.7252],[13.4037,45.7388],[13.4611,45.7497],[13.4487,45.7483],[13.4351,45.7605],[13.4261,45.7552],[13.4197,45.7575],[13.4307,45.7647],[13.4244,45.7693],[13.4337,45.7717],[13.4295,45.7758],[13.4383,45.7772],[13.4363,45.7832],[13.4429,45.7878],[13.4327,45.7954],[13.4263,45.8132],[13.4293,45.839],[13.4149,45.8432],[13.417,45.8486],[13.407,45.8574],[13.4161,45.8674],[13.4259,45.8681],[13.4102,45.8922],[13.3997,45.8956],[13.3967,45.9086],[13.3867,45.913],[13.4106,45.9207],[13.4232,45.9328],[13.4204,45.9388],[13.3886,45.9318],[13.3863,45.9465],[13.3596,45.9503],[13.348,45.9608],[13.2918,45.9559],[13.277,45.9706],[13.2784,45.9814],[13.2703,45.9757],[13.2719,45.968],[13.2596,45.9651],[13.2638,45.9596],[13.2536,45.9555],[13.2673,45.9394],[13.2684,45.9348],[13.2626,45.9329],[13.2781,45.9108],[13.2494,45.9059],[13.2383,45.9194],[13.229,45.9134],[13.2315,45.9087],[13.2235,45.9065],[13.2219,45.897],[13.2128,45.8958],[13.2036,45.8841],[13.2276,45.8789],[13.2331,45.8837],[13.2355,45.8743],[13.2832,45.8731],[13.2815,45.8436],[13.2906,45.8261],[13.3054,45.8263],[13.2965,45.8028],[13.3028,45.8015],[13.3095,45.7887],[13.3016,45.779],[13.2665,45.7757],[13.2513,45.7664],[13.2509,45.7527]]]}},{"type":"Feature","properties":{"id":"friuli-colli-orientali","name":"Friuli Colli Orientali","full_name":"Friuli Colli Orientali","region":"Friuli-Venezia Giulia","grapes":["Ancellotta","Cabernet Franc","Cabernet Sauvignon","Chardonnay","Cividin","Cjanorie"],"key_appellations":["Friuli Colli Orientali"],"desc":"Friuli Colli Orientali is a protected wine appellation in Friuli-Venezia Giulia.","level":"appellation"},"geometry":{"type":"Polygon","coordinates":[[[13.316,46.0347],[13.3129,45.9977],[13.3539,45.9525],[13.3863,45.9465],[13.3886,45.9318],[13.4144,45.9396],[13.4163,45.9348],[13.4289,45.9478],[13.4251,45.954],[13.4423,45.9571],[13.437,45.9727],[13.4531,45.9802],[13.4526,45.9862],[13.4649,45.9848],[13.4682,45.9975],[13.4606,45.9997],[13.4602,46.0055],[13.471,46.0117],[13.4783,46.0368],[13.486,46.0481],[13.4978,46.0515],[13.4963,46.0583],[13.5302,46.0665],[13.5432,46.0824],[13.5726,46.0885],[13.6025,46.1131],[13.5963,46.117],[13.5704,46.1087],[13.5446,46.0933],[13.5316,46.0997],[13.5176,46.095],[13.5099,46.0993],[13.5156,46.1036],[13.4959,46.1189],[13.5128,46.1238],[13.5086,46.1317],[13.5164,46.1344],[13.5136,46.1394],[13.5359,46.1467],[13.5237,46.1608],[13.5312,46.1614],[13.5327,46.175],[13.5177,46.1799],[13.5115,46.165],[13.5028,46.1681],[13.4874,46.1589],[13.4873,46.1466],[13.4734,46.1393],[13.4725,46.1328],[13.4599,46.1354],[13.4607,46.1456],[13.4551,46.154],[13.4448,46.1544],[13.4509,46.1566],[13.4444,46.1732],[13.4342,46.1862],[13.428,46.1855],[13.4329,46.1897],[13.422,46.2089],[13.404,46.2149],[13.3876,46.2107],[13.3862,46.2153],[13.3592,46.2236],[13.3591,46.2337],[13.352,46.2261],[13.3331,46.2354],[13.3299,46.2321],[13.3273,46.2377],[13.3178,46.2385],[13.312,46.2488],[13.3019,46.2468],[13.3056,46.2558],[13.2908,46.2577],[13.2874,46.2485],[13.2709,46.2433],[13.2356,46.2642],[13.2299,46.255],[13.2163,46.2565],[13.2156,46.251],[13.2053,46.2498],[13.1957,46.2347],[13.1699,46.2379],[13.1573,46.2173],[13.1902,46.1917],[13.2132,46.1904],[13.2094,46.1855],[13.2142,46.177],[13.1919,46.1631],[13.1744,46.1652],[13.1592,46.1572],[13.1815,46.1532],[13.2008,46.1304],[13.2187,46.1368],[13.2206,46.1293],[13.2253,46.1298],[13.2231,46.1246],[13.2365,46.1267],[13.2508,46.1131],[13.267,46.1171],[13.2906,46.0918],[13.2865,46.0863],[13.2998,46.0495],[13.3145,46.0395],[13.3323,46.0415],[13.316,46.0347]]]}},{"type":"Feature","properties":{"id":"friuli-grave","name":"Friuli Grave","full_name":"Friuli Grave","region":"Friuli-Venezia Giulia","grapes":["Cabernet Franc","Cabernet Sauvignon","Carmenère","Chardonnay","Merlot","Pinot Bianco"],"key_appellations":["Friuli Grave"],"desc":"Friuli Grave is a protected wine appellation in Friuli-Venezia Giulia.","level":"appellation"},"geometry":{"type":"Polygon","coordinates":[[[12.5954,45.8174],[12.5944,45.8309],[12.607,45.8389],[12.616,45.8295],[12.6314,45.83],[12.6354,45.8171],[12.6465,45.8205],[12.6464,45.8124],[12.6565,45.8104],[12.6552,45.8205],[12.6751,45.8295],[12.6756,45.8384],[12.6931,45.8495],[12.6981,45.8603],[12.7326,45.8584],[12.7634,45.8764],[12.7669,45.8826],[12.7545,45.8851],[12.7494,45.8957],[12.7574,45.9028],[12.7548,45.9056],[12.7653,45.9097],[12.7705,45.9033],[12.783,45.9103],[12.7816,45.9038],[12.7935,45.9147],[12.7858,45.8994],[12.7924,45.8973],[12.7916,45.8923],[12.8143,45.8934],[12.8176,45.8799],[12.8338,45.8761],[12.8686,45.8913],[12.8705,45.8853],[12.8786,45.8845],[12.8858,45.8949],[12.894,45.8829],[12.9028,45.8967],[12.9224,45.884],[12.9396,45.8902],[12.9501,45.8848],[12.9531,45.8956],[12.9486,45.9081],[12.9655,45.9104],[12.9586,45.9175],[12.9641,45.9236],[12.9648,45.915],[12.9824,45.9163],[12.9905,45.9116],[12.987,45.9045],[12.991,45.9004],[13.0068,45.9004],[13.0208,45.9147],[13.0295,45.913],[13.043,45.8974],[13.0497,45.9024],[13.0531,45.8977],[13.0703,45.8993],[13.0686,45.905],[13.0758,45.9119],[13.0871,45.8993],[13.0929,45.9003],[13.0972,45.8896],[13.1225,45.8851],[13.1199,45.8791],[13.1272,45.8803],[13.1341,45.8696],[13.1456,45.8771],[13.1608,45.8781],[13.1519,45.8558],[13.1614,45.8538],[13.1576,45.8259],[13.1755,45.8317],[13.1799,45.8429],[13.2004,45.8373],[13.206,45.8395],[13.2038,45.8445],[13.2183,45.8474],[13.2247,45.8448],[13.2257,45.8329],[13.2401,45.8412],[13.241,45.8632],[13.2348,45.8722],[13.2453,45.8745],[13.2832,45.8731],[13.2816,45.8433],[13.2906,45.8261],[13.3054,45.8263],[13.3131,45.8328],[13.3161,45.8461],[13.3039,45.8557],[13.2959,45.8522],[13.2943,45.8573],[13.3125,45.8732],[13.317,45.8676],[13.3214,45.875],[13.3282,45.87],[13.3339,45.8885],[13.3251,45.8954],[13.3607,45.9045],[13.3635,45.9229],[13.3688,45.9259],[13.38,45.9238],[13.3867,45.913],[13.4046,45.9166],[13.4232,45.9328],[13.4202,45.9415],[13.4291,45.9486],[13.4251,45.954],[13.4423,45.9571],[13.437,45.9727],[13.4531,45.9802],[13.4526,45.9862],[13.4649,45.9848],[13.4682,45.9975],[13.4528,46.011],[13.4687,46.0395],[13.4608,46.0544],[13.4727,46.0635],[13.4678,46.077],[13.475,46.0784],[13.4675,46.0826],[13.5075,46.0937],[13.4816,46.1103],[13.4747,46.1096],[13.477,46.1125],[13.4498,46.1293],[13.4322,46.1246],[13.4343,46.1145],[13.4135,46.1142],[13.3933,46.1037],[13.368,46.1099],[13.3772,46.1275],[13.3945,46.1271],[13.3899,46.1441],[13.4063,46.1497],[13.4068,46.1587],[13.401,46.1624],[13.407,46.1665],[13.4056,46.1754],[13.4146,46.1803],[13.411,46.2044],[13.422,46.2089],[13.404,46.2149],[13.3821,46.2076],[13.3589,46.1802],[13.3488,46.1775],[13.3445,46.162],[13.3271,46.1559],[13.3212,46.1483],[13.3109,46.1558],[13.3104,46.1668],[13.294,46.1693],[13.2946,46.1811],[13.2789,46.1883],[13.2786,46.1933],[13.2583,46.1844],[13.2434,46.1953],[13.2445,46.2089],[13.2549,46.2222],[13.2713,46.2246],[13.2657,46.2408],[13.2698,46.244],[13.2446,46.2605],[13.2356,46.2642],[13.2299,46.255],[13.2163,46.2565],[13.2156,46.251],[13.1968,46.2426],[13.1957,46.2347],[13.1621,46.2424],[13.1612,46.2571],[13.1533,46.2614],[13.1985,46.2853],[13.2042,46.297],[13.2268,46.2966],[13.2366,46.3026],[13.2399,46.3141],[13.2468,46.3178],[13.2387,46.3212],[13.1693,46.3244],[13.1445,46.3127],[13.1211,46.3132],[13.0933,46.2811],[13.042,46.248],[13.0343,46.2229],[12.9652,46.1949],[12.939,46.2117],[12.9231,46.2091],[12.896,46.215],[12.8745,46.2427],[12.8605,46.2507],[12.8294,46.2459],[12.811,46.2535],[12.772,46.2517],[12.7643,46.2485],[12.7601,46.2388],[12.7318,46.2389],[12.7301,46.2283],[12.7397,46.2179],[12.7724,46.2196],[12.758,46.1955],[12.7525,46.1992],[12.7314,46.1852],[12.7197,46.1929],[12.6765,46.187],[12.6571,46.2011],[12.6459,46.194],[12.6382,46.1786],[12.5927,46.1907],[12.6053,46.1868],[12.5909,46.164],[12.5645,46.146],[12.5363,46.1469],[12.5204,46.1308],[12.4942,46.1286],[12.4834,46.1034],[12.4375,46.0848],[12.4172,46.0605],[12.41,46.0592],[12.4051,46.0427],[12.399,46.0414],[12.4153,46.0269],[12.4187,46.0079],[12.4282,45.9958],[12.4223,45.9562],[12.4258,45.9474],[12.4543,45.9471],[12.4647,45.9409],[12.4627,45.9336],[12.5052,45.9234],[12.5089,45.9098],[12.5234,45.9035],[12.507,45.8979],[12.5217,45.885],[12.5338,45.8849],[12.5294,45.8779],[12.5352,45.8763],[12.5371,45.8686],[12.5299,45.8636],[12.5488,45.8613],[12.55,45.8499],[12.559,45.8471],[12.5499,45.8395],[12.5565,45.8361],[12.5541,45.8295],[12.5615,45.8259],[12.5653,45.8318],[12.5729,45.8244],[12.5812,45.8251],[12.5881,45.8151],[12.5954,45.8174]]]}},{"type":"Feature","properties":{"id":"oltrepo-pavese-metodo-classico","name":"Oltrepò Pavese metodo classico","full_name":"Oltrepò Pavese metodo classico","region":"Lombardy","grapes":["Chardonnay","Pinot Bianco","Pinot Grigio","Pinot Nero"],"key_appellations":["Oltrepò Pavese metodo classico"],"desc":"Oltrepò Pavese metodo classico is a protected wine appellation in Lombardy.","level":"appellation"},"geometry":{"type":"Polygon","coordinates":[[[9.0718,44.8183],[9.0799,44.8142],[9.0952,44.819],[9.1103,44.8292],[9.1133,44.8335],[9.1085,44.838],[9.1189,44.8429],[9.1595,44.8487],[9.1625,44.8569],[9.1496,44.8564],[9.1366,44.8745],[9.1544,44.8917],[9.1666,44.8925],[9.1826,44.9047],[9.214,44.8959],[9.2128,44.8562],[9.2189,44.8493],[9.2294,44.8474],[9.2501,44.8607],[9.257,44.883],[9.2466,44.89],[9.2523,44.8947],[9.2503,44.8998],[9.26,44.9036],[9.2774,44.8956],[9.2954,44.9216],[9.2864,44.9339],[9.3057,44.934],[9.3218,44.9441],[9.3246,44.956],[9.3376,44.9654],[9.3352,44.9742],[9.3473,44.9978],[9.3654,45.0027],[9.3756,45.0199],[9.3695,45.0237],[9.3769,45.041],[9.3708,45.0481],[9.3893,45.064],[9.3448,45.0694],[9.3345,45.0782],[9.337,45.0893],[9.3118,45.0867],[9.3003,45.0943],[9.3019,45.1],[9.2979,45.1005],[9.3037,45.1041],[9.2954,45.1086],[9.2935,45.1008],[9.2845,45.1007],[9.2762,45.0932],[9.2675,45.1089],[9.2529,45.1054],[9.2519,45.1101],[9.2442,45.1066],[9.2576,45.1002],[9.2637,45.0891],[9.2442,45.086],[9.2373,45.0756],[9.2095,45.0682],[9.2114,45.0636],[9.2042,45.0673],[9.1985,45.0577],[9.1722,45.0593],[9.1631,45.0382],[9.1566,45.0395],[9.153,45.0296],[9.1191,45.0403],[9.1198,45.0355],[9.1002,45.0328],[9.0862,45.0218],[9.0711,45.021],[9.0656,44.9909],[9.0404,44.9825],[9.0378,44.9756],[9.0176,44.9674],[9.0152,44.9588],[8.9781,44.9672],[8.9803,44.952],[8.9717,44.9539],[8.9696,44.9435],[8.9826,44.9313],[8.9916,44.9307],[8.9886,44.9251],[9.0022,44.9174],[9.0004,44.9086],[9.02,44.9002],[9.031,44.8882],[9.0431,44.8843],[9.0559,44.8888],[9.0627,44.8703],[9.0701,44.8647],[9.049,44.8498],[9.0641,44.8302],[9.0729,44.828],[9.0718,44.8183]]]}},{"type":"Feature","properties":{"id":"friuli-isonzo","name":"Friuli Isonzo","full_name":"Friuli Isonzo / Isonzo del Friuli","region":"Friuli-Venezia Giulia","grapes":["Cabernet Franc","Cabernet Sauvignon","Chardonnay","Franconia","Malvasia Istriana","Merlot"],"key_appellations":["Friuli Isonzo"],"desc":"Friuli Isonzo is a protected wine appellation in Friuli-Venezia Giulia.","level":"appellation"},"geometry":{"type":"Polygon","coordinates":[[[13.4496,45.748],[13.4666,45.7543],[13.4819,45.749],[13.4989,45.7342],[13.5071,45.7373],[13.5547,45.7281],[13.5554,45.7327],[13.5265,45.7367],[13.5166,45.7441],[13.5258,45.7485],[13.5208,45.7513],[13.5256,45.7709],[13.5472,45.786],[13.5384,45.782],[13.531,45.7854],[13.5324,45.7905],[13.5481,45.7902],[13.5329,45.8041],[13.5571,45.7824],[13.5636,45.7833],[13.5599,45.7779],[13.579,45.7749],[13.5759,45.7944],[13.5841,45.8],[13.564,45.8084],[13.5616,45.8184],[13.5129,45.8533],[13.5137,45.8596],[13.5436,45.8679],[13.55,45.8634],[13.5617,45.8714],[13.5839,45.8715],[13.5961,45.895],[13.6089,45.8992],[13.638,45.9352],[13.6329,45.9493],[13.643,45.9829],[13.6335,45.9891],[13.6184,45.9832],[13.6045,45.9868],[13.5989,45.9824],[13.6053,45.9774],[13.5964,45.9594],[13.5725,45.966],[13.5626,45.96],[13.5202,45.9535],[13.5174,45.9617],[13.5265,45.9723],[13.5138,45.9799],[13.5018,45.9804],[13.495,45.9867],[13.4899,45.9818],[13.4568,45.988],[13.4531,45.9802],[13.4366,45.9721],[13.4423,45.9571],[13.4251,45.954],[13.4289,45.9478],[13.4202,45.9415],[13.4234,45.9345],[13.4195,45.9279],[13.4046,45.9166],[13.3867,45.913],[13.3967,45.9086],[13.3997,45.8956],[13.4102,45.8922],[13.4259,45.8681],[13.4161,45.8674],[13.407,45.8574],[13.417,45.8486],[13.4149,45.8432],[13.4293,45.839],[13.4263,45.8132],[13.4327,45.7954],[13.4429,45.7878],[13.4363,45.7832],[13.4383,45.7772],[13.4295,45.7758],[13.4337,45.7717],[13.4244,45.7693],[13.4307,45.7647],[13.4197,45.7575],[13.4261,45.7552],[13.4351,45.7605],[13.4496,45.748]]]}},{"type":"Feature","properties":{"id":"oltrepo-pavese","name":"Oltrepò Pavese","full_name":"Oltrepò Pavese","region":"Lombardy","grapes":["Ancellotta","Barbera","Bonarda","Bronner","Bussanello","Cabernet Franc"],"key_appellations":["Oltrepò Pavese"],"desc":"Oltrepò Pavese is a protected wine appellation in Lombardy.","level":"appellation"},"geometry":{"type":"Polygon","coordinates":[[[9.0718,44.8183],[9.0799,44.8142],[9.0952,44.819],[9.1103,44.8292],[9.1133,44.8335],[9.1085,44.838],[9.1189,44.8429],[9.1595,44.8487],[9.1625,44.8569],[9.1496,44.8564],[9.1366,44.8745],[9.1544,44.8917],[9.1666,44.8925],[9.1826,44.9047],[9.214,44.8959],[9.2128,44.8562],[9.2189,44.8493],[9.2294,44.8474],[9.2501,44.8607],[9.257,44.883],[9.2466,44.89],[9.2523,44.8947],[9.2503,44.8998],[9.26,44.9036],[9.2774,44.8956],[9.2954,44.9216],[9.2864,44.9339],[9.3057,44.934],[9.3218,44.9441],[9.3246,44.956],[9.3376,44.9654],[9.3352,44.9742],[9.3473,44.9978],[9.3654,45.0027],[9.3756,45.0199],[9.3695,45.0237],[9.3769,45.041],[9.3708,45.0481],[9.3893,45.064],[9.3448,45.0694],[9.3345,45.0782],[9.337,45.0893],[9.3118,45.0867],[9.3003,45.0943],[9.3019,45.1],[9.2979,45.1005],[9.3037,45.1041],[9.2954,45.1086],[9.2935,45.1008],[9.2845,45.1007],[9.2762,45.0932],[9.2675,45.1089],[9.2529,45.1054],[9.2519,45.1101],[9.2442,45.1066],[9.2576,45.1002],[9.2637,45.0891],[9.2442,45.086],[9.2373,45.0756],[9.2095,45.0682],[9.2114,45.0636],[9.2042,45.0673],[9.1985,45.0577],[9.1722,45.0593],[9.1631,45.0382],[9.1566,45.0395],[9.153,45.0296],[9.1191,45.0403],[9.1198,45.0355],[9.1002,45.0328],[9.0862,45.0218],[9.0711,45.021],[9.0656,44.9909],[9.0404,44.9825],[9.0378,44.9756],[9.0176,44.9674],[9.0152,44.9588],[8.9781,44.9672],[8.9803,44.952],[8.9717,44.9539],[8.9696,44.9435],[8.9826,44.9313],[8.9916,44.9307],[8.9886,44.9251],[9.0022,44.9174],[9.0004,44.9086],[9.02,44.9002],[9.031,44.8882],[9.0431,44.8843],[9.0559,44.8888],[9.0627,44.8703],[9.0701,44.8647],[9.049,44.8498],[9.0641,44.8302],[9.0729,44.828],[9.0718,44.8183]]]}},{"type":"Feature","properties":{"id":"bonarda-dell-oltrepo-pavese","name":"Bonarda dell'Oltrepò Pavese","full_name":"Bonarda dell'Oltrepò Pavese","region":"Lombardy","grapes":["Barbera","Croatina","Uva Rara","Vespolina"],"key_appellations":["Bonarda dell'Oltrepò Pavese"],"desc":"Bonarda dell'Oltrepò Pavese is a protected wine appellation in Lombardy.","level":"appellation"},"geometry":{"type":"Polygon","coordinates":[[[9.0718,44.8183],[9.0799,44.8142],[9.0952,44.819],[9.1103,44.8292],[9.1133,44.8335],[9.1085,44.838],[9.1189,44.8429],[9.1595,44.8487],[9.1625,44.8569],[9.1496,44.8564],[9.1366,44.8745],[9.1544,44.8917],[9.1666,44.8925],[9.1826,44.9047],[9.214,44.8959],[9.2128,44.8562],[9.2189,44.8493],[9.2294,44.8474],[9.2501,44.8607],[9.257,44.883],[9.2466,44.89],[9.2523,44.8947],[9.2503,44.8998],[9.26,44.9036],[9.2774,44.8956],[9.2954,44.9216],[9.2864,44.9339],[9.3057,44.934],[9.3218,44.9441],[9.3246,44.956],[9.3376,44.9654],[9.3352,44.9742],[9.3473,44.9978],[9.3654,45.0027],[9.3756,45.0199],[9.3695,45.0237],[9.3769,45.041],[9.3708,45.0481],[9.3893,45.064],[9.3448,45.0694],[9.3345,45.0782],[9.337,45.0893],[9.3118,45.0867],[9.3003,45.0943],[9.3019,45.1],[9.2979,45.1005],[9.3037,45.1041],[9.2954,45.1086],[9.2935,45.1008],[9.2845,45.1007],[9.2762,45.0932],[9.2675,45.1089],[9.2529,45.1054],[9.2519,45.1101],[9.2442,45.1066],[9.2576,45.1002],[9.2637,45.0891],[9.2442,45.086],[9.2373,45.0756],[9.2095,45.0682],[9.2114,45.0636],[9.2042,45.0673],[9.1985,45.0577],[9.1722,45.0593],[9.1631,45.0382],[9.1566,45.0395],[9.153,45.0296],[9.1191,45.0403],[9.1198,45.0355],[9.1002,45.0328],[9.0862,45.0218],[9.0711,45.021],[9.0656,44.9909],[9.0404,44.9825],[9.0378,44.9756],[9.0176,44.9674],[9.0152,44.9588],[8.9781,44.9672],[8.9803,44.952],[8.9717,44.9539],[8.9696,44.9435],[8.9826,44.9313],[8.9916,44.9307],[8.9886,44.9251],[9.0022,44.9174],[9.0004,44.9086],[9.02,44.9002],[9.031,44.8882],[9.0431,44.8843],[9.0559,44.8888],[9.0627,44.8703],[9.0701,44.8647],[9.049,44.8498],[9.0641,44.8302],[9.0729,44.828],[9.0718,44.8183]]]}},{"type":"Feature","properties":{"id":"casteggio","name":"Casteggio","full_name":"Casteggio","region":"Lombardy","grapes":["Barbera","Croatina","Pinot Nero","Uva Rara","Vespolina"],"key_appellations":["Casteggio"],"desc":"Casteggio is a protected wine appellation in Lombardy.","level":"appellation"},"geometry":{"type":"Polygon","coordinates":[[[9.139,44.9218],[9.1704,44.9306],[9.1698,44.9388],[9.1805,44.9472],[9.1772,44.954],[9.1937,44.9686],[9.1819,44.9737],[9.1786,44.989],[9.2042,44.9963],[9.1986,44.9969],[9.1948,45.0063],[9.1709,45.0112],[9.1588,45.0214],[9.157,45.0331],[9.1506,45.0296],[9.1236,45.04],[9.0903,45.0284],[9.0862,45.0218],[9.0711,45.021],[9.0675,44.9763],[9.0726,44.9651],[9.0829,44.9607],[9.0794,44.9516],[9.0846,44.94],[9.0795,44.9367],[9.0927,44.9285],[9.1158,44.9457],[9.1218,44.9391],[9.1123,44.9365],[9.1318,44.9299],[9.139,44.9218]]]}},{"type":"Feature","properties":{"id":"friuli-latisana","name":"Friuli Latisana","full_name":"Friuli Latisana","region":"Friuli-Venezia Giulia","grapes":["Ancellotta","Cabernet Franc","Cabernet Sauvignon","Carmenère","Chardonnay","Cividin"],"key_appellations":["Friuli Latisana"],"desc":"Friuli Latisana is a protected wine appellation in Friuli-Venezia Giulia.","level":"appellation"},"geometry":{"type":"Polygon","coordinates":[[[13.0635,45.6784],[13.064,45.6562],[13.0812,45.6588],[13.0846,45.6564],[13.0803,45.6499],[13.0988,45.6445],[13.1114,45.665],[13.1523,45.6934],[13.1518,45.7003],[13.1097,45.6857],[13.0764,45.6906],[13.0647,45.7111],[13.0809,45.7107],[13.0737,45.7162],[13.0875,45.7183],[13.0924,45.7342],[13.1062,45.7364],[13.0924,45.7415],[13.0933,45.7464],[13.1063,45.7474],[13.1135,45.7601],[13.1243,45.7619],[13.1334,45.7765],[13.1323,45.7938],[13.1593,45.804],[13.1595,45.8266],[13.1755,45.8317],[13.1736,45.8515],[13.182,45.8532],[13.1813,45.8674],[13.1968,45.8703],[13.2128,45.8958],[13.2219,45.897],[13.2235,45.9065],[13.2315,45.9087],[13.1964,45.9325],[13.1648,45.9261],[13.1587,45.8957],[13.1658,45.8846],[13.1611,45.8782],[13.1456,45.8771],[13.1352,45.8695],[13.128,45.8727],[13.1272,45.8803],[13.1199,45.8791],[13.1225,45.8851],[13.1156,45.8896],[13.0972,45.8896],[13.0929,45.9003],[13.0871,45.8993],[13.0758,45.9119],[13.0686,45.905],[13.0703,45.8993],[13.0531,45.8977],[13.0497,45.9024],[13.043,45.8974],[13.0295,45.913],[13.0208,45.9147],[13.0068,45.9004],[12.9922,45.9001],[12.987,45.9045],[12.9905,45.9116],[12.9824,45.9163],[12.9648,45.915],[12.9641,45.9236],[12.9586,45.9175],[12.9655,45.9104],[12.9486,45.9081],[12.9531,45.8956],[12.9501,45.8848],[12.9396,45.8902],[12.9224,45.884],[12.9028,45.8967],[12.8968,45.8924],[12.9109,45.879],[12.9122,45.866],[12.9059,45.8544],[12.9295,45.8174],[12.9586,45.8225],[12.951,45.8292],[12.9514,45.843],[12.9578,45.8474],[12.9672,45.836],[12.9791,45.834],[12.9709,45.8287],[12.973,45.825],[12.9843,45.8262],[12.9733,45.8203],[12.9934,45.8142],[12.9884,45.8087],[12.9788,45.8146],[12.9739,45.8066],[12.9814,45.7961],[12.9896,45.8015],[12.9917,45.7978],[12.9726,45.7894],[12.9842,45.7849],[12.9833,45.7769],[13.0114,45.7635],[12.9994,45.7596],[13.0054,45.7541],[13.0015,45.7484],[13.0157,45.7413],[13.0083,45.7249],[13.015,45.7245],[13.0164,45.7306],[13.029,45.7363],[13.028,45.7266],[13.0387,45.7213],[13.0396,45.7082],[13.0462,45.7023],[13.0369,45.6994],[13.0533,45.6945],[13.0436,45.6855],[13.0543,45.6777],[13.0635,45.6784]]]}},{"type":"Feature","properties":{"id":"buttafuoco-dell-oltrepo-pavese","name":"Buttafuoco dell'Oltrepò Pavese","full_name":"Buttafuoco dell'Oltrepò Pavese / Buttafuoco","region":"Lombardy","grapes":["Barbera","Croatina","Uva Rara","Vespolina"],"key_appellations":["Buttafuoco dell'Oltrepò Pavese"],"desc":"Buttafuoco dell'Oltrepò Pavese is a protected wine appellation in Lombardy.","level":"appellation"},"geometry":{"type":"Polygon","coordinates":[[[9.2467,44.997],[9.2756,45.0153],[9.2752,45.0108],[9.284,45.007],[9.2943,45.0115],[9.3009,45.0211],[9.3028,45.0562],[9.319,45.0541],[9.3448,45.0694],[9.3345,45.0782],[9.337,45.0893],[9.3118,45.0867],[9.3003,45.0943],[9.3019,45.1],[9.2979,45.1005],[9.3037,45.1041],[9.2954,45.1086],[9.2935,45.1008],[9.2845,45.1007],[9.2762,45.0932],[9.2675,45.1089],[9.2442,45.1066],[9.2576,45.1002],[9.2637,45.0891],[9.2442,45.086],[9.2373,45.0756],[9.2095,45.0682],[9.2111,45.0526],[9.2202,45.049],[9.2128,45.029],[9.2183,45.0265],[9.215,45.0212],[9.2273,45.0157],[9.2247,45.0124],[9.2307,45.0129],[9.2257,45.0072],[9.2337,44.9957],[9.2467,44.997]]]}},{"type":"Feature","properties":{"id":"sangue-di-giuda","name":"Sangue di Giuda","full_name":"Sangue di Giuda / Sangue di Giuda dell'Oltrepò Pavese","region":"Lombardy","grapes":["Barbera","Croatina","Pinot Nero","Uva Rara","Vespolina"],"key_appellations":["Sangue di Giuda"],"desc":"Sangue di Giuda is a protected wine appellation in Lombardy.","level":"appellation"},"geometry":{"type":"MultiPolygon","coordinates":[[[[9.2638,44.9966],[9.2895,44.9971],[9.2922,44.9898],[9.288,44.9849],[9.2989,44.9816],[9.2989,44.9735],[9.3246,44.956],[9.3376,44.9654],[9.3352,44.9742],[9.3473,44.9978],[9.3659,45.0031],[9.3756,45.0199],[9.3695,45.0237],[9.3769,45.041],[9.3708,45.0481],[9.3893,45.064],[9.3448,45.0694],[9.3345,45.0782],[9.337,45.0893],[9.3118,45.0867],[9.3003,45.0943],[9.3019,45.1],[9.2979,45.1005],[9.3037,45.1041],[9.2954,45.1086],[9.2935,45.1008],[9.2845,45.1007],[9.2762,45.0932],[9.2675,45.1089],[9.2442,45.1066],[9.2576,45.1002],[9.2637,45.0891],[9.2442,45.086],[9.2373,45.0756],[9.2095,45.0682],[9.2111,45.0526],[9.2202,45.049],[9.2128,45.029],[9.2183,45.0265],[9.215,45.0212],[9.2273,45.0157],[9.2247,45.0124],[9.2307,45.0129],[9.2257,45.0072],[9.2337,44.9957],[9.2467,44.997],[9.2579,44.9901],[9.2638,44.9966]]],[[[9.2957,44.9706],[9.2958,44.9751],[9.2869,44.9761],[9.2868,44.9719],[9.2957,44.9706]]]]}},{"type":"Feature","properties":{"id":"pinot-nero-dell-oltrepo-pavese","name":"Pinot nero dell'Oltrepò Pavese","full_name":"Pinot nero dell'Oltrepò Pavese","region":"Lombardy","grapes":["Ancellotta","Barbera","Bonarda","Cabernet Franc","Cabernet Sauvignon","Corvina"],"key_appellations":["Pinot nero dell'Oltrepò Pavese"],"desc":"Pinot nero dell'Oltrepò Pavese is a protected wine appellation in Lombardy.","level":"appellation"},"geometry":{"type":"Polygon","coordinates":[[[9.0718,44.8183],[9.0799,44.8142],[9.0952,44.819],[9.1103,44.8292],[9.1133,44.8335],[9.1085,44.838],[9.1189,44.8429],[9.1595,44.8487],[9.1625,44.8569],[9.1496,44.8564],[9.1366,44.8745],[9.1544,44.8917],[9.1666,44.8925],[9.1826,44.9047],[9.214,44.8959],[9.2128,44.8562],[9.2189,44.8493],[9.2294,44.8474],[9.2501,44.8607],[9.257,44.883],[9.2466,44.89],[9.2523,44.8947],[9.2503,44.8998],[9.26,44.9036],[9.2774,44.8956],[9.2954,44.9216],[9.2864,44.9339],[9.3057,44.934],[9.3218,44.9441],[9.3246,44.956],[9.3376,44.9654],[9.3352,44.9742],[9.3473,44.9978],[9.3654,45.0027],[9.3756,45.0199],[9.3695,45.0237],[9.3769,45.041],[9.3708,45.0481],[9.3893,45.064],[9.3448,45.0694],[9.3345,45.0782],[9.337,45.0893],[9.3118,45.0867],[9.3003,45.0943],[9.3019,45.1],[9.2979,45.1005],[9.3037,45.1041],[9.2954,45.1086],[9.2935,45.1008],[9.2845,45.1007],[9.2762,45.0932],[9.2675,45.1089],[9.2529,45.1054],[9.2519,45.1101],[9.2442,45.1066],[9.2576,45.1002],[9.2637,45.0891],[9.2442,45.086],[9.2373,45.0756],[9.2095,45.0682],[9.2114,45.0636],[9.2042,45.0673],[9.1985,45.0577],[9.1722,45.0593],[9.1631,45.0382],[9.1566,45.0395],[9.153,45.0296],[9.1191,45.0403],[9.1198,45.0355],[9.1002,45.0328],[9.0862,45.0218],[9.0711,45.021],[9.0656,44.9909],[9.0404,44.9825],[9.0378,44.9756],[9.0176,44.9674],[9.0152,44.9588],[8.9781,44.9672],[8.9803,44.952],[8.9717,44.9539],[8.9696,44.9435],[8.9826,44.9313],[8.9916,44.9307],[8.9886,44.9251],[9.0022,44.9174],[9.0004,44.9086],[9.02,44.9002],[9.031,44.8882],[9.0431,44.8843],[9.0559,44.8888],[9.0627,44.8703],[9.0701,44.8647],[9.049,44.8498],[9.0641,44.8302],[9.0729,44.828],[9.0718,44.8183]]]}},{"type":"Feature","properties":{"id":"oltrepo-pavese-pinot-grigio","name":"Oltrepò Pavese Pinot grigio","full_name":"Oltrepò Pavese Pinot grigio","region":"Lombardy","grapes":["Bronner","Bussanello","Cortese","Erbaluce","Erbamat","Garganega"],"key_appellations":["Oltrepò Pavese Pinot grigio"],"desc":"Oltrepò Pavese Pinot grigio is a protected wine appellation in Lombardy.","level":"appellation"},"geometry":{"type":"Polygon","coordinates":[[[9.0718,44.8183],[9.0799,44.8142],[9.0952,44.819],[9.1103,44.8292],[9.1133,44.8335],[9.1085,44.838],[9.1189,44.8429],[9.1595,44.8487],[9.1625,44.8569],[9.1496,44.8564],[9.1366,44.8745],[9.1544,44.8917],[9.1666,44.8925],[9.1826,44.9047],[9.214,44.8959],[9.2128,44.8562],[9.2189,44.8493],[9.2294,44.8474],[9.2501,44.8607],[9.257,44.883],[9.2466,44.89],[9.2523,44.8947],[9.2503,44.8998],[9.26,44.9036],[9.2774,44.8956],[9.2954,44.9216],[9.2864,44.9339],[9.3057,44.934],[9.3218,44.9441],[9.3246,44.956],[9.3376,44.9654],[9.3352,44.9742],[9.3473,44.9978],[9.3654,45.0027],[9.3756,45.0199],[9.3695,45.0237],[9.3769,45.041],[9.3708,45.0481],[9.3893,45.064],[9.3448,45.0694],[9.3345,45.0782],[9.337,45.0893],[9.3118,45.0867],[9.3003,45.0943],[9.3019,45.1],[9.2979,45.1005],[9.3037,45.1041],[9.2954,45.1086],[9.2935,45.1008],[9.2845,45.1007],[9.2762,45.0932],[9.2675,45.1089],[9.2529,45.1054],[9.2519,45.1101],[9.2442,45.1066],[9.2576,45.1002],[9.2637,45.0891],[9.2442,45.086],[9.2373,45.0756],[9.2095,45.0682],[9.2114,45.0636],[9.2042,45.0673],[9.1985,45.0577],[9.1722,45.0593],[9.1631,45.0382],[9.1566,45.0395],[9.153,45.0296],[9.1191,45.0403],[9.1198,45.0355],[9.1002,45.0328],[9.0862,45.0218],[9.0711,45.021],[9.0656,44.9909],[9.0404,44.9825],[9.0378,44.9756],[9.0176,44.9674],[9.0152,44.9588],[8.9781,44.9672],[8.9803,44.952],[8.9717,44.9539],[8.9696,44.9435],[8.9826,44.9313],[8.9916,44.9307],[8.9886,44.9251],[9.0022,44.9174],[9.0004,44.9086],[9.02,44.9002],[9.031,44.8882],[9.0431,44.8843],[9.0559,44.8888],[9.0627,44.8703],[9.0701,44.8647],[9.049,44.8498],[9.0641,44.8302],[9.0729,44.828],[9.0718,44.8183]]]}},{"type":"Feature","properties":{"id":"franciacorta","name":"Franciacorta","full_name":"Franciacorta","region":"Lombardy","grapes":["Chardonnay","Pinot Nero","Pinot Bianco"],"key_appellations":["Franciacorta"],"desc":"Italy's top traditional-method sparkling wine. Chardonnay and Pinot Noir on glacial moraine soils.","level":"appellation"},"geometry":{"type":"Polygon","coordinates":[[[10.0024,45.5173],[10.0338,45.5153],[10.0385,45.5215],[10.0455,45.5197],[10.0501,45.5314],[10.0592,45.535],[10.058,45.5452],[10.0499,45.5503],[10.0568,45.557],[10.0571,45.5663],[10.0855,45.5624],[10.0933,45.5739],[10.1075,45.569],[10.122,45.5732],[10.1308,45.5657],[10.1272,45.5582],[10.1532,45.5486],[10.1474,45.5408],[10.163,45.536],[10.1825,45.5452],[10.1642,45.525],[10.1552,45.5224],[10.1536,45.5013],[10.1739,45.4962],[10.1762,45.4913],[10.1958,45.4922],[10.1941,45.4834],[10.2061,45.4854],[10.2192,45.5043],[10.2356,45.4988],[10.2423,45.5015],[10.2555,45.4815],[10.2716,45.4937],[10.2794,45.4912],[10.2933,45.4978],[10.3,45.5194],[10.293,45.5251],[10.2954,45.5309],[10.2839,45.5385],[10.2914,45.5568],[10.2583,45.5705],[10.2611,45.5762],[10.2513,45.5834],[10.2424,45.5822],[10.2287,45.5901],[10.2135,45.5701],[10.2068,45.5744],[10.1893,45.5726],[10.1987,45.5905],[10.1765,45.5952],[10.1741,45.6244],[10.165,45.631],[10.1533,45.6251],[10.1538,45.6337],[10.1464,45.6312],[10.1444,45.6189],[10.1397,45.6189],[10.1449,45.6328],[10.1322,45.6408],[10.1356,45.6498],[10.1147,45.6536],[10.1189,45.6555],[10.0811,45.6789],[10.0808,45.6891],[10.0655,45.6893],[10.0611,45.6812],[10.0467,45.6753],[9.965,45.6639],[9.9423,45.6653],[9.9341,45.6494],[9.929,45.6462],[9.9173,45.6506],[9.9178,45.6433],[9.9034,45.6294],[9.9027,45.6231],[9.9356,45.6193],[9.9294,45.6152],[9.9334,45.6126],[9.9297,45.6053],[9.9134,45.601],[9.9085,45.5745],[9.9013,45.5664],[9.8941,45.5687],[9.8911,45.5598],[9.9002,45.564],[9.9433,45.5628],[9.9454,45.555],[9.9553,45.5499],[9.9499,45.5453],[9.9562,45.5439],[9.957,45.5362],[10.0024,45.5173]]]}},{"type":"Feature","properties":{"id":"sforzato-di-valtellina","name":"Sforzato di Valtellina","full_name":"Sforzato di Valtellina / Sfursat di Valtellina","region":"Lombardy","grapes":["Nebbiolo"],"key_appellations":["Valtellina Superiore","Sforzato di Valtellina"],"desc":"Alpine Nebbiolo (Chiavennasca) on steep terraces. Elegant, fragrant mountain reds.","level":"appellation"},"geometry":{"type":"MultiPolygon","coordinates":[[[[9.8393,46.0526],[9.8552,46.046],[9.8723,46.0512],[9.8833,46.0459],[9.9081,46.0464],[9.91,46.0577],[9.9393,46.0662],[9.9821,46.0656],[9.9947,46.0754],[10.0111,46.0726],[10.0119,46.0823],[10.0186,46.086],[10.0557,46.0855],[10.0407,46.1005],[10.0307,46.1025],[10.017,46.122],[10.0023,46.1327],[9.995,46.1294],[9.9907,46.1464],[9.9735,46.1619],[9.9953,46.176],[10.0126,46.217],[9.9891,46.2316],[9.9572,46.2362],[9.9634,46.2299],[9.9594,46.2193],[9.969,46.2015],[9.9632,46.1639],[9.916,46.1661],[9.9108,46.1614],[9.9186,46.1511],[9.9099,46.1452],[9.8967,46.1203],[9.8913,46.1192],[9.8906,46.1317],[9.8985,46.1433],[9.898,46.1632],[9.8636,46.1579],[9.829,46.1597],[9.829,46.1436],[9.8362,46.136],[9.8328,46.1159],[9.8413,46.0897],[9.8393,46.0526]]],[[[9.6333,46.154],[9.6492,46.1551],[9.6628,46.161],[9.6604,46.1649],[9.6757,46.1652],[9.6638,46.186],[9.6667,46.2069],[9.6718,46.2094],[9.6425,46.2019],[9.6356,46.2046],[9.6258,46.1956],[9.6245,46.1825],[9.6182,46.1761],[9.6203,46.1667],[9.6315,46.1641],[9.6333,46.154]]],[[[10.1091,46.1722],[10.1282,46.1549],[10.1594,46.1596],[10.1754,46.1654],[10.1803,46.1783],[10.2243,46.1863],[10.2266,46.1907],[10.1912,46.2299],[10.1825,46.2575],[10.1765,46.2583],[10.1459,46.2305],[10.1323,46.2249],[10.1014,46.2278],[10.121,46.2053],[10.1225,46.1974],[10.1172,46.1945],[10.1257,46.1838],[10.1091,46.1722]]]]}},{"type":"Feature","properties":{"id":"valtellina-superiore","name":"Valtellina Superiore","full_name":"Valtellina Superiore","region":"Lombardy","grapes":["Nebbiolo"],"key_appellations":["Valtellina Superiore","Sforzato di Valtellina"],"desc":"Alpine Nebbiolo (Chiavennasca) on steep terraces. Elegant, fragrant mountain reds.","level":"appellation"},"geometry":{"type":"Polygon","coordinates":[[[9.8352,46.0443],[9.8492,46.0495],[9.839,46.0534],[9.8413,46.0897],[9.8328,46.1159],[9.8362,46.136],[9.829,46.1436],[9.829,46.1597],[9.8636,46.1579],[9.9456,46.1674],[9.9632,46.1639],[9.9557,46.1386],[9.9431,46.136],[9.9296,46.1408],[9.9311,46.1129],[9.9396,46.0986],[9.9605,46.0957],[9.9864,46.0705],[9.9947,46.0754],[10.0111,46.0726],[10.0119,46.0823],[10.0248,46.0873],[10.1008,46.0899],[10.1048,46.0841],[10.0924,46.0693],[10.0923,46.0615],[10.1026,46.0508],[10.1324,46.0617],[10.1435,46.0553],[10.1696,46.0571],[10.1851,46.081],[10.1786,46.0919],[10.1599,46.0921],[10.1535,46.0976],[10.1578,46.102],[10.1403,46.1062],[10.1248,46.1275],[10.1253,46.1388],[10.1173,46.1501],[10.1057,46.1524],[10.108,46.1574],[10.1216,46.161],[10.1355,46.1549],[10.1714,46.1629],[10.1803,46.1783],[10.2243,46.1863],[10.2266,46.1907],[10.1912,46.2299],[10.1825,46.2575],[10.1765,46.2583],[10.1459,46.2305],[10.1323,46.2249],[10.0916,46.2282],[10.0706,46.2171],[10.0437,46.2297],[10.0608,46.2483],[10.0554,46.2658],[10.0006,46.2829],[9.9683,46.2772],[9.9075,46.2536],[9.8958,46.2448],[9.8917,46.23],[9.9053,46.2223],[9.8796,46.1979],[9.8732,46.1982],[9.8744,46.204],[9.8687,46.2115],[9.8708,46.1976],[9.8679,46.2021],[9.8493,46.2036],[9.8211,46.1994],[9.8167,46.2088],[9.7819,46.222],[9.7692,46.2206],[9.7458,46.2372],[9.7361,46.2377],[9.7493,46.2692],[9.6959,46.2237],[9.667,46.2199],[9.6614,46.2157],[9.6718,46.2094],[9.6425,46.2019],[9.6356,46.2046],[9.6258,46.1956],[9.6191,46.1696],[9.6315,46.1641],[9.6341,46.1537],[9.6552,46.1577],[9.6628,46.161],[9.6604,46.1649],[9.6836,46.1676],[9.685,46.1626],[9.6999,46.1683],[9.7032,46.1605],[9.7846,46.1563],[9.7902,46.1293],[9.7989,46.1137],[9.8065,46.1129],[9.8138,46.0968],[9.8107,46.0701],[9.8043,46.0659],[9.8074,46.0537],[9.8352,46.0443]],[[9.9907,46.1464],[9.9786,46.1611],[10.0333,46.1586],[10.037,46.1455],[10.0303,46.1349],[10.0317,46.1096],[10.0407,46.1005],[10.0307,46.1025],[10.0023,46.1327],[9.995,46.1294],[9.9907,46.1464]]]}},{"type":"Feature","properties":{"id":"curtefranca","name":"Curtefranca","full_name":"Curtefranca","region":"Lombardy","grapes":["Ancellotta","Barbera","Bonarda","Cabernet Franc","Cabernet Sauvignon","Chardonnay"],"key_appellations":["Curtefranca"],"desc":"Curtefranca is a protected wine appellation in Lombardy.","level":"appellation"},"geometry":{"type":"Polygon","coordinates":[[[10.0024,45.5173],[10.0338,45.5153],[10.0385,45.5215],[10.0455,45.5197],[10.0501,45.5314],[10.0592,45.535],[10.058,45.5452],[10.0499,45.5503],[10.0568,45.557],[10.0571,45.5663],[10.0855,45.5624],[10.0933,45.5739],[10.1075,45.569],[10.122,45.5732],[10.1308,45.5657],[10.1272,45.5582],[10.1532,45.5486],[10.1738,45.5594],[10.1796,45.5703],[10.1909,45.5735],[10.1987,45.5905],[10.1765,45.5952],[10.1741,45.6244],[10.165,45.631],[10.1533,45.6251],[10.1538,45.6337],[10.1469,45.6315],[10.1444,45.6189],[10.1397,45.6189],[10.1449,45.6328],[10.1322,45.6408],[10.1356,45.6498],[10.1147,45.6536],[10.1189,45.6555],[10.0811,45.6789],[10.0808,45.6891],[10.0655,45.6893],[10.0611,45.6812],[10.0467,45.6753],[9.965,45.6639],[9.9423,45.6653],[9.9341,45.6494],[9.929,45.6462],[9.9173,45.6506],[9.9178,45.6433],[9.9039,45.6305],[9.9027,45.6231],[9.9356,45.6193],[9.9294,45.6152],[9.9334,45.6126],[9.9297,45.6053],[9.9134,45.601],[9.9085,45.5745],[9.9013,45.5664],[9.8941,45.5687],[9.8911,45.5598],[9.9002,45.564],[9.9433,45.5628],[9.9454,45.555],[9.9553,45.5499],[9.9499,45.5453],[9.9562,45.5439],[9.957,45.5362],[10.0024,45.5173]]]}},{"type":"Feature","properties":{"id":"sardegna-semidano","name":"Sardegna Semidano","full_name":"Sardegna Semidano","region":"Sardinia","grapes":["Albaranzeuli Bianco","Ansonica","Arneis","Arvesiniadu","Biancolella","Clairette"],"key_appellations":["Sardegna Semidano"],"desc":"Sardegna Semidano is a protected wine appellation in Sardinia.","level":"appellation"},"geometry":{"type":"MultiPolygon","coordinates":[[[[8.6047,38.9628],[8.6153,38.9546],[8.6235,38.9373],[8.618,38.9277],[8.6208,38.9168],[8.6068,38.9055],[8.6068,38.8928],[8.6465,38.8943],[8.6407,38.8801],[8.6486,38.8751],[8.637,38.8688],[8.6401,38.8649],[8.6594,38.8692],[8.6554,38.8772],[8.6592,38.8825],[8.6483,38.8902],[8.6545,38.898],[8.6649,38.8939],[8.6705,38.8973],[8.6641,38.9125],[8.6811,38.9092],[8.6938,38.9187],[8.7005,38.916],[8.7119,38.9246],[8.718,38.9229],[8.7214,38.9273],[8.7165,38.9284],[8.7235,38.9317],[8.7211,38.9386],[8.7613,38.9168],[8.7803,38.9132],[8.7769,38.9045],[8.7943,38.8948],[8.8007,38.8841],[8.8034,38.9047],[8.8075,38.8919],[8.8167,38.8952],[8.8277,38.8905],[8.8326,38.8774],[8.8597,38.8775],[8.9987,38.9776],[8.9964,38.9855],[9.0216,38.9847],[9.0138,38.9904],[9.0271,39.0003],[9.0245,39.0202],[9.034,39.0292],[9.0458,39.0562],[9.0166,39.0866],[9.0089,39.1239],[9.0255,39.1582],[9.0652,39.1926],[9.0631,39.1931],[9.0619,39.1944],[9.0734,39.201],[9.0808,39.1967],[9.0939,39.1924],[9.0767,39.1993],[9.0807,39.2028],[9.0565,39.2174],[9.0591,39.222],[9.0845,39.2046],[9.0924,39.2091],[9.0968,39.1947],[9.0909,39.2151],[9.0953,39.2169],[9.1,39.2076],[9.1108,39.2012],[9.0988,39.2105],[9.1056,39.2073],[9.11,39.214],[9.1154,39.2116],[9.1132,39.2069],[9.1199,39.2083],[9.1283,39.2002],[9.1147,39.1995],[9.1094,39.1954],[9.1281,39.1999],[9.1468,39.183],[9.1522,39.1864],[9.1594,39.1807],[9.169,39.1885],[9.1596,39.1945],[9.1663,39.2057],[9.2072,39.2262],[9.2292,39.2281],[9.2475,39.2164],[9.2966,39.2132],[9.3045,39.2072],[9.3006,39.2048],[9.3201,39.2047],[9.3237,39.1974],[9.3383,39.1938],[9.35,39.1785],[9.3714,39.1735],[9.3853,39.1617],[9.3836,39.1576],[9.3948,39.1548],[9.3923,39.1447],[9.4295,39.134],[9.4375,39.1221],[9.4412,39.1274],[9.4665,39.127],[9.4847,39.1357],[9.5029,39.1312],[9.5097,39.1213],[9.5021,39.1084],[9.5238,39.0946],[9.5183,39.1048],[9.5236,39.1102],[9.5207,39.1173],[9.5388,39.1329],[9.5581,39.1316],[9.5672,39.1471],[9.5697,39.171],[9.5795,39.1762],[9.5778,39.1843],[9.5647,39.1893],[9.5628,39.1969],[9.5761,39.2542],[9.6032,39.2916],[9.6341,39.2993],[9.6054,39.3177],[9.596,39.3462],[9.613,39.3998],[9.632,39.4345],[9.6402,39.4422],[9.6424,39.4391],[9.6391,39.4501],[9.6463,39.4628],[9.6413,39.4827],[9.6448,39.4901],[9.6315,39.5016],[9.6387,39.5387],[9.6537,39.5525],[9.6497,39.5608],[9.6578,39.5783],[9.6473,39.6518],[9.652,39.6647],[9.6604,39.6679],[9.6644,39.6827],[9.66,39.6972],[9.67,39.7007],[9.677,39.711],[9.6766,39.7444],[9.6684,39.7676],[9.6708,39.7929],[9.6848,39.8412],[9.6966,39.8531],[9.6833,39.8682],[9.6823,39.9021],[9.6936,39.9192],[9.7044,39.9184],[9.7059,39.9246],[9.7137,39.9212],[9.7162,39.9305],[9.703,39.9446],[9.7074,39.9388],[9.6998,39.9359],[9.7027,39.9407],[9.6941,39.9394],[9.6882,39.9462],[9.6869,39.9844],[9.6998,40.0003],[9.7055,40.0335],[9.722,40.0492],[9.7275,40.0702],[9.7354,40.0784],[9.7291,40.0908],[9.6895,40.1082],[9.6541,40.1434],[9.6455,40.1705],[9.6289,40.1915],[9.6235,40.2506],[9.6366,40.2831],[9.6657,40.3198],[9.6767,40.3248],[9.6826,40.3374],[9.7231,40.3707],[9.7416,40.3812],[9.7547,40.3816],[9.7667,40.3921],[9.7733,40.4073],[9.772,40.4243],[9.7858,40.441],[9.7961,40.4415],[9.7938,40.447],[9.8209,40.4944],[9.8288,40.5285],[9.7947,40.5457],[9.7905,40.5715],[9.7538,40.5972],[9.7508,40.6055],[9.7547,40.6104],[9.7505,40.6124],[9.7566,40.6099],[9.7417,40.6339],[9.7535,40.6737],[9.7382,40.6967],[9.7228,40.6999],[9.7152,40.7097],[9.7125,40.722],[9.7183,40.7276],[9.7114,40.7398],[9.7178,40.7503],[9.7012,40.7546],[9.6711,40.7856],[9.6746,40.8055],[9.6883,40.8063],[9.6919,40.8113],[9.6807,40.8228],[9.6896,40.8311],[9.6865,40.8358],[9.6986,40.8367],[9.6985,40.8407],[9.6991,40.838],[9.698,40.834],[9.7082,40.8314],[9.72,40.8349],[9.728,40.8444],[9.7215,40.8399],[9.7132,40.8452],[9.705,40.8413],[9.6996,40.8481],[9.6934,40.8464],[9.6812,40.8613],[9.6651,40.8533],[9.6524,40.861],[9.6537,40.8705],[9.6596,40.8739],[9.6544,40.8798],[9.6457,40.8798],[9.6497,40.8773],[9.6426,40.8708],[9.6358,40.8844],[9.6257,40.882],[9.6272,40.888],[9.6161,40.8895],[9.6153,40.8945],[9.6247,40.8962],[9.6444,40.9199],[9.6307,40.9176],[9.6184,40.923],[9.588,40.8996],[9.5717,40.9081],[9.5794,40.9153],[9.5693,40.9119],[9.5616,40.9208],[9.556,40.916],[9.5624,40.9178],[9.5607,40.913],[9.5682,40.9108],[9.561,40.9082],[9.5582,40.9158],[9.5487,40.9149],[9.5522,40.9205],[9.5431,40.9188],[9.5446,40.9133],[9.5408,40.9108],[9.5379,40.9165],[9.5059,40.9113],[9.503,40.9183],[9.4945,40.9166],[9.5078,40.9244],[9.5247,40.9222],[9.5023,40.9276],[9.5278,40.9349],[9.5393,40.9259],[9.575,40.9279],[9.5682,40.9424],[9.5789,40.9463],[9.5774,40.9531],[9.5822,40.9549],[9.5786,40.9577],[9.5883,40.9595],[9.5938,40.9681],[9.5844,40.9729],[9.5823,40.9834],[9.5893,40.9901],[9.5988,40.9886],[9.5989,40.9951],[9.611,41.0033],[9.6212,41.0016],[9.6224,40.9931],[9.652,40.984],[9.6638,40.9977],[9.656,41.0042],[9.623,41.0044],[9.5952,41.0227],[9.5859,41.0107],[9.5761,41.015],[9.5774,41.0031],[9.5644,41.0094],[9.5595,41.0013],[9.551,41.0069],[9.5643,41.0271],[9.556,41.0304],[9.5611,41.0374],[9.5438,41.0273],[9.528,41.0298],[9.5274,41.0223],[9.522,41.0211],[9.5299,41.0194],[9.5252,41.0111],[9.5046,41.0079],[9.5016,41.0107],[9.5083,41.0158],[9.518,41.0171],[9.5155,41.0214],[9.5221,41.0352],[9.5258,41.0336],[9.5231,41.0529],[9.5346,41.0555],[9.5335,41.0621],[9.5405,41.061],[9.5414,41.065],[9.5288,41.0693],[9.5337,41.0812],[9.5426,41.0899],[9.5421,41.0825],[9.5531,41.078],[9.5625,41.0845],[9.5657,41.0986],[9.5722,41.0999],[9.5635,41.1022],[9.5697,41.1096],[9.5614,41.12],[9.5471,41.1125],[9.5406,41.1144],[9.5377,41.1222],[9.5461,41.1337],[9.5268,41.1333],[9.5384,41.1379],[9.5262,41.1457],[9.5315,41.1518],[9.5265,41.1567],[9.5092,41.1513],[9.5209,41.1417],[9.4964,41.1437],[9.4971,41.1359],[9.4857,41.1464],[9.4813,41.1404],[9.4669,41.1433],[9.4642,41.1363],[9.4724,41.1343],[9.4684,41.1291],[9.472,41.1258],[9.4658,41.1263],[9.4495,41.1081],[9.4476,41.1015],[9.4498,41.1007],[9.4501,41.0974],[9.4489,41.0961],[9.4407,41.1037],[9.4439,41.1095],[9.4393,41.1264],[9.4453,41.1349],[9.4384,41.1341],[9.4298,41.1432],[9.4296,41.1561],[9.4054,41.1571],[9.4216,41.1659],[9.4234,41.1778],[9.4098,41.1775],[9.4074,41.173],[9.3928,41.1818],[9.3842,41.1784],[9.3812,41.1873],[9.3701,41.1834],[9.3634,41.2076],[9.3542,41.2027],[9.3488,41.2077],[9.3382,41.2046],[9.3305,41.1948],[9.3436,41.194],[9.3334,41.1855],[9.3193,41.1935],[9.3203,41.2029],[9.3143,41.1915],[9.2902,41.193],[9.289,41.1977],[9.3011,41.2019],[9.2878,41.2194],[9.2787,41.1983],[9.2798,41.1916],[9.2894,41.1899],[9.2855,41.184],[9.2659,41.1999],[9.2723,41.2013],[9.2809,41.2154],[9.2806,41.2278],[9.2706,41.2393],[9.2634,41.237],[9.2561,41.2432],[9.2472,41.2414],[9.2442,41.2474],[9.2371,41.246],[9.2352,41.259],[9.2151,41.2548],[9.2141,41.2466],[9.2043,41.2492],[9.1939,41.2346],[9.1942,41.2468],[9.1878,41.2453],[9.184,41.2523],[9.1637,41.2356],[9.1583,41.2393],[9.1625,41.2419],[9.1439,41.2466],[9.1381,41.2376],[9.1414,41.2325],[9.1583,41.236],[9.1673,41.2297],[9.161,41.2042],[9.1535,41.1977],[9.1626,41.1912],[9.1582,41.1841],[9.1713,41.1769],[9.1672,41.1676],[9.1498,41.1547],[9.1211,41.1553],[9.1231,41.1472],[9.1107,41.1351],[9.0864,41.1279],[9.0593,41.1276],[9.047,41.138],[9.0305,41.1324],[9.0291,41.1272],[9.0132,41.1252],[8.9799,41.0901],[8.9834,41.0863],[8.9368,41.0518],[8.9317,41.0424],[8.923,41.0422],[8.9185,41.0338],[8.9031,41.0352],[8.8918,41.0257],[8.879,41.0271],[8.8883,41.0168],[8.87,41.0139],[8.8773,41.0041],[8.8664,40.9873],[8.7947,40.9249],[8.7681,40.9159],[8.7438,40.9191],[8.7201,40.9129],[8.7127,40.9188],[8.7028,40.9144],[8.7052,40.9111],[8.6997,40.9147],[8.6842,40.9033],[8.6332,40.8825],[8.6248,40.864],[8.6062,40.8502],[8.5627,40.8319],[8.4633,40.8191],[8.4309,40.8298],[8.4167,40.8412],[8.4079,40.8378],[8.406,40.8417],[8.399,40.8451],[8.4055,40.8399],[8.3942,40.8396],[8.3995,40.8483],[8.3926,40.8381],[8.3795,40.8388],[8.3792,40.8484],[8.3772,40.8389],[8.3714,40.8365],[8.3576,40.8371],[8.3559,40.8473],[8.3552,40.8394],[8.348,40.8398],[8.3513,40.8502],[8.3848,40.8511],[8.3505,40.8505],[8.3475,40.8398],[8.3146,40.8444],[8.2688,40.874],[8.2332,40.91],[8.2349,40.9243],[8.2272,40.9308],[8.2295,40.938],[8.2241,40.9384],[8.2332,40.9399],[8.2337,40.9357],[8.237,40.9536],[8.2136,40.9597],[8.2017,40.9726],[8.1978,40.9603],[8.1838,40.9477],[8.1847,40.9395],[8.1766,40.9372],[8.192,40.9228],[8.1916,40.9133],[8.2203,40.9002],[8.2149,40.8969],[8.2237,40.8862],[8.216,40.8804],[8.219,40.8689],[8.2073,40.8494],[8.1909,40.8339],[8.1956,40.8284],[8.184,40.8177],[8.1877,40.812],[8.1791,40.8101],[8.1695,40.7964],[8.162,40.7959],[8.1669,40.7666],[8.1572,40.7488],[8.1309,40.7327],[8.1485,40.7249],[8.1554,40.7144],[8.1636,40.7143],[8.1756,40.7014],[8.175,40.6948],[8.2015,40.6892],[8.2053,40.6838],[8.1964,40.6784],[8.199,40.6729],[8.1893,40.6578],[8.1926,40.6536],[8.1847,40.6366],[8.1608,40.6337],[8.1618,40.6276],[8.1446,40.6232],[8.1504,40.579],[8.1558,40.5794],[8.164,40.5604],[8.1655,40.5731],[8.161,40.576],[8.1653,40.5839],[8.1711,40.5802],[8.1739,40.5883],[8.168,40.5929],[8.1815,40.5977],[8.1907,40.6072],[8.1892,40.6157],[8.1954,40.6184],[8.2099,40.6147],[8.2195,40.6012],[8.2162,40.5936],[8.2037,40.5939],[8.2083,40.5876],[8.1978,40.5757],[8.2036,40.5682],[8.2376,40.5725],[8.2449,40.569],[8.2465,40.5819],[8.2654,40.5812],[8.2678,40.5895],[8.276,40.5935],[8.2877,40.5909],[8.2875,40.5951],[8.3064,40.5862],[8.3183,40.5683],[8.3078,40.5645],[8.3162,40.5641],[8.3148,40.5605],[8.3054,40.5658],[8.3063,40.5623],[8.3205,40.5499],[8.3394,40.5092],[8.3376,40.5003],[8.3503,40.5036],[8.3707,40.4949],[8.3984,40.4297],[8.4004,40.4012],[8.3862,40.3725],[8.3896,40.3659],[8.3785,40.3581],[8.3876,40.3483],[8.3826,40.3388],[8.4206,40.3379],[8.4329,40.3333],[8.4435,40.3186],[8.4589,40.3195],[8.4682,40.3065],[8.4646,40.3005],[8.4761,40.2915],[8.4725,40.2868],[8.4837,40.2829],[8.4741,40.2434],[8.4617,40.2297],[8.4662,40.226],[8.4617,40.2089],[8.4678,40.1993],[8.456,40.1766],[8.4617,40.1716],[8.4598,40.1514],[8.4847,40.1178],[8.4856,40.1046],[8.4911,40.1029],[8.4861,40.0956],[8.4929,40.0869],[8.4522,40.0503],[8.4347,40.0516],[8.4119,40.0413],[8.3992,40.0513],[8.3965,40.0439],[8.3861,40.0443],[8.3764,40.0358],[8.3783,40.029],[8.4022,40.0323],[8.4142,40.0168],[8.4111,39.9994],[8.3915,39.9756],[8.3998,39.9656],[8.4028,39.9439],[8.3958,39.909],[8.402,39.8986],[8.4108,39.9009],[8.435,39.8841],[8.4389,39.8711],[8.4326,39.865],[8.4351,39.8584],[8.4426,39.8808],[8.4706,39.901],[8.4666,39.9038],[8.4908,39.9056],[8.4876,39.9015],[8.5064,39.9079],[8.5378,39.8914],[8.5456,39.8762],[8.5398,39.8698],[8.543,39.8653],[8.5705,39.8638],[8.5453,39.8604],[8.537,39.8654],[8.5453,39.8601],[8.5533,39.8595],[8.5531,39.8283],[8.5451,39.7944],[8.5327,39.7711],[8.5091,39.7533],[8.5195,39.7438],[8.504,39.7287],[8.5081,39.7242],[8.5023,39.713],[8.4906,39.7151],[8.4989,39.7176],[8.498,39.7216],[8.4589,39.7693],[8.4513,39.7694],[8.4434,39.7582],[8.4492,39.7402],[8.4451,39.7317],[8.4503,39.7274],[8.4447,39.7124],[8.4557,39.709],[8.4498,39.6881],[8.4426,39.6852],[8.4477,39.6812],[8.4455,39.6761],[8.4592,39.668],[8.4498,39.6573],[8.4539,39.6424],[8.4482,39.6354],[8.4535,39.6205],[8.4655,39.6163],[8.4645,39.6077],[8.471,39.6008],[8.4448,39.5358],[8.4068,39.4893],[8.3967,39.4854],[8.3846,39.4707],[8.3863,39.4634],[8.3794,39.4563],[8.3896,39.4523],[8.39,39.4465],[8.4109,39.4412],[8.4127,39.4272],[8.4025,39.4048],[8.3859,39.3948],[8.3782,39.3824],[8.3794,39.3739],[8.373,39.3746],[8.3763,39.3686],[8.3896,39.3651],[8.3848,39.3526],[8.3949,39.3493],[8.3971,39.3375],[8.4202,39.3326],[8.4167,39.3249],[8.4322,39.3114],[8.4369,39.2902],[8.4242,39.2681],[8.4109,39.2641],[8.3669,39.2283],[8.3681,39.2138],[8.3799,39.1998],[8.3796,39.2033],[8.39,39.1981],[8.3865,39.1931],[8.3921,39.2001],[8.4018,39.1936],[8.3986,39.1896],[8.3915,39.1923],[8.3996,39.189],[8.4069,39.159],[8.4133,39.1507],[8.407,39.1656],[8.4119,39.1663],[8.4127,39.1735],[8.4381,39.1555],[8.4389,39.1382],[8.4332,39.1303],[8.4401,39.1174],[8.4367,39.1116],[8.4587,39.121],[8.4677,39.119],[8.4781,39.0936],[8.4855,39.0882],[8.4815,39.0836],[8.4877,39.0891],[8.478,39.0611],[8.4668,39.058],[8.4693,39.0539],[8.494,39.0626],[8.519,39.0616],[8.5363,39.0582],[8.5346,39.0532],[8.5486,39.0445],[8.5651,39.0454],[8.5764,39.0234],[8.5666,39.012],[8.5649,39.0012],[8.5768,38.9828],[8.5729,38.9786],[8.5892,38.964],[8.5869,38.9556],[8.6047,38.9628]]],[[[8.4316,39.0959],[8.427,39.1083],[8.3804,39.0996],[8.3712,39.1141],[8.3604,39.1097],[8.3612,39.0986],[8.3509,39.0976],[8.3586,39.0858],[8.3488,39.0792],[8.3611,39.0523],[8.3605,39.0376],[8.3742,39.0229],[8.3709,39.0195],[8.3756,39.0117],[8.3857,39.0084],[8.3826,39.003],[8.3947,38.9893],[8.3968,38.976],[8.4036,38.974],[8.4033,38.9624],[8.4143,38.9553],[8.4448,38.969],[8.4406,38.9781],[8.4514,38.9896],[8.4508,39.0176],[8.469,39.0503],[8.4584,39.0662],[8.4565,39.0837],[8.4316,39.0959]]],[[[8.3097,39.148],[8.3096,39.1876],[8.296,39.1792],[8.2677,39.1817],[8.256,39.169],[8.2478,39.1698],[8.2416,39.1635],[8.2299,39.1656],[8.2194,39.1475],[8.2239,39.1409],[8.237,39.1425],[8.2514,39.1307],[8.2451,39.1229],[8.257,39.116],[8.2476,39.1086],[8.2732,39.0999],[8.2747,39.0942],[8.2941,39.0935],[8.2978,39.1003],[8.306,39.1002],[8.3105,39.1163],[8.3077,39.1304],[8.3139,39.1399],[8.3077,39.145],[8.3168,39.1458],[8.3097,39.148]]],[[[8.2268,40.9757],[8.2145,40.9828],[8.2115,40.9789],[8.2166,40.9675],[8.2255,40.9693],[8.2207,40.9752],[8.2268,40.9757]]],[[[8.3299,41.1113],[8.3166,41.1204],[8.3109,41.1084],[8.2751,41.1038],[8.2728,41.0961],[8.2829,41.0874],[8.28,41.0843],[8.2857,41.0757],[8.2671,41.0732],[8.2511,41.05],[8.221,41.0413],[8.2244,41.0354],[8.2176,41.0253],[8.2314,41.0239],[8.2129,41.0061],[8.2179,40.9928],[8.2113,40.9949],[8.209,40.9893],[8.2559,40.9842],[8.2648,41.0027],[8.2488,41.0135],[8.249,41.0269],[8.2348,41.0242],[8.2688,41.0467],[8.2574,41.0511],[8.2661,41.053],[8.2635,41.0564],[8.2754,41.0559],[8.281,41.0663],[8.3324,41.0501],[8.3291,41.0575],[8.3388,41.06],[8.341,41.0708],[8.3341,41.0799],[8.3506,41.0878],[8.345,41.0978],[8.3258,41.1011],[8.3227,41.1069],[8.3299,41.1113]]],[[[9.4229,41.1935],[9.4197,41.2074],[9.4109,41.2077],[9.397,41.1904],[9.4076,41.194],[9.4099,41.1864],[9.4229,41.1935]]],[[[9.4333,41.259],[9.4146,41.2681],[9.4165,41.2593],[9.4129,41.2587],[9.4183,41.2551],[9.4117,41.2499],[9.4029,41.2609],[9.3995,41.2609],[9.4037,41.2579],[9.4023,41.2447],[9.3923,41.2413],[9.39,41.2331],[9.3755,41.2302],[9.3771,41.2172],[9.3848,41.2158],[9.3815,41.2103],[9.4048,41.2103],[9.4166,41.2168],[9.4374,41.2143],[9.4394,41.2245],[9.4348,41.2286],[9.4327,41.2228],[9.4299,41.2304],[9.4373,41.2412],[9.4356,41.2479],[9.4291,41.247],[9.4327,41.2527],[9.4247,41.2575],[9.4333,41.259]]],[[[9.3537,41.2514],[9.3392,41.2535],[9.3331,41.2473],[9.3327,41.2357],[9.3394,41.2282],[9.3527,41.2318],[9.3607,41.2423],[9.3537,41.2514]]],[[[9.3596,41.2861],[9.3473,41.2893],[9.3349,41.2827],[9.3492,41.2758],[9.3565,41.2769],[9.3596,41.2861]]],[[[9.3845,41.2979],[9.3791,41.3081],[9.3611,41.293],[9.3674,41.2905],[9.3651,41.2875],[9.3845,41.2979]]],[[[9.3593,41.2942],[9.3413,41.3092],[9.3341,41.3057],[9.3343,41.3009],[9.3484,41.2989],[9.3373,41.2958],[9.3593,41.2942]]],[[[9.5351,39.0823],[9.5342,39.0895],[9.5293,39.0901],[9.5268,39.0847],[9.5351,39.0823]]],[[[9.7364,40.8761],[9.7159,40.8763],[9.7101,40.8694],[9.736,40.8592],[9.7433,40.8702],[9.7364,40.8761]]],[[[9.7375,40.9208],[9.7307,40.9194],[9.7374,40.9276],[9.6731,40.889],[9.6828,40.894],[9.6928,40.8878],[9.7194,40.9048],[9.7417,40.911],[9.7375,40.9208]]],[[[9.5791,41.0666],[9.5746,41.0695],[9.5693,41.064],[9.5758,41.061],[9.5791,41.0666]]],[[[9.6037,41.0748],[9.6094,41.0782],[9.6096,41.0824],[9.5968,41.076],[9.6013,41.0715],[9.6091,41.0736],[9.6037,41.0748]]],[[[9.4812,41.239],[9.4589,41.2435],[9.4633,41.242],[9.4602,41.223],[9.4498,41.2251],[9.453,41.2169],[9.446,41.2154],[9.451,41.2078],[9.448,41.2034],[9.4548,41.206],[9.4571,41.2004],[9.4436,41.2029],[9.4436,41.1905],[9.4336,41.1893],[9.44,41.1809],[9.4536,41.1922],[9.4528,41.1844],[9.4693,41.1801],[9.4696,41.1685],[9.4708,41.179],[9.4808,41.1814],[9.4811,41.1858],[9.4651,41.1832],[9.4645,41.1889],[9.4788,41.1995],[9.475,41.2051],[9.4798,41.2176],[9.4861,41.2155],[9.4887,41.2206],[9.4816,41.224],[9.4812,41.239]]]]}},{"type":"Feature","properties":{"id":"san-colombano-al-lambro","name":"San Colombano al Lambro","full_name":"San Colombano al Lambro / San Colombano","region":"Lombardy","grapes":["Ancellotta","Barbera","Bonarda","Bronner","Bussanello","Cabernet Franc"],"key_appellations":["San Colombano al Lambro"],"desc":"San Colombano al Lambro is a protected wine appellation in Lombardy.","level":"appellation"},"geometry":{"type":"Polygon","coordinates":[[[9.4313,45.1601],[9.5319,45.1658],[9.5237,45.176],[9.5268,45.1807],[9.5198,45.1802],[9.5157,45.1871],[9.4985,45.1862],[9.4959,45.1939],[9.4863,45.1916],[9.4737,45.1978],[9.4603,45.2112],[9.4545,45.2263],[9.4401,45.2295],[9.4417,45.2355],[9.4287,45.2413],[9.433,45.2454],[9.4274,45.2473],[9.4313,45.2516],[9.4231,45.265],[9.4149,45.2535],[9.4106,45.2544],[9.4126,45.2484],[9.4012,45.2477],[9.3964,45.2548],[9.3637,45.2469],[9.3708,45.2451],[9.3811,45.2302],[9.3909,45.2321],[9.3871,45.2235],[9.3976,45.2185],[9.4011,45.2101],[9.3706,45.2027],[9.3741,45.2005],[9.3701,45.193],[9.376,45.1885],[9.3704,45.183],[9.3848,45.1769],[9.3793,45.1813],[9.3836,45.1847],[9.3885,45.1796],[9.4006,45.1857],[9.4133,45.1802],[9.4252,45.1821],[9.4212,45.1715],[9.4276,45.1727],[9.4313,45.1601]]]}},{"type":"Feature","properties":{"id":"alba","name":"Alba","full_name":"Alba","region":"Piedmont","grapes":["Albarossa","Ancellotta","Avarengo","Barbera","Becuet","Bonarda"],"key_appellations":["Alba"],"desc":"Alba is a protected wine appellation in Piedmont.","level":"appellation"},"geometry":{"type":"Polygon","coordinates":[[[7.9271,44.42],[7.9441,44.4304],[7.9501,44.4205],[7.9629,44.4279],[7.959,44.4314],[7.9664,44.4357],[7.9641,44.4466],[7.9497,44.461],[7.9529,44.4751],[7.9701,44.4818],[7.9643,44.4851],[7.9675,44.4903],[7.9618,44.4939],[7.9633,44.4995],[7.9719,44.5028],[7.9798,44.5167],[7.9861,44.511],[7.9981,44.5122],[7.9995,44.5197],[7.9867,44.5283],[7.997,44.5426],[8.0162,44.5495],[8.008,44.5508],[8.0046,44.5603],[8.0322,44.576],[8.0489,44.5745],[8.0403,44.5942],[8.0522,44.6102],[8.0779,44.6126],[8.0757,44.6178],[8.0818,44.6198],[8.0839,44.6306],[8.0782,44.6402],[8.0928,44.6422],[8.0889,44.6496],[8.0957,44.6532],[8.1088,44.6498],[8.1156,44.6419],[8.1377,44.6439],[8.1474,44.6528],[8.1712,44.6297],[8.1803,44.6252],[8.1945,44.6286],[8.2268,44.661],[8.2233,44.6788],[8.26,44.6969],[8.2687,44.7114],[8.2567,44.7214],[8.2568,44.7323],[8.2298,44.723],[8.2222,44.7295],[8.2111,44.7297],[8.2023,44.7444],[8.2084,44.747],[8.2066,44.7507],[8.1816,44.7512],[8.1785,44.7367],[8.1633,44.7328],[8.1658,44.7218],[8.1605,44.7225],[8.1529,44.7125],[8.1363,44.7327],[8.1332,44.7467],[8.1199,44.7517],[8.1123,44.7484],[8.0951,44.7585],[8.1043,44.7626],[8.1045,44.7739],[8.1132,44.7699],[8.1255,44.776],[8.127,44.7819],[8.1375,44.7826],[8.128,44.7924],[8.1318,44.8092],[8.1229,44.8141],[8.1063,44.81],[8.0944,44.8225],[8.0788,44.8073],[8.0554,44.8111],[8.0454,44.7993],[8.0256,44.8164],[7.9947,44.8182],[7.984,44.8263],[7.9779,44.8499],[7.9647,44.8566],[7.9546,44.8477],[7.9107,44.8314],[7.9024,44.8217],[7.8899,44.8238],[7.8783,44.8362],[7.8662,44.8301],[7.8562,44.8177],[7.8558,44.805],[7.862,44.7965],[7.8357,44.7805],[7.8371,44.7621],[7.8512,44.7517],[7.8471,44.7347],[7.8104,44.7475],[7.779,44.7412],[7.78,44.735],[7.7593,44.7201],[7.7615,44.7059],[7.7557,44.6893],[7.7617,44.6753],[7.7587,44.6686],[7.7673,44.6607],[7.7497,44.6288],[7.7647,44.6273],[7.7699,44.6455],[7.7829,44.6509],[7.8013,44.6482],[7.8113,44.6433],[7.8123,44.6371],[7.7883,44.6166],[7.7898,44.6059],[7.8034,44.5997],[7.8086,44.6025],[7.8276,44.5794],[7.8416,44.5809],[7.85,44.5697],[7.8647,44.5733],[7.8725,44.5689],[7.8934,44.5758],[7.9114,44.5677],[7.9002,44.5623],[7.9105,44.5511],[7.8984,44.5484],[7.8953,44.5425],[7.9092,44.5326],[7.9088,44.5205],[7.8975,44.515],[7.8891,44.4982],[7.8897,44.4928],[7.8979,44.4917],[7.8945,44.4791],[7.9005,44.4751],[7.8756,44.4551],[7.8741,44.4432],[7.885,44.4401],[7.8908,44.4272],[7.9136,44.4237],[7.924,44.4297],[7.9271,44.42]]]}},{"type":"Feature","properties":{"id":"albugnano","name":"Albugnano","full_name":"Albugnano","region":"Piedmont","grapes":["Barbera","Bonarda","Freisa","Nebbiolo"],"key_appellations":["Albugnano"],"desc":"Albugnano is a protected wine appellation in Piedmont.","level":"appellation"},"geometry":{"type":"Polygon","coordinates":[[[8.0055,45.0111],[8.0251,45.0247],[8.0236,45.0634],[8.0407,45.0689],[8.0257,45.0762],[8.027,45.0803],[7.997,45.0789],[7.9842,45.0941],[7.9684,45.1007],[7.9515,45.0836],[7.9518,45.0718],[7.9434,45.0698],[7.9406,45.0579],[7.958,45.042],[7.952,45.0362],[7.9538,45.0297],[7.9754,45.0172],[7.9872,44.997],[7.9951,44.9963],[7.9959,45.0101],[8.0055,45.0111]]]}},{"type":"Feature","properties":{"id":"barbera-d-alba","name":"Barbera d'Alba","full_name":"Barbera d'Alba","region":"Piedmont","grapes":["Barbera","Nebbiolo"],"key_appellations":["Barbera d'Alba"],"desc":"Barbera d'Alba is a protected wine appellation in Piedmont.","level":"appellation"},"geometry":{"type":"Polygon","coordinates":[[[7.9248,44.5626],[7.9496,44.5669],[7.9705,44.559],[7.9751,44.5628],[7.9911,44.5578],[7.9891,44.5512],[7.997,44.5454],[8.006,44.5496],[8.0046,44.5603],[8.0299,44.5751],[8.0489,44.5745],[8.0403,44.5942],[8.077,44.5878],[8.0697,44.5999],[8.0839,44.5978],[8.0634,44.6078],[8.0779,44.6126],[8.0757,44.6178],[8.0818,44.6198],[8.0839,44.6318],[8.0782,44.6402],[8.0844,44.638],[8.0947,44.645],[8.1118,44.6351],[8.1185,44.6218],[8.116,44.6164],[8.1484,44.6113],[8.1604,44.5978],[8.1427,44.5836],[8.1827,44.5532],[8.2163,44.565],[8.2331,44.5616],[8.2457,44.5701],[8.2443,44.581],[8.2289,44.5936],[8.2344,44.5986],[8.2148,44.6174],[8.1969,44.6146],[8.1946,44.6299],[8.2268,44.661],[8.2233,44.6788],[8.26,44.6969],[8.2687,44.7114],[8.2567,44.7214],[8.2568,44.7323],[8.2377,44.7232],[8.2222,44.7295],[8.2158,44.7269],[8.2023,44.7444],[8.2084,44.747],[8.2066,44.7507],[8.1876,44.7519],[8.1816,44.7512],[8.1732,44.732],[8.1633,44.7328],[8.1658,44.7218],[8.1517,44.7133],[8.1363,44.7327],[8.1332,44.7467],[8.1199,44.7517],[8.1123,44.7484],[8.0951,44.7585],[8.1043,44.7626],[8.1045,44.7739],[8.1132,44.7699],[8.1255,44.776],[8.127,44.7819],[8.1375,44.7826],[8.128,44.7924],[8.1318,44.8092],[8.1229,44.8141],[8.1063,44.81],[8.0944,44.8225],[8.0788,44.8073],[8.0554,44.8111],[8.0454,44.7993],[8.0256,44.8164],[7.9947,44.8182],[7.984,44.8263],[7.9779,44.8499],[7.9647,44.8566],[7.9546,44.8477],[7.9107,44.8314],[7.9024,44.8217],[7.8899,44.8238],[7.8758,44.8364],[7.8562,44.8177],[7.8558,44.805],[7.862,44.7965],[7.8357,44.7805],[7.8371,44.7621],[7.8512,44.7517],[7.8471,44.7347],[7.8104,44.7475],[7.779,44.7412],[7.78,44.735],[7.7593,44.7201],[7.7615,44.7059],[7.7557,44.6893],[7.7617,44.6753],[7.7587,44.6686],[7.7673,44.6607],[7.7497,44.6288],[7.7647,44.6273],[7.7713,44.6463],[7.799,44.6491],[7.8113,44.6433],[7.8123,44.6371],[7.7883,44.6166],[7.7885,44.607],[7.8034,44.5997],[7.8086,44.6025],[7.8276,44.5794],[7.8416,44.5809],[7.85,44.5697],[7.9008,44.5742],[7.9114,44.5677],[7.9002,44.5623],[7.9094,44.5533],[7.9248,44.5626]]]}},{"type":"Feature","properties":{"id":"garda-colli-mantovani","name":"Garda Colli Mantovani","full_name":"Garda Colli Mantovani","region":"Lombardy","grapes":["Ancellotta","Barbera","Bonarda","Bronner","Bussanello","Cabernet Franc"],"key_appellations":["Garda Colli Mantovani"],"desc":"Garda Colli Mantovani is a protected wine appellation in Lombardy.","level":"appellation"},"geometry":{"type":"Polygon","coordinates":[[[10.7193,45.2813],[10.7225,45.2921],[10.7169,45.301],[10.7002,45.3068],[10.715,45.334],[10.7031,45.3414],[10.6868,45.3422],[10.6855,45.354],[10.7037,45.3583],[10.7147,45.3679],[10.6978,45.3801],[10.7066,45.382],[10.7193,45.4003],[10.7135,45.4183],[10.6633,45.4278],[10.6637,45.4227],[10.6556,45.4211],[10.6551,45.4106],[10.6465,45.4072],[10.6385,45.3857],[10.6137,45.3827],[10.598,45.3873],[10.58,45.3812],[10.5608,45.3893],[10.5481,45.3858],[10.5115,45.4123],[10.4504,45.4174],[10.4671,45.4066],[10.4503,45.3831],[10.4641,45.3707],[10.4694,45.3375],[10.4766,45.3289],[10.4897,45.3317],[10.5023,45.3503],[10.5255,45.3619],[10.5716,45.3323],[10.5958,45.3258],[10.5981,45.3067],[10.6039,45.3031],[10.5974,45.2886],[10.6019,45.282],[10.6065,45.2812],[10.608,45.2873],[10.624,45.28],[10.6411,45.2888],[10.6491,45.2842],[10.691,45.287],[10.7193,45.2813]]]}},{"type":"Feature","properties":{"id":"barbera-del-monferrato","name":"Barbera del Monferrato","full_name":"Barbera del Monferrato","region":"Piedmont","grapes":["Barbera","Dolcetto","Freisa","Grignolino"],"key_appellations":["Barbera del Monferrato"],"desc":"Barbera del Monferrato is a protected wine appellation in Piedmont.","level":"appellation"},"geometry":{"type":"MultiPolygon","coordinates":[[[[8.1107,44.8097],[8.1229,44.8141],[8.1318,44.8092],[8.128,44.7924],[8.1375,44.7826],[8.127,44.7819],[8.1255,44.776],[8.1132,44.7699],[8.1045,44.7739],[8.1043,44.7626],[8.0951,44.7585],[8.1123,44.7484],[8.1199,44.7517],[8.1332,44.7467],[8.1363,44.7327],[8.1529,44.7125],[8.1605,44.7225],[8.1658,44.7218],[8.1633,44.7328],[8.1732,44.732],[8.1816,44.7512],[8.1876,44.7519],[8.2066,44.7507],[8.2084,44.747],[8.2023,44.7444],[8.2158,44.7269],[8.2222,44.7295],[8.2377,44.7232],[8.2568,44.7323],[8.2567,44.7214],[8.2687,44.7114],[8.26,44.6969],[8.2233,44.6788],[8.2268,44.661],[8.1945,44.6279],[8.1969,44.6146],[8.2148,44.6174],[8.2344,44.5986],[8.2289,44.5936],[8.2443,44.581],[8.2467,44.5679],[8.2525,44.5733],[8.258,44.566],[8.2668,44.5667],[8.2674,44.5603],[8.2776,44.5533],[8.2861,44.5531],[8.2783,44.5462],[8.2835,44.5406],[8.2784,44.5381],[8.2809,44.5312],[8.2615,44.5191],[8.2713,44.5068],[8.3042,44.5047],[8.3217,44.488],[8.3492,44.4855],[8.3585,44.4649],[8.3744,44.4745],[8.3925,44.477],[8.3908,44.4877],[8.401,44.4934],[8.4039,44.509],[8.4186,44.5133],[8.4274,44.5025],[8.4405,44.5057],[8.4495,44.4974],[8.4527,44.5096],[8.4707,44.5225],[8.4781,44.5106],[8.5087,44.5082],[8.5348,44.5133],[8.5597,44.5028],[8.576,44.5072],[8.5738,44.5233],[8.5867,44.5242],[8.5877,44.5332],[8.6124,44.5433],[8.5978,44.5565],[8.6045,44.5643],[8.6012,44.5682],[8.6146,44.5683],[8.6172,44.574],[8.6086,44.5761],[8.621,44.5771],[8.6239,44.5864],[8.6416,44.5786],[8.6486,44.5833],[8.6674,44.5824],[8.6814,44.5749],[8.6906,44.5825],[8.7141,44.5814],[8.7314,44.5708],[8.742,44.58],[8.7484,44.5697],[8.7668,44.5712],[8.7517,44.5841],[8.74,44.5802],[8.7337,44.5935],[8.739,44.5964],[8.7525,44.5878],[8.7214,44.6176],[8.7292,44.6468],[8.7347,44.6451],[8.7349,44.6527],[8.7428,44.6545],[8.7302,44.6913],[8.7412,44.6992],[8.7416,44.7112],[8.7182,44.7342],[8.7219,44.7382],[8.7183,44.7458],[8.682,44.7595],[8.6706,44.7661],[8.6677,44.7756],[8.6534,44.7804],[8.6548,44.793],[8.6348,44.7958],[8.6328,44.7843],[8.6276,44.7827],[8.6206,44.7863],[8.621,44.7934],[8.6095,44.7892],[8.6011,44.795],[8.5762,44.7955],[8.5693,44.8043],[8.5551,44.8039],[8.5526,44.8124],[8.5568,44.8157],[8.5464,44.8203],[8.5298,44.8139],[8.5442,44.8258],[8.5473,44.8437],[8.5122,44.8438],[8.4996,44.8377],[8.4575,44.8468],[8.4268,44.8385],[8.4224,44.8451],[8.4235,44.8495],[8.4322,44.8477],[8.4314,44.8586],[8.4431,44.8601],[8.4463,44.8531],[8.4626,44.8609],[8.452,44.8813],[8.461,44.89],[8.4343,44.8881],[8.4366,44.8737],[8.4232,44.8863],[8.4191,44.884],[8.4236,44.879],[8.4139,44.8724],[8.4051,44.8719],[8.3991,44.883],[8.3846,44.8754],[8.3668,44.8963],[8.3588,44.9129],[8.3629,44.9149],[8.3605,44.9227],[8.3658,44.928],[8.3805,44.9242],[8.3828,44.9367],[8.3761,44.9468],[8.3828,44.9502],[8.3925,44.9386],[8.4051,44.9408],[8.4162,44.9287],[8.4319,44.9289],[8.4441,44.9192],[8.4582,44.9185],[8.4696,44.9291],[8.4904,44.9282],[8.5187,44.9365],[8.5187,44.9417],[8.5298,44.9415],[8.5385,44.958],[8.5559,44.9591],[8.5562,44.967],[8.5767,44.9628],[8.5747,44.9665],[8.5973,44.9745],[8.5958,44.9907],[8.6246,44.9839],[8.6352,44.9734],[8.6518,44.9727],[8.6593,44.9609],[8.6601,44.9427],[8.6526,44.9415],[8.6487,44.9341],[8.6556,44.9381],[8.6615,44.9314],[8.675,44.9348],[8.6744,44.9279],[8.7042,44.9372],[8.7047,44.9447],[8.7134,44.9502],[8.7081,44.9662],[8.719,44.9604],[8.7167,44.9703],[8.7224,44.9618],[8.7282,44.9636],[8.7233,44.9744],[8.7399,44.9713],[8.7375,44.9799],[8.7247,44.9827],[8.744,44.9826],[8.7456,44.9914],[8.7542,44.9937],[8.7679,44.9903],[8.7627,45.0017],[8.7833,44.999],[8.7828,45.009],[8.8176,45.0235],[8.7921,45.0198],[8.7777,45.0237],[8.7753,45.0079],[8.7677,45.007],[8.7649,45.0134],[8.7479,45.0091],[8.7541,45.0153],[8.7506,45.0207],[8.7267,45.0218],[8.71,45.0383],[8.7013,45.0326],[8.7035,45.0252],[8.693,45.0198],[8.6751,45.0292],[8.6673,45.0286],[8.666,45.0206],[8.6593,45.0179],[8.6519,45.0234],[8.657,45.0284],[8.6523,45.0349],[8.6347,45.0407],[8.6413,45.044],[8.6385,45.0504],[8.6466,45.0539],[8.6442,45.0618],[8.6277,45.0546],[8.6015,45.0675],[8.601,45.0867],[8.5902,45.0909],[8.5772,45.0856],[8.5615,45.0878],[8.5477,45.0742],[8.5066,45.0843],[8.517,45.104],[8.5051,45.1182],[8.5177,45.1547],[8.5569,45.166],[8.5448,45.1677],[8.5368,45.1756],[8.5165,45.1709],[8.5072,45.1741],[8.4697,45.1619],[8.4481,45.1686],[8.4485,45.1724],[8.4371,45.1663],[8.4332,45.1719],[8.4033,45.1701],[8.4107,45.1625],[8.3568,45.1632],[8.3508,45.1585],[8.3538,45.1535],[8.3313,45.1519],[8.3238,45.1585],[8.3108,45.1507],[8.3153,45.1588],[8.3116,45.1606],[8.3201,45.1577],[8.3211,45.1664],[8.307,45.1695],[8.3071,45.1647],[8.3007,45.1632],[8.2859,45.1784],[8.264,45.1803],[8.2154,45.164],[8.212,45.1722],[8.199,45.1783],[8.1766,45.1598],[8.1721,45.1595],[8.1742,45.1711],[8.1459,45.1664],[8.1392,45.1603],[8.1439,45.1439],[8.1367,45.1397],[8.1362,45.1289],[8.129,45.123],[8.0947,45.131],[8.0921,45.1157],[8.0754,45.0974],[8.0473,45.1082],[8.0469,45.1281],[8.0264,45.133],[8.0154,45.1254],[7.9902,45.13],[7.9686,45.117],[7.9378,45.111],[7.9286,45.104],[7.9422,45.0862],[7.9375,45.081],[7.9237,45.0834],[7.919,45.0746],[7.9082,45.0946],[7.896,45.095],[7.893,45.0599],[7.9236,45.0549],[7.9324,45.0408],[7.9378,45.0421],[7.9361,45.0482],[7.943,45.0571],[7.958,45.042],[7.952,45.0362],[7.9538,45.0297],[7.9214,45.0235],[7.9159,45.0031],[7.9343,45.0005],[7.9327,44.9939],[7.9466,44.9888],[7.9835,44.984],[7.9888,44.9876],[7.9941,44.9781],[7.9614,44.9647],[7.9567,44.9534],[7.9673,44.9331],[7.9612,44.9265],[7.9648,44.9214],[7.9526,44.9249],[7.9448,44.9174],[7.9464,44.9123],[7.9201,44.9154],[7.9263,44.9029],[7.9151,44.892],[7.9186,44.885],[7.9304,44.8789],[7.952,44.88],[7.9535,44.8673],[7.9589,44.865],[7.9537,44.8527],[7.9647,44.8566],[7.9773,44.8504],[7.984,44.8263],[7.9947,44.8182],[8.0256,44.8164],[8.0454,44.7993],[8.0554,44.8111],[8.0788,44.8073],[8.0944,44.8225],[8.1107,44.8097]],[[8.5633,45.0423],[8.5505,45.0477],[8.5595,45.0594],[8.5459,45.061],[8.5486,45.0702],[8.5566,45.0733],[8.5781,45.0671],[8.5777,45.0471],[8.5661,45.0476],[8.5633,45.0423]],[[8.7034,45.0147],[8.7065,45.0214],[8.7061,45.0129],[8.7034,45.0147]]],[[[11.1106,45.9193],[11.1184,45.901],[11.1258,45.9204],[11.1133,45.9292],[11.1039,45.929],[11.1018,45.9453],[11.0949,45.9468],[11.0978,45.9404],[11.0865,45.9327],[11.0912,45.923],[11.1106,45.9193]]],[[[11.1453,45.97],[11.1313,45.9754],[11.1131,45.9732],[11.1076,45.9506],[11.1209,45.9569],[11.148,45.9581],[11.1453,45.97]]]]}},{"type":"Feature","properties":{"id":"lambrusco-mantovano","name":"Lambrusco Mantovano","full_name":"Lambrusco Mantovano","region":"Lombardy","grapes":["Ancellotta","Fortana","Lambrusco Di Sorbara","Lambrusco Grasparossa","Lambrusco Maestri","Lambrusco Marani"],"key_appellations":["Lambrusco Mantovano"],"desc":"Lambrusco Mantovano is a protected wine appellation in Lombardy.","level":"appellation"},"geometry":{"type":"Polygon","coordinates":[[[10.6621,44.9671],[10.6867,44.9866],[10.696,44.9745],[10.6881,44.9656],[10.6956,44.9621],[10.7108,44.9731],[10.7137,44.9865],[10.7306,44.9919],[10.7294,44.9867],[10.7387,44.9857],[10.7482,44.9627],[10.7438,44.9491],[10.7951,44.9394],[10.801,44.9425],[10.8071,44.9345],[10.8347,44.9359],[10.8482,44.9254],[10.8654,44.9296],[10.865,44.9236],[10.8767,44.917],[10.898,44.9218],[10.8888,44.9165],[10.8903,44.9124],[10.9167,44.9244],[10.9414,44.9219],[10.9514,44.9279],[10.9506,44.9333],[10.9672,44.9348],[10.9975,44.9551],[11.0596,44.9489],[11.0735,44.963],[11.1181,44.9545],[11.1525,44.9333],[11.1607,44.9396],[11.1999,44.9381],[11.2387,44.9451],[11.2469,44.9517],[11.2723,44.9383],[11.2844,44.9566],[11.301,44.9573],[11.3016,44.9624],[11.3125,44.9582],[11.3277,44.9622],[11.3572,44.9501],[11.3776,44.9584],[11.3992,44.9548],[11.4019,44.9479],[11.4268,44.9501],[11.4277,44.9552],[11.4148,44.9673],[11.3335,44.9914],[11.3088,45.0124],[11.2755,45.0173],[11.2631,45.0329],[11.2706,45.0464],[11.2643,45.0568],[11.2431,45.0431],[11.207,45.0584],[11.1609,45.0448],[11.1422,45.0493],[11.1242,45.0684],[11.107,45.0534],[11.0831,45.0596],[11.0779,45.0473],[11.0557,45.0441],[11.0031,45.0656],[10.9824,45.0694],[10.9521,45.0659],[10.9172,45.0788],[10.9082,45.0749],[10.9068,45.06],[10.9122,45.0503],[10.907,45.0461],[10.8737,45.0607],[10.8351,45.0426],[10.8063,45.0413],[10.7374,45.0433],[10.6956,45.0551],[10.6716,45.0505],[10.667,45.0437],[10.6473,45.0383],[10.639,45.0434],[10.634,45.0368],[10.6236,45.0353],[10.6128,45.0422],[10.6063,45.0345],[10.5976,45.0451],[10.6001,45.0526],[10.5835,45.0723],[10.5851,45.0959],[10.5555,45.1161],[10.5481,45.1114],[10.5167,45.1194],[10.5173,45.1101],[10.5051,45.0979],[10.5088,45.0954],[10.4999,45.0937],[10.5008,45.0881],[10.4921,45.083],[10.4984,45.0749],[10.5331,45.0745],[10.5396,45.0551],[10.5312,45.0514],[10.5343,45.0453],[10.52,45.0408],[10.5112,45.0183],[10.5014,45.0216],[10.4644,45.0147],[10.4578,45.0052],[10.4557,44.9823],[10.5112,44.9834],[10.5553,45.0069],[10.567,44.9998],[10.5969,45.004],[10.5313,44.9809],[10.5229,44.9703],[10.5078,44.9724],[10.4955,44.9477],[10.4736,44.9468],[10.464,44.9372],[10.5199,44.9127],[10.5686,44.9083],[10.6279,44.9242],[10.6621,44.9671]]]}},{"type":"Feature","properties":{"id":"boca","name":"Boca","full_name":"Boca","region":"Piedmont","grapes":["Nebbiolo","Uva Rara","Vespolina"],"key_appellations":["Boca"],"desc":"Boca is a protected wine appellation in Piedmont.","level":"appellation"},"geometry":{"type":"Polygon","coordinates":[[[8.388,45.6488],[8.4183,45.6486],[8.4335,45.653],[8.4308,45.6591],[8.4432,45.6631],[8.4344,45.6746],[8.4467,45.6806],[8.446,45.6847],[8.4323,45.6915],[8.4307,45.6989],[8.4092,45.7174],[8.387,45.7204],[8.3807,45.71],[8.392,45.7035],[8.3857,45.6965],[8.3741,45.6985],[8.3669,45.7074],[8.3114,45.6991],[8.3463,45.6553],[8.3775,45.6387],[8.388,45.6488]]]}},{"type":"Feature","properties":{"id":"bramaterra","name":"Bramaterra","full_name":"Bramaterra","region":"Piedmont","grapes":["Croatina","Nebbiolo","Uva Rara","Vespolina"],"key_appellations":["Bramaterra"],"desc":"Bramaterra is a protected wine appellation in Piedmont.","level":"appellation"},"geometry":{"type":"Polygon","coordinates":[[[8.2676,45.5169],[8.2919,45.5177],[8.279,45.5235],[8.2774,45.5322],[8.2926,45.5416],[8.3006,45.5641],[8.31,45.5662],[8.3071,45.5742],[8.3248,45.5791],[8.3192,45.6084],[8.3339,45.607],[8.3298,45.6123],[8.3375,45.6376],[8.324,45.6489],[8.3166,45.6458],[8.3096,45.6555],[8.2984,45.6553],[8.293,45.6659],[8.2796,45.6693],[8.27,45.6819],[8.2699,45.6724],[8.2247,45.6679],[8.2212,45.6599],[8.2104,45.6572],[8.2164,45.6528],[8.211,45.6196],[8.2154,45.6124],[8.2005,45.6084],[8.198,45.6015],[8.2299,45.5682],[8.2252,45.5659],[8.2394,45.5481],[8.2313,45.537],[8.2477,45.5432],[8.2637,45.5309],[8.2676,45.5169]]]}},{"type":"Feature","properties":{"id":"canavese","name":"Canavese","full_name":"Canavese","region":"Piedmont","grapes":["Albarossa","Ancellotta","Avarengo","Barbera","Becuet","Bonarda"],"key_appellations":["Canavese"],"desc":"Canavese is a protected wine appellation in Piedmont.","level":"appellation"},"geometry":{"type":"MultiPolygon","coordinates":[[[[7.5378,45.237],[7.5234,45.2532],[7.5433,45.2666],[7.5422,45.2751],[7.5515,45.2817],[7.5269,45.2927],[7.5393,45.2918],[7.5516,45.2823],[7.5663,45.2862],[7.5616,45.2889],[7.5635,45.3018],[7.5522,45.3125],[7.5577,45.326],[7.5416,45.339],[7.6062,45.3127],[7.6071,45.3066],[7.585,45.2947],[7.5887,45.2859],[7.5855,45.2623],[7.5785,45.2514],[7.626,45.2283],[7.6535,45.2417],[7.6562,45.2558],[7.6976,45.2623],[7.7016,45.2708],[7.7406,45.25],[7.7525,45.2521],[7.7494,45.2564],[7.7563,45.2575],[7.7531,45.2702],[7.7451,45.2697],[7.7366,45.28],[7.7437,45.2915],[7.7641,45.2861],[7.7715,45.2753],[7.784,45.2795],[7.7906,45.2721],[7.8187,45.277],[7.8206,45.2955],[7.8391,45.2956],[7.8382,45.2867],[7.8471,45.271],[7.8407,45.2528],[7.8668,45.2616],[7.8847,45.2447],[7.9169,45.2457],[7.9174,45.2514],[7.9259,45.2475],[7.9397,45.2537],[7.9393,45.25],[7.9593,45.2625],[7.9824,45.258],[7.979,45.2619],[7.9899,45.265],[7.9918,45.2906],[8.0026,45.2948],[7.9977,45.3103],[8.0026,45.3155],[8.0147,45.3201],[8.047,45.3134],[8.0405,45.3061],[8.0516,45.3003],[8.0676,45.314],[8.0226,45.3275],[8.019,45.3434],[8.0243,45.3631],[8.0122,45.367],[8.0081,45.3793],[8.0105,45.4056],[8.0417,45.397],[8.0308,45.3897],[8.0388,45.3871],[8.045,45.3726],[8.0663,45.3548],[8.1194,45.345],[8.1275,45.3606],[8.1353,45.3624],[8.1228,45.3761],[8.1303,45.3887],[8.1503,45.4099],[8.1687,45.4111],[8.1706,45.4195],[8.1614,45.4242],[8.1663,45.4348],[8.1861,45.4509],[8.2033,45.4463],[8.2205,45.4563],[8.1935,45.4581],[8.172,45.4668],[8.1698,45.4732],[8.1498,45.4727],[8.1357,45.4842],[8.1117,45.481],[8.101,45.4597],[8.0707,45.446],[8.041,45.455],[8.0388,45.4602],[8.0236,45.4529],[8.0085,45.4568],[7.9687,45.4746],[7.9663,45.482],[7.918,45.5096],[7.9234,45.5215],[7.8815,45.5343],[7.9022,45.5589],[7.8906,45.597],[7.8606,45.597],[7.8495,45.6023],[7.8142,45.5927],[7.7295,45.5505],[7.7329,45.5436],[7.7738,45.5361],[7.7805,45.5294],[7.8064,45.531],[7.8172,45.5244],[7.8187,45.5057],[7.8022,45.4744],[7.7951,45.478],[7.7749,45.4718],[7.7697,45.4633],[7.76,45.4642],[7.7518,45.4529],[7.7603,45.4551],[7.7596,45.4421],[7.7393,45.4335],[7.717,45.4509],[7.7209,45.4551],[7.7146,45.4608],[7.722,45.464],[7.7009,45.4802],[7.7136,45.4841],[7.7055,45.499],[7.6378,45.5022],[7.6498,45.4772],[7.6372,45.4623],[7.6419,45.4585],[7.6384,45.4514],[7.6438,45.4384],[7.6397,45.435],[7.601,45.4296],[7.5952,45.4395],[7.5991,45.4432],[7.5895,45.4477],[7.5896,45.4632],[7.5778,45.4644],[7.5811,45.4582],[7.5678,45.4515],[7.5577,45.4545],[7.5571,45.4609],[7.5415,45.4594],[7.554,45.449],[7.5546,45.4357],[7.5617,45.4313],[7.5602,45.4184],[7.5536,45.4141],[7.5603,45.4096],[7.5674,45.4173],[7.5899,45.4165],[7.5978,45.409],[7.581,45.395],[7.6101,45.3762],[7.6202,45.3762],[7.6026,45.3665],[7.5841,45.3653],[7.5422,45.3833],[7.5305,45.3718],[7.4909,45.3714],[7.4648,45.3578],[7.4379,45.3675],[7.4391,45.3532],[7.4465,45.3449],[7.434,45.327],[7.4597,45.2903],[7.4469,45.2885],[7.4551,45.2776],[7.4493,45.2708],[7.4392,45.2699],[7.4408,45.263],[7.4312,45.2459],[7.4209,45.2463],[7.4336,45.2374],[7.4666,45.2295],[7.4677,45.2356],[7.481,45.2423],[7.513,45.2261],[7.5203,45.2288],[7.5175,45.2399],[7.534,45.2302],[7.5378,45.237]],[[7.9904,45.297],[7.989,45.3029],[7.9974,45.3047],[8.0013,45.2987],[7.9974,45.3027],[7.9904,45.297]],[[8.0207,45.4496],[8.0265,45.45],[8.0311,45.4469],[8.0266,45.4475],[8.0207,45.4496]]],[[[7.7383,45.454],[7.7427,45.4512],[7.7444,45.4519],[7.7425,45.4558],[7.7383,45.454]]]]}},{"type":"Feature","properties":{"id":"carema","name":"Carema","full_name":"Carema","region":"Italy","grapes":["Albarossa","Ancellotta","Avanà","Avarengo","Barbera","Becuet"],"key_appellations":["Carema"],"desc":"Carema is a protected wine appellation in Italy.","level":"appellation"},"geometry":{"type":"Polygon","coordinates":[[[7.8647,45.5973],[7.8489,45.6023],[7.7947,45.5856],[7.8087,45.5778],[7.8123,45.565],[7.8521,45.5815],[7.8624,45.5885],[7.8647,45.5973]]]}},{"type":"Feature","properties":{"id":"cisterna-d-asti","name":"Cisterna d'Asti","full_name":"Cisterna d'Asti","region":"Piedmont","grapes":["Albarossa","Ancellotta","Avarengo","Barbera","Becuet","Bonarda"],"key_appellations":["Cisterna d'Asti"],"desc":"Cisterna d'Asti is a protected wine appellation in Piedmont.","level":"appellation"},"geometry":{"type":"Polygon","coordinates":[[[8.0197,44.7507],[8.0261,44.7621],[8.0547,44.7659],[8.0553,44.7734],[8.0417,44.7876],[8.0475,44.8047],[8.0554,44.8111],[8.0788,44.7999],[8.0829,44.7888],[8.0794,44.7863],[8.0929,44.7682],[8.1042,44.764],[8.1045,44.7739],[8.1132,44.7699],[8.1255,44.776],[8.127,44.7819],[8.1375,44.7826],[8.128,44.7924],[8.1289,44.8068],[8.1416,44.8294],[8.1804,44.8395],[8.1597,44.8459],[8.1606,44.8495],[8.1367,44.8533],[8.1125,44.8518],[8.1019,44.842],[8.0871,44.8667],[8.0787,44.8665],[8.0698,44.8767],[8.043,44.8819],[8.043,44.8885],[8.0578,44.8982],[8.0475,44.9082],[8.0041,44.9124],[7.9983,44.9103],[7.9974,44.8987],[7.9844,44.8949],[7.9798,44.8756],[7.9546,44.8477],[7.9107,44.8314],[7.9024,44.8217],[7.8899,44.8238],[7.8758,44.8364],[7.8562,44.8177],[7.8558,44.805],[7.8626,44.7974],[7.8501,44.7888],[7.8839,44.7902],[7.9082,44.7844],[7.9464,44.7625],[7.9576,44.7635],[7.9617,44.7577],[7.9573,44.7545],[7.9635,44.7482],[8.0004,44.744],[8.0197,44.7507]]]}},{"type":"Feature","properties":{"id":"colli-tortonesi","name":"Colli Tortonesi","full_name":"Colli Tortonesi","region":"Piedmont","grapes":["Albarossa","Aléatico","Ancellotta","Arneis","Avarengo","Baratuciat"],"key_appellations":["Colli Tortonesi"],"desc":"Colli Tortonesi is a protected wine appellation in Piedmont.","level":"appellation"},"geometry":{"type":"Polygon","coordinates":[[[8.9218,44.6723],[8.9584,44.6762],[8.9731,44.6626],[9.0132,44.6668],[9.0333,44.6474],[9.0309,44.6429],[9.0388,44.6409],[9.0453,44.6275],[9.0439,44.6144],[9.077,44.6259],[9.0859,44.6143],[9.1036,44.6096],[9.1024,44.5928],[9.1107,44.582],[9.1526,44.5742],[9.205,44.5985],[9.1979,44.6501],[9.2065,44.6602],[9.1992,44.6841],[9.2085,44.7029],[9.2029,44.722],[9.2111,44.732],[9.2136,44.7523],[9.1924,44.757],[9.1717,44.7717],[9.1746,44.7971],[9.1551,44.8094],[9.161,44.8147],[9.1309,44.8057],[9.122,44.8099],[9.109,44.8054],[9.0952,44.819],[9.0727,44.8171],[9.0729,44.828],[9.0641,44.8302],[9.049,44.8498],[9.0701,44.8647],[9.0627,44.8703],[9.0559,44.8888],[9.0422,44.8845],[9.0062,44.9037],[8.9997,44.9093],[9.0022,44.9174],[8.9886,44.9251],[8.9916,44.9307],[8.9826,44.9313],[8.9763,44.9407],[8.9614,44.9399],[8.9464,44.9249],[8.8733,44.9442],[8.8465,44.9306],[8.8328,44.9568],[8.8255,44.9502],[8.8275,44.9455],[8.8206,44.9445],[8.8243,44.94],[8.8208,44.9331],[8.7921,44.9333],[8.795,44.9271],[8.7875,44.9135],[8.7835,44.8783],[8.7887,44.8472],[8.774,44.8403],[8.776,44.8362],[8.8231,44.8325],[8.8203,44.8115],[8.8425,44.8224],[8.8533,44.7971],[8.847,44.7968],[8.8512,44.7877],[8.8473,44.7626],[8.8569,44.7502],[8.8533,44.746],[8.8622,44.7431],[8.8567,44.7328],[8.8623,44.7231],[8.8858,44.7161],[8.8546,44.6958],[8.8637,44.6826],[8.8892,44.6664],[8.8759,44.6599],[8.8748,44.6664],[8.8679,44.668],[8.863,44.6632],[8.8684,44.6614],[8.8516,44.6541],[8.8509,44.6415],[8.8743,44.6351],[8.9083,44.6468],[8.9228,44.6641],[8.9218,44.6723]]]}},{"type":"Feature","properties":{"id":"collina-torinese","name":"Collina Torinese","full_name":"Collina Torinese","region":"Piedmont","grapes":["Albarossa","Ancellotta","Avarengo","Barbera","Becuet","Bonarda"],"key_appellations":["Collina Torinese"],"desc":"Collina Torinese is a protected wine appellation in Piedmont.","level":"appellation"},"geometry":{"type":"Polygon","coordinates":[[[7.8604,44.9473],[7.8798,44.945],[7.8834,44.9362],[7.9003,44.9407],[7.9022,44.9658],[7.9285,44.9831],[7.9336,44.9967],[7.9343,45.0005],[7.9159,45.0031],[7.9209,45.0229],[7.9538,45.0297],[7.952,45.0362],[7.958,45.042],[7.943,45.0571],[7.9361,45.0482],[7.9378,45.0421],[7.9324,45.0408],[7.9236,45.0549],[7.893,45.0599],[7.896,45.095],[7.9082,45.0946],[7.919,45.0746],[7.9237,45.0834],[7.9375,45.081],[7.9422,45.0862],[7.9286,45.104],[7.9378,45.111],[7.9686,45.117],[7.9902,45.13],[8.0154,45.1254],[8.0264,45.133],[8.0469,45.1281],[8.0473,45.1082],[8.0754,45.0974],[8.0921,45.1157],[8.0947,45.131],[8.129,45.123],[8.1362,45.1289],[8.1367,45.1397],[8.1439,45.1439],[8.1392,45.1603],[8.1519,45.1686],[8.1448,45.1691],[8.1377,45.1785],[8.1349,45.175],[8.0949,45.1874],[7.9766,45.1792],[7.9778,45.1732],[7.973,45.1713],[7.9399,45.181],[7.9275,45.1724],[7.8949,45.1785],[7.8557,45.1737],[7.8306,45.1576],[7.826,45.1594],[7.8321,45.1525],[7.8211,45.1459],[7.8056,45.1383],[7.7976,45.1413],[7.7829,45.1265],[7.7726,45.1236],[7.7951,45.1172],[7.7839,45.1003],[7.787,45.0922],[7.7799,45.0943],[7.7791,45.0875],[7.7674,45.0802],[7.7733,45.0778],[7.7326,45.0377],[7.7076,45.0239],[7.6871,45.0245],[7.6778,45.0162],[7.6589,45.0163],[7.6554,45.008],[7.6618,45.0079],[7.6613,44.9884],[7.6481,44.9701],[7.6576,44.9639],[7.6913,44.9787],[7.7016,44.9596],[7.6942,44.9502],[7.6808,44.9474],[7.6967,44.9428],[7.6921,44.9374],[7.7008,44.9354],[7.7018,44.9282],[7.7133,44.9322],[7.7133,44.9365],[7.7373,44.9394],[7.7217,44.9425],[7.7246,44.9511],[7.72,44.9625],[7.7312,44.9743],[7.7388,45.0004],[7.7479,45.001],[7.7533,44.9926],[7.7594,44.997],[7.7678,44.9889],[7.7713,45.0111],[7.7965,44.9851],[7.7906,44.966],[7.802,44.9659],[7.8133,44.9515],[7.8321,44.9601],[7.8604,44.9473]]]}},{"type":"Feature","properties":{"id":"cannonau-di-sardegna","name":"Cannonau di Sardegna","full_name":"Cannonau di Sardegna","region":"Sardinia","grapes":["Aglianico","Albaranzeuli Nero","Alicante Bouschet","Alicante","Ancellotta","Barbera"],"key_appellations":["Cannonau di Sardegna"],"desc":"Cannonau di Sardegna is a protected wine appellation in Sardinia.","level":"appellation"},"geometry":{"type":"Polygon","coordinates":[[[9.2112,39.9037],[9.213,39.9147],[9.2285,39.9048],[9.2445,39.9178],[9.2558,39.9192],[9.26,39.9138],[9.282,39.9173],[9.2738,39.904],[9.2831,39.8764],[9.2729,39.8508],[9.2922,39.8293],[9.2924,39.8135],[9.2855,39.8037],[9.298,39.808],[9.3107,39.796],[9.3443,39.7857],[9.3543,39.7757],[9.3598,39.7541],[9.3973,39.7365],[9.3855,39.7246],[9.3857,39.7112],[9.349,39.7023],[9.3534,39.6882],[9.3826,39.6955],[9.4018,39.6862],[9.397,39.6522],[9.4194,39.6269],[9.4167,39.6172],[9.4341,39.6264],[9.4384,39.6416],[9.457,39.6417],[9.4705,39.6348],[9.4863,39.6169],[9.5031,39.6203],[9.5083,39.6281],[9.5067,39.6172],[9.5142,39.6108],[9.5102,39.6097],[9.5128,39.6058],[9.5261,39.6027],[9.5236,39.5887],[9.5465,39.5841],[9.5451,39.5798],[9.5544,39.5736],[9.6037,39.571],[9.6511,39.5493],[9.6576,39.6006],[9.6473,39.6518],[9.652,39.6647],[9.6604,39.6679],[9.6644,39.6827],[9.66,39.6972],[9.67,39.7007],[9.677,39.711],[9.6766,39.7444],[9.6684,39.7676],[9.6708,39.7929],[9.6848,39.8412],[9.6966,39.8531],[9.6833,39.8682],[9.6823,39.9021],[9.6936,39.9192],[9.7044,39.9184],[9.7059,39.9246],[9.7137,39.9212],[9.7162,39.9305],[9.703,39.9446],[9.7074,39.9388],[9.6998,39.9359],[9.7027,39.9407],[9.6941,39.9394],[9.6882,39.9462],[9.6869,39.9844],[9.6998,40.0003],[9.7055,40.0335],[9.722,40.0492],[9.7275,40.0702],[9.7354,40.0784],[9.7291,40.0908],[9.6895,40.1082],[9.6541,40.1434],[9.6455,40.1705],[9.6289,40.1915],[9.6235,40.2506],[9.6366,40.2831],[9.6657,40.3198],[9.6767,40.3248],[9.6826,40.3374],[9.7231,40.3707],[9.7416,40.3812],[9.7547,40.3816],[9.7667,40.3921],[9.7733,40.4073],[9.7728,40.426],[9.7858,40.441],[9.7961,40.4415],[9.7938,40.447],[9.8275,40.5125],[9.8288,40.5285],[9.7947,40.5457],[9.7905,40.5715],[9.7538,40.5972],[9.7508,40.6055],[9.7547,40.6104],[9.7505,40.6124],[9.7566,40.6099],[9.7417,40.6339],[9.7499,40.6567],[9.7365,40.6623],[9.737,40.6718],[9.6918,40.6791],[9.6809,40.6666],[9.6836,40.6581],[9.6514,40.6922],[9.6241,40.6991],[9.6032,40.6969],[9.5831,40.706],[9.5624,40.6791],[9.512,40.6489],[9.5068,40.6535],[9.4875,40.6449],[9.4663,40.6558],[9.4577,40.6522],[9.4376,40.6595],[9.4206,40.6585],[9.4175,40.6353],[9.4045,40.6244],[9.3957,40.6239],[9.395,40.6183],[9.3786,40.6163],[9.3936,40.5921],[9.3762,40.5826],[9.3722,40.5714],[9.3582,40.5688],[9.3271,40.5488],[9.314,40.5487],[9.3129,40.5432],[9.2865,40.5259],[9.2379,40.5397],[9.1887,40.5365],[9.1904,40.5159],[9.1822,40.5087],[9.2275,40.5015],[9.2464,40.5045],[9.2548,40.5122],[9.2788,40.5108],[9.2772,40.4983],[9.2845,40.4765],[9.2767,40.4698],[9.2512,40.4664],[9.2509,40.4587],[9.2273,40.428],[9.2255,40.4106],[9.2048,40.4038],[9.1877,40.3897],[9.1832,40.3712],[9.1695,40.3723],[9.1165,40.3587],[9.114,40.3528],[9.0616,40.3367],[9.0417,40.3262],[9.0434,40.3138],[9.028,40.2966],[8.9866,40.3273],[8.9812,40.339],[8.9485,40.3685],[8.9009,40.3884],[8.898,40.4057],[8.864,40.3898],[8.8553,40.3931],[8.8536,40.4084],[8.8421,40.4069],[8.8268,40.4133],[8.8144,40.4082],[8.8174,40.3753],[8.8133,40.3652],[8.7876,40.3576],[8.7827,40.3498],[8.7373,40.3533],[8.7267,40.342],[8.715,40.3437],[8.7069,40.3326],[8.6913,40.3307],[8.6768,40.3127],[8.6588,40.3104],[8.644,40.297],[8.6357,40.3117],[8.6216,40.3145],[8.6203,40.319],[8.6125,40.3136],[8.6112,40.3075],[8.6185,40.3042],[8.614,40.2911],[8.6247,40.2814],[8.6167,40.2729],[8.6334,40.2607],[8.6677,40.2496],[8.6727,40.2044],[8.682,40.2031],[8.69,40.2104],[8.7097,40.2142],[8.7182,40.2054],[8.7432,40.2008],[8.7413,40.1806],[8.7647,40.1971],[8.7811,40.1898],[8.7962,40.1918],[8.8494,40.21],[8.9103,40.2081],[8.9825,40.2183],[8.9917,40.2142],[8.9906,40.2091],[9.0173,40.1937],[8.998,40.1803],[9.0126,40.1706],[9.019,40.1551],[9.0177,40.1442],[9.0024,40.1344],[9.0169,40.1263],[9.0354,40.0955],[9.0366,40.0637],[9.0484,40.0588],[9.0413,40.0583],[9.0266,40.0377],[9.0058,40.0547],[8.9882,40.0572],[8.9665,40.0463],[8.9655,40.0379],[8.9453,40.0203],[8.9458,40.0071],[8.9565,39.9929],[8.9916,39.9867],[9.0067,39.9922],[9.0177,39.9819],[8.9936,39.958],[8.997,39.9493],[8.9889,39.9434],[8.9954,39.936],[8.9834,39.9174],[9.0391,39.9121],[9.0492,39.9011],[9.0933,39.8824],[9.1056,39.8678],[9.1097,39.8833],[9.1268,39.8912],[9.1601,39.8559],[9.1729,39.852],[9.1656,39.8326],[9.1913,39.8257],[9.2002,39.8263],[9.2001,39.8341],[9.1976,39.8464],[9.1853,39.8497],[9.1875,39.8683],[9.1951,39.8665],[9.1878,39.8912],[9.1991,39.8979],[9.1991,39.9051],[9.2112,39.9037]]]}},{"type":"Feature","properties":{"id":"colline-novaresi","name":"Colline Novaresi","full_name":"Colline Novaresi","region":"Piedmont","grapes":["Albarossa","Ancellotta","Avarengo","Barbera","Becuet","Bonarda"],"key_appellations":["Colline Novaresi"],"desc":"Colline Novaresi is a protected wine appellation in Piedmont.","level":"appellation"},"geometry":{"type":"Polygon","coordinates":[[[8.4486,45.5364],[8.4667,45.5221],[8.4858,45.5281],[8.4949,45.5206],[8.5029,45.5258],[8.5109,45.5142],[8.5247,45.5147],[8.5346,45.4996],[8.5349,45.5084],[8.5619,45.5089],[8.5529,45.5169],[8.5551,45.5234],[8.544,45.5265],[8.5412,45.5471],[8.5334,45.5472],[8.5264,45.5637],[8.5395,45.5917],[8.5542,45.5889],[8.5861,45.5995],[8.5853,45.5817],[8.5966,45.5825],[8.5978,45.5702],[8.6098,45.579],[8.6208,45.5746],[8.623,45.5804],[8.624,45.577],[8.6335,45.581],[8.6925,45.5747],[8.7048,45.5942],[8.6822,45.6203],[8.6631,45.622],[8.666,45.6303],[8.6617,45.6345],[8.6106,45.6369],[8.6069,45.6424],[8.5901,45.6402],[8.586,45.6572],[8.5943,45.6735],[8.5875,45.6757],[8.5882,45.6826],[8.5784,45.6849],[8.5652,45.7069],[8.544,45.7099],[8.543,45.7212],[8.5491,45.725],[8.5455,45.728],[8.5297,45.7309],[8.5239,45.7263],[8.5152,45.7334],[8.4916,45.7253],[8.4787,45.7375],[8.4685,45.7278],[8.4711,45.7231],[8.4649,45.7197],[8.4576,45.7235],[8.4521,45.7146],[8.4445,45.7279],[8.4228,45.7195],[8.387,45.7204],[8.3807,45.71],[8.392,45.7035],[8.3857,45.6965],[8.3741,45.6985],[8.3669,45.7074],[8.347,45.7019],[8.3388,45.7061],[8.3299,45.7011],[8.3152,45.7026],[8.3109,45.6964],[8.3327,45.6777],[8.3373,45.6639],[8.3552,45.6511],[8.3468,45.6453],[8.3545,45.6378],[8.3714,45.6358],[8.3901,45.6188],[8.3913,45.5764],[8.3989,45.5608],[8.4102,45.5678],[8.4236,45.5647],[8.4323,45.5591],[8.4356,45.5481],[8.4485,45.5433],[8.4486,45.5364]]]}},{"type":"Feature","properties":{"id":"botticino","name":"Botticino","full_name":"Botticino","region":"Lombardy","grapes":["Ancellotta","Barbera","Bonarda","Cabernet Franc","Cabernet Sauvignon","Corvina"],"key_appellations":["Botticino"],"desc":"Botticino is a protected wine appellation in Lombardy.","level":"appellation"},"geometry":{"type":"Polygon","coordinates":[[[10.3027,45.478],[10.3404,45.504],[10.3488,45.5054],[10.3416,45.5124],[10.3454,45.5141],[10.3432,45.5391],[10.332,45.5794],[10.3043,45.5707],[10.2914,45.5568],[10.2583,45.5705],[10.2611,45.5762],[10.2513,45.5834],[10.2424,45.5822],[10.2287,45.5901],[10.2135,45.5701],[10.2068,45.5744],[10.184,45.5723],[10.1474,45.5408],[10.163,45.536],[10.1825,45.5452],[10.1642,45.525],[10.1552,45.5224],[10.1536,45.5013],[10.1739,45.4962],[10.1762,45.4913],[10.1958,45.4922],[10.1941,45.4834],[10.2061,45.4854],[10.2192,45.5043],[10.2356,45.4988],[10.2423,45.5015],[10.2555,45.4815],[10.2716,45.4937],[10.3027,45.478]]]}},{"type":"Feature","properties":{"id":"colline-saluzzesi","name":"Colline Saluzzesi","full_name":"Colline Saluzzesi","region":"Piedmont","grapes":["Albarossa","Ancellotta","Avarengo","Barbera","Becuet","Bonarda"],"key_appellations":["Colline Saluzzesi"],"desc":"Colline Saluzzesi is a protected wine appellation in Piedmont.","level":"appellation"},"geometry":{"type":"Polygon","coordinates":[[[7.4094,44.4423],[7.4428,44.4624],[7.5,44.464],[7.5107,44.471],[7.503,44.4785],[7.5156,44.4848],[7.5144,44.5016],[7.5292,44.5075],[7.5278,44.5278],[7.514,44.5324],[7.5106,44.5513],[7.5142,44.5625],[7.523,44.5657],[7.5305,44.5859],[7.5599,44.5937],[7.5541,44.6175],[7.534,44.6143],[7.5292,44.6207],[7.537,44.6486],[7.5486,44.6525],[7.5182,44.7179],[7.5166,44.7459],[7.5031,44.7508],[7.5011,44.7583],[7.4973,44.7571],[7.4991,44.7326],[7.4857,44.723],[7.4889,44.7196],[7.4706,44.7171],[7.4642,44.708],[7.4625,44.7147],[7.4475,44.7231],[7.4494,44.7359],[7.445,44.7371],[7.4243,44.7215],[7.3943,44.7165],[7.3848,44.7097],[7.3612,44.7106],[7.3393,44.7042],[7.3382,44.6726],[7.3641,44.6655],[7.3738,44.6524],[7.3583,44.6438],[7.3599,44.6372],[7.3501,44.6236],[7.3253,44.6021],[7.3538,44.5964],[7.3691,44.601],[7.3966,44.585],[7.4271,44.584],[7.4213,44.5624],[7.451,44.5524],[7.4516,44.5339],[7.4442,44.5243],[7.4225,44.5167],[7.4088,44.5196],[7.3985,44.5119],[7.3566,44.5174],[7.3652,44.5356],[7.3593,44.5449],[7.3389,44.5545],[7.3424,44.546],[7.3354,44.5473],[7.3399,44.544],[7.3283,44.5314],[7.3232,44.5153],[7.3322,44.5094],[7.3572,44.508],[7.3619,44.4948],[7.3395,44.4622],[7.3183,44.4654],[7.2976,44.4759],[7.2882,44.4672],[7.2677,44.4732],[7.2293,44.4687],[7.2343,44.4362],[7.2483,44.4336],[7.2746,44.4452],[7.286,44.4305],[7.3074,44.4245],[7.3221,44.4358],[7.3358,44.4362],[7.3454,44.4434],[7.3595,44.4395],[7.3784,44.4475],[7.3851,44.4421],[7.3902,44.4468],[7.4094,44.4423]]]}},{"type":"Feature","properties":{"id":"cellatica","name":"Cellatica","full_name":"Cellatica","region":"Lombardy","grapes":["Ancellotta","Barbera","Bonarda","Cabernet Franc","Cabernet Sauvignon","Corvina"],"key_appellations":["Cellatica"],"desc":"Cellatica is a protected wine appellation in Lombardy.","level":"appellation"},"geometry":{"type":"Polygon","coordinates":[[[10.1987,45.5905],[10.1765,45.5952],[10.1741,45.6244],[10.165,45.631],[10.1533,45.6251],[10.1538,45.6337],[10.1464,45.6312],[10.1444,45.6189],[10.1349,45.6119],[10.0867,45.6118],[10.0879,45.5943],[10.1038,45.5841],[10.0941,45.5735],[10.1075,45.569],[10.122,45.5732],[10.1308,45.5657],[10.1272,45.5582],[10.1434,45.5541],[10.1402,45.5499],[10.1532,45.5486],[10.1698,45.5569],[10.184,45.5723],[10.2068,45.5744],[10.2135,45.5701],[10.222,45.5927],[10.2075,45.6009],[10.1987,45.5905]]]}},{"type":"Feature","properties":{"id":"cortese-dell-alto-monferrato","name":"Cortese dell'Alto Monferrato","full_name":"Cortese dell'Alto Monferrato","region":"Piedmont","grapes":["Arneis","Baratuciat","Barbera Bianca","Bussanello","Cortese","Erbaluce"],"key_appellations":["Cortese dell'Alto Monferrato"],"desc":"Cortese dell'Alto Monferrato is a protected wine appellation in Piedmont.","level":"appellation"},"geometry":{"type":"Polygon","coordinates":[[[8.3072,44.5004],[8.3217,44.488],[8.3492,44.4855],[8.3596,44.465],[8.3744,44.4745],[8.3925,44.477],[8.3908,44.4877],[8.401,44.4934],[8.4039,44.509],[8.4186,44.5133],[8.4274,44.5025],[8.4405,44.5057],[8.4495,44.4974],[8.4527,44.5096],[8.4707,44.5225],[8.4781,44.5106],[8.5087,44.5082],[8.5348,44.5133],[8.5597,44.5028],[8.576,44.5072],[8.5738,44.5233],[8.5867,44.5242],[8.5877,44.5332],[8.6124,44.5433],[8.5978,44.5565],[8.6045,44.5643],[8.6012,44.5682],[8.6146,44.5683],[8.6172,44.574],[8.6086,44.5761],[8.621,44.5771],[8.6239,44.5864],[8.6416,44.5786],[8.6486,44.5833],[8.6674,44.5824],[8.6814,44.5749],[8.6906,44.5825],[8.7141,44.5814],[8.7314,44.5708],[8.742,44.58],[8.7484,44.5697],[8.7668,44.5712],[8.7566,44.5839],[8.7658,44.5844],[8.7664,44.6],[8.7812,44.6268],[8.7733,44.6325],[8.7666,44.6493],[8.7384,44.6584],[8.7306,44.6926],[8.7412,44.6992],[8.7416,44.7112],[8.7524,44.702],[8.7621,44.7082],[8.7436,44.722],[8.7535,44.7325],[8.7466,44.7354],[8.7539,44.7416],[8.7781,44.7345],[8.8004,44.7175],[8.8242,44.7237],[8.8214,44.7299],[8.8288,44.7317],[8.8409,44.756],[8.8499,44.7582],[8.8454,44.7716],[8.8497,44.7955],[8.8321,44.8029],[8.8172,44.8008],[8.8131,44.7871],[8.78,44.7806],[8.7649,44.7865],[8.7557,44.8019],[8.7347,44.8081],[8.7264,44.8037],[8.7186,44.7809],[8.6806,44.7757],[8.6799,44.7695],[8.6714,44.7657],[8.6677,44.7756],[8.6524,44.7818],[8.6548,44.793],[8.6348,44.7958],[8.6328,44.7843],[8.6276,44.7827],[8.6206,44.7863],[8.621,44.7934],[8.6131,44.7939],[8.6118,44.7889],[8.6011,44.795],[8.5762,44.7955],[8.5702,44.8039],[8.5551,44.8039],[8.5526,44.8124],[8.5568,44.8157],[8.5464,44.8203],[8.4949,44.7993],[8.4794,44.8072],[8.4588,44.802],[8.4532,44.81],[8.4206,44.8197],[8.4283,44.8382],[8.4234,44.8496],[8.4034,44.842],[8.3811,44.8448],[8.3761,44.8488],[8.3813,44.8683],[8.373,44.8721],[8.3659,44.8722],[8.3646,44.8667],[8.3538,44.8722],[8.3547,44.866],[8.3489,44.8685],[8.3507,44.8738],[8.3186,44.873],[8.3114,44.8541],[8.2736,44.8331],[8.2701,44.8166],[8.2762,44.8016],[8.2676,44.7755],[8.2902,44.7728],[8.2905,44.7691],[8.2725,44.7529],[8.2569,44.7511],[8.2612,44.7396],[8.2551,44.7368],[8.2567,44.7214],[8.2687,44.7114],[8.26,44.6969],[8.2233,44.6788],[8.2268,44.661],[8.1945,44.6286],[8.1969,44.6146],[8.2148,44.6174],[8.2344,44.5986],[8.2289,44.5936],[8.2443,44.581],[8.2457,44.5701],[8.2323,44.5617],[8.2411,44.5548],[8.2363,44.5492],[8.246,44.5482],[8.2486,44.5346],[8.2713,44.5068],[8.2833,44.5084],[8.3072,44.5004]]]}},{"type":"Feature","properties":{"id":"calosso","name":"Calosso","full_name":"Calosso","region":"Piedmont","grapes":["Albarossa","Ancellotta","Avarengo","Barbera","Becuet","Bonarda"],"key_appellations":["Calosso"],"desc":"Calosso is a protected wine appellation in Piedmont.","level":"appellation"},"geometry":{"type":"Polygon","coordinates":[[[8.2564,44.7323],[8.2551,44.7368],[8.2612,44.7396],[8.2569,44.7511],[8.2615,44.7549],[8.2548,44.7668],[8.2311,44.7649],[8.2166,44.791],[8.2078,44.7916],[8.1925,44.8081],[8.152,44.8148],[8.1414,44.8287],[8.1289,44.8068],[8.128,44.7924],[8.1375,44.7826],[8.127,44.7819],[8.1255,44.776],[8.1132,44.7699],[8.1045,44.7739],[8.1043,44.7626],[8.0951,44.7585],[8.1123,44.7484],[8.1199,44.7517],[8.1332,44.7467],[8.1377,44.7382],[8.1525,44.7391],[8.1636,44.7327],[8.1732,44.732],[8.1816,44.7512],[8.1876,44.7519],[8.2066,44.7507],[8.2084,44.747],[8.2023,44.7444],[8.2158,44.7269],[8.2222,44.7295],[8.2377,44.7232],[8.2564,44.7323]]]}},{"type":"Feature","properties":{"id":"giro-di-cagliari","name":"Girò di Cagliari","full_name":"Girò di Cagliari","region":"Sardinia","grapes":["Girò"],"key_appellations":["Girò di Cagliari"],"desc":"Girò di Cagliari is a protected wine appellation in Sardinia.","level":"appellation"},"geometry":{"type":"MultiPolygon","coordinates":[[[[8.6047,38.9628],[8.6153,38.9546],[8.6235,38.9373],[8.618,38.9277],[8.6208,38.9168],[8.6068,38.9055],[8.6068,38.8928],[8.6465,38.8943],[8.6407,38.8801],[8.6486,38.8751],[8.637,38.8688],[8.6401,38.8649],[8.6594,38.8692],[8.6554,38.8772],[8.6592,38.8825],[8.6483,38.8902],[8.6545,38.898],[8.6649,38.8939],[8.6705,38.8973],[8.6641,38.9125],[8.6811,38.9092],[8.6938,38.9187],[8.7005,38.916],[8.7119,38.9246],[8.718,38.9229],[8.7214,38.9273],[8.7165,38.9284],[8.7235,38.9317],[8.7211,38.9386],[8.7613,38.9168],[8.7803,38.9132],[8.7769,38.9045],[8.7943,38.8948],[8.8007,38.8841],[8.8034,38.9047],[8.8075,38.8919],[8.8167,38.8952],[8.8277,38.8905],[8.8326,38.8774],[8.8597,38.8775],[8.9987,38.9776],[8.9964,38.9855],[9.0216,38.9847],[9.0138,38.9904],[9.0271,39.0003],[9.0245,39.0202],[9.034,39.0292],[9.0458,39.0562],[9.0166,39.0866],[9.0089,39.1239],[9.0255,39.1582],[9.0652,39.1926],[9.0631,39.1931],[9.0619,39.1944],[9.0734,39.201],[9.0808,39.1967],[9.0939,39.1924],[9.0767,39.1993],[9.0807,39.2028],[9.0565,39.2174],[9.0591,39.222],[9.0845,39.2046],[9.0924,39.2091],[9.0968,39.1947],[9.0909,39.2151],[9.0953,39.2169],[9.1,39.2076],[9.1108,39.2012],[9.0988,39.2105],[9.1056,39.2073],[9.11,39.214],[9.1154,39.2116],[9.1132,39.2069],[9.1199,39.2083],[9.1283,39.2002],[9.1147,39.1995],[9.1094,39.1954],[9.1281,39.1999],[9.1468,39.183],[9.1522,39.1864],[9.1594,39.1807],[9.169,39.1885],[9.1596,39.1945],[9.1663,39.2057],[9.2072,39.2262],[9.2292,39.2281],[9.2475,39.2164],[9.2966,39.2132],[9.3045,39.2072],[9.3006,39.2048],[9.3201,39.2047],[9.3237,39.1974],[9.3383,39.1938],[9.35,39.1785],[9.3714,39.1735],[9.3853,39.1617],[9.3836,39.1576],[9.3948,39.1548],[9.3923,39.1447],[9.4295,39.134],[9.4375,39.1221],[9.4412,39.1274],[9.4665,39.127],[9.4847,39.1357],[9.5029,39.1312],[9.5097,39.1213],[9.5021,39.1084],[9.5238,39.0946],[9.5183,39.1048],[9.5236,39.1102],[9.5207,39.1173],[9.5388,39.1329],[9.5581,39.1316],[9.5672,39.1471],[9.5697,39.171],[9.5795,39.1762],[9.5778,39.1843],[9.5647,39.1893],[9.5628,39.1969],[9.5761,39.2542],[9.6032,39.2916],[9.6341,39.2993],[9.6054,39.3177],[9.596,39.3462],[9.613,39.3998],[9.632,39.4345],[9.6402,39.4422],[9.6424,39.4391],[9.6391,39.4501],[9.6463,39.4628],[9.6413,39.4827],[9.6448,39.4901],[9.6328,39.4965],[9.632,39.5098],[9.6399,39.5418],[9.6511,39.5493],[9.5934,39.574],[9.5502,39.5753],[9.5465,39.5841],[9.5236,39.5887],[9.5261,39.6027],[9.5128,39.6058],[9.5102,39.6097],[9.5142,39.6108],[9.5067,39.6172],[9.5083,39.6281],[9.5031,39.6203],[9.4863,39.6169],[9.4721,39.6339],[9.457,39.6417],[9.4384,39.6416],[9.4337,39.6261],[9.3957,39.6116],[9.3978,39.6002],[9.3899,39.5969],[9.3934,39.5941],[9.3869,39.5866],[9.3148,39.5777],[9.3061,39.5943],[9.2928,39.5948],[9.2968,39.6018],[9.2919,39.6069],[9.2709,39.6135],[9.265,39.6066],[9.2539,39.6071],[9.2383,39.6234],[9.2049,39.6268],[9.1928,39.6435],[9.1736,39.6497],[9.1746,39.6586],[9.1637,39.6728],[9.1475,39.6775],[9.138,39.6725],[9.1131,39.6749],[9.084,39.6654],[9.0599,39.6389],[9.0531,39.6384],[9.0463,39.6415],[9.0524,39.6785],[9.0476,39.6895],[9.0594,39.7023],[9.0565,39.7113],[9.0618,39.7226],[9.0528,39.7297],[9.0717,39.7429],[9.0726,39.7518],[9.0602,39.7576],[8.9975,39.7613],[8.9981,39.7678],[8.9782,39.7806],[8.9665,39.7772],[8.952,39.778],[8.9387,39.7829],[8.9415,39.7585],[8.9352,39.7549],[8.9156,39.7603],[8.9162,39.7673],[8.892,39.7743],[8.8809,39.7926],[8.9274,39.7933],[8.9531,39.7786],[8.986,39.8208],[8.987,39.8311],[8.9539,39.8438],[8.9582,39.8581],[8.9734,39.8588],[8.9765,39.8647],[8.9803,39.8745],[8.9653,39.8957],[8.9793,39.9049],[8.981,39.913],[8.9882,39.9141],[8.9834,39.9174],[8.9954,39.936],[8.9889,39.9434],[8.997,39.9493],[8.9936,39.958],[9.0177,39.9819],[9.0067,39.9922],[8.9916,39.9867],[8.9565,39.9929],[8.9458,40.0071],[8.9453,40.0203],[8.9655,40.0379],[8.9665,40.0463],[8.9882,40.0572],[9.0058,40.0547],[9.0266,40.0377],[9.0413,40.0583],[9.0484,40.0588],[9.0366,40.0637],[9.0354,40.0955],[9.0169,40.1263],[9.0024,40.1344],[9.0177,40.1442],[9.019,40.1551],[9.0126,40.1706],[8.998,40.1803],[9.0173,40.1937],[8.9825,40.2183],[8.9103,40.2081],[8.8494,40.21],[8.7821,40.1898],[8.7647,40.1971],[8.7413,40.1806],[8.7432,40.2008],[8.7182,40.2054],[8.7097,40.2142],[8.6946,40.2121],[8.682,40.2031],[8.6699,40.2042],[8.6504,40.1934],[8.621,40.1871],[8.6141,40.1707],[8.6152,40.1553],[8.6048,40.1435],[8.5573,40.139],[8.5499,40.1273],[8.5621,40.1252],[8.5424,40.1182],[8.5542,40.1013],[8.5348,40.0958],[8.5186,40.0636],[8.4833,40.0742],[8.4522,40.0503],[8.4347,40.0516],[8.4119,40.0413],[8.3992,40.0513],[8.3965,40.0439],[8.3861,40.0443],[8.3764,40.0358],[8.3783,40.029],[8.4022,40.0323],[8.4136,40.0192],[8.4111,39.9994],[8.3915,39.9756],[8.3998,39.9656],[8.4028,39.9439],[8.3958,39.909],[8.402,39.8986],[8.4108,39.9009],[8.435,39.8841],[8.4389,39.8711],[8.4327,39.8603],[8.4366,39.8585],[8.4403,39.8652],[8.4441,39.8826],[8.4706,39.901],[8.4666,39.9038],[8.4908,39.9056],[8.4876,39.9015],[8.5064,39.9079],[8.5378,39.8914],[8.5456,39.8762],[8.5398,39.8698],[8.543,39.8653],[8.5705,39.8638],[8.5453,39.8604],[8.537,39.8654],[8.5453,39.8601],[8.5533,39.8595],[8.5531,39.8283],[8.5451,39.7944],[8.5327,39.7711],[8.5091,39.7533],[8.5195,39.7438],[8.504,39.7287],[8.5081,39.7242],[8.5023,39.713],[8.4906,39.7151],[8.4989,39.7176],[8.498,39.7216],[8.4589,39.7693],[8.4513,39.7694],[8.4434,39.7582],[8.4492,39.7402],[8.4451,39.7317],[8.4503,39.7274],[8.4447,39.7124],[8.4557,39.709],[8.4498,39.6881],[8.4426,39.6852],[8.4477,39.6812],[8.4455,39.6761],[8.4592,39.668],[8.4498,39.6573],[8.4539,39.6424],[8.4482,39.6354],[8.4535,39.6205],[8.4655,39.6163],[8.4645,39.6077],[8.471,39.6008],[8.4448,39.5358],[8.4068,39.4893],[8.3967,39.4854],[8.3846,39.4707],[8.3863,39.4634],[8.3794,39.4563],[8.3896,39.4523],[8.39,39.4465],[8.4109,39.4412],[8.4127,39.4272],[8.4025,39.4048],[8.3859,39.3948],[8.3782,39.3824],[8.3794,39.3739],[8.373,39.3746],[8.3763,39.3686],[8.3896,39.3651],[8.3848,39.3526],[8.3949,39.3493],[8.3971,39.3375],[8.4202,39.3326],[8.4167,39.3249],[8.4322,39.3114],[8.4369,39.2902],[8.4242,39.2681],[8.4109,39.2641],[8.3669,39.2283],[8.3681,39.2138],[8.3799,39.1998],[8.3796,39.2033],[8.39,39.1981],[8.3865,39.1931],[8.3921,39.2001],[8.4018,39.1936],[8.3986,39.1896],[8.3915,39.1923],[8.3996,39.189],[8.4069,39.159],[8.4133,39.1507],[8.407,39.1656],[8.4119,39.1663],[8.4127,39.1735],[8.4381,39.1555],[8.4389,39.1382],[8.4332,39.1303],[8.4401,39.1174],[8.4367,39.1116],[8.4587,39.121],[8.4677,39.119],[8.4781,39.0936],[8.4855,39.0882],[8.4815,39.0836],[8.4877,39.0891],[8.478,39.0611],[8.4668,39.058],[8.4693,39.0539],[8.494,39.0626],[8.519,39.0616],[8.5363,39.0582],[8.5346,39.0532],[8.5486,39.0445],[8.5651,39.0454],[8.5764,39.0234],[8.5666,39.012],[8.5649,39.0012],[8.5768,38.9828],[8.5729,38.9786],[8.5892,38.964],[8.5869,38.9556],[8.6047,38.9628]],[[8.8445,39.7614],[8.8517,39.744],[8.8459,39.7415],[8.8116,39.737],[8.804,39.7446],[8.8035,39.7489],[8.8221,39.758],[8.8445,39.7614]],[[8.8683,40.1429],[8.8642,40.1445],[8.8735,40.1498],[8.8882,40.1451],[8.8907,40.1363],[8.8887,40.1291],[8.8785,40.1244],[8.8814,40.1203],[8.8734,40.1025],[8.875,40.0893],[8.8585,40.0986],[8.863,40.1082],[8.8571,40.1147],[8.8683,40.1429]]],[[[8.4316,39.0959],[8.427,39.1083],[8.3804,39.0996],[8.3712,39.1141],[8.3604,39.1097],[8.3612,39.0986],[8.3509,39.0976],[8.3586,39.0858],[8.3488,39.0792],[8.3611,39.0523],[8.3605,39.0376],[8.3742,39.0229],[8.3709,39.0195],[8.3756,39.0117],[8.3857,39.0084],[8.3826,39.003],[8.3947,38.9893],[8.3968,38.976],[8.4036,38.974],[8.4033,38.9624],[8.4143,38.9553],[8.4448,38.969],[8.4406,38.9781],[8.4514,38.9896],[8.4508,39.0176],[8.469,39.0503],[8.4584,39.0662],[8.4565,39.0837],[8.4316,39.0959]]],[[[8.3097,39.148],[8.3096,39.1876],[8.296,39.1792],[8.2677,39.1817],[8.256,39.169],[8.2478,39.1698],[8.2416,39.1635],[8.2299,39.1656],[8.2194,39.1475],[8.2239,39.1409],[8.237,39.1425],[8.2514,39.1307],[8.2451,39.1229],[8.257,39.116],[8.2476,39.1086],[8.2732,39.0999],[8.2747,39.0942],[8.2941,39.0935],[8.2978,39.1003],[8.306,39.1002],[8.3105,39.1163],[8.3077,39.1304],[8.3139,39.1399],[8.3077,39.145],[8.3168,39.1458],[8.3097,39.148]]],[[[8.5199,40.2297],[8.4942,40.1951],[8.5211,40.2041],[8.5239,40.2006],[8.5364,40.2065],[8.5587,40.2065],[8.5731,40.2233],[8.5493,40.2356],[8.5199,40.2297]]],[[[9.5351,39.0823],[9.5342,39.0895],[9.5293,39.0901],[9.5268,39.0847],[9.5351,39.0823]]],[[[8.8793,40.1204],[8.8763,40.1229],[8.8751,40.1183],[8.8793,40.1204]]]]}},{"type":"Feature","properties":{"id":"capriano-del-colle","name":"Capriano del Colle","full_name":"Capriano del Colle","region":"Lombardy","grapes":["Ancellotta","Barbera","Bonarda","Bronner","Bussanello","Cabernet Franc"],"key_appellations":["Capriano del Colle"],"desc":"Capriano del Colle is a protected wine appellation in Lombardy.","level":"appellation"},"geometry":{"type":"Polygon","coordinates":[[[10.1398,45.4226],[10.1469,45.4206],[10.1457,45.429],[10.1557,45.4447],[10.169,45.4407],[10.1889,45.4493],[10.207,45.4489],[10.2196,45.4674],[10.2043,45.476],[10.1902,45.4658],[10.1721,45.4683],[10.1724,45.4632],[10.1435,45.4819],[10.1285,45.479],[10.1199,45.4723],[10.1253,45.4523],[10.1222,45.4365],[10.1291,45.4314],[10.1274,45.4242],[10.1338,45.4232],[10.1326,45.4166],[10.1398,45.4226]]]}},{"type":"Feature","properties":{"id":"nasco-di-cagliari","name":"Nasco di Cagliari","full_name":"Nasco di Cagliari","region":"Sardinia","grapes":["Nasco"],"key_appellations":["Nasco di Cagliari"],"desc":"Nasco di Cagliari is a protected wine appellation in Sardinia.","level":"appellation"},"geometry":{"type":"MultiPolygon","coordinates":[[[[8.6047,38.9628],[8.6153,38.9546],[8.6235,38.9373],[8.618,38.9277],[8.6208,38.9168],[8.6068,38.9055],[8.6068,38.8928],[8.6465,38.8943],[8.6407,38.8801],[8.6486,38.8751],[8.637,38.8688],[8.6401,38.8649],[8.6594,38.8692],[8.6554,38.8772],[8.6592,38.8825],[8.6483,38.8902],[8.6545,38.898],[8.6649,38.8939],[8.6705,38.8973],[8.6641,38.9125],[8.6811,38.9092],[8.6938,38.9187],[8.7005,38.916],[8.7119,38.9246],[8.718,38.9229],[8.7214,38.9273],[8.7165,38.9284],[8.7235,38.9317],[8.7211,38.9386],[8.7613,38.9168],[8.7803,38.9132],[8.7769,38.9045],[8.7943,38.8948],[8.8007,38.8841],[8.8034,38.9047],[8.8075,38.8919],[8.8167,38.8952],[8.8277,38.8905],[8.8326,38.8774],[8.8597,38.8775],[8.9987,38.9776],[8.9964,38.9855],[9.0216,38.9847],[9.0138,38.9904],[9.0271,39.0003],[9.0245,39.0202],[9.034,39.0292],[9.0458,39.0562],[9.0166,39.0866],[9.0089,39.1239],[9.0255,39.1582],[9.0652,39.1926],[9.0631,39.1931],[9.0619,39.1944],[9.0734,39.201],[9.0808,39.1967],[9.0939,39.1924],[9.0767,39.1993],[9.0807,39.2028],[9.0565,39.2174],[9.0591,39.222],[9.0845,39.2046],[9.0924,39.2091],[9.0968,39.1947],[9.0909,39.2151],[9.0953,39.2169],[9.1,39.2076],[9.1108,39.2012],[9.0988,39.2105],[9.1056,39.2073],[9.11,39.214],[9.1154,39.2116],[9.1132,39.2069],[9.1199,39.2083],[9.1283,39.2002],[9.1147,39.1995],[9.1094,39.1954],[9.1281,39.1999],[9.1468,39.183],[9.1522,39.1864],[9.1594,39.1807],[9.169,39.1885],[9.1596,39.1945],[9.1663,39.2057],[9.2072,39.2262],[9.2292,39.2281],[9.2475,39.2164],[9.2966,39.2132],[9.3045,39.2072],[9.3006,39.2048],[9.3201,39.2047],[9.3237,39.1974],[9.3383,39.1938],[9.35,39.1785],[9.3714,39.1735],[9.3853,39.1617],[9.3836,39.1576],[9.3948,39.1548],[9.3923,39.1447],[9.4295,39.134],[9.4375,39.1221],[9.4412,39.1274],[9.4665,39.127],[9.4847,39.1357],[9.5029,39.1312],[9.5097,39.1213],[9.5021,39.1084],[9.5238,39.0946],[9.5183,39.1048],[9.5236,39.1102],[9.5207,39.1173],[9.5388,39.1329],[9.5581,39.1316],[9.5672,39.1471],[9.5697,39.171],[9.5795,39.1762],[9.5778,39.1843],[9.5647,39.1893],[9.5628,39.1969],[9.5761,39.2542],[9.6032,39.2916],[9.6341,39.2993],[9.6054,39.3177],[9.596,39.3462],[9.613,39.3998],[9.632,39.4345],[9.6402,39.4422],[9.6424,39.4391],[9.6391,39.4501],[9.6463,39.4628],[9.6413,39.4827],[9.6448,39.4901],[9.6328,39.4965],[9.632,39.5098],[9.6399,39.5418],[9.6511,39.5493],[9.5934,39.574],[9.5502,39.5753],[9.5465,39.5841],[9.5236,39.5887],[9.5261,39.6027],[9.5128,39.6058],[9.5102,39.6097],[9.5142,39.6108],[9.5067,39.6172],[9.5083,39.6281],[9.5031,39.6203],[9.4863,39.6169],[9.4721,39.6339],[9.457,39.6417],[9.4384,39.6416],[9.4337,39.6261],[9.3957,39.6116],[9.3978,39.6002],[9.3899,39.5969],[9.3934,39.5941],[9.3869,39.5866],[9.3148,39.5777],[9.3061,39.5943],[9.2928,39.5948],[9.2968,39.6018],[9.2919,39.6069],[9.2709,39.6135],[9.265,39.6066],[9.2539,39.6071],[9.2383,39.6234],[9.2049,39.6268],[9.1928,39.6435],[9.1736,39.6497],[9.1746,39.6586],[9.1637,39.6728],[9.1475,39.6775],[9.138,39.6725],[9.1131,39.6749],[9.084,39.6654],[9.0599,39.6389],[9.0531,39.6384],[9.0463,39.6415],[9.0524,39.6785],[9.0476,39.6895],[9.0594,39.7023],[9.0565,39.7113],[9.0618,39.7226],[9.0528,39.7297],[9.0717,39.7429],[9.0726,39.7518],[9.0602,39.7576],[8.9975,39.7613],[8.9981,39.7678],[8.9782,39.7806],[8.9665,39.7772],[8.952,39.778],[8.9387,39.7829],[8.9415,39.7585],[8.9352,39.7549],[8.9156,39.7603],[8.9162,39.7673],[8.892,39.7743],[8.8809,39.7926],[8.9274,39.7933],[8.9531,39.7786],[8.986,39.8208],[8.987,39.8311],[8.9539,39.8438],[8.9582,39.8581],[8.9734,39.8588],[8.9765,39.8647],[8.9803,39.8745],[8.9653,39.8957],[8.9793,39.9049],[8.981,39.913],[8.9882,39.9141],[8.9834,39.9174],[8.9954,39.936],[8.9889,39.9434],[8.997,39.9493],[8.9936,39.958],[9.0177,39.9819],[9.0067,39.9922],[8.9916,39.9867],[8.9565,39.9929],[8.9458,40.0071],[8.9453,40.0203],[8.9655,40.0379],[8.9665,40.0463],[8.9882,40.0572],[9.0058,40.0547],[9.0266,40.0377],[9.0413,40.0583],[9.0484,40.0588],[9.0366,40.0637],[9.0354,40.0955],[9.0169,40.1263],[9.0024,40.1344],[9.0177,40.1442],[9.019,40.1551],[9.0126,40.1706],[8.998,40.1803],[9.0173,40.1937],[8.9825,40.2183],[8.9103,40.2081],[8.8494,40.21],[8.7821,40.1898],[8.7647,40.1971],[8.7413,40.1806],[8.7432,40.2008],[8.7182,40.2054],[8.7097,40.2142],[8.6946,40.2121],[8.682,40.2031],[8.6699,40.2042],[8.6504,40.1934],[8.621,40.1871],[8.6141,40.1707],[8.6152,40.1553],[8.6048,40.1435],[8.5573,40.139],[8.5499,40.1273],[8.5621,40.1252],[8.5424,40.1182],[8.5542,40.1013],[8.5348,40.0958],[8.5186,40.0636],[8.4833,40.0742],[8.4522,40.0503],[8.4347,40.0516],[8.4119,40.0413],[8.3992,40.0513],[8.3965,40.0439],[8.3861,40.0443],[8.3764,40.0358],[8.3783,40.029],[8.4022,40.0323],[8.4136,40.0192],[8.4111,39.9994],[8.3915,39.9756],[8.3998,39.9656],[8.4028,39.9439],[8.3958,39.909],[8.402,39.8986],[8.4108,39.9009],[8.435,39.8841],[8.4389,39.8711],[8.4327,39.8603],[8.4366,39.8585],[8.4403,39.8652],[8.4441,39.8826],[8.4706,39.901],[8.4666,39.9038],[8.4908,39.9056],[8.4876,39.9015],[8.5064,39.9079],[8.5378,39.8914],[8.5456,39.8762],[8.5398,39.8698],[8.543,39.8653],[8.5705,39.8638],[8.5453,39.8604],[8.537,39.8654],[8.5453,39.8601],[8.5533,39.8595],[8.5531,39.8283],[8.5451,39.7944],[8.5327,39.7711],[8.5091,39.7533],[8.5195,39.7438],[8.504,39.7287],[8.5081,39.7242],[8.5023,39.713],[8.4906,39.7151],[8.4989,39.7176],[8.498,39.7216],[8.4589,39.7693],[8.4513,39.7694],[8.4434,39.7582],[8.4492,39.7402],[8.4451,39.7317],[8.4503,39.7274],[8.4447,39.7124],[8.4557,39.709],[8.4498,39.6881],[8.4426,39.6852],[8.4477,39.6812],[8.4455,39.6761],[8.4592,39.668],[8.4498,39.6573],[8.4539,39.6424],[8.4482,39.6354],[8.4535,39.6205],[8.4655,39.6163],[8.4645,39.6077],[8.471,39.6008],[8.4448,39.5358],[8.4068,39.4893],[8.3967,39.4854],[8.3846,39.4707],[8.3863,39.4634],[8.3794,39.4563],[8.3896,39.4523],[8.39,39.4465],[8.4109,39.4412],[8.4127,39.4272],[8.4025,39.4048],[8.3859,39.3948],[8.3782,39.3824],[8.3794,39.3739],[8.373,39.3746],[8.3763,39.3686],[8.3896,39.3651],[8.3848,39.3526],[8.3949,39.3493],[8.3971,39.3375],[8.4202,39.3326],[8.4167,39.3249],[8.4322,39.3114],[8.4369,39.2902],[8.4242,39.2681],[8.4109,39.2641],[8.3669,39.2283],[8.3681,39.2138],[8.3799,39.1998],[8.3796,39.2033],[8.39,39.1981],[8.3865,39.1931],[8.3921,39.2001],[8.4018,39.1936],[8.3986,39.1896],[8.3915,39.1923],[8.3996,39.189],[8.4069,39.159],[8.4133,39.1507],[8.407,39.1656],[8.4119,39.1663],[8.4127,39.1735],[8.4381,39.1555],[8.4389,39.1382],[8.4332,39.1303],[8.4401,39.1174],[8.4367,39.1116],[8.4587,39.121],[8.4677,39.119],[8.4781,39.0936],[8.4855,39.0882],[8.4815,39.0836],[8.4877,39.0891],[8.478,39.0611],[8.4668,39.058],[8.4693,39.0539],[8.494,39.0626],[8.519,39.0616],[8.5363,39.0582],[8.5346,39.0532],[8.5486,39.0445],[8.5651,39.0454],[8.5764,39.0234],[8.5666,39.012],[8.5649,39.0012],[8.5768,38.9828],[8.5729,38.9786],[8.5892,38.964],[8.5869,38.9556],[8.6047,38.9628]],[[8.8445,39.7614],[8.8517,39.744],[8.8459,39.7415],[8.8116,39.737],[8.804,39.7446],[8.8035,39.7489],[8.8221,39.758],[8.8445,39.7614]],[[8.8683,40.1429],[8.8642,40.1445],[8.8735,40.1498],[8.8882,40.1451],[8.8907,40.1363],[8.8887,40.1291],[8.8785,40.1244],[8.8814,40.1203],[8.8734,40.1025],[8.875,40.0893],[8.8585,40.0986],[8.863,40.1082],[8.8571,40.1147],[8.8683,40.1429]]],[[[8.4316,39.0959],[8.427,39.1083],[8.3804,39.0996],[8.3712,39.1141],[8.3604,39.1097],[8.3612,39.0986],[8.3509,39.0976],[8.3586,39.0858],[8.3488,39.0792],[8.3611,39.0523],[8.3605,39.0376],[8.3742,39.0229],[8.3709,39.0195],[8.3756,39.0117],[8.3857,39.0084],[8.3826,39.003],[8.3947,38.9893],[8.3968,38.976],[8.4036,38.974],[8.4033,38.9624],[8.4143,38.9553],[8.4448,38.969],[8.4406,38.9781],[8.4514,38.9896],[8.4508,39.0176],[8.469,39.0503],[8.4584,39.0662],[8.4565,39.0837],[8.4316,39.0959]]],[[[8.3097,39.148],[8.3096,39.1876],[8.296,39.1792],[8.2677,39.1817],[8.256,39.169],[8.2478,39.1698],[8.2416,39.1635],[8.2299,39.1656],[8.2194,39.1475],[8.2239,39.1409],[8.237,39.1425],[8.2514,39.1307],[8.2451,39.1229],[8.257,39.116],[8.2476,39.1086],[8.2732,39.0999],[8.2747,39.0942],[8.2941,39.0935],[8.2978,39.1003],[8.306,39.1002],[8.3105,39.1163],[8.3077,39.1304],[8.3139,39.1399],[8.3077,39.145],[8.3168,39.1458],[8.3097,39.148]]],[[[8.5199,40.2297],[8.4942,40.1951],[8.5211,40.2041],[8.5239,40.2006],[8.5364,40.2065],[8.5587,40.2065],[8.5731,40.2233],[8.5493,40.2356],[8.5199,40.2297]]],[[[9.5351,39.0823],[9.5342,39.0895],[9.5293,39.0901],[9.5268,39.0847],[9.5351,39.0823]]],[[[8.8793,40.1204],[8.8763,40.1229],[8.8751,40.1183],[8.8793,40.1204]]]]}},{"type":"Feature","properties":{"id":"riviera-del-garda-bresciano","name":"Riviera del Garda Bresciano","full_name":"Riviera del Garda Bresciano / Garda Bresciano","region":"Lombardy","grapes":["Ancellotta","Barbera","Bonarda","Bronner","Bussanello","Cabernet Franc"],"key_appellations":["Riviera del Garda Bresciano"],"desc":"Riviera del Garda Bresciano is a protected wine appellation in Lombardy.","level":"appellation"},"geometry":{"type":"Polygon","coordinates":[[[10.4211,45.4792],[10.4431,45.4692],[10.4451,45.4383],[10.4581,45.4301],[10.4512,45.4186],[10.4544,45.4158],[10.5115,45.4123],[10.5481,45.3858],[10.5608,45.3893],[10.58,45.3812],[10.598,45.3873],[10.6241,45.3826],[10.641,45.3878],[10.6465,45.4072],[10.6555,45.4139],[10.6436,45.418],[10.6516,45.4279],[10.6451,45.4319],[10.6495,45.4408],[10.6421,45.4437],[10.6242,45.4382],[10.623,45.4422],[10.6478,45.4485],[10.6429,45.4545],[10.6279,45.6068],[10.7056,45.6764],[10.8096,45.7984],[10.8325,45.8156],[10.8402,45.8328],[10.8251,45.8377],[10.7917,45.8331],[10.7769,45.8431],[10.7642,45.8406],[10.7564,45.83],[10.7356,45.8427],[10.711,45.8361],[10.6995,45.8417],[10.6757,45.8305],[10.6536,45.8329],[10.6575,45.8225],[10.6414,45.8019],[10.663,45.7887],[10.6668,45.7727],[10.651,45.7679],[10.6489,45.7559],[10.6239,45.7415],[10.5721,45.7259],[10.5631,45.7315],[10.5702,45.7423],[10.5671,45.7567],[10.5472,45.7744],[10.5516,45.7767],[10.5455,45.7847],[10.5328,45.7881],[10.537,45.7914],[10.53,45.7963],[10.5351,45.8017],[10.5261,45.8056],[10.5108,45.7864],[10.5134,45.7764],[10.5035,45.7629],[10.488,45.7538],[10.477,45.762],[10.4693,45.7565],[10.4536,45.7349],[10.4463,45.7357],[10.4293,45.7174],[10.431,45.7019],[10.3993,45.6977],[10.41,45.6938],[10.4081,45.6885],[10.419,45.6821],[10.4276,45.6818],[10.4229,45.6726],[10.4103,45.6698],[10.4123,45.6632],[10.406,45.6592],[10.4093,45.643],[10.4052,45.6324],[10.4215,45.6132],[10.4186,45.6054],[10.4048,45.6064],[10.4007,45.5814],[10.4113,45.5646],[10.4306,45.5678],[10.4418,45.5553],[10.4369,45.5538],[10.4381,45.5361],[10.4278,45.527],[10.4009,45.519],[10.3971,45.51],[10.3831,45.5094],[10.3798,45.4904],[10.3699,45.4869],[10.4211,45.4792]]]}},{"type":"Feature","properties":{"id":"coste-della-sesia","name":"Coste della Sesia","full_name":"Coste della Sesia","region":"Piedmont","grapes":["Albarossa","Ancellotta","Avarengo","Barbera","Becuet","Bonarda"],"key_appellations":["Coste della Sesia"],"desc":"Coste della Sesia is a protected wine appellation in Piedmont.","level":"appellation"},"geometry":{"type":"Polygon","coordinates":[[[8.2156,45.4765],[8.2307,45.4772],[8.2365,45.4867],[8.2227,45.4969],[8.2296,45.5045],[8.223,45.5112],[8.2238,45.5189],[8.2127,45.5268],[8.2131,45.5343],[8.2477,45.5432],[8.2637,45.5309],[8.2676,45.5169],[8.2919,45.5177],[8.279,45.5235],[8.2774,45.5322],[8.2926,45.5416],[8.3006,45.5641],[8.31,45.5662],[8.3071,45.5742],[8.3248,45.5791],[8.3319,45.5711],[8.3933,45.5819],[8.3901,45.6188],[8.3714,45.6358],[8.3545,45.6378],[8.3468,45.6453],[8.3552,45.6511],[8.3373,45.6639],[8.3327,45.6777],[8.3106,45.6972],[8.27,45.6958],[8.267,45.6933],[8.2749,45.6874],[8.2699,45.6724],[8.2247,45.6679],[8.2212,45.6599],[8.2104,45.6572],[8.2164,45.6528],[8.211,45.6196],[8.215,45.6114],[8.1983,45.6041],[8.1755,45.6148],[8.1774,45.6098],[8.1577,45.6061],[8.1565,45.59],[8.1443,45.5947],[8.1566,45.5789],[8.1535,45.5745],[8.1421,45.5827],[8.1386,45.5786],[8.1306,45.5875],[8.1144,45.5794],[8.097,45.5785],[8.0934,45.5654],[8.0846,45.5612],[8.0922,45.5517],[8.0858,45.5431],[8.1005,45.5213],[8.1318,45.5295],[8.1421,45.5277],[8.14,45.5189],[8.1538,45.5238],[8.1712,45.5098],[8.1721,45.5015],[8.2156,45.4765]]]}},{"type":"Feature","properties":{"id":"dolcetto-d-acqui","name":"Dolcetto d'Acqui","full_name":"Dolcetto d'Acqui","region":"Piedmont","grapes":["Dolcetto"],"key_appellations":["Dolcetto d'Acqui"],"desc":"Dolcetto d'Acqui is a protected wine appellation in Piedmont.","level":"appellation"},"geometry":{"type":"Polygon","coordinates":[[[8.2784,44.5381],[8.2878,44.5283],[8.3053,44.5224],[8.2999,44.5134],[8.3192,44.5058],[8.3211,44.5005],[8.3148,44.4963],[8.3208,44.4884],[8.3501,44.4848],[8.3491,44.4781],[8.3585,44.4649],[8.3749,44.4748],[8.343,44.5143],[8.3627,44.533],[8.3929,44.5362],[8.4108,44.5454],[8.4052,44.5585],[8.3899,44.5638],[8.3931,44.5703],[8.4311,44.5718],[8.4344,44.5571],[8.454,44.5456],[8.4494,44.5341],[8.4681,44.5316],[8.4754,44.5114],[8.5087,44.5082],[8.5348,44.5133],[8.5597,44.5028],[8.576,44.5072],[8.5747,44.5203],[8.5669,44.5222],[8.5529,44.5452],[8.5412,44.5427],[8.533,44.5475],[8.5321,44.5778],[8.5407,44.5861],[8.551,44.6202],[8.5269,44.6308],[8.5283,44.667],[8.5231,44.6685],[8.5281,44.682],[8.5493,44.683],[8.5689,44.6736],[8.5782,44.6776],[8.5784,44.6927],[8.5878,44.6976],[8.581,44.7058],[8.6011,44.7104],[8.6142,44.722],[8.6215,44.7121],[8.63,44.7134],[8.6158,44.7317],[8.6141,44.765],[8.6083,44.7778],[8.5989,44.783],[8.61,44.7837],[8.6118,44.7889],[8.6011,44.795],[8.5762,44.7955],[8.5709,44.8026],[8.5068,44.7857],[8.4873,44.7722],[8.4875,44.7668],[8.4956,44.7744],[8.5013,44.7719],[8.4806,44.7521],[8.4891,44.7533],[8.4881,44.7466],[8.4646,44.755],[8.453,44.7479],[8.4511,44.7388],[8.4222,44.733],[8.4287,44.7201],[8.4253,44.7133],[8.4333,44.711],[8.4088,44.7068],[8.4111,44.6975],[8.4206,44.6923],[8.3931,44.686],[8.3705,44.696],[8.3473,44.6932],[8.3563,44.676],[8.3501,44.6668],[8.3555,44.6386],[8.3422,44.6232],[8.3281,44.623],[8.314,44.6019],[8.3281,44.5894],[8.3517,44.5902],[8.35,44.5852],[8.3692,44.5749],[8.3492,44.5727],[8.3293,44.56],[8.3163,44.5581],[8.3024,44.5644],[8.2852,44.558],[8.2783,44.5462],[8.2835,44.5406],[8.2784,44.5381]]]}},{"type":"Feature","properties":{"id":"dolcetto-d-alba","name":"Dolcetto d'Alba","full_name":"Dolcetto d'Alba","region":"Piedmont","grapes":["Dolcetto"],"key_appellations":["Dolcetto d'Alba"],"desc":"Dolcetto d'Alba is a protected wine appellation in Piedmont.","level":"appellation"},"geometry":{"type":"Polygon","coordinates":[[[8.0322,44.576],[8.0489,44.5745],[8.0403,44.5942],[8.0864,44.5875],[8.1115,44.576],[8.1226,44.5903],[8.1308,44.5904],[8.1427,44.5819],[8.1375,44.5789],[8.138,44.5676],[8.119,44.5529],[8.1309,44.5445],[8.1408,44.5445],[8.1436,44.5489],[8.1372,44.5548],[8.144,44.56],[8.1533,44.5554],[8.1712,44.5615],[8.1838,44.5532],[8.2163,44.565],[8.2361,44.563],[8.2398,44.5735],[8.221,44.5858],[8.2007,44.59],[8.1955,44.5944],[8.1947,44.6089],[8.1875,44.6124],[8.1972,44.6187],[8.1946,44.6299],[8.2051,44.6358],[8.2059,44.6443],[8.2268,44.661],[8.2233,44.6788],[8.26,44.6969],[8.2687,44.7114],[8.2567,44.7214],[8.2568,44.7323],[8.2377,44.7232],[8.2222,44.7295],[8.2158,44.7269],[8.2023,44.7444],[8.2084,44.747],[8.2066,44.7507],[8.1876,44.7519],[8.1816,44.7512],[8.1785,44.7367],[8.1715,44.7315],[8.1525,44.7391],[8.1377,44.7382],[8.1332,44.7467],[8.1199,44.7517],[8.1127,44.7483],[8.0976,44.7569],[8.0854,44.7484],[8.0751,44.7511],[8.0849,44.7418],[8.084,44.7351],[8.0755,44.7366],[8.065,44.7292],[8.0579,44.7345],[8.0531,44.7229],[8.0443,44.7196],[8.0101,44.7227],[8.0056,44.7279],[7.993,44.7211],[7.9686,44.7195],[7.986,44.6906],[7.933,44.6865],[7.9235,44.69],[7.9118,44.6819],[7.8944,44.6796],[7.8878,44.6718],[7.8895,44.6662],[7.8614,44.6804],[7.8461,44.6788],[7.8114,44.6869],[7.7807,44.6801],[7.7691,44.6913],[7.7558,44.6939],[7.7617,44.6753],[7.7587,44.6686],[7.7673,44.6607],[7.7499,44.6284],[7.7647,44.6273],[7.7699,44.6455],[7.7829,44.6509],[7.8113,44.6433],[7.8071,44.6301],[7.7883,44.6166],[7.7885,44.607],[7.8034,44.5997],[7.8086,44.6025],[7.8276,44.5794],[7.8416,44.5809],[7.85,44.5697],[7.8647,44.5733],[7.8725,44.5689],[7.8934,44.5758],[7.9114,44.5677],[7.9148,44.5752],[7.9321,44.5816],[7.9407,44.5645],[7.9859,44.5602],[7.997,44.5454],[8.0086,44.5515],[8.0046,44.5603],[8.0322,44.576]],[[8.077,44.6411],[8.0788,44.6342],[8.0481,44.6507],[8.0317,44.6292],[8.0084,44.6281],[7.9936,44.6343],[7.9789,44.6523],[7.9897,44.6482],[8.0061,44.6525],[8.0046,44.6577],[8.0206,44.6623],[8.0173,44.6665],[8.0397,44.6741],[8.0448,44.6626],[8.0663,44.6564],[8.0554,44.6487],[8.077,44.6411]]]}},{"type":"Feature","properties":{"id":"moscato-di-sardegna","name":"Moscato di Sardegna","full_name":"Moscato di Sardegna","region":"Sardinia","grapes":["Albaranzeuli Bianco","Ansonica","Arneis","Arvesiniadu","Biancolella","Clairette"],"key_appellations":["Moscato di Sardegna"],"desc":"Moscato di Sardegna is a protected wine appellation in Sardinia.","level":"appellation"},"geometry":{"type":"MultiPolygon","coordinates":[[[[8.6047,38.9628],[8.6153,38.9546],[8.6235,38.9373],[8.618,38.9277],[8.6208,38.9168],[8.6068,38.9055],[8.6068,38.8928],[8.6465,38.8943],[8.6407,38.8801],[8.6486,38.8751],[8.637,38.8688],[8.6401,38.8649],[8.6594,38.8692],[8.6554,38.8772],[8.6592,38.8825],[8.6483,38.8902],[8.6545,38.898],[8.6649,38.8939],[8.6705,38.8973],[8.6641,38.9125],[8.6811,38.9092],[8.6938,38.9187],[8.7005,38.916],[8.7119,38.9246],[8.718,38.9229],[8.7214,38.9273],[8.7165,38.9284],[8.7235,38.9317],[8.7211,38.9386],[8.7613,38.9168],[8.7803,38.9132],[8.7769,38.9045],[8.7943,38.8948],[8.8007,38.8841],[8.8034,38.9047],[8.8075,38.8919],[8.8167,38.8952],[8.8277,38.8905],[8.8326,38.8774],[8.8597,38.8775],[8.9987,38.9776],[8.9964,38.9855],[9.0216,38.9847],[9.0138,38.9904],[9.0271,39.0003],[9.0245,39.0202],[9.034,39.0292],[9.0458,39.0562],[9.0166,39.0866],[9.0089,39.1239],[9.0255,39.1582],[9.0652,39.1926],[9.0631,39.1931],[9.0619,39.1944],[9.0734,39.201],[9.0808,39.1967],[9.0939,39.1924],[9.0767,39.1993],[9.0807,39.2028],[9.0565,39.2174],[9.0591,39.222],[9.0845,39.2046],[9.0924,39.2091],[9.0968,39.1947],[9.0909,39.2151],[9.0953,39.2169],[9.1,39.2076],[9.1108,39.2012],[9.0988,39.2105],[9.1056,39.2073],[9.11,39.214],[9.1154,39.2116],[9.1132,39.2069],[9.1199,39.2083],[9.1283,39.2002],[9.1147,39.1995],[9.1094,39.1954],[9.1281,39.1999],[9.1468,39.183],[9.1522,39.1864],[9.1594,39.1807],[9.169,39.1885],[9.1596,39.1945],[9.1663,39.2057],[9.2072,39.2262],[9.2292,39.2281],[9.2475,39.2164],[9.2966,39.2132],[9.3045,39.2072],[9.3006,39.2048],[9.3201,39.2047],[9.3237,39.1974],[9.3383,39.1938],[9.35,39.1785],[9.3714,39.1735],[9.3853,39.1617],[9.3836,39.1576],[9.3948,39.1548],[9.3923,39.1447],[9.4295,39.134],[9.4375,39.1221],[9.4412,39.1274],[9.4665,39.127],[9.4847,39.1357],[9.5029,39.1312],[9.5097,39.1213],[9.5021,39.1084],[9.5238,39.0946],[9.5183,39.1048],[9.5236,39.1102],[9.5207,39.1173],[9.5388,39.1329],[9.5581,39.1316],[9.5672,39.1471],[9.5697,39.171],[9.5795,39.1762],[9.5778,39.1843],[9.5647,39.1893],[9.5628,39.1969],[9.5761,39.2542],[9.6032,39.2916],[9.6341,39.2993],[9.6054,39.3177],[9.596,39.3462],[9.613,39.3998],[9.632,39.4345],[9.6402,39.4422],[9.6424,39.4391],[9.6391,39.4501],[9.6463,39.4628],[9.6413,39.4827],[9.6448,39.4901],[9.6315,39.5016],[9.6387,39.5387],[9.6537,39.5525],[9.6497,39.5608],[9.6578,39.5783],[9.6473,39.6518],[9.652,39.6647],[9.6604,39.6679],[9.6644,39.6827],[9.66,39.6972],[9.67,39.7007],[9.677,39.711],[9.6766,39.7444],[9.6684,39.7676],[9.6708,39.7929],[9.6848,39.8412],[9.6966,39.8531],[9.6833,39.8682],[9.6823,39.9021],[9.6936,39.9192],[9.7044,39.9184],[9.7059,39.9246],[9.7137,39.9212],[9.7162,39.9305],[9.703,39.9446],[9.7074,39.9388],[9.6998,39.9359],[9.7027,39.9407],[9.6941,39.9394],[9.6882,39.9462],[9.6869,39.9844],[9.6998,40.0003],[9.7055,40.0335],[9.722,40.0492],[9.7275,40.0702],[9.7354,40.0784],[9.7291,40.0908],[9.6895,40.1082],[9.6541,40.1434],[9.6455,40.1705],[9.6289,40.1915],[9.6235,40.2506],[9.6366,40.2831],[9.6657,40.3198],[9.6767,40.3248],[9.6826,40.3374],[9.7231,40.3707],[9.7416,40.3812],[9.7547,40.3816],[9.7667,40.3921],[9.7733,40.4073],[9.772,40.4243],[9.7858,40.441],[9.7961,40.4415],[9.7938,40.447],[9.8209,40.4944],[9.8288,40.5285],[9.7947,40.5457],[9.7905,40.5715],[9.7538,40.5972],[9.7508,40.6055],[9.7547,40.6104],[9.7505,40.6124],[9.7566,40.6099],[9.7417,40.6339],[9.7535,40.6737],[9.7382,40.6967],[9.7228,40.6999],[9.7152,40.7097],[9.7125,40.722],[9.7183,40.7276],[9.7114,40.7398],[9.7178,40.7503],[9.7012,40.7546],[9.6711,40.7856],[9.6746,40.8055],[9.6883,40.8063],[9.6919,40.8113],[9.6807,40.8228],[9.6896,40.8311],[9.6865,40.8358],[9.6986,40.8367],[9.6985,40.8407],[9.6991,40.838],[9.698,40.834],[9.7082,40.8314],[9.72,40.8349],[9.728,40.8444],[9.7215,40.8399],[9.7132,40.8452],[9.705,40.8413],[9.6996,40.8481],[9.6934,40.8464],[9.6812,40.8613],[9.6651,40.8533],[9.6524,40.861],[9.6537,40.8705],[9.6596,40.8739],[9.6544,40.8798],[9.6457,40.8798],[9.6497,40.8773],[9.6426,40.8708],[9.6358,40.8844],[9.6257,40.882],[9.6272,40.888],[9.6161,40.8895],[9.6153,40.8945],[9.6247,40.8962],[9.6444,40.9199],[9.6307,40.9176],[9.6184,40.923],[9.588,40.8996],[9.5717,40.9081],[9.5794,40.9153],[9.5693,40.9119],[9.5616,40.9208],[9.556,40.916],[9.5624,40.9178],[9.5607,40.913],[9.5682,40.9108],[9.561,40.9082],[9.5582,40.9158],[9.5487,40.9149],[9.5522,40.9205],[9.5431,40.9188],[9.5446,40.9133],[9.5408,40.9108],[9.5379,40.9165],[9.5059,40.9113],[9.503,40.9183],[9.4945,40.9166],[9.5078,40.9244],[9.5247,40.9222],[9.5023,40.9276],[9.5278,40.9349],[9.5393,40.9259],[9.575,40.9279],[9.5682,40.9424],[9.5789,40.9463],[9.5774,40.9531],[9.5822,40.9549],[9.5786,40.9577],[9.5883,40.9595],[9.5938,40.9681],[9.5844,40.9729],[9.5823,40.9834],[9.5893,40.9901],[9.5988,40.9886],[9.5989,40.9951],[9.611,41.0033],[9.6212,41.0016],[9.6224,40.9931],[9.652,40.984],[9.6638,40.9977],[9.656,41.0042],[9.623,41.0044],[9.5952,41.0227],[9.5859,41.0107],[9.5761,41.015],[9.5774,41.0031],[9.5644,41.0094],[9.5595,41.0013],[9.551,41.0069],[9.5643,41.0271],[9.556,41.0304],[9.5611,41.0374],[9.5438,41.0273],[9.528,41.0298],[9.5274,41.0223],[9.522,41.0211],[9.5299,41.0194],[9.5252,41.0111],[9.5046,41.0079],[9.5016,41.0107],[9.5083,41.0158],[9.518,41.0171],[9.5155,41.0214],[9.5221,41.0352],[9.5258,41.0336],[9.5231,41.0529],[9.5346,41.0555],[9.5335,41.0621],[9.5405,41.061],[9.5414,41.065],[9.5288,41.0693],[9.5337,41.0812],[9.5426,41.0899],[9.5421,41.0825],[9.5531,41.078],[9.5625,41.0845],[9.5657,41.0986],[9.5722,41.0999],[9.5635,41.1022],[9.5697,41.1096],[9.5614,41.12],[9.5471,41.1125],[9.5406,41.1144],[9.5377,41.1222],[9.5461,41.1337],[9.5268,41.1333],[9.5384,41.1379],[9.5262,41.1457],[9.5315,41.1518],[9.5265,41.1567],[9.5092,41.1513],[9.5209,41.1417],[9.4964,41.1437],[9.4971,41.1359],[9.4857,41.1464],[9.4813,41.1404],[9.4669,41.1433],[9.4642,41.1363],[9.4724,41.1343],[9.4684,41.1291],[9.472,41.1258],[9.4658,41.1263],[9.4495,41.1081],[9.4476,41.1015],[9.4498,41.1007],[9.4501,41.0974],[9.4489,41.0961],[9.4407,41.1037],[9.4439,41.1095],[9.4393,41.1264],[9.4453,41.1349],[9.4384,41.1341],[9.4298,41.1432],[9.4296,41.1561],[9.4054,41.1571],[9.4216,41.1659],[9.4234,41.1778],[9.4098,41.1775],[9.4074,41.173],[9.3928,41.1818],[9.3842,41.1784],[9.3812,41.1873],[9.3701,41.1834],[9.3634,41.2076],[9.3542,41.2027],[9.3488,41.2077],[9.3382,41.2046],[9.3305,41.1948],[9.3436,41.194],[9.3334,41.1855],[9.3193,41.1935],[9.3203,41.2029],[9.3143,41.1915],[9.2902,41.193],[9.289,41.1977],[9.3011,41.2019],[9.2878,41.2194],[9.2787,41.1983],[9.2798,41.1916],[9.2894,41.1899],[9.2855,41.184],[9.2659,41.1999],[9.2723,41.2013],[9.2809,41.2154],[9.2806,41.2278],[9.2706,41.2393],[9.2634,41.237],[9.2561,41.2432],[9.2472,41.2414],[9.2442,41.2474],[9.2371,41.246],[9.2352,41.259],[9.2151,41.2548],[9.2141,41.2466],[9.2043,41.2492],[9.1939,41.2346],[9.1942,41.2468],[9.1878,41.2453],[9.184,41.2523],[9.1637,41.2356],[9.1583,41.2393],[9.1625,41.2419],[9.1439,41.2466],[9.1381,41.2376],[9.1414,41.2325],[9.1583,41.236],[9.1673,41.2297],[9.161,41.2042],[9.1535,41.1977],[9.1626,41.1912],[9.1582,41.1841],[9.1713,41.1769],[9.1672,41.1676],[9.1498,41.1547],[9.1211,41.1553],[9.1231,41.1472],[9.1107,41.1351],[9.0864,41.1279],[9.0593,41.1276],[9.047,41.138],[9.0305,41.1324],[9.0291,41.1272],[9.0132,41.1252],[8.9799,41.0901],[8.9834,41.0863],[8.9368,41.0518],[8.9317,41.0424],[8.923,41.0422],[8.9185,41.0338],[8.9031,41.0352],[8.8918,41.0257],[8.879,41.0271],[8.8883,41.0168],[8.87,41.0139],[8.8773,41.0041],[8.8664,40.9873],[8.7947,40.9249],[8.7681,40.9159],[8.7438,40.9191],[8.7201,40.9129],[8.7127,40.9188],[8.7028,40.9144],[8.7052,40.9111],[8.6997,40.9147],[8.6842,40.9033],[8.6332,40.8825],[8.6248,40.864],[8.6062,40.8502],[8.5627,40.8319],[8.4633,40.8191],[8.4309,40.8298],[8.4167,40.8412],[8.4079,40.8378],[8.406,40.8417],[8.399,40.8451],[8.4055,40.8399],[8.3942,40.8396],[8.3995,40.8483],[8.3926,40.8381],[8.3795,40.8388],[8.3792,40.8484],[8.3772,40.8389],[8.3714,40.8365],[8.3576,40.8371],[8.3559,40.8473],[8.3552,40.8394],[8.348,40.8398],[8.3513,40.8502],[8.3848,40.8511],[8.3505,40.8505],[8.3475,40.8398],[8.3146,40.8444],[8.2688,40.874],[8.2332,40.91],[8.2349,40.9243],[8.2272,40.9308],[8.2295,40.938],[8.2241,40.9384],[8.2332,40.9399],[8.2337,40.9357],[8.237,40.9536],[8.2136,40.9597],[8.2017,40.9726],[8.1978,40.9603],[8.1838,40.9477],[8.1847,40.9395],[8.1766,40.9372],[8.192,40.9228],[8.1916,40.9133],[8.2203,40.9002],[8.2149,40.8969],[8.2237,40.8862],[8.216,40.8804],[8.219,40.8689],[8.2073,40.8494],[8.1909,40.8339],[8.1956,40.8284],[8.184,40.8177],[8.1877,40.812],[8.1791,40.8101],[8.1695,40.7964],[8.162,40.7959],[8.1669,40.7666],[8.1572,40.7488],[8.1309,40.7327],[8.1485,40.7249],[8.1554,40.7144],[8.1636,40.7143],[8.1756,40.7014],[8.175,40.6948],[8.2015,40.6892],[8.2053,40.6838],[8.1964,40.6784],[8.199,40.6729],[8.1893,40.6578],[8.1926,40.6536],[8.1847,40.6366],[8.1608,40.6337],[8.1618,40.6276],[8.1446,40.6232],[8.1504,40.579],[8.1558,40.5794],[8.164,40.5604],[8.1655,40.5731],[8.161,40.576],[8.1653,40.5839],[8.1711,40.5802],[8.1739,40.5883],[8.168,40.5929],[8.1815,40.5977],[8.1907,40.6072],[8.1892,40.6157],[8.1954,40.6184],[8.2099,40.6147],[8.2195,40.6012],[8.2162,40.5936],[8.2037,40.5939],[8.2083,40.5876],[8.1978,40.5757],[8.2036,40.5682],[8.2376,40.5725],[8.2449,40.569],[8.2465,40.5819],[8.2654,40.5812],[8.2678,40.5895],[8.276,40.5935],[8.2877,40.5909],[8.2875,40.5951],[8.3064,40.5862],[8.3183,40.5683],[8.3078,40.5645],[8.3162,40.5641],[8.3148,40.5605],[8.3054,40.5658],[8.3063,40.5623],[8.3205,40.5499],[8.3394,40.5092],[8.3376,40.5003],[8.3503,40.5036],[8.3707,40.4949],[8.3984,40.4297],[8.4004,40.4012],[8.3862,40.3725],[8.3896,40.3659],[8.3785,40.3581],[8.3876,40.3483],[8.3826,40.3388],[8.4206,40.3379],[8.4329,40.3333],[8.4435,40.3186],[8.4589,40.3195],[8.4682,40.3065],[8.4646,40.3005],[8.4761,40.2915],[8.4725,40.2868],[8.4837,40.2829],[8.4741,40.2434],[8.4617,40.2297],[8.4662,40.226],[8.4617,40.2089],[8.4678,40.1993],[8.456,40.1766],[8.4617,40.1716],[8.4598,40.1514],[8.4847,40.1178],[8.4856,40.1046],[8.4911,40.1029],[8.4861,40.0956],[8.4929,40.0869],[8.4522,40.0503],[8.4347,40.0516],[8.4119,40.0413],[8.3992,40.0513],[8.3965,40.0439],[8.3861,40.0443],[8.3764,40.0358],[8.3783,40.029],[8.4022,40.0323],[8.4142,40.0168],[8.4111,39.9994],[8.3915,39.9756],[8.3998,39.9656],[8.4028,39.9439],[8.3958,39.909],[8.402,39.8986],[8.4108,39.9009],[8.435,39.8841],[8.4389,39.8711],[8.4326,39.865],[8.4351,39.8584],[8.4426,39.8808],[8.4706,39.901],[8.4666,39.9038],[8.4908,39.9056],[8.4876,39.9015],[8.5064,39.9079],[8.5378,39.8914],[8.5456,39.8762],[8.5398,39.8698],[8.543,39.8653],[8.5705,39.8638],[8.5453,39.8604],[8.537,39.8654],[8.5453,39.8601],[8.5533,39.8595],[8.5531,39.8283],[8.5451,39.7944],[8.5327,39.7711],[8.5091,39.7533],[8.5195,39.7438],[8.504,39.7287],[8.5081,39.7242],[8.5023,39.713],[8.4906,39.7151],[8.4989,39.7176],[8.498,39.7216],[8.4589,39.7693],[8.4513,39.7694],[8.4434,39.7582],[8.4492,39.7402],[8.4451,39.7317],[8.4503,39.7274],[8.4447,39.7124],[8.4557,39.709],[8.4498,39.6881],[8.4426,39.6852],[8.4477,39.6812],[8.4455,39.6761],[8.4592,39.668],[8.4498,39.6573],[8.4539,39.6424],[8.4482,39.6354],[8.4535,39.6205],[8.4655,39.6163],[8.4645,39.6077],[8.471,39.6008],[8.4448,39.5358],[8.4068,39.4893],[8.3967,39.4854],[8.3846,39.4707],[8.3863,39.4634],[8.3794,39.4563],[8.3896,39.4523],[8.39,39.4465],[8.4109,39.4412],[8.4127,39.4272],[8.4025,39.4048],[8.3859,39.3948],[8.3782,39.3824],[8.3794,39.3739],[8.373,39.3746],[8.3763,39.3686],[8.3896,39.3651],[8.3848,39.3526],[8.3949,39.3493],[8.3971,39.3375],[8.4202,39.3326],[8.4167,39.3249],[8.4322,39.3114],[8.4369,39.2902],[8.4242,39.2681],[8.4109,39.2641],[8.3669,39.2283],[8.3681,39.2138],[8.3799,39.1998],[8.3796,39.2033],[8.39,39.1981],[8.3865,39.1931],[8.3921,39.2001],[8.4018,39.1936],[8.3986,39.1896],[8.3915,39.1923],[8.3996,39.189],[8.4069,39.159],[8.4133,39.1507],[8.407,39.1656],[8.4119,39.1663],[8.4127,39.1735],[8.4381,39.1555],[8.4389,39.1382],[8.4332,39.1303],[8.4401,39.1174],[8.4367,39.1116],[8.4587,39.121],[8.4677,39.119],[8.4781,39.0936],[8.4855,39.0882],[8.4815,39.0836],[8.4877,39.0891],[8.478,39.0611],[8.4668,39.058],[8.4693,39.0539],[8.494,39.0626],[8.519,39.0616],[8.5363,39.0582],[8.5346,39.0532],[8.5486,39.0445],[8.5651,39.0454],[8.5764,39.0234],[8.5666,39.012],[8.5649,39.0012],[8.5768,38.9828],[8.5729,38.9786],[8.5892,38.964],[8.5869,38.9556],[8.6047,38.9628]]],[[[8.4316,39.0959],[8.427,39.1083],[8.3804,39.0996],[8.3712,39.1141],[8.3604,39.1097],[8.3612,39.0986],[8.3509,39.0976],[8.3586,39.0858],[8.3488,39.0792],[8.3611,39.0523],[8.3605,39.0376],[8.3742,39.0229],[8.3709,39.0195],[8.3756,39.0117],[8.3857,39.0084],[8.3826,39.003],[8.3947,38.9893],[8.3968,38.976],[8.4036,38.974],[8.4033,38.9624],[8.4143,38.9553],[8.4448,38.969],[8.4406,38.9781],[8.4514,38.9896],[8.4508,39.0176],[8.469,39.0503],[8.4584,39.0662],[8.4565,39.0837],[8.4316,39.0959]]],[[[8.3097,39.148],[8.3096,39.1876],[8.296,39.1792],[8.2677,39.1817],[8.256,39.169],[8.2478,39.1698],[8.2416,39.1635],[8.2299,39.1656],[8.2194,39.1475],[8.2239,39.1409],[8.237,39.1425],[8.2514,39.1307],[8.2451,39.1229],[8.257,39.116],[8.2476,39.1086],[8.2732,39.0999],[8.2747,39.0942],[8.2941,39.0935],[8.2978,39.1003],[8.306,39.1002],[8.3105,39.1163],[8.3077,39.1304],[8.3139,39.1399],[8.3077,39.145],[8.3168,39.1458],[8.3097,39.148]]],[[[8.2268,40.9757],[8.2145,40.9828],[8.2115,40.9789],[8.2166,40.9675],[8.2255,40.9693],[8.2207,40.9752],[8.2268,40.9757]]],[[[8.3299,41.1113],[8.3166,41.1204],[8.3109,41.1084],[8.2751,41.1038],[8.2728,41.0961],[8.2829,41.0874],[8.28,41.0843],[8.2857,41.0757],[8.2671,41.0732],[8.2511,41.05],[8.221,41.0413],[8.2244,41.0354],[8.2176,41.0253],[8.2314,41.0239],[8.2129,41.0061],[8.2179,40.9928],[8.2113,40.9949],[8.209,40.9893],[8.2559,40.9842],[8.2648,41.0027],[8.2488,41.0135],[8.249,41.0269],[8.2348,41.0242],[8.2688,41.0467],[8.2574,41.0511],[8.2661,41.053],[8.2635,41.0564],[8.2754,41.0559],[8.281,41.0663],[8.3324,41.0501],[8.3291,41.0575],[8.3388,41.06],[8.341,41.0708],[8.3341,41.0799],[8.3506,41.0878],[8.345,41.0978],[8.3258,41.1011],[8.3227,41.1069],[8.3299,41.1113]]],[[[9.4229,41.1935],[9.4197,41.2074],[9.4109,41.2077],[9.397,41.1904],[9.4076,41.194],[9.4099,41.1864],[9.4229,41.1935]]],[[[9.4333,41.259],[9.4146,41.2681],[9.4165,41.2593],[9.4129,41.2587],[9.4183,41.2551],[9.4117,41.2499],[9.4029,41.2609],[9.3995,41.2609],[9.4037,41.2579],[9.4023,41.2447],[9.3923,41.2413],[9.39,41.2331],[9.3755,41.2302],[9.3771,41.2172],[9.3848,41.2158],[9.3815,41.2103],[9.4048,41.2103],[9.4166,41.2168],[9.4374,41.2143],[9.4394,41.2245],[9.4348,41.2286],[9.4327,41.2228],[9.4299,41.2304],[9.4373,41.2412],[9.4356,41.2479],[9.4291,41.247],[9.4327,41.2527],[9.4247,41.2575],[9.4333,41.259]]],[[[9.3537,41.2514],[9.3392,41.2535],[9.3331,41.2473],[9.3327,41.2357],[9.3394,41.2282],[9.3527,41.2318],[9.3607,41.2423],[9.3537,41.2514]]],[[[9.3596,41.2861],[9.3473,41.2893],[9.3349,41.2827],[9.3492,41.2758],[9.3565,41.2769],[9.3596,41.2861]]],[[[9.3845,41.2979],[9.3791,41.3081],[9.3611,41.293],[9.3674,41.2905],[9.3651,41.2875],[9.3845,41.2979]]],[[[9.3593,41.2942],[9.3413,41.3092],[9.3341,41.3057],[9.3343,41.3009],[9.3484,41.2989],[9.3373,41.2958],[9.3593,41.2942]]],[[[9.5351,39.0823],[9.5342,39.0895],[9.5293,39.0901],[9.5268,39.0847],[9.5351,39.0823]]],[[[9.7364,40.8761],[9.7159,40.8763],[9.7101,40.8694],[9.736,40.8592],[9.7433,40.8702],[9.7364,40.8761]]],[[[9.7375,40.9208],[9.7307,40.9194],[9.7374,40.9276],[9.6731,40.889],[9.6828,40.894],[9.6928,40.8878],[9.7194,40.9048],[9.7417,40.911],[9.7375,40.9208]]],[[[9.5791,41.0666],[9.5746,41.0695],[9.5693,41.064],[9.5758,41.061],[9.5791,41.0666]]],[[[9.6037,41.0748],[9.6094,41.0782],[9.6096,41.0824],[9.5968,41.076],[9.6013,41.0715],[9.6091,41.0736],[9.6037,41.0748]]],[[[9.4812,41.239],[9.4589,41.2435],[9.4633,41.242],[9.4602,41.223],[9.4498,41.2251],[9.453,41.2169],[9.446,41.2154],[9.451,41.2078],[9.448,41.2034],[9.4548,41.206],[9.4571,41.2004],[9.4436,41.2029],[9.4436,41.1905],[9.4336,41.1893],[9.44,41.1809],[9.4536,41.1922],[9.4528,41.1844],[9.4693,41.1801],[9.4696,41.1685],[9.4708,41.179],[9.4808,41.1814],[9.4811,41.1858],[9.4651,41.1832],[9.4645,41.1889],[9.4788,41.1995],[9.475,41.2051],[9.4798,41.2176],[9.4861,41.2155],[9.4887,41.2206],[9.4816,41.224],[9.4812,41.239]]]]}},{"type":"Feature","properties":{"id":"monica-di-sardegna","name":"Monica di Sardegna","full_name":"Monica di Sardegna","region":"Sardinia","grapes":["Aglianico","Albaranzeuli Nero","Alicante Bouschet","Alicante","Ancellotta","Barbera"],"key_appellations":["Monica di Sardegna"],"desc":"Monica di Sardegna is a protected wine appellation in Sardinia.","level":"appellation"},"geometry":{"type":"MultiPolygon","coordinates":[[[[8.6047,38.9628],[8.6153,38.9546],[8.6235,38.9373],[8.618,38.9277],[8.6208,38.9168],[8.6068,38.9055],[8.6068,38.8928],[8.6465,38.8943],[8.6407,38.8801],[8.6486,38.8751],[8.637,38.8688],[8.6401,38.8649],[8.6594,38.8692],[8.6554,38.8772],[8.6592,38.8825],[8.6483,38.8902],[8.6545,38.898],[8.6649,38.8939],[8.6705,38.8973],[8.6641,38.9125],[8.6811,38.9092],[8.6938,38.9187],[8.7005,38.916],[8.7119,38.9246],[8.718,38.9229],[8.7214,38.9273],[8.7165,38.9284],[8.7235,38.9317],[8.7211,38.9386],[8.7613,38.9168],[8.7803,38.9132],[8.7769,38.9045],[8.7943,38.8948],[8.8007,38.8841],[8.8034,38.9047],[8.8075,38.8919],[8.8167,38.8952],[8.8277,38.8905],[8.8326,38.8774],[8.8597,38.8775],[8.9987,38.9776],[8.9964,38.9855],[9.0216,38.9847],[9.0138,38.9904],[9.0271,39.0003],[9.0245,39.0202],[9.034,39.0292],[9.0458,39.0562],[9.0166,39.0866],[9.0089,39.1239],[9.0255,39.1582],[9.0652,39.1926],[9.0631,39.1931],[9.0619,39.1944],[9.0734,39.201],[9.0808,39.1967],[9.0939,39.1924],[9.0767,39.1993],[9.0807,39.2028],[9.0565,39.2174],[9.0591,39.222],[9.0845,39.2046],[9.0924,39.2091],[9.0968,39.1947],[9.0909,39.2151],[9.0953,39.2169],[9.1,39.2076],[9.1108,39.2012],[9.0988,39.2105],[9.1056,39.2073],[9.11,39.214],[9.1154,39.2116],[9.1132,39.2069],[9.1199,39.2083],[9.1283,39.2002],[9.1147,39.1995],[9.1094,39.1954],[9.1281,39.1999],[9.1468,39.183],[9.1522,39.1864],[9.1594,39.1807],[9.169,39.1885],[9.1596,39.1945],[9.1663,39.2057],[9.2072,39.2262],[9.2292,39.2281],[9.2475,39.2164],[9.2966,39.2132],[9.3045,39.2072],[9.3006,39.2048],[9.3201,39.2047],[9.3237,39.1974],[9.3383,39.1938],[9.35,39.1785],[9.3714,39.1735],[9.3853,39.1617],[9.3836,39.1576],[9.3948,39.1548],[9.3923,39.1447],[9.4295,39.134],[9.4375,39.1221],[9.4412,39.1274],[9.4665,39.127],[9.4847,39.1357],[9.5029,39.1312],[9.5097,39.1213],[9.5021,39.1084],[9.5238,39.0946],[9.5183,39.1048],[9.5236,39.1102],[9.5207,39.1173],[9.5388,39.1329],[9.5581,39.1316],[9.5672,39.1471],[9.5697,39.171],[9.5795,39.1762],[9.5778,39.1843],[9.5647,39.1893],[9.5628,39.1969],[9.5761,39.2542],[9.6032,39.2916],[9.6341,39.2993],[9.6054,39.3177],[9.596,39.3462],[9.613,39.3998],[9.632,39.4345],[9.6402,39.4422],[9.6424,39.4391],[9.6391,39.4501],[9.6463,39.4628],[9.6413,39.4827],[9.6448,39.4901],[9.6315,39.5016],[9.6387,39.5387],[9.6537,39.5525],[9.6497,39.5608],[9.6578,39.5783],[9.6473,39.6518],[9.652,39.6647],[9.6604,39.6679],[9.6644,39.6827],[9.66,39.6972],[9.67,39.7007],[9.677,39.711],[9.6766,39.7444],[9.6684,39.7676],[9.6708,39.7929],[9.6848,39.8412],[9.6966,39.8531],[9.6833,39.8682],[9.6823,39.9021],[9.6936,39.9192],[9.7044,39.9184],[9.7059,39.9246],[9.7137,39.9212],[9.7162,39.9305],[9.703,39.9446],[9.7074,39.9388],[9.6998,39.9359],[9.7027,39.9407],[9.6941,39.9394],[9.6882,39.9462],[9.6869,39.9844],[9.6998,40.0003],[9.7055,40.0335],[9.722,40.0492],[9.7275,40.0702],[9.7354,40.0784],[9.7291,40.0908],[9.6895,40.1082],[9.6541,40.1434],[9.6455,40.1705],[9.6289,40.1915],[9.6235,40.2506],[9.6366,40.2831],[9.6657,40.3198],[9.6767,40.3248],[9.6826,40.3374],[9.7231,40.3707],[9.7416,40.3812],[9.7547,40.3816],[9.7667,40.3921],[9.7733,40.4073],[9.772,40.4243],[9.7858,40.441],[9.7961,40.4415],[9.7938,40.447],[9.8209,40.4944],[9.8288,40.5285],[9.7947,40.5457],[9.7905,40.5715],[9.7538,40.5972],[9.7508,40.6055],[9.7547,40.6104],[9.7505,40.6124],[9.7566,40.6099],[9.7417,40.6339],[9.7535,40.6737],[9.7382,40.6967],[9.7228,40.6999],[9.7152,40.7097],[9.7125,40.722],[9.7183,40.7276],[9.7114,40.7398],[9.7178,40.7503],[9.7012,40.7546],[9.6711,40.7856],[9.6746,40.8055],[9.6883,40.8063],[9.6919,40.8113],[9.6807,40.8228],[9.6896,40.8311],[9.6865,40.8358],[9.6986,40.8367],[9.6985,40.8407],[9.6991,40.838],[9.698,40.834],[9.7082,40.8314],[9.72,40.8349],[9.728,40.8444],[9.7215,40.8399],[9.7132,40.8452],[9.705,40.8413],[9.6996,40.8481],[9.6934,40.8464],[9.6812,40.8613],[9.6651,40.8533],[9.6524,40.861],[9.6537,40.8705],[9.6596,40.8739],[9.6544,40.8798],[9.6457,40.8798],[9.6497,40.8773],[9.6426,40.8708],[9.6358,40.8844],[9.6257,40.882],[9.6272,40.888],[9.6161,40.8895],[9.6153,40.8945],[9.6247,40.8962],[9.6444,40.9199],[9.6307,40.9176],[9.6184,40.923],[9.588,40.8996],[9.5717,40.9081],[9.5794,40.9153],[9.5693,40.9119],[9.5616,40.9208],[9.556,40.916],[9.5624,40.9178],[9.5607,40.913],[9.5682,40.9108],[9.561,40.9082],[9.5582,40.9158],[9.5487,40.9149],[9.5522,40.9205],[9.5431,40.9188],[9.5446,40.9133],[9.5408,40.9108],[9.5379,40.9165],[9.5059,40.9113],[9.503,40.9183],[9.4945,40.9166],[9.5078,40.9244],[9.5247,40.9222],[9.5023,40.9276],[9.5278,40.9349],[9.5393,40.9259],[9.575,40.9279],[9.5682,40.9424],[9.5789,40.9463],[9.5774,40.9531],[9.5822,40.9549],[9.5786,40.9577],[9.5883,40.9595],[9.5938,40.9681],[9.5844,40.9729],[9.5823,40.9834],[9.5893,40.9901],[9.5988,40.9886],[9.5989,40.9951],[9.611,41.0033],[9.6212,41.0016],[9.6224,40.9931],[9.652,40.984],[9.6638,40.9977],[9.656,41.0042],[9.623,41.0044],[9.5952,41.0227],[9.5859,41.0107],[9.5761,41.015],[9.5774,41.0031],[9.5644,41.0094],[9.5595,41.0013],[9.551,41.0069],[9.5643,41.0271],[9.556,41.0304],[9.5611,41.0374],[9.5438,41.0273],[9.528,41.0298],[9.5274,41.0223],[9.522,41.0211],[9.5299,41.0194],[9.5252,41.0111],[9.5046,41.0079],[9.5016,41.0107],[9.5083,41.0158],[9.518,41.0171],[9.5155,41.0214],[9.5221,41.0352],[9.5258,41.0336],[9.5231,41.0529],[9.5346,41.0555],[9.5335,41.0621],[9.5405,41.061],[9.5414,41.065],[9.5288,41.0693],[9.5337,41.0812],[9.5426,41.0899],[9.5421,41.0825],[9.5531,41.078],[9.5625,41.0845],[9.5657,41.0986],[9.5722,41.0999],[9.5635,41.1022],[9.5697,41.1096],[9.5614,41.12],[9.5471,41.1125],[9.5406,41.1144],[9.5377,41.1222],[9.5461,41.1337],[9.5268,41.1333],[9.5384,41.1379],[9.5262,41.1457],[9.5315,41.1518],[9.5265,41.1567],[9.5092,41.1513],[9.5209,41.1417],[9.4964,41.1437],[9.4971,41.1359],[9.4857,41.1464],[9.4813,41.1404],[9.4669,41.1433],[9.4642,41.1363],[9.4724,41.1343],[9.4684,41.1291],[9.472,41.1258],[9.4658,41.1263],[9.4495,41.1081],[9.4476,41.1015],[9.4498,41.1007],[9.4501,41.0974],[9.4489,41.0961],[9.4407,41.1037],[9.4439,41.1095],[9.4393,41.1264],[9.4453,41.1349],[9.4384,41.1341],[9.4298,41.1432],[9.4296,41.1561],[9.4054,41.1571],[9.4216,41.1659],[9.4234,41.1778],[9.4098,41.1775],[9.4074,41.173],[9.3928,41.1818],[9.3842,41.1784],[9.3812,41.1873],[9.3701,41.1834],[9.3634,41.2076],[9.3542,41.2027],[9.3488,41.2077],[9.3382,41.2046],[9.3305,41.1948],[9.3436,41.194],[9.3334,41.1855],[9.3193,41.1935],[9.3203,41.2029],[9.3143,41.1915],[9.2902,41.193],[9.289,41.1977],[9.3011,41.2019],[9.2878,41.2194],[9.2787,41.1983],[9.2798,41.1916],[9.2894,41.1899],[9.2855,41.184],[9.2659,41.1999],[9.2723,41.2013],[9.2809,41.2154],[9.2806,41.2278],[9.2706,41.2393],[9.2634,41.237],[9.2561,41.2432],[9.2472,41.2414],[9.2442,41.2474],[9.2371,41.246],[9.2352,41.259],[9.2151,41.2548],[9.2141,41.2466],[9.2043,41.2492],[9.1939,41.2346],[9.1942,41.2468],[9.1878,41.2453],[9.184,41.2523],[9.1637,41.2356],[9.1583,41.2393],[9.1625,41.2419],[9.1439,41.2466],[9.1381,41.2376],[9.1414,41.2325],[9.1583,41.236],[9.1673,41.2297],[9.161,41.2042],[9.1535,41.1977],[9.1626,41.1912],[9.1582,41.1841],[9.1713,41.1769],[9.1672,41.1676],[9.1498,41.1547],[9.1211,41.1553],[9.1231,41.1472],[9.1107,41.1351],[9.0864,41.1279],[9.0593,41.1276],[9.047,41.138],[9.0305,41.1324],[9.0291,41.1272],[9.0132,41.1252],[8.9799,41.0901],[8.9834,41.0863],[8.9368,41.0518],[8.9317,41.0424],[8.923,41.0422],[8.9185,41.0338],[8.9031,41.0352],[8.8918,41.0257],[8.879,41.0271],[8.8883,41.0168],[8.87,41.0139],[8.8773,41.0041],[8.8664,40.9873],[8.7947,40.9249],[8.7681,40.9159],[8.7438,40.9191],[8.7201,40.9129],[8.7127,40.9188],[8.7028,40.9144],[8.7052,40.9111],[8.6997,40.9147],[8.6842,40.9033],[8.6332,40.8825],[8.6248,40.864],[8.6062,40.8502],[8.5627,40.8319],[8.4633,40.8191],[8.4309,40.8298],[8.4167,40.8412],[8.4079,40.8378],[8.406,40.8417],[8.399,40.8451],[8.4055,40.8399],[8.3942,40.8396],[8.3995,40.8483],[8.3926,40.8381],[8.3795,40.8388],[8.3792,40.8484],[8.3772,40.8389],[8.3714,40.8365],[8.3576,40.8371],[8.3559,40.8473],[8.3552,40.8394],[8.348,40.8398],[8.3513,40.8502],[8.3848,40.8511],[8.3505,40.8505],[8.3475,40.8398],[8.3146,40.8444],[8.2688,40.874],[8.2332,40.91],[8.2349,40.9243],[8.2272,40.9308],[8.2295,40.938],[8.2241,40.9384],[8.2332,40.9399],[8.2337,40.9357],[8.237,40.9536],[8.2136,40.9597],[8.2017,40.9726],[8.1978,40.9603],[8.1838,40.9477],[8.1847,40.9395],[8.1766,40.9372],[8.192,40.9228],[8.1916,40.9133],[8.2203,40.9002],[8.2149,40.8969],[8.2237,40.8862],[8.216,40.8804],[8.219,40.8689],[8.2073,40.8494],[8.1909,40.8339],[8.1956,40.8284],[8.184,40.8177],[8.1877,40.812],[8.1791,40.8101],[8.1695,40.7964],[8.162,40.7959],[8.1669,40.7666],[8.1572,40.7488],[8.1309,40.7327],[8.1485,40.7249],[8.1554,40.7144],[8.1636,40.7143],[8.1756,40.7014],[8.175,40.6948],[8.2015,40.6892],[8.2053,40.6838],[8.1964,40.6784],[8.199,40.6729],[8.1893,40.6578],[8.1926,40.6536],[8.1847,40.6366],[8.1608,40.6337],[8.1618,40.6276],[8.1446,40.6232],[8.1504,40.579],[8.1558,40.5794],[8.164,40.5604],[8.1655,40.5731],[8.161,40.576],[8.1653,40.5839],[8.1711,40.5802],[8.1739,40.5883],[8.168,40.5929],[8.1815,40.5977],[8.1907,40.6072],[8.1892,40.6157],[8.1954,40.6184],[8.2099,40.6147],[8.2195,40.6012],[8.2162,40.5936],[8.2037,40.5939],[8.2083,40.5876],[8.1978,40.5757],[8.2036,40.5682],[8.2376,40.5725],[8.2449,40.569],[8.2465,40.5819],[8.2654,40.5812],[8.2678,40.5895],[8.276,40.5935],[8.2877,40.5909],[8.2875,40.5951],[8.3064,40.5862],[8.3183,40.5683],[8.3078,40.5645],[8.3162,40.5641],[8.3148,40.5605],[8.3054,40.5658],[8.3063,40.5623],[8.3205,40.5499],[8.3394,40.5092],[8.3376,40.5003],[8.3503,40.5036],[8.3707,40.4949],[8.3984,40.4297],[8.4004,40.4012],[8.3862,40.3725],[8.3896,40.3659],[8.3785,40.3581],[8.3876,40.3483],[8.3826,40.3388],[8.4206,40.3379],[8.4329,40.3333],[8.4435,40.3186],[8.4589,40.3195],[8.4682,40.3065],[8.4646,40.3005],[8.4761,40.2915],[8.4725,40.2868],[8.4837,40.2829],[8.4741,40.2434],[8.4617,40.2297],[8.4662,40.226],[8.4617,40.2089],[8.4678,40.1993],[8.456,40.1766],[8.4617,40.1716],[8.4598,40.1514],[8.4847,40.1178],[8.4856,40.1046],[8.4911,40.1029],[8.4861,40.0956],[8.4929,40.0869],[8.4522,40.0503],[8.4347,40.0516],[8.4119,40.0413],[8.3992,40.0513],[8.3965,40.0439],[8.3861,40.0443],[8.3764,40.0358],[8.3783,40.029],[8.4022,40.0323],[8.4142,40.0168],[8.4111,39.9994],[8.3915,39.9756],[8.3998,39.9656],[8.4028,39.9439],[8.3958,39.909],[8.402,39.8986],[8.4108,39.9009],[8.435,39.8841],[8.4389,39.8711],[8.4326,39.865],[8.4351,39.8584],[8.4426,39.8808],[8.4706,39.901],[8.4666,39.9038],[8.4908,39.9056],[8.4876,39.9015],[8.5064,39.9079],[8.5378,39.8914],[8.5456,39.8762],[8.5398,39.8698],[8.543,39.8653],[8.5705,39.8638],[8.5453,39.8604],[8.537,39.8654],[8.5453,39.8601],[8.5533,39.8595],[8.5531,39.8283],[8.5451,39.7944],[8.5327,39.7711],[8.5091,39.7533],[8.5195,39.7438],[8.504,39.7287],[8.5081,39.7242],[8.5023,39.713],[8.4906,39.7151],[8.4989,39.7176],[8.498,39.7216],[8.4589,39.7693],[8.4513,39.7694],[8.4434,39.7582],[8.4492,39.7402],[8.4451,39.7317],[8.4503,39.7274],[8.4447,39.7124],[8.4557,39.709],[8.4498,39.6881],[8.4426,39.6852],[8.4477,39.6812],[8.4455,39.6761],[8.4592,39.668],[8.4498,39.6573],[8.4539,39.6424],[8.4482,39.6354],[8.4535,39.6205],[8.4655,39.6163],[8.4645,39.6077],[8.471,39.6008],[8.4448,39.5358],[8.4068,39.4893],[8.3967,39.4854],[8.3846,39.4707],[8.3863,39.4634],[8.3794,39.4563],[8.3896,39.4523],[8.39,39.4465],[8.4109,39.4412],[8.4127,39.4272],[8.4025,39.4048],[8.3859,39.3948],[8.3782,39.3824],[8.3794,39.3739],[8.373,39.3746],[8.3763,39.3686],[8.3896,39.3651],[8.3848,39.3526],[8.3949,39.3493],[8.3971,39.3375],[8.4202,39.3326],[8.4167,39.3249],[8.4322,39.3114],[8.4369,39.2902],[8.4242,39.2681],[8.4109,39.2641],[8.3669,39.2283],[8.3681,39.2138],[8.3799,39.1998],[8.3796,39.2033],[8.39,39.1981],[8.3865,39.1931],[8.3921,39.2001],[8.4018,39.1936],[8.3986,39.1896],[8.3915,39.1923],[8.3996,39.189],[8.4069,39.159],[8.4133,39.1507],[8.407,39.1656],[8.4119,39.1663],[8.4127,39.1735],[8.4381,39.1555],[8.4389,39.1382],[8.4332,39.1303],[8.4401,39.1174],[8.4367,39.1116],[8.4587,39.121],[8.4677,39.119],[8.4781,39.0936],[8.4855,39.0882],[8.4815,39.0836],[8.4877,39.0891],[8.478,39.0611],[8.4668,39.058],[8.4693,39.0539],[8.494,39.0626],[8.519,39.0616],[8.5363,39.0582],[8.5346,39.0532],[8.5486,39.0445],[8.5651,39.0454],[8.5764,39.0234],[8.5666,39.012],[8.5649,39.0012],[8.5768,38.9828],[8.5729,38.9786],[8.5892,38.964],[8.5869,38.9556],[8.6047,38.9628]]],[[[8.4316,39.0959],[8.427,39.1083],[8.3804,39.0996],[8.3712,39.1141],[8.3604,39.1097],[8.3612,39.0986],[8.3509,39.0976],[8.3586,39.0858],[8.3488,39.0792],[8.3611,39.0523],[8.3605,39.0376],[8.3742,39.0229],[8.3709,39.0195],[8.3756,39.0117],[8.3857,39.0084],[8.3826,39.003],[8.3947,38.9893],[8.3968,38.976],[8.4036,38.974],[8.4033,38.9624],[8.4143,38.9553],[8.4448,38.969],[8.4406,38.9781],[8.4514,38.9896],[8.4508,39.0176],[8.469,39.0503],[8.4584,39.0662],[8.4565,39.0837],[8.4316,39.0959]]],[[[8.3097,39.148],[8.3096,39.1876],[8.296,39.1792],[8.2677,39.1817],[8.256,39.169],[8.2478,39.1698],[8.2416,39.1635],[8.2299,39.1656],[8.2194,39.1475],[8.2239,39.1409],[8.237,39.1425],[8.2514,39.1307],[8.2451,39.1229],[8.257,39.116],[8.2476,39.1086],[8.2732,39.0999],[8.2747,39.0942],[8.2941,39.0935],[8.2978,39.1003],[8.306,39.1002],[8.3105,39.1163],[8.3077,39.1304],[8.3139,39.1399],[8.3077,39.145],[8.3168,39.1458],[8.3097,39.148]]],[[[8.2268,40.9757],[8.2145,40.9828],[8.2115,40.9789],[8.2166,40.9675],[8.2255,40.9693],[8.2207,40.9752],[8.2268,40.9757]]],[[[8.3299,41.1113],[8.3166,41.1204],[8.3109,41.1084],[8.2751,41.1038],[8.2728,41.0961],[8.2829,41.0874],[8.28,41.0843],[8.2857,41.0757],[8.2671,41.0732],[8.2511,41.05],[8.221,41.0413],[8.2244,41.0354],[8.2176,41.0253],[8.2314,41.0239],[8.2129,41.0061],[8.2179,40.9928],[8.2113,40.9949],[8.209,40.9893],[8.2559,40.9842],[8.2648,41.0027],[8.2488,41.0135],[8.249,41.0269],[8.2348,41.0242],[8.2688,41.0467],[8.2574,41.0511],[8.2661,41.053],[8.2635,41.0564],[8.2754,41.0559],[8.281,41.0663],[8.3324,41.0501],[8.3291,41.0575],[8.3388,41.06],[8.341,41.0708],[8.3341,41.0799],[8.3506,41.0878],[8.345,41.0978],[8.3258,41.1011],[8.3227,41.1069],[8.3299,41.1113]]],[[[9.4229,41.1935],[9.4197,41.2074],[9.4109,41.2077],[9.397,41.1904],[9.4076,41.194],[9.4099,41.1864],[9.4229,41.1935]]],[[[9.4333,41.259],[9.4146,41.2681],[9.4165,41.2593],[9.4129,41.2587],[9.4183,41.2551],[9.4117,41.2499],[9.4029,41.2609],[9.3995,41.2609],[9.4037,41.2579],[9.4023,41.2447],[9.3923,41.2413],[9.39,41.2331],[9.3755,41.2302],[9.3771,41.2172],[9.3848,41.2158],[9.3815,41.2103],[9.4048,41.2103],[9.4166,41.2168],[9.4374,41.2143],[9.4394,41.2245],[9.4348,41.2286],[9.4327,41.2228],[9.4299,41.2304],[9.4373,41.2412],[9.4356,41.2479],[9.4291,41.247],[9.4327,41.2527],[9.4247,41.2575],[9.4333,41.259]]],[[[9.3537,41.2514],[9.3392,41.2535],[9.3331,41.2473],[9.3327,41.2357],[9.3394,41.2282],[9.3527,41.2318],[9.3607,41.2423],[9.3537,41.2514]]],[[[9.3596,41.2861],[9.3473,41.2893],[9.3349,41.2827],[9.3492,41.2758],[9.3565,41.2769],[9.3596,41.2861]]],[[[9.3845,41.2979],[9.3791,41.3081],[9.3611,41.293],[9.3674,41.2905],[9.3651,41.2875],[9.3845,41.2979]]],[[[9.3593,41.2942],[9.3413,41.3092],[9.3341,41.3057],[9.3343,41.3009],[9.3484,41.2989],[9.3373,41.2958],[9.3593,41.2942]]],[[[9.5351,39.0823],[9.5342,39.0895],[9.5293,39.0901],[9.5268,39.0847],[9.5351,39.0823]]],[[[9.7364,40.8761],[9.7159,40.8763],[9.7101,40.8694],[9.736,40.8592],[9.7433,40.8702],[9.7364,40.8761]]],[[[9.7375,40.9208],[9.7307,40.9194],[9.7374,40.9276],[9.6731,40.889],[9.6828,40.894],[9.6928,40.8878],[9.7194,40.9048],[9.7417,40.911],[9.7375,40.9208]]],[[[9.5791,41.0666],[9.5746,41.0695],[9.5693,41.064],[9.5758,41.061],[9.5791,41.0666]]],[[[9.6037,41.0748],[9.6094,41.0782],[9.6096,41.0824],[9.5968,41.076],[9.6013,41.0715],[9.6091,41.0736],[9.6037,41.0748]]],[[[9.4812,41.239],[9.4589,41.2435],[9.4633,41.242],[9.4602,41.223],[9.4498,41.2251],[9.453,41.2169],[9.446,41.2154],[9.451,41.2078],[9.448,41.2034],[9.4548,41.206],[9.4571,41.2004],[9.4436,41.2029],[9.4436,41.1905],[9.4336,41.1893],[9.44,41.1809],[9.4536,41.1922],[9.4528,41.1844],[9.4693,41.1801],[9.4696,41.1685],[9.4708,41.179],[9.4808,41.1814],[9.4811,41.1858],[9.4651,41.1832],[9.4645,41.1889],[9.4788,41.1995],[9.475,41.2051],[9.4798,41.2176],[9.4861,41.2155],[9.4887,41.2206],[9.4816,41.224],[9.4812,41.239]]]]}},{"type":"Feature","properties":{"id":"nuragus-di-cagliari","name":"Nuragus di Cagliari","full_name":"Nuragus di Cagliari","region":"Sardinia","grapes":["Albaranzeuli Bianco","Ansonica","Arneis","Arvesiniadu","Biancolella","Clairette"],"key_appellations":["Nuragus di Cagliari"],"desc":"Nuragus di Cagliari is a protected wine appellation in Sardinia.","level":"appellation"},"geometry":{"type":"MultiPolygon","coordinates":[[[[8.6047,38.9628],[8.6153,38.9546],[8.6235,38.9373],[8.618,38.9277],[8.6208,38.9168],[8.6068,38.9055],[8.6068,38.8928],[8.6465,38.8943],[8.6407,38.8801],[8.6486,38.8751],[8.637,38.8688],[8.6401,38.8649],[8.6594,38.8692],[8.6554,38.8772],[8.6592,38.8825],[8.6483,38.8902],[8.6545,38.898],[8.6649,38.8939],[8.6705,38.8973],[8.6641,38.9125],[8.6811,38.9092],[8.6938,38.9187],[8.7005,38.916],[8.7119,38.9246],[8.718,38.9229],[8.7214,38.9273],[8.7165,38.9284],[8.7235,38.9317],[8.7211,38.9386],[8.7613,38.9168],[8.7803,38.9132],[8.7769,38.9045],[8.7943,38.8948],[8.8007,38.8841],[8.8034,38.9047],[8.8075,38.8919],[8.8167,38.8952],[8.8277,38.8905],[8.8326,38.8774],[8.8597,38.8775],[8.9987,38.9776],[8.9964,38.9855],[9.0216,38.9847],[9.0138,38.9904],[9.0271,39.0003],[9.0245,39.0202],[9.034,39.0292],[9.0458,39.0562],[9.0166,39.0866],[9.0089,39.1239],[9.0255,39.1582],[9.0652,39.1926],[9.0631,39.1931],[9.0619,39.1944],[9.0734,39.201],[9.0808,39.1967],[9.0939,39.1924],[9.0767,39.1993],[9.0807,39.2028],[9.0565,39.2174],[9.0591,39.222],[9.0845,39.2046],[9.0924,39.2091],[9.0968,39.1947],[9.0909,39.2151],[9.0953,39.2169],[9.1,39.2076],[9.1108,39.2012],[9.0988,39.2105],[9.1056,39.2073],[9.11,39.214],[9.1154,39.2116],[9.1132,39.2069],[9.1199,39.2083],[9.1283,39.2002],[9.1147,39.1995],[9.1094,39.1954],[9.1281,39.1999],[9.1468,39.183],[9.1522,39.1864],[9.1594,39.1807],[9.169,39.1885],[9.1596,39.1945],[9.1663,39.2057],[9.2072,39.2262],[9.2292,39.2281],[9.2475,39.2164],[9.2966,39.2132],[9.3045,39.2072],[9.3006,39.2048],[9.3201,39.2047],[9.3237,39.1974],[9.3383,39.1938],[9.35,39.1785],[9.3714,39.1735],[9.3853,39.1617],[9.3836,39.1576],[9.3948,39.1548],[9.3923,39.1447],[9.4295,39.134],[9.4375,39.1221],[9.4412,39.1274],[9.4665,39.127],[9.4847,39.1357],[9.5029,39.1312],[9.5097,39.1213],[9.5021,39.1084],[9.5238,39.0946],[9.5183,39.1048],[9.5236,39.1102],[9.5207,39.1173],[9.5388,39.1329],[9.5581,39.1316],[9.5672,39.1471],[9.5697,39.171],[9.5795,39.1762],[9.5778,39.1843],[9.5647,39.1893],[9.5628,39.1969],[9.5761,39.2542],[9.6032,39.2916],[9.6341,39.2993],[9.6054,39.3177],[9.596,39.3462],[9.613,39.3998],[9.632,39.4345],[9.6402,39.4422],[9.6424,39.4391],[9.6391,39.4501],[9.6463,39.4628],[9.6413,39.4827],[9.6448,39.4901],[9.6328,39.4965],[9.632,39.5098],[9.6399,39.5418],[9.6511,39.5493],[9.5934,39.574],[9.5502,39.5753],[9.5465,39.5841],[9.5236,39.5887],[9.5261,39.6027],[9.5128,39.6058],[9.5102,39.6097],[9.5142,39.6108],[9.5067,39.6172],[9.5083,39.6281],[9.5031,39.6203],[9.4863,39.6169],[9.4721,39.6339],[9.457,39.6417],[9.4384,39.6416],[9.4337,39.6261],[9.3957,39.6116],[9.3978,39.6002],[9.3899,39.5969],[9.3934,39.5941],[9.3869,39.5866],[9.3139,39.5779],[9.3061,39.5943],[9.2923,39.596],[9.2961,39.6055],[9.306,39.6063],[9.3135,39.6176],[9.3017,39.6418],[9.3149,39.6708],[9.2993,39.686],[9.2982,39.701],[9.2647,39.7292],[9.2501,39.732],[9.2339,39.7576],[9.2035,39.7612],[9.1796,39.7499],[9.1689,39.7559],[9.1585,39.788],[9.1582,39.8106],[9.1663,39.8256],[9.1467,39.8458],[9.1276,39.8395],[9.1136,39.8496],[9.1063,39.847],[9.1,39.8308],[9.0836,39.8277],[9.0543,39.8009],[9.0294,39.8108],[9.0316,39.8198],[9.0223,39.8193],[9.0085,39.8284],[8.989,39.8247],[8.987,39.8311],[8.9542,39.8433],[8.9582,39.8581],[8.9734,39.8588],[8.9801,39.873],[8.9653,39.8957],[8.9793,39.9049],[8.981,39.913],[8.9882,39.9141],[8.9834,39.9174],[8.9954,39.936],[8.9889,39.9434],[8.997,39.9493],[8.9936,39.958],[9.0179,39.9803],[9.0067,39.9922],[8.9916,39.9867],[8.9565,39.9929],[8.9458,40.0071],[8.9453,40.0203],[8.9655,40.0379],[8.9665,40.0463],[8.9882,40.0572],[9.0058,40.0547],[9.0266,40.0377],[9.0413,40.0583],[9.0484,40.0588],[9.0366,40.0637],[9.0354,40.0955],[9.0169,40.1263],[9.0024,40.1344],[9.0177,40.1442],[9.019,40.1551],[9.0126,40.1706],[8.998,40.1803],[9.0173,40.1937],[8.9825,40.2183],[8.9103,40.2081],[8.8494,40.21],[8.7821,40.1898],[8.7647,40.1971],[8.7413,40.1806],[8.7432,40.2008],[8.7182,40.2054],[8.7097,40.2142],[8.6946,40.2121],[8.682,40.2031],[8.6699,40.2042],[8.6504,40.1934],[8.621,40.1871],[8.6141,40.1707],[8.6152,40.1553],[8.6048,40.1435],[8.5573,40.139],[8.5499,40.1273],[8.5621,40.1252],[8.5424,40.1182],[8.5542,40.1013],[8.5348,40.0958],[8.5186,40.0636],[8.4833,40.0742],[8.4522,40.0503],[8.4347,40.0516],[8.4119,40.0413],[8.3992,40.0513],[8.3965,40.0439],[8.3861,40.0443],[8.3764,40.0358],[8.3783,40.029],[8.4022,40.0323],[8.4136,40.0192],[8.4111,39.9994],[8.3915,39.9756],[8.3998,39.9656],[8.4028,39.9439],[8.3958,39.909],[8.402,39.8986],[8.4108,39.9009],[8.435,39.8841],[8.4389,39.8711],[8.4327,39.8603],[8.4366,39.8585],[8.4403,39.8652],[8.4441,39.8826],[8.4706,39.901],[8.4666,39.9038],[8.4908,39.9056],[8.4876,39.9015],[8.5064,39.9079],[8.5378,39.8914],[8.5456,39.8762],[8.5398,39.8698],[8.543,39.8653],[8.5705,39.8638],[8.5453,39.8604],[8.537,39.8654],[8.5453,39.8601],[8.5533,39.8595],[8.5531,39.8283],[8.5451,39.7944],[8.5327,39.7711],[8.5091,39.7533],[8.5195,39.7438],[8.504,39.7287],[8.5081,39.7242],[8.5023,39.713],[8.4906,39.7151],[8.4989,39.7176],[8.498,39.7216],[8.4589,39.7693],[8.4513,39.7694],[8.4434,39.7582],[8.4492,39.7402],[8.4451,39.7317],[8.4503,39.7274],[8.4447,39.7124],[8.4557,39.709],[8.4498,39.6881],[8.4426,39.6852],[8.4477,39.6812],[8.4455,39.6761],[8.4592,39.668],[8.4498,39.6573],[8.4539,39.6424],[8.4482,39.6354],[8.4535,39.6205],[8.4655,39.6163],[8.4645,39.6077],[8.471,39.6008],[8.4448,39.5358],[8.4068,39.4893],[8.3967,39.4854],[8.3846,39.4707],[8.3863,39.4634],[8.3794,39.4563],[8.3896,39.4523],[8.39,39.4465],[8.4109,39.4412],[8.4127,39.4272],[8.4025,39.4048],[8.3859,39.3948],[8.3782,39.3824],[8.3794,39.3739],[8.373,39.3746],[8.3763,39.3686],[8.3896,39.3651],[8.3848,39.3526],[8.3949,39.3493],[8.3971,39.3375],[8.4202,39.3326],[8.4167,39.3249],[8.4322,39.3114],[8.4369,39.2902],[8.4242,39.2681],[8.4109,39.2641],[8.3669,39.2283],[8.3681,39.2138],[8.3799,39.1998],[8.3796,39.2033],[8.39,39.1981],[8.3865,39.1931],[8.3921,39.2001],[8.4018,39.1936],[8.3986,39.1896],[8.3915,39.1923],[8.3996,39.189],[8.4069,39.159],[8.4133,39.1507],[8.407,39.1656],[8.4119,39.1663],[8.4127,39.1735],[8.4381,39.1555],[8.4389,39.1382],[8.4332,39.1303],[8.4401,39.1174],[8.4367,39.1116],[8.4587,39.121],[8.4677,39.119],[8.4781,39.0936],[8.4855,39.0882],[8.4815,39.0836],[8.4877,39.0891],[8.478,39.0611],[8.4668,39.058],[8.4693,39.0539],[8.494,39.0626],[8.519,39.0616],[8.5363,39.0582],[8.5346,39.0532],[8.5486,39.0445],[8.5651,39.0454],[8.5764,39.0234],[8.5666,39.012],[8.5649,39.0012],[8.5768,38.9828],[8.5729,38.9786],[8.5892,38.964],[8.5869,38.9556],[8.6047,38.9628]],[[8.8445,39.7614],[8.8517,39.744],[8.8459,39.7415],[8.8116,39.737],[8.804,39.7446],[8.8035,39.7489],[8.8221,39.758],[8.8445,39.7614]],[[8.8683,40.1429],[8.8642,40.1445],[8.8735,40.1498],[8.8882,40.1451],[8.8907,40.1363],[8.8887,40.1291],[8.8785,40.1244],[8.8814,40.1203],[8.8734,40.1025],[8.875,40.0893],[8.8585,40.0986],[8.863,40.1082],[8.8571,40.1147],[8.8683,40.1429]]],[[[8.4316,39.0959],[8.427,39.1083],[8.3804,39.0996],[8.3712,39.1141],[8.3604,39.1097],[8.3612,39.0986],[8.3509,39.0976],[8.3586,39.0858],[8.3488,39.0792],[8.3611,39.0523],[8.3605,39.0376],[8.3742,39.0229],[8.3709,39.0195],[8.3756,39.0117],[8.3857,39.0084],[8.3826,39.003],[8.3947,38.9893],[8.3968,38.976],[8.4036,38.974],[8.4033,38.9624],[8.4143,38.9553],[8.4448,38.969],[8.4406,38.9781],[8.4514,38.9896],[8.4508,39.0176],[8.469,39.0503],[8.4584,39.0662],[8.4565,39.0837],[8.4316,39.0959]]],[[[8.3097,39.148],[8.3096,39.1876],[8.296,39.1792],[8.2677,39.1817],[8.256,39.169],[8.2478,39.1698],[8.2416,39.1635],[8.2299,39.1656],[8.2194,39.1475],[8.2239,39.1409],[8.237,39.1425],[8.2514,39.1307],[8.2451,39.1229],[8.257,39.116],[8.2476,39.1086],[8.2732,39.0999],[8.2747,39.0942],[8.2941,39.0935],[8.2978,39.1003],[8.306,39.1002],[8.3105,39.1163],[8.3077,39.1304],[8.3139,39.1399],[8.3077,39.145],[8.3168,39.1458],[8.3097,39.148]]],[[[8.5199,40.2297],[8.4942,40.1951],[8.5211,40.2041],[8.5239,40.2006],[8.5364,40.2065],[8.5587,40.2065],[8.5731,40.2233],[8.5493,40.2356],[8.5199,40.2297]]],[[[9.5351,39.0823],[9.5342,39.0895],[9.5293,39.0901],[9.5268,39.0847],[9.5351,39.0823]]],[[[8.8793,40.1204],[8.8763,40.1229],[8.8751,40.1183],[8.8793,40.1204]]]]}},{"type":"Feature","properties":{"id":"campidano-di-terralba","name":"Campidano di Terralba","full_name":"Campidano di Terralba / Terralba","region":"Sardinia","grapes":["Aglianico","Albaranzeuli Nero","Alicante Bouschet","Alicante","Ancellotta","Barbera"],"key_appellations":["Campidano di Terralba"],"desc":"Campidano di Terralba is a protected wine appellation in Sardinia.","level":"appellation"},"geometry":{"type":"Polygon","coordinates":[[[8.7065,39.4939],[8.755,39.5069],[8.8183,39.5152],[8.8189,39.5217],[8.8351,39.5281],[8.8566,39.5781],[8.8707,39.5978],[8.8856,39.6084],[8.9023,39.6111],[8.8681,39.6467],[8.8613,39.6639],[8.8496,39.664],[8.8618,39.6682],[8.8644,39.6842],[8.8787,39.6946],[8.8815,39.7049],[8.8941,39.7116],[8.8806,39.7305],[8.8546,39.7436],[8.8116,39.737],[8.7721,39.7764],[8.7417,39.7982],[8.7547,39.827],[8.7385,39.8354],[8.7297,39.8592],[8.6756,39.8834],[8.6388,39.8852],[8.622,39.893],[8.5981,39.8886],[8.57,39.8693],[8.5412,39.8819],[8.5456,39.8762],[8.5398,39.8698],[8.543,39.8653],[8.5702,39.8655],[8.5617,39.8596],[8.537,39.8654],[8.5533,39.8595],[8.5529,39.8295],[8.622,39.8297],[8.6224,39.8242],[8.6356,39.82],[8.6457,39.7999],[8.6413,39.7788],[8.623,39.7778],[8.6196,39.7616],[8.6115,39.758],[8.6114,39.7669],[8.5926,39.7644],[8.5905,39.758],[8.6079,39.7414],[8.5857,39.731],[8.5857,39.7089],[8.593,39.7063],[8.5292,39.7103],[8.5225,39.7207],[8.5148,39.7209],[8.5142,39.7327],[8.504,39.7287],[8.5081,39.7242],[8.5023,39.713],[8.4911,39.7148],[8.4989,39.7176],[8.498,39.7216],[8.4611,39.7673],[8.4501,39.7681],[8.4434,39.7582],[8.4492,39.7402],[8.4451,39.7317],[8.4503,39.7274],[8.4447,39.7124],[8.4557,39.709],[8.4498,39.6881],[8.4426,39.6852],[8.4477,39.6812],[8.4455,39.6761],[8.4592,39.668],[8.4498,39.6573],[8.4539,39.6424],[8.4482,39.6354],[8.4535,39.6205],[8.466,39.6155],[8.4705,39.5984],[8.4448,39.5358],[8.4068,39.4893],[8.3874,39.4757],[8.3845,39.4591],[8.3792,39.4567],[8.393,39.4465],[8.4101,39.4553],[8.4138,39.4661],[8.4269,39.4705],[8.4358,39.4716],[8.4515,39.4624],[8.4851,39.4736],[8.496,39.4831],[8.5299,39.4805],[8.5471,39.4587],[8.5822,39.4445],[8.584,39.4315],[8.6115,39.4234],[8.6703,39.4531],[8.6653,39.4759],[8.7065,39.4939]]]}},{"type":"Feature","properties":{"id":"vermentino-di-sardegna","name":"Vermentino di Sardegna","full_name":"Vermentino di Sardegna","region":"Sardinia","grapes":["Albaranzeuli Bianco","Ansonica","Arneis","Arvesiniadu","Biancolella","Clairette"],"key_appellations":["Vermentino di Sardegna"],"desc":"Vermentino di Sardegna is a protected wine appellation in Sardinia.","level":"appellation"},"geometry":{"type":"MultiPolygon","coordinates":[[[[8.6047,38.9628],[8.6153,38.9546],[8.6235,38.9373],[8.618,38.9277],[8.6208,38.9168],[8.6068,38.9055],[8.6068,38.8928],[8.6465,38.8943],[8.6407,38.8801],[8.6486,38.8751],[8.637,38.8688],[8.6401,38.8649],[8.6594,38.8692],[8.6554,38.8772],[8.6592,38.8825],[8.6483,38.8902],[8.6545,38.898],[8.6649,38.8939],[8.6705,38.8973],[8.6641,38.9125],[8.6811,38.9092],[8.6938,38.9187],[8.7005,38.916],[8.7119,38.9246],[8.718,38.9229],[8.7214,38.9273],[8.7165,38.9284],[8.7235,38.9317],[8.7211,38.9386],[8.7613,38.9168],[8.7803,38.9132],[8.7769,38.9045],[8.7943,38.8948],[8.8007,38.8841],[8.8034,38.9047],[8.8075,38.8919],[8.8167,38.8952],[8.8277,38.8905],[8.8326,38.8774],[8.8597,38.8775],[8.9987,38.9776],[8.9964,38.9855],[9.0216,38.9847],[9.0138,38.9904],[9.0271,39.0003],[9.0245,39.0202],[9.034,39.0292],[9.0458,39.0562],[9.0166,39.0866],[9.0089,39.1239],[9.0255,39.1582],[9.0652,39.1926],[9.0631,39.1931],[9.0619,39.1944],[9.0734,39.201],[9.0808,39.1967],[9.0939,39.1924],[9.0767,39.1993],[9.0807,39.2028],[9.0565,39.2174],[9.0591,39.222],[9.0845,39.2046],[9.0924,39.2091],[9.0968,39.1947],[9.0909,39.2151],[9.0953,39.2169],[9.1,39.2076],[9.1108,39.2012],[9.0988,39.2105],[9.1056,39.2073],[9.11,39.214],[9.1154,39.2116],[9.1132,39.2069],[9.1199,39.2083],[9.1283,39.2002],[9.1147,39.1995],[9.1094,39.1954],[9.1281,39.1999],[9.1468,39.183],[9.1522,39.1864],[9.1594,39.1807],[9.169,39.1885],[9.1596,39.1945],[9.1663,39.2057],[9.2072,39.2262],[9.2292,39.2281],[9.2475,39.2164],[9.2966,39.2132],[9.3045,39.2072],[9.3006,39.2048],[9.3201,39.2047],[9.3237,39.1974],[9.3383,39.1938],[9.35,39.1785],[9.3714,39.1735],[9.3853,39.1617],[9.3836,39.1576],[9.3948,39.1548],[9.3923,39.1447],[9.4295,39.134],[9.4375,39.1221],[9.4412,39.1274],[9.4665,39.127],[9.4847,39.1357],[9.5029,39.1312],[9.5097,39.1213],[9.5021,39.1084],[9.5238,39.0946],[9.5183,39.1048],[9.5236,39.1102],[9.5207,39.1173],[9.5388,39.1329],[9.5581,39.1316],[9.5672,39.1471],[9.5697,39.171],[9.5795,39.1762],[9.5778,39.1843],[9.5647,39.1893],[9.5628,39.1969],[9.5761,39.2542],[9.6032,39.2916],[9.6341,39.2993],[9.6054,39.3177],[9.596,39.3462],[9.613,39.3998],[9.632,39.4345],[9.6402,39.4422],[9.6424,39.4391],[9.6391,39.4501],[9.6463,39.4628],[9.6413,39.4827],[9.6448,39.4901],[9.6315,39.5016],[9.6387,39.5387],[9.6537,39.5525],[9.6497,39.5608],[9.6578,39.5783],[9.6473,39.6518],[9.652,39.6647],[9.6604,39.6679],[9.6644,39.6827],[9.66,39.6972],[9.67,39.7007],[9.677,39.711],[9.6766,39.7444],[9.6684,39.7676],[9.6708,39.7929],[9.6848,39.8412],[9.6966,39.8531],[9.6833,39.8682],[9.6823,39.9021],[9.6936,39.9192],[9.7044,39.9184],[9.7059,39.9246],[9.7137,39.9212],[9.7162,39.9305],[9.703,39.9446],[9.7074,39.9388],[9.6998,39.9359],[9.7027,39.9407],[9.6941,39.9394],[9.6882,39.9462],[9.6869,39.9844],[9.6998,40.0003],[9.7055,40.0335],[9.722,40.0492],[9.7275,40.0702],[9.7354,40.0784],[9.7291,40.0908],[9.6895,40.1082],[9.6541,40.1434],[9.6455,40.1705],[9.6289,40.1915],[9.6235,40.2506],[9.6366,40.2831],[9.6657,40.3198],[9.6767,40.3248],[9.6826,40.3374],[9.7231,40.3707],[9.7416,40.3812],[9.7547,40.3816],[9.7667,40.3921],[9.7733,40.4073],[9.772,40.4243],[9.7858,40.441],[9.7961,40.4415],[9.7938,40.447],[9.8209,40.4944],[9.8288,40.5285],[9.7947,40.5457],[9.7905,40.5715],[9.7538,40.5972],[9.7508,40.6055],[9.7547,40.6104],[9.7505,40.6124],[9.7566,40.6099],[9.7417,40.6339],[9.7535,40.6737],[9.7382,40.6967],[9.7228,40.6999],[9.7152,40.7097],[9.7125,40.722],[9.7183,40.7276],[9.7114,40.7398],[9.7178,40.7503],[9.7012,40.7546],[9.6711,40.7856],[9.6746,40.8055],[9.6883,40.8063],[9.6919,40.8113],[9.6807,40.8228],[9.6896,40.8311],[9.6865,40.8358],[9.6986,40.8367],[9.6985,40.8407],[9.6991,40.838],[9.698,40.834],[9.7082,40.8314],[9.72,40.8349],[9.728,40.8444],[9.7215,40.8399],[9.7132,40.8452],[9.705,40.8413],[9.6996,40.8481],[9.6934,40.8464],[9.6812,40.8613],[9.6651,40.8533],[9.6524,40.861],[9.6537,40.8705],[9.6596,40.8739],[9.6544,40.8798],[9.6457,40.8798],[9.6497,40.8773],[9.6426,40.8708],[9.6358,40.8844],[9.6257,40.882],[9.6272,40.888],[9.6161,40.8895],[9.6153,40.8945],[9.6247,40.8962],[9.6444,40.9199],[9.6307,40.9176],[9.6184,40.923],[9.588,40.8996],[9.5717,40.9081],[9.5794,40.9153],[9.5693,40.9119],[9.5616,40.9208],[9.556,40.916],[9.5624,40.9178],[9.5607,40.913],[9.5682,40.9108],[9.561,40.9082],[9.5582,40.9158],[9.5487,40.9149],[9.5522,40.9205],[9.5431,40.9188],[9.5446,40.9133],[9.5408,40.9108],[9.5379,40.9165],[9.5059,40.9113],[9.503,40.9183],[9.4945,40.9166],[9.5078,40.9244],[9.5247,40.9222],[9.5023,40.9276],[9.5278,40.9349],[9.5393,40.9259],[9.575,40.9279],[9.5682,40.9424],[9.5789,40.9463],[9.5774,40.9531],[9.5822,40.9549],[9.5786,40.9577],[9.5883,40.9595],[9.5938,40.9681],[9.5844,40.9729],[9.5823,40.9834],[9.5893,40.9901],[9.5988,40.9886],[9.5989,40.9951],[9.611,41.0033],[9.6212,41.0016],[9.6224,40.9931],[9.652,40.984],[9.6638,40.9977],[9.656,41.0042],[9.623,41.0044],[9.5952,41.0227],[9.5859,41.0107],[9.5761,41.015],[9.5774,41.0031],[9.5644,41.0094],[9.5595,41.0013],[9.551,41.0069],[9.5643,41.0271],[9.556,41.0304],[9.5611,41.0374],[9.5438,41.0273],[9.528,41.0298],[9.5274,41.0223],[9.522,41.0211],[9.5299,41.0194],[9.5252,41.0111],[9.5046,41.0079],[9.5016,41.0107],[9.5083,41.0158],[9.518,41.0171],[9.5155,41.0214],[9.5221,41.0352],[9.5258,41.0336],[9.5231,41.0529],[9.5346,41.0555],[9.5335,41.0621],[9.5405,41.061],[9.5414,41.065],[9.5288,41.0693],[9.5337,41.0812],[9.5426,41.0899],[9.5421,41.0825],[9.5531,41.078],[9.5625,41.0845],[9.5657,41.0986],[9.5722,41.0999],[9.5635,41.1022],[9.5697,41.1096],[9.5614,41.12],[9.5471,41.1125],[9.5406,41.1144],[9.5377,41.1222],[9.5461,41.1337],[9.5268,41.1333],[9.5384,41.1379],[9.5262,41.1457],[9.5315,41.1518],[9.5265,41.1567],[9.5092,41.1513],[9.5209,41.1417],[9.4964,41.1437],[9.4971,41.1359],[9.4857,41.1464],[9.4813,41.1404],[9.4669,41.1433],[9.4642,41.1363],[9.4724,41.1343],[9.4684,41.1291],[9.472,41.1258],[9.4658,41.1263],[9.4495,41.1081],[9.4476,41.1015],[9.4498,41.1007],[9.4501,41.0974],[9.4489,41.0961],[9.4407,41.1037],[9.4439,41.1095],[9.4393,41.1264],[9.4453,41.1349],[9.4384,41.1341],[9.4298,41.1432],[9.4296,41.1561],[9.4054,41.1571],[9.4216,41.1659],[9.4234,41.1778],[9.4098,41.1775],[9.4074,41.173],[9.3928,41.1818],[9.3842,41.1784],[9.3812,41.1873],[9.3701,41.1834],[9.3634,41.2076],[9.3542,41.2027],[9.3488,41.2077],[9.3382,41.2046],[9.3305,41.1948],[9.3436,41.194],[9.3334,41.1855],[9.3193,41.1935],[9.3203,41.2029],[9.3143,41.1915],[9.2902,41.193],[9.289,41.1977],[9.3011,41.2019],[9.2878,41.2194],[9.2787,41.1983],[9.2798,41.1916],[9.2894,41.1899],[9.2855,41.184],[9.2659,41.1999],[9.2723,41.2013],[9.2809,41.2154],[9.2806,41.2278],[9.2706,41.2393],[9.2634,41.237],[9.2561,41.2432],[9.2472,41.2414],[9.2442,41.2474],[9.2371,41.246],[9.2352,41.259],[9.2151,41.2548],[9.2141,41.2466],[9.2043,41.2492],[9.1939,41.2346],[9.1942,41.2468],[9.1878,41.2453],[9.184,41.2523],[9.1637,41.2356],[9.1583,41.2393],[9.1625,41.2419],[9.1439,41.2466],[9.1381,41.2376],[9.1414,41.2325],[9.1583,41.236],[9.1673,41.2297],[9.161,41.2042],[9.1535,41.1977],[9.1626,41.1912],[9.1582,41.1841],[9.1713,41.1769],[9.1672,41.1676],[9.1498,41.1547],[9.1211,41.1553],[9.1231,41.1472],[9.1107,41.1351],[9.0864,41.1279],[9.0593,41.1276],[9.047,41.138],[9.0305,41.1324],[9.0291,41.1272],[9.0132,41.1252],[8.9799,41.0901],[8.9834,41.0863],[8.9368,41.0518],[8.9317,41.0424],[8.923,41.0422],[8.9185,41.0338],[8.9031,41.0352],[8.8918,41.0257],[8.879,41.0271],[8.8883,41.0168],[8.87,41.0139],[8.8773,41.0041],[8.8664,40.9873],[8.7947,40.9249],[8.7681,40.9159],[8.7438,40.9191],[8.7201,40.9129],[8.7127,40.9188],[8.7028,40.9144],[8.7052,40.9111],[8.6997,40.9147],[8.6842,40.9033],[8.6332,40.8825],[8.6248,40.864],[8.6062,40.8502],[8.5627,40.8319],[8.4633,40.8191],[8.4309,40.8298],[8.4167,40.8412],[8.4079,40.8378],[8.406,40.8417],[8.399,40.8451],[8.4055,40.8399],[8.3942,40.8396],[8.3995,40.8483],[8.3926,40.8381],[8.3795,40.8388],[8.3792,40.8484],[8.3772,40.8389],[8.3714,40.8365],[8.3576,40.8371],[8.3559,40.8473],[8.3552,40.8394],[8.348,40.8398],[8.3513,40.8502],[8.3848,40.8511],[8.3505,40.8505],[8.3475,40.8398],[8.3146,40.8444],[8.2688,40.874],[8.2332,40.91],[8.2349,40.9243],[8.2272,40.9308],[8.2295,40.938],[8.2241,40.9384],[8.2332,40.9399],[8.2337,40.9357],[8.237,40.9536],[8.2136,40.9597],[8.2017,40.9726],[8.1978,40.9603],[8.1838,40.9477],[8.1847,40.9395],[8.1766,40.9372],[8.192,40.9228],[8.1916,40.9133],[8.2203,40.9002],[8.2149,40.8969],[8.2237,40.8862],[8.216,40.8804],[8.219,40.8689],[8.2073,40.8494],[8.1909,40.8339],[8.1956,40.8284],[8.184,40.8177],[8.1877,40.812],[8.1791,40.8101],[8.1695,40.7964],[8.162,40.7959],[8.1669,40.7666],[8.1572,40.7488],[8.1309,40.7327],[8.1485,40.7249],[8.1554,40.7144],[8.1636,40.7143],[8.1756,40.7014],[8.175,40.6948],[8.2015,40.6892],[8.2053,40.6838],[8.1964,40.6784],[8.199,40.6729],[8.1893,40.6578],[8.1926,40.6536],[8.1847,40.6366],[8.1608,40.6337],[8.1618,40.6276],[8.1446,40.6232],[8.1504,40.579],[8.1558,40.5794],[8.164,40.5604],[8.1655,40.5731],[8.161,40.576],[8.1653,40.5839],[8.1711,40.5802],[8.1739,40.5883],[8.168,40.5929],[8.1815,40.5977],[8.1907,40.6072],[8.1892,40.6157],[8.1954,40.6184],[8.2099,40.6147],[8.2195,40.6012],[8.2162,40.5936],[8.2037,40.5939],[8.2083,40.5876],[8.1978,40.5757],[8.2036,40.5682],[8.2376,40.5725],[8.2449,40.569],[8.2465,40.5819],[8.2654,40.5812],[8.2678,40.5895],[8.276,40.5935],[8.2877,40.5909],[8.2875,40.5951],[8.3064,40.5862],[8.3183,40.5683],[8.3078,40.5645],[8.3162,40.5641],[8.3148,40.5605],[8.3054,40.5658],[8.3063,40.5623],[8.3205,40.5499],[8.3394,40.5092],[8.3376,40.5003],[8.3503,40.5036],[8.3707,40.4949],[8.3984,40.4297],[8.4004,40.4012],[8.3862,40.3725],[8.3896,40.3659],[8.3785,40.3581],[8.3876,40.3483],[8.3826,40.3388],[8.4206,40.3379],[8.4329,40.3333],[8.4435,40.3186],[8.4589,40.3195],[8.4682,40.3065],[8.4646,40.3005],[8.4761,40.2915],[8.4725,40.2868],[8.4837,40.2829],[8.4741,40.2434],[8.4617,40.2297],[8.4662,40.226],[8.4617,40.2089],[8.4678,40.1993],[8.456,40.1766],[8.4617,40.1716],[8.4598,40.1514],[8.4847,40.1178],[8.4856,40.1046],[8.4911,40.1029],[8.4861,40.0956],[8.4929,40.0869],[8.4522,40.0503],[8.4347,40.0516],[8.4119,40.0413],[8.3992,40.0513],[8.3965,40.0439],[8.3861,40.0443],[8.3764,40.0358],[8.3783,40.029],[8.4022,40.0323],[8.4142,40.0168],[8.4111,39.9994],[8.3915,39.9756],[8.3998,39.9656],[8.4028,39.9439],[8.3958,39.909],[8.402,39.8986],[8.4108,39.9009],[8.435,39.8841],[8.4389,39.8711],[8.4326,39.865],[8.4351,39.8584],[8.4426,39.8808],[8.4706,39.901],[8.4666,39.9038],[8.4908,39.9056],[8.4876,39.9015],[8.5064,39.9079],[8.5378,39.8914],[8.5456,39.8762],[8.5398,39.8698],[8.543,39.8653],[8.5705,39.8638],[8.5453,39.8604],[8.537,39.8654],[8.5453,39.8601],[8.5533,39.8595],[8.5531,39.8283],[8.5451,39.7944],[8.5327,39.7711],[8.5091,39.7533],[8.5195,39.7438],[8.504,39.7287],[8.5081,39.7242],[8.5023,39.713],[8.4906,39.7151],[8.4989,39.7176],[8.498,39.7216],[8.4589,39.7693],[8.4513,39.7694],[8.4434,39.7582],[8.4492,39.7402],[8.4451,39.7317],[8.4503,39.7274],[8.4447,39.7124],[8.4557,39.709],[8.4498,39.6881],[8.4426,39.6852],[8.4477,39.6812],[8.4455,39.6761],[8.4592,39.668],[8.4498,39.6573],[8.4539,39.6424],[8.4482,39.6354],[8.4535,39.6205],[8.4655,39.6163],[8.4645,39.6077],[8.471,39.6008],[8.4448,39.5358],[8.4068,39.4893],[8.3967,39.4854],[8.3846,39.4707],[8.3863,39.4634],[8.3794,39.4563],[8.3896,39.4523],[8.39,39.4465],[8.4109,39.4412],[8.4127,39.4272],[8.4025,39.4048],[8.3859,39.3948],[8.3782,39.3824],[8.3794,39.3739],[8.373,39.3746],[8.3763,39.3686],[8.3896,39.3651],[8.3848,39.3526],[8.3949,39.3493],[8.3971,39.3375],[8.4202,39.3326],[8.4167,39.3249],[8.4322,39.3114],[8.4369,39.2902],[8.4242,39.2681],[8.4109,39.2641],[8.3669,39.2283],[8.3681,39.2138],[8.3799,39.1998],[8.3796,39.2033],[8.39,39.1981],[8.3865,39.1931],[8.3921,39.2001],[8.4018,39.1936],[8.3986,39.1896],[8.3915,39.1923],[8.3996,39.189],[8.4069,39.159],[8.4133,39.1507],[8.407,39.1656],[8.4119,39.1663],[8.4127,39.1735],[8.4381,39.1555],[8.4389,39.1382],[8.4332,39.1303],[8.4401,39.1174],[8.4367,39.1116],[8.4587,39.121],[8.4677,39.119],[8.4781,39.0936],[8.4855,39.0882],[8.4815,39.0836],[8.4877,39.0891],[8.478,39.0611],[8.4668,39.058],[8.4693,39.0539],[8.494,39.0626],[8.519,39.0616],[8.5363,39.0582],[8.5346,39.0532],[8.5486,39.0445],[8.5651,39.0454],[8.5764,39.0234],[8.5666,39.012],[8.5649,39.0012],[8.5768,38.9828],[8.5729,38.9786],[8.5892,38.964],[8.5869,38.9556],[8.6047,38.9628]]],[[[8.4316,39.0959],[8.427,39.1083],[8.3804,39.0996],[8.3712,39.1141],[8.3604,39.1097],[8.3612,39.0986],[8.3509,39.0976],[8.3586,39.0858],[8.3488,39.0792],[8.3611,39.0523],[8.3605,39.0376],[8.3742,39.0229],[8.3709,39.0195],[8.3756,39.0117],[8.3857,39.0084],[8.3826,39.003],[8.3947,38.9893],[8.3968,38.976],[8.4036,38.974],[8.4033,38.9624],[8.4143,38.9553],[8.4448,38.969],[8.4406,38.9781],[8.4514,38.9896],[8.4508,39.0176],[8.469,39.0503],[8.4584,39.0662],[8.4565,39.0837],[8.4316,39.0959]]],[[[8.3097,39.148],[8.3096,39.1876],[8.296,39.1792],[8.2677,39.1817],[8.256,39.169],[8.2478,39.1698],[8.2416,39.1635],[8.2299,39.1656],[8.2194,39.1475],[8.2239,39.1409],[8.237,39.1425],[8.2514,39.1307],[8.2451,39.1229],[8.257,39.116],[8.2476,39.1086],[8.2732,39.0999],[8.2747,39.0942],[8.2941,39.0935],[8.2978,39.1003],[8.306,39.1002],[8.3105,39.1163],[8.3077,39.1304],[8.3139,39.1399],[8.3077,39.145],[8.3168,39.1458],[8.3097,39.148]]],[[[8.2268,40.9757],[8.2145,40.9828],[8.2115,40.9789],[8.2166,40.9675],[8.2255,40.9693],[8.2207,40.9752],[8.2268,40.9757]]],[[[8.3299,41.1113],[8.3166,41.1204],[8.3109,41.1084],[8.2751,41.1038],[8.2728,41.0961],[8.2829,41.0874],[8.28,41.0843],[8.2857,41.0757],[8.2671,41.0732],[8.2511,41.05],[8.221,41.0413],[8.2244,41.0354],[8.2176,41.0253],[8.2314,41.0239],[8.2129,41.0061],[8.2179,40.9928],[8.2113,40.9949],[8.209,40.9893],[8.2559,40.9842],[8.2648,41.0027],[8.2488,41.0135],[8.249,41.0269],[8.2348,41.0242],[8.2688,41.0467],[8.2574,41.0511],[8.2661,41.053],[8.2635,41.0564],[8.2754,41.0559],[8.281,41.0663],[8.3324,41.0501],[8.3291,41.0575],[8.3388,41.06],[8.341,41.0708],[8.3341,41.0799],[8.3506,41.0878],[8.345,41.0978],[8.3258,41.1011],[8.3227,41.1069],[8.3299,41.1113]]],[[[9.4229,41.1935],[9.4197,41.2074],[9.4109,41.2077],[9.397,41.1904],[9.4076,41.194],[9.4099,41.1864],[9.4229,41.1935]]],[[[9.4333,41.259],[9.4146,41.2681],[9.4165,41.2593],[9.4129,41.2587],[9.4183,41.2551],[9.4117,41.2499],[9.4029,41.2609],[9.3995,41.2609],[9.4037,41.2579],[9.4023,41.2447],[9.3923,41.2413],[9.39,41.2331],[9.3755,41.2302],[9.3771,41.2172],[9.3848,41.2158],[9.3815,41.2103],[9.4048,41.2103],[9.4166,41.2168],[9.4374,41.2143],[9.4394,41.2245],[9.4348,41.2286],[9.4327,41.2228],[9.4299,41.2304],[9.4373,41.2412],[9.4356,41.2479],[9.4291,41.247],[9.4327,41.2527],[9.4247,41.2575],[9.4333,41.259]]],[[[9.3537,41.2514],[9.3392,41.2535],[9.3331,41.2473],[9.3327,41.2357],[9.3394,41.2282],[9.3527,41.2318],[9.3607,41.2423],[9.3537,41.2514]]],[[[9.3596,41.2861],[9.3473,41.2893],[9.3349,41.2827],[9.3492,41.2758],[9.3565,41.2769],[9.3596,41.2861]]],[[[9.3845,41.2979],[9.3791,41.3081],[9.3611,41.293],[9.3674,41.2905],[9.3651,41.2875],[9.3845,41.2979]]],[[[9.3593,41.2942],[9.3413,41.3092],[9.3341,41.3057],[9.3343,41.3009],[9.3484,41.2989],[9.3373,41.2958],[9.3593,41.2942]]],[[[9.5351,39.0823],[9.5342,39.0895],[9.5293,39.0901],[9.5268,39.0847],[9.5351,39.0823]]],[[[9.7364,40.8761],[9.7159,40.8763],[9.7101,40.8694],[9.736,40.8592],[9.7433,40.8702],[9.7364,40.8761]]],[[[9.7375,40.9208],[9.7307,40.9194],[9.7374,40.9276],[9.6731,40.889],[9.6828,40.894],[9.6928,40.8878],[9.7194,40.9048],[9.7417,40.911],[9.7375,40.9208]]],[[[9.5791,41.0666],[9.5746,41.0695],[9.5693,41.064],[9.5758,41.061],[9.5791,41.0666]]],[[[9.6037,41.0748],[9.6094,41.0782],[9.6096,41.0824],[9.5968,41.076],[9.6013,41.0715],[9.6091,41.0736],[9.6037,41.0748]]],[[[9.4812,41.239],[9.4589,41.2435],[9.4633,41.242],[9.4602,41.223],[9.4498,41.2251],[9.453,41.2169],[9.446,41.2154],[9.451,41.2078],[9.448,41.2034],[9.4548,41.206],[9.4571,41.2004],[9.4436,41.2029],[9.4436,41.1905],[9.4336,41.1893],[9.44,41.1809],[9.4536,41.1922],[9.4528,41.1844],[9.4693,41.1801],[9.4696,41.1685],[9.4708,41.179],[9.4808,41.1814],[9.4811,41.1858],[9.4651,41.1832],[9.4645,41.1889],[9.4788,41.1995],[9.475,41.2051],[9.4798,41.2176],[9.4861,41.2155],[9.4887,41.2206],[9.4816,41.224],[9.4812,41.239]]]]}},{"type":"Feature","properties":{"id":"vernaccia-di-oristano","name":"Vernaccia di Oristano","full_name":"Vernaccia di Oristano","region":"Sardinia","grapes":["Vernaccia Di Oristano"],"key_appellations":["Vernaccia di Oristano"],"desc":"Vernaccia di Oristano is a protected wine appellation in Sardinia.","level":"appellation"},"geometry":{"type":"Polygon","coordinates":[[[8.5387,39.8903],[8.5456,39.8762],[8.5398,39.8698],[8.543,39.8653],[8.5702,39.8655],[8.5617,39.8596],[8.537,39.8654],[8.5533,39.8595],[8.553,39.8294],[8.622,39.8297],[8.6224,39.8242],[8.6356,39.82],[8.6734,39.8187],[8.7053,39.8046],[8.7417,39.7982],[8.7547,39.827],[8.7385,39.8354],[8.7291,39.854],[8.7284,39.8777],[8.7158,39.8808],[8.7222,39.8897],[8.7161,39.9024],[8.7422,39.9198],[8.7351,39.9284],[8.7511,39.9436],[8.7775,39.9452],[8.7979,39.9583],[8.7902,39.9639],[8.7825,39.989],[8.772,39.987],[8.7496,39.968],[8.7409,39.9684],[8.7375,39.9758],[8.7431,39.9877],[8.7366,40.0051],[8.7594,40.0173],[8.7355,40.0117],[8.7117,40.0212],[8.709,40.003],[8.6726,39.9943],[8.6482,40.0272],[8.6777,40.0616],[8.6592,40.0682],[8.6571,40.0645],[8.6502,40.0723],[8.611,40.0555],[8.6037,40.0398],[8.5925,40.0527],[8.5929,40.0601],[8.574,40.0737],[8.5355,40.0631],[8.5218,40.0542],[8.5186,40.0636],[8.4833,40.0742],[8.4522,40.0503],[8.4347,40.0516],[8.4119,40.0413],[8.3992,40.0513],[8.3965,40.0439],[8.3861,40.0443],[8.3781,40.0379],[8.3783,40.029],[8.4006,40.0329],[8.4139,40.0182],[8.4111,39.9994],[8.3915,39.9756],[8.3998,39.9656],[8.4028,39.9439],[8.3958,39.909],[8.402,39.8986],[8.4108,39.9009],[8.435,39.8841],[8.4389,39.8711],[8.4327,39.8603],[8.4366,39.8585],[8.4403,39.8652],[8.4441,39.8826],[8.4706,39.901],[8.4666,39.9038],[8.4908,39.9056],[8.4876,39.9015],[8.5097,39.9076],[8.5387,39.8903]]]}},{"type":"Feature","properties":{"id":"mandrolisai","name":"Mandrolisai","full_name":"Mandrolisai","region":"Sardinia","grapes":["Aglianico","Albaranzeuli Bianco","Albaranzeuli Nero","Alicante Bouschet","Alicante","Ancellotta"],"key_appellations":["Mandrolisai"],"desc":"Mandrolisai is a protected wine appellation in Sardinia.","level":"appellation"},"geometry":{"type":"Polygon","coordinates":[[[9.1057,39.963],[9.1278,39.9677],[9.1313,39.9765],[9.151,39.9783],[9.1585,39.9923],[9.1658,39.9846],[9.1858,39.9865],[9.2012,39.9804],[9.2157,39.9839],[9.2521,39.9674],[9.2616,39.9711],[9.2628,39.962],[9.2784,39.9457],[9.2889,39.9654],[9.2911,39.9836],[9.323,39.9954],[9.3188,40.0089],[9.3018,40.0167],[9.2936,40.0312],[9.2749,40.0383],[9.2634,40.0515],[9.2445,40.0531],[9.2422,40.0698],[9.2322,40.0764],[9.2226,40.0724],[9.225,40.0596],[9.2193,40.0553],[9.1835,40.0604],[9.1399,40.0483],[9.0856,40.0527],[9.0785,40.0393],[9.0606,40.0433],[9.0266,40.0377],[9.0058,40.0547],[8.9904,40.0578],[8.9665,40.0463],[8.9655,40.0379],[8.9453,40.0203],[8.9458,40.0071],[8.9533,39.9964],[8.9305,39.9892],[8.9203,39.98],[8.8956,39.9746],[8.8942,39.9659],[8.8782,39.956],[8.8876,39.9515],[8.8891,39.9371],[8.9172,39.9168],[8.9148,39.9122],[8.9216,39.911],[8.929,39.8969],[8.9383,39.9007],[8.936,39.8933],[8.9424,39.8969],[8.9604,39.8897],[8.9606,39.8949],[8.9793,39.9049],[8.981,39.913],[8.9981,39.9181],[9.0281,39.9148],[9.0391,39.9121],[9.0492,39.9011],[9.0773,39.8922],[9.1056,39.8678],[9.1097,39.8833],[9.1216,39.8886],[9.1181,39.894],[9.1237,39.9049],[9.119,39.9081],[9.1222,39.919],[9.1153,39.9245],[9.1236,39.9285],[9.1196,39.9463],[9.1265,39.9545],[9.124,39.9598],[9.1057,39.963]]]}},{"type":"Feature","properties":{"id":"carignano-del-sulcis","name":"Carignano del Sulcis","full_name":"Carignano del Sulcis","region":"Sardinia","grapes":["Aglianico","Albaranzeuli Nero","Alicante Bouschet","Alicante","Ancellotta","Barbera"],"key_appellations":["Carignano del Sulcis"],"desc":"Carignano del Sulcis is a protected wine appellation in Sardinia.","level":"appellation"},"geometry":{"type":"MultiPolygon","coordinates":[[[[8.5749,39.032],[8.5759,39.0198],[8.5666,39.012],[8.5649,39.0012],[8.5768,38.9828],[8.5729,38.9786],[8.5892,38.964],[8.5869,38.9556],[8.6031,38.9631],[8.6177,38.9509],[8.6235,38.9373],[8.618,38.9277],[8.6215,38.9189],[8.6068,38.9055],[8.6068,38.8928],[8.6465,38.8943],[8.6407,38.8801],[8.6486,38.8751],[8.637,38.8688],[8.6401,38.8649],[8.6594,38.8692],[8.6554,38.8772],[8.6592,38.8825],[8.6483,38.8902],[8.6545,38.898],[8.6649,38.8939],[8.6705,38.8973],[8.6641,38.9125],[8.6811,38.9092],[8.6938,38.9187],[8.7005,38.916],[8.7119,38.9246],[8.718,38.9229],[8.7214,38.9273],[8.7165,38.9284],[8.7235,38.9317],[8.7211,38.9386],[8.7715,38.9143],[8.7754,38.9163],[8.7723,38.9347],[8.7907,38.9388],[8.7993,38.9326],[8.7941,38.9276],[8.7976,38.9209],[8.7835,38.8984],[8.7943,38.8948],[8.8007,38.8841],[8.8034,38.9047],[8.8075,38.8919],[8.8167,38.8952],[8.8277,38.8905],[8.8326,38.8774],[8.8426,38.8859],[8.8345,38.8956],[8.836,38.9174],[8.8212,38.949],[8.8273,38.9552],[8.8146,39.0046],[8.8155,39.0241],[8.8236,39.0265],[8.8229,39.0357],[8.832,39.0402],[8.8289,39.0431],[8.853,39.0853],[8.8402,39.1101],[8.8222,39.1184],[8.8202,39.1315],[8.8263,39.1487],[8.8149,39.1641],[8.7708,39.1792],[8.7483,39.2319],[8.7318,39.2216],[8.7107,39.2171],[8.6433,39.2191],[8.6389,39.221],[8.6399,39.2318],[8.5926,39.2293],[8.5856,39.2128],[8.552,39.2161],[8.5494,39.2233],[8.5588,39.226],[8.5549,39.231],[8.5618,39.2435],[8.5794,39.2531],[8.5899,39.2729],[8.5499,39.2834],[8.5452,39.2802],[8.5446,39.2625],[8.5331,39.259],[8.5348,39.2495],[8.496,39.2616],[8.4918,39.2557],[8.4593,39.2561],[8.4571,39.2464],[8.4663,39.222],[8.4354,39.2096],[8.4242,39.2132],[8.4148,39.2315],[8.3939,39.2486],[8.3669,39.2283],[8.3681,39.2138],[8.3755,39.2036],[8.39,39.1981],[8.3865,39.1931],[8.3921,39.2001],[8.4018,39.1936],[8.3986,39.1896],[8.3915,39.1923],[8.3996,39.189],[8.4069,39.159],[8.4133,39.1507],[8.407,39.1656],[8.4119,39.1663],[8.4127,39.1735],[8.4381,39.1555],[8.4389,39.1382],[8.4332,39.1303],[8.4401,39.1174],[8.4367,39.1116],[8.4587,39.121],[8.4677,39.119],[8.4781,39.0936],[8.4855,39.0882],[8.4815,39.0836],[8.4877,39.0891],[8.478,39.0611],[8.4668,39.058],[8.4693,39.0539],[8.4989,39.0633],[8.5345,39.0591],[8.5346,39.0532],[8.5486,39.0445],[8.5651,39.0454],[8.5749,39.032]]],[[[8.4273,39.1075],[8.3804,39.0996],[8.3744,39.1138],[8.3678,39.1135],[8.3604,39.1097],[8.3612,39.0986],[8.3509,39.0976],[8.3586,39.0858],[8.3488,39.0792],[8.3611,39.0523],[8.3605,39.0376],[8.3742,39.0229],[8.3709,39.0195],[8.3756,39.0117],[8.3857,39.0084],[8.3826,39.003],[8.3947,38.9893],[8.3968,38.976],[8.4036,38.974],[8.4033,38.9624],[8.4143,38.9553],[8.4448,38.969],[8.4406,38.9781],[8.4514,38.9896],[8.4508,39.0176],[8.469,39.0503],[8.4584,39.0662],[8.4565,39.0837],[8.4316,39.0959],[8.4273,39.1075]]],[[[8.3099,39.1863],[8.296,39.1792],[8.2677,39.1817],[8.256,39.169],[8.2237,39.1604],[8.2277,39.1565],[8.2194,39.1475],[8.2239,39.1409],[8.237,39.1425],[8.2514,39.1307],[8.2451,39.1229],[8.257,39.116],[8.2476,39.1086],[8.2732,39.0999],[8.2747,39.0942],[8.2941,39.0935],[8.2978,39.1003],[8.306,39.1002],[8.3105,39.1163],[8.3077,39.1304],[8.3139,39.1399],[8.3077,39.145],[8.3168,39.1458],[8.3097,39.148],[8.306,39.1601],[8.3099,39.1863]]]]}},{"type":"Feature","properties":{"id":"dolcetto-d-asti","name":"Dolcetto d'Asti","full_name":"Dolcetto d'Asti","region":"Piedmont","grapes":["Dolcetto"],"key_appellations":["Dolcetto d'Asti"],"desc":"Dolcetto d'Asti is a protected wine appellation in Piedmont.","level":"appellation"},"geometry":{"type":"Polygon","coordinates":[[[8.2813,44.5322],[8.2784,44.5381],[8.2835,44.5406],[8.2783,44.5462],[8.2852,44.558],[8.3024,44.5644],[8.3163,44.5581],[8.3293,44.56],[8.3492,44.5727],[8.3692,44.5749],[8.35,44.5852],[8.3517,44.5902],[8.3281,44.5894],[8.314,44.6019],[8.3281,44.623],[8.3422,44.6232],[8.3555,44.6386],[8.3501,44.6668],[8.3563,44.676],[8.3473,44.6932],[8.3705,44.696],[8.3931,44.686],[8.4206,44.6923],[8.4111,44.6975],[8.4088,44.7068],[8.4333,44.711],[8.4253,44.7133],[8.4287,44.7201],[8.4222,44.733],[8.4511,44.7388],[8.453,44.7479],[8.4646,44.755],[8.4881,44.7466],[8.4891,44.7533],[8.4806,44.7521],[8.5013,44.7719],[8.4956,44.7744],[8.4875,44.7668],[8.4873,44.7722],[8.5119,44.7894],[8.502,44.7857],[8.4861,44.7959],[8.49,44.7996],[8.4794,44.8072],[8.479,44.7963],[8.4399,44.7818],[8.4144,44.788],[8.3994,44.7808],[8.3926,44.7857],[8.3224,44.7947],[8.3062,44.7843],[8.3032,44.7739],[8.3176,44.7692],[8.3186,44.7369],[8.3125,44.7348],[8.3026,44.7433],[8.2953,44.7402],[8.2852,44.7493],[8.266,44.7549],[8.2569,44.7511],[8.2612,44.7396],[8.2551,44.7368],[8.2567,44.7214],[8.2687,44.7114],[8.26,44.6969],[8.2233,44.6788],[8.2268,44.661],[8.1945,44.6279],[8.1969,44.6146],[8.2148,44.6174],[8.2344,44.5986],[8.2289,44.5936],[8.2443,44.581],[8.2457,44.5701],[8.2323,44.5617],[8.2411,44.5548],[8.2368,44.5485],[8.246,44.5482],[8.2537,44.5271],[8.2621,44.519],[8.2813,44.5322]]]}},{"type":"Feature","properties":{"id":"dolcetto-di-ovada","name":"Dolcetto di Ovada","full_name":"Dolcetto di Ovada","region":"Piedmont","grapes":["Albarossa","Ancellotta","Avanà","Avarengo","Barbera","Becuet"],"key_appellations":["Dolcetto di Ovada"],"desc":"Dolcetto di Ovada is a protected wine appellation in Piedmont.","level":"appellation"},"geometry":{"type":"Polygon","coordinates":[[[8.621,44.5771],[8.6239,44.5864],[8.6416,44.5786],[8.6486,44.5833],[8.6674,44.5824],[8.6814,44.5749],[8.6906,44.5825],[8.721,44.5798],[8.7328,44.5704],[8.7384,44.5513],[8.7493,44.5498],[8.7499,44.5407],[8.757,44.5367],[8.7498,44.5256],[8.7605,44.5302],[8.7676,44.5249],[8.7736,44.5039],[8.769,44.4896],[8.7883,44.488],[8.786,44.4971],[8.801,44.5007],[8.7946,44.5234],[8.7991,44.5301],[8.8291,44.5436],[8.8222,44.5502],[8.8268,44.5618],[8.8133,44.5742],[8.8026,44.573],[8.8082,44.5783],[8.8021,44.5842],[8.8086,44.5972],[8.7964,44.6162],[8.8021,44.629],[8.8127,44.6316],[8.8184,44.6416],[8.7914,44.6624],[8.7805,44.6829],[8.7631,44.6904],[8.7622,44.6964],[8.7306,44.7183],[8.7182,44.7342],[8.7219,44.7382],[8.7183,44.7458],[8.6747,44.7653],[8.6602,44.7526],[8.675,44.7444],[8.6567,44.736],[8.6648,44.7125],[8.6229,44.7114],[8.6142,44.722],[8.6011,44.7104],[8.581,44.7058],[8.5878,44.6976],[8.5784,44.6927],[8.5782,44.6776],[8.5689,44.6736],[8.5493,44.683],[8.5281,44.682],[8.5231,44.6685],[8.5283,44.667],[8.5269,44.6308],[8.551,44.6202],[8.5407,44.5861],[8.5314,44.5746],[8.5356,44.5443],[8.5526,44.5454],[8.5676,44.5219],[8.5867,44.5242],[8.5877,44.5332],[8.6124,44.5433],[8.5978,44.5565],[8.6045,44.5643],[8.6012,44.5682],[8.6149,44.5686],[8.6172,44.574],[8.6085,44.5757],[8.621,44.5771]]]}},{"type":"Feature","properties":{"id":"fara","name":"Fara","full_name":"Fara","region":"Piedmont","grapes":["Nebbiolo","Uva Rara","Vespolina"],"key_appellations":["Fara"],"desc":"Fara is a protected wine appellation in Piedmont.","level":"appellation"},"geometry":{"type":"Polygon","coordinates":[[[8.5615,45.5089],[8.5529,45.5169],[8.5551,45.5234],[8.544,45.5265],[8.5412,45.5471],[8.5282,45.5439],[8.5234,45.5361],[8.5207,45.5422],[8.5066,45.5424],[8.4977,45.5592],[8.4911,45.5571],[8.4885,45.5654],[8.4818,45.5619],[8.4782,45.5825],[8.4311,45.5598],[8.4356,45.5481],[8.4485,45.5433],[8.4513,45.5321],[8.4667,45.5221],[8.4858,45.5281],[8.4949,45.5206],[8.5006,45.5266],[8.5109,45.5142],[8.5247,45.5147],[8.5346,45.4996],[8.5349,45.5084],[8.5615,45.5089]]]}},{"type":"Feature","properties":{"id":"freisa-d-asti","name":"Freisa d'Asti","full_name":"Freisa d'Asti","region":"Piedmont","grapes":["Freisa"],"key_appellations":["Freisa d'Asti"],"desc":"Freisa d'Asti is a protected wine appellation in Piedmont.","level":"appellation"},"geometry":{"type":"MultiPolygon","coordinates":[[[[7.9464,44.9123],[7.9448,44.9174],[7.9526,44.9249],[7.9648,44.9214],[7.9612,44.9265],[7.9673,44.9331],[7.9567,44.9534],[7.9614,44.9647],[7.9917,44.974],[7.9888,44.9876],[7.9835,44.984],[7.9327,44.9939],[7.9285,44.9831],[7.9022,44.9658],[7.9003,44.9407],[7.8834,44.9362],[7.8928,44.9149],[7.9464,44.9123]]],[[[7.9138,44.8935],[7.885,44.8964],[7.8851,44.8847],[7.9191,44.8826],[7.9305,44.8544],[7.9434,44.8463],[7.9546,44.8477],[7.9589,44.865],[7.9535,44.8673],[7.952,44.88],[7.9227,44.8809],[7.9138,44.8935]]]]}},{"type":"Feature","properties":{"id":"freisa-di-chieri","name":"Freisa di Chieri","full_name":"Freisa di Chieri","region":"Piedmont","grapes":["Albarossa","Ancellotta","Avarengo","Barbera","Becuet","Bonarda"],"key_appellations":["Freisa di Chieri"],"desc":"Freisa di Chieri is a protected wine appellation in Piedmont.","level":"appellation"},"geometry":{"type":"MultiPolygon","coordinates":[[[[7.841,44.9588],[7.8604,44.9473],[7.8798,44.945],[7.8834,44.9362],[7.8981,44.9392],[7.9022,44.9658],[7.9285,44.9831],[7.932,44.9908],[7.9343,45.0005],[7.9159,45.0031],[7.9209,45.0229],[7.9544,45.0306],[7.952,45.0362],[7.958,45.042],[7.943,45.0571],[7.9361,45.0482],[7.9378,45.0421],[7.9324,45.0408],[7.9236,45.0549],[7.893,45.0599],[7.898,45.0824],[7.8947,45.096],[7.8785,45.0804],[7.8597,45.0835],[7.8445,45.0776],[7.8281,45.093],[7.8139,45.0831],[7.7966,45.0935],[7.7817,45.095],[7.769,45.0817],[7.7562,45.0822],[7.7416,45.0926],[7.7524,45.1026],[7.7366,45.1128],[7.7367,45.1234],[7.7174,45.1273],[7.7248,45.1367],[7.6964,45.1309],[7.664,45.1402],[7.6634,45.1341],[7.6529,45.135],[7.6571,45.1282],[7.6526,45.1232],[7.6545,45.1128],[7.6229,45.1138],[7.6227,45.1085],[7.6118,45.1071],[7.6196,45.0951],[7.6035,45.0711],[7.6141,45.0662],[7.6076,45.0605],[7.6251,45.0596],[7.6165,45.039],[7.6116,45.0337],[7.5867,45.0448],[7.5779,45.0418],[7.6016,45.0283],[7.6074,45.0298],[7.6005,45.0188],[7.5898,45.0164],[7.6252,45.0081],[7.6551,45.0073],[7.6589,45.0163],[7.6778,45.0162],[7.6851,45.024],[7.7076,45.0239],[7.7225,45.0312],[7.7376,45.0269],[7.7489,45.0052],[7.7676,44.9888],[7.7725,45.0022],[7.7679,45.0107],[7.7757,45.0115],[7.7769,45.0021],[7.7965,44.9851],[7.7906,44.966],[7.802,44.9659],[7.8133,44.9515],[7.841,44.9588]]],[[[7.7492,45.1239],[7.7445,45.1238],[7.7405,45.1195],[7.7434,45.1173],[7.7492,45.1239]]]]}},{"type":"Feature","properties":{"id":"gabiano","name":"Gabiano","full_name":"Gabiano","region":"Piedmont","grapes":["Barbera","Freisa","Grignolino"],"key_appellations":["Gabiano"],"desc":"Gabiano is a protected wine appellation in Piedmont.","level":"appellation"},"geometry":{"type":"Polygon","coordinates":[[[8.1826,45.1252],[8.2434,45.1492],[8.2367,45.1585],[8.2399,45.1669],[8.2154,45.164],[8.212,45.1722],[8.199,45.1783],[8.1766,45.1598],[8.1721,45.1595],[8.1742,45.1711],[8.1519,45.1686],[8.1392,45.1603],[8.1439,45.1439],[8.1776,45.1488],[8.1866,45.138],[8.1826,45.1252]]]}},{"type":"Feature","properties":{"id":"ortona","name":"Ortona","full_name":"Ortona","region":"Abruzzo","grapes":["Aglianico","Barbera Bianca","Barbera","Biancame","Bombino Bianco","Cabernet Franc"],"key_appellations":["Ortona"],"desc":"Ortona is a protected wine appellation in Abruzzo.","level":"appellation"},"geometry":{"type":"Polygon","coordinates":[[[14.4413,42.3121],[14.4254,42.3266],[14.4262,42.335],[14.4104,42.3475],[14.4088,42.3578],[14.4239,42.3511],[14.4197,42.355],[14.321,42.405],[14.3215,42.3885],[14.3118,42.3781],[14.3182,42.3704],[14.3421,42.3653],[14.3327,42.3324],[14.3411,42.3278],[14.3517,42.3087],[14.3481,42.3057],[14.3553,42.2785],[14.3727,42.2842],[14.3806,42.2711],[14.398,42.2821],[14.4001,42.2858],[14.3941,42.2903],[14.3999,42.3002],[14.4071,42.3039],[14.4183,42.3],[14.4258,42.3127],[14.4413,42.3121]]]}},{"type":"Feature","properties":{"id":"grignolino-d-asti","name":"Grignolino d'Asti","full_name":"Grignolino d'Asti","region":"Piedmont","grapes":["Freisa","Grignolino"],"key_appellations":["Grignolino d'Asti"],"desc":"Grignolino d'Asti is a protected wine appellation in Piedmont.","level":"appellation"},"geometry":{"type":"Polygon","coordinates":[[[8.2202,44.7233],[8.2023,44.7444],[8.2084,44.747],[8.2068,44.7515],[8.2154,44.752],[8.2326,44.7668],[8.2531,44.7671],[8.2674,44.7708],[8.2681,44.7752],[8.3032,44.7739],[8.3062,44.7843],[8.3273,44.7969],[8.3295,44.8058],[8.3418,44.815],[8.3424,44.8266],[8.3501,44.8361],[8.3811,44.8448],[8.3762,44.8468],[8.3778,44.8651],[8.3918,44.8747],[8.3837,44.8757],[8.3588,44.9129],[8.3658,44.928],[8.3805,44.9242],[8.3828,44.9367],[8.3761,44.9468],[8.3828,44.9502],[8.3776,44.959],[8.3874,44.9689],[8.3812,44.9836],[8.3597,44.9871],[8.354,44.9935],[8.3604,45.0253],[8.3486,45.0341],[8.3291,45.0347],[8.3223,45.0519],[8.305,45.0596],[8.3115,45.0707],[8.3025,45.0771],[8.2753,45.0614],[8.2401,45.0627],[8.2285,45.0497],[8.2347,45.036],[8.2176,45.0099],[8.2086,45.0271],[8.192,45.0343],[8.1879,45.0437],[8.159,45.0275],[8.1665,45.0145],[8.1893,45.0075],[8.1908,44.9954],[8.1847,44.9856],[8.192,44.979],[8.1809,44.9737],[8.1663,44.9771],[8.1596,44.9617],[8.1545,44.9613],[8.1446,44.9798],[8.1366,44.9795],[8.1241,44.9718],[8.1369,44.9589],[8.1203,44.9579],[8.1227,44.9526],[8.1128,44.9427],[8.1023,44.9424],[8.0961,44.9509],[8.088,44.9485],[8.1044,44.9223],[8.113,44.8905],[8.1209,44.8858],[8.115,44.8754],[8.1183,44.8727],[8.0906,44.8631],[8.0911,44.8577],[8.0953,44.8536],[8.1069,44.8661],[8.1266,44.873],[8.1367,44.8533],[8.1125,44.8518],[8.1014,44.837],[8.1325,44.8318],[8.1384,44.822],[8.1292,44.8078],[8.1279,44.7935],[8.1375,44.7826],[8.127,44.7819],[8.1255,44.776],[8.1132,44.7699],[8.1045,44.7739],[8.1043,44.7626],[8.0951,44.7585],[8.1123,44.7484],[8.1199,44.7517],[8.1332,44.7467],[8.1377,44.7382],[8.1613,44.7345],[8.1658,44.7218],[8.1596,44.7185],[8.1689,44.7215],[8.1979,44.7137],[8.2202,44.7233]]]}},{"type":"Feature","properties":{"id":"grignolino-del-monferrato-casalese","name":"Grignolino del Monferrato Casalese","full_name":"Grignolino del Monferrato Casalese","region":"Piedmont","grapes":["Freisa","Grignolino"],"key_appellations":["Grignolino del Monferrato Casalese"],"desc":"Grignolino del Monferrato Casalese is a protected wine appellation in Piedmont.","level":"appellation"},"geometry":{"type":"Polygon","coordinates":[[[8.2176,45.0099],[8.2346,45.0364],[8.2276,45.0476],[8.2413,45.0635],[8.2753,45.0614],[8.3025,45.0771],[8.3115,45.0707],[8.305,45.0596],[8.3223,45.0519],[8.3291,45.0347],[8.3486,45.0341],[8.3604,45.0253],[8.3569,45.0222],[8.3608,45.0127],[8.3516,44.9979],[8.3597,44.9871],[8.3812,44.9836],[8.3874,44.9689],[8.3776,44.959],[8.3828,44.9502],[8.3996,44.9572],[8.3941,44.9612],[8.3995,44.9731],[8.3941,44.9781],[8.402,44.976],[8.406,44.9894],[8.4387,44.9905],[8.4391,44.9829],[8.4462,44.9827],[8.4497,44.9742],[8.4573,44.9811],[8.4699,44.9797],[8.4689,44.9851],[8.4809,44.9785],[8.4952,44.9846],[8.5155,44.982],[8.523,44.9952],[8.5256,45.0185],[8.506,45.0112],[8.5067,45.025],[8.4902,45.0202],[8.4963,45.0257],[8.4973,45.0414],[8.4789,45.0447],[8.4685,45.06],[8.4818,45.0745],[8.5071,45.0847],[8.517,45.104],[8.5051,45.1182],[8.5177,45.1547],[8.5569,45.1667],[8.5448,45.1677],[8.5368,45.1756],[8.5165,45.1709],[8.5072,45.1741],[8.4697,45.1619],[8.4481,45.1686],[8.4485,45.1724],[8.4371,45.1663],[8.4332,45.1719],[8.4033,45.1701],[8.4107,45.1625],[8.3568,45.1632],[8.3508,45.1585],[8.3538,45.1535],[8.3313,45.1519],[8.3238,45.1585],[8.3108,45.1507],[8.3153,45.1588],[8.3116,45.1606],[8.3201,45.1577],[8.3211,45.1664],[8.307,45.1695],[8.3071,45.1647],[8.3007,45.1632],[8.2913,45.176],[8.2697,45.1811],[8.2274,45.1653],[8.2151,45.1642],[8.212,45.1722],[8.2004,45.1783],[8.1766,45.1598],[8.1721,45.1595],[8.1742,45.1711],[8.1459,45.1664],[8.1392,45.1603],[8.1439,45.1439],[8.1367,45.1397],[8.1362,45.1289],[8.124,45.1087],[8.1118,45.1071],[8.1093,45.1009],[8.11,45.0944],[8.1214,45.0859],[8.1181,45.0687],[8.1341,45.0666],[8.1353,45.0532],[8.1502,45.0535],[8.1469,45.0399],[8.159,45.0275],[8.1879,45.0437],[8.192,45.0343],[8.2086,45.0271],[8.2176,45.0099]]]}},{"type":"Feature","properties":{"id":"valtenesi","name":"Valtènesi","full_name":"Valtènesi","region":"Lombardy","grapes":["Ancellotta","Barbera","Bonarda","Cabernet Franc","Cabernet Sauvignon","Corvina"],"key_appellations":["Valtènesi"],"desc":"Valtènesi is a protected wine appellation in Lombardy.","level":"appellation"},"geometry":{"type":"Polygon","coordinates":[[[10.4211,45.4792],[10.4431,45.4692],[10.4451,45.4383],[10.4581,45.4301],[10.4537,45.4162],[10.5115,45.4123],[10.5481,45.3858],[10.5608,45.3893],[10.58,45.3812],[10.5963,45.3858],[10.6025,45.3922],[10.5889,45.3944],[10.592,45.3996],[10.5845,45.4099],[10.6023,45.4155],[10.6273,45.4383],[10.5922,45.467],[10.5759,45.5027],[10.6379,45.5083],[10.6285,45.6021],[10.5487,45.6178],[10.5441,45.6259],[10.548,45.6346],[10.5325,45.6475],[10.5241,45.6358],[10.4904,45.6233],[10.4737,45.6291],[10.4634,45.6237],[10.4342,45.6277],[10.4169,45.6222],[10.4195,45.6067],[10.4048,45.6064],[10.4007,45.5814],[10.4113,45.5646],[10.4306,45.5678],[10.4338,45.5593],[10.4418,45.5559],[10.4369,45.5538],[10.4391,45.5373],[10.4278,45.527],[10.4009,45.519],[10.3971,45.51],[10.3831,45.5094],[10.3798,45.4904],[10.3699,45.4869],[10.4211,45.4792]]]}},{"type":"Feature","properties":{"id":"langhe","name":"Langhe","full_name":"Langhe","region":"Piedmont","grapes":["Albarossa","Ancellotta","Arneis","Avarengo","Baratuciat","Barbera Bianca"],"key_appellations":["Langhe"],"desc":"Langhe is a protected wine appellation in Piedmont.","level":"appellation"},"geometry":{"type":"Polygon","coordinates":[[[7.8685,44.3387],[7.8993,44.3489],[7.9015,44.3579],[7.9286,44.3425],[7.9484,44.3394],[7.9396,44.3527],[7.9425,44.359],[7.9376,44.3668],[7.9458,44.3748],[7.9374,44.3916],[7.9511,44.3961],[7.9423,44.3994],[7.952,44.4178],[7.9695,44.419],[7.9727,44.4131],[7.9953,44.4072],[8.0048,44.4119],[8.0134,44.4044],[8.0353,44.4076],[8.0472,44.4138],[8.0462,44.4262],[8.0212,44.4309],[8.0224,44.4454],[8.034,44.4489],[8.0482,44.4399],[8.0595,44.4472],[8.0837,44.4458],[8.0989,44.4311],[8.1101,44.4458],[8.0969,44.4644],[8.1,44.482],[8.1156,44.4847],[8.1114,44.4784],[8.1565,44.4757],[8.1648,44.5004],[8.1714,44.5026],[8.1709,44.5128],[8.1818,44.5188],[8.1827,44.5109],[8.2044,44.5075],[8.2167,44.4952],[8.2242,44.5142],[8.2528,44.5287],[8.246,44.5482],[8.2368,44.5485],[8.2411,44.5548],[8.2323,44.5617],[8.2457,44.5701],[8.2443,44.581],[8.2289,44.5936],[8.2344,44.5986],[8.2148,44.6174],[8.1969,44.6146],[8.1945,44.6286],[8.2268,44.661],[8.2233,44.6788],[8.26,44.6969],[8.2687,44.7114],[8.2567,44.7214],[8.2568,44.7323],[8.2298,44.723],[8.2222,44.7295],[8.2111,44.7297],[8.2023,44.7444],[8.2084,44.747],[8.2066,44.7507],[8.1816,44.7512],[8.1785,44.7367],[8.1633,44.7328],[8.1658,44.7218],[8.1605,44.7225],[8.1529,44.7125],[8.1363,44.7327],[8.1332,44.7467],[8.1199,44.7517],[8.1123,44.7484],[8.0951,44.7585],[8.1043,44.7626],[8.1045,44.7739],[8.1132,44.7699],[8.1255,44.776],[8.127,44.7819],[8.1375,44.7826],[8.128,44.7924],[8.1318,44.8092],[8.1229,44.8141],[8.1063,44.81],[8.0944,44.8225],[8.0788,44.8073],[8.0554,44.8111],[8.0454,44.7993],[8.0256,44.8164],[7.9947,44.8182],[7.984,44.8263],[7.9779,44.8499],[7.9647,44.8566],[7.9546,44.8477],[7.9107,44.8314],[7.9024,44.8217],[7.8899,44.8238],[7.8783,44.8362],[7.8662,44.8301],[7.8562,44.8177],[7.8558,44.805],[7.862,44.7965],[7.8357,44.7805],[7.8371,44.7621],[7.8512,44.7517],[7.8471,44.7347],[7.8112,44.7474],[7.779,44.7412],[7.78,44.735],[7.7593,44.7201],[7.7615,44.7059],[7.7557,44.6893],[7.7617,44.6753],[7.7587,44.6686],[7.7673,44.6607],[7.7499,44.6284],[7.7647,44.6273],[7.7699,44.6455],[7.7829,44.6509],[7.8013,44.6482],[7.8113,44.6433],[7.8123,44.6371],[7.7883,44.6166],[7.7885,44.607],[7.8034,44.5997],[7.8086,44.6025],[7.8276,44.5794],[7.8416,44.5809],[7.85,44.5697],[7.9008,44.5742],[7.9114,44.5677],[7.9002,44.5623],[7.9108,44.5517],[7.8984,44.5484],[7.8755,44.5263],[7.852,44.5148],[7.8479,44.5021],[7.8253,44.5013],[7.8197,44.4915],[7.8119,44.4917],[7.8076,44.4792],[7.8413,44.4556],[7.8114,44.4477],[7.797,44.4345],[7.7737,44.432],[7.7706,44.4157],[7.7598,44.4146],[7.7509,44.4017],[7.7357,44.4068],[7.7217,44.4165],[7.7236,44.4203],[7.6893,44.3979],[7.6913,44.3914],[7.7083,44.3925],[7.7102,44.3839],[7.723,44.4014],[7.7394,44.392],[7.7444,44.3974],[7.7532,44.3899],[7.7641,44.3907],[7.773,44.3788],[7.7732,44.3695],[7.7851,44.3668],[7.785,44.3577],[7.7928,44.3509],[7.8081,44.3634],[7.8345,44.36],[7.8392,44.3315],[7.8439,44.3278],[7.8558,44.3355],[7.8658,44.3324],[7.8685,44.3387]]]}},{"type":"Feature","properties":{"id":"lessona","name":"Lessona","full_name":"Lessona","region":"Piedmont","grapes":["Nebbiolo","Uva Rara","Vespolina"],"key_appellations":["Lessona"],"desc":"Lessona is a protected wine appellation in Piedmont.","level":"appellation"},"geometry":{"type":"Polygon","coordinates":[[[8.2308,45.5353],[8.2394,45.5481],[8.2252,45.5659],[8.2298,45.5684],[8.1997,45.5947],[8.1983,45.6041],[8.1755,45.6148],[8.189,45.586],[8.2111,45.5683],[8.207,45.5532],[8.2204,45.5459],[8.2106,45.5364],[8.2308,45.5353]]]}},{"type":"Feature","properties":{"id":"loazzolo","name":"Loazzolo","full_name":"Loazzolo","region":"Piedmont","grapes":["Moscato Bianco"],"key_appellations":["Loazzolo"],"desc":"Loazzolo is a protected wine appellation in Piedmont.","level":"appellation"},"geometry":{"type":"Polygon","coordinates":[[[8.292,44.6238],[8.2791,44.637],[8.2825,44.6407],[8.2746,44.6523],[8.2782,44.6602],[8.2714,44.6674],[8.2742,44.683],[8.2824,44.6857],[8.2595,44.6966],[8.2233,44.6788],[8.2233,44.6699],[8.277,44.6441],[8.2795,44.6386],[8.2731,44.635],[8.292,44.6238]]]}},{"type":"Feature","properties":{"id":"malvasia-di-casorzo-d-asti","name":"Malvasia di Casorzo d'Asti","full_name":"Malvasia di Casorzo d'Asti / Malvasia di Casorzo / Casorzo","region":"Piedmont","grapes":["Barbera","Freisa","Grignolino","Malvasia Di Casorzo"],"key_appellations":["Malvasia di Casorzo d'Asti"],"desc":"Malvasia di Casorzo d'Asti is a protected wine appellation in Piedmont.","level":"appellation"},"geometry":{"type":"Polygon","coordinates":[[[8.3776,44.959],[8.3828,44.9502],[8.3919,44.9504],[8.3996,44.9572],[8.3941,44.9612],[8.3995,44.9731],[8.3941,44.9781],[8.402,44.976],[8.4048,44.9889],[8.4291,44.9871],[8.4398,44.9913],[8.4417,44.9981],[8.4219,45.0068],[8.4244,45.0155],[8.4178,45.0301],[8.3907,45.0215],[8.3732,45.0271],[8.3812,45.038],[8.3731,45.0449],[8.3806,45.0506],[8.362,45.0584],[8.3646,45.0622],[8.3523,45.0616],[8.3358,45.0719],[8.3115,45.0707],[8.305,45.0596],[8.3223,45.0519],[8.3291,45.0347],[8.3486,45.0341],[8.3604,45.0253],[8.3569,45.0222],[8.3608,45.0127],[8.3516,44.9979],[8.3597,44.9871],[8.3812,44.9836],[8.3874,44.9689],[8.3776,44.959]]]}},{"type":"Feature","properties":{"id":"brunello-di-montalcino","name":"Brunello di Montalcino","full_name":"Brunello di Montalcino","region":"Tuscany","grapes":["Sangiovese"],"key_appellations":["Brunello di Montalcino","Rosso di Montalcino"],"desc":"100% Sangiovese from the hill of Montalcino. One of Italy's most prestigious and long-lived reds.","level":"appellation"},"geometry":{"type":"Polygon","coordinates":[[[11.3504,42.972],[11.3826,42.9635],[11.457,42.9573],[11.4714,42.9647],[11.4879,42.9645],[11.4979,42.976],[11.515,42.9812],[11.5296,42.9734],[11.5477,42.9765],[11.5552,42.9872],[11.5519,42.9997],[11.558,43.0098],[11.5515,43.02],[11.5526,43.0325],[11.5593,43.0429],[11.5659,43.0427],[11.5658,43.0528],[11.5557,43.0495],[11.5529,43.0588],[11.5619,43.0747],[11.5781,43.0817],[11.5869,43.0768],[11.5883,43.0905],[11.576,43.0933],[11.5892,43.0985],[11.5799,43.1097],[11.586,43.1115],[11.585,43.1182],[11.6182,43.1198],[11.6295,43.1306],[11.6246,43.1326],[11.6307,43.1411],[11.6868,43.162],[11.684,43.1733],[11.6132,43.1722],[11.5793,43.1775],[11.5771,43.167],[11.5673,43.1653],[11.5629,43.158],[11.553,43.159],[11.5256,43.1441],[11.5099,43.1439],[11.5246,43.1308],[11.5223,43.118],[11.5272,43.117],[11.5114,43.1051],[11.4882,43.1093],[11.475,43.1057],[11.4537,43.1131],[11.445,43.1003],[11.4371,43.1079],[11.4226,43.1032],[11.4248,43.1095],[11.4049,43.1127],[11.394,43.1057],[11.3876,43.1084],[11.3764,43.0871],[11.3639,43.0811],[11.3668,43.0719],[11.3626,43.0634],[11.3678,43.0562],[11.3593,43.0545],[11.3627,43.0443],[11.354,43.0403],[11.3642,43.0325],[11.3521,43.0284],[11.3634,43.022],[11.3621,43.0066],[11.3731,43.0079],[11.3706,42.9985],[11.3805,42.9961],[11.3651,42.9942],[11.3775,42.9842],[11.3748,42.9785],[11.3587,42.9792],[11.3504,42.972]]]}},{"type":"Feature","properties":{"id":"malvasia-di-castelnuovo-don-bosco","name":"Malvasia di Castelnuovo Don Bosco","full_name":"Malvasia di Castelnuovo Don Bosco","region":"Piedmont","grapes":["Freisa","Malvasia Di Schierano","Malvasia Nera Lunga"],"key_appellations":["Malvasia di Castelnuovo Don Bosco"],"desc":"Malvasia di Castelnuovo Don Bosco is a protected wine appellation in Piedmont.","level":"appellation"},"geometry":{"type":"Polygon","coordinates":[[[7.9868,44.9971],[7.9954,44.9968],[7.9959,45.0101],[8.0251,45.0247],[8.0236,45.0634],[8.0407,45.0689],[8.0257,45.0762],[8.027,45.0803],[7.9954,45.0798],[7.9669,45.1049],[7.9668,45.1167],[7.9492,45.1155],[7.9285,45.1047],[7.9422,45.0862],[7.9375,45.081],[7.9237,45.0834],[7.919,45.0746],[7.9082,45.0946],[7.896,45.095],[7.893,45.0599],[7.9236,45.0549],[7.9324,45.0408],[7.9378,45.0421],[7.9361,45.0482],[7.943,45.0571],[7.958,45.042],[7.952,45.0362],[7.9558,45.0269],[7.9754,45.0172],[7.9868,44.9971]]]}},{"type":"Feature","properties":{"id":"monferrato","name":"Monferrato","full_name":"Monferrato","region":"Piedmont","grapes":["Albarossa","Ancellotta","Arneis","Avarengo","Baratuciat","Barbera Bianca"],"key_appellations":["Monferrato"],"desc":"Monferrato is a protected wine appellation in Piedmont.","level":"appellation"},"geometry":{"type":"MultiPolygon","coordinates":[[[[8.1785,44.7367],[8.1816,44.7512],[8.2066,44.7507],[8.2084,44.747],[8.2023,44.7444],[8.2158,44.7269],[8.2414,44.724],[8.2568,44.7323],[8.2567,44.7214],[8.2687,44.7114],[8.26,44.6969],[8.2233,44.6788],[8.2268,44.661],[8.1946,44.6299],[8.1969,44.6146],[8.2148,44.6174],[8.2344,44.5986],[8.2289,44.5936],[8.2443,44.581],[8.2456,44.5697],[8.2323,44.5617],[8.2411,44.5548],[8.2363,44.5492],[8.246,44.5482],[8.2486,44.5346],[8.2713,44.5068],[8.3042,44.5047],[8.3217,44.488],[8.3492,44.4855],[8.3585,44.4649],[8.3744,44.4745],[8.3925,44.477],[8.3908,44.4877],[8.401,44.4934],[8.4039,44.509],[8.4186,44.5133],[8.4274,44.5025],[8.4405,44.5057],[8.4495,44.4974],[8.4527,44.5096],[8.4707,44.5225],[8.4781,44.5106],[8.5087,44.5082],[8.5348,44.5133],[8.5597,44.5028],[8.576,44.5072],[8.5738,44.5233],[8.5867,44.5242],[8.5877,44.5332],[8.6124,44.5433],[8.5978,44.5565],[8.6045,44.5643],[8.6012,44.5682],[8.6146,44.5683],[8.6172,44.574],[8.6086,44.5761],[8.621,44.5771],[8.6239,44.5864],[8.6416,44.5786],[8.6486,44.5833],[8.6674,44.5824],[8.6814,44.5749],[8.6906,44.5825],[8.721,44.5798],[8.7328,44.5704],[8.7384,44.5513],[8.7493,44.5498],[8.7499,44.5407],[8.757,44.5367],[8.7498,44.5256],[8.7605,44.5302],[8.7676,44.5249],[8.7736,44.5039],[8.767,44.4919],[8.7883,44.488],[8.786,44.4971],[8.801,44.5007],[8.7946,44.5234],[8.7991,44.5301],[8.8291,44.5436],[8.8222,44.5502],[8.8268,44.5618],[8.8133,44.5742],[8.8026,44.573],[8.8082,44.5783],[8.8021,44.5842],[8.8086,44.5972],[8.7964,44.6162],[8.8016,44.6281],[8.8268,44.6417],[8.8503,44.6428],[8.8516,44.6541],[8.8684,44.6614],[8.863,44.6632],[8.8679,44.668],[8.8748,44.6664],[8.8759,44.6599],[8.8895,44.668],[8.8637,44.6826],[8.8546,44.6958],[8.8858,44.7159],[8.8589,44.7279],[8.8565,44.7352],[8.8622,44.7431],[8.8533,44.746],[8.8569,44.7502],[8.8473,44.7626],[8.8512,44.7877],[8.8458,44.7994],[8.8172,44.8008],[8.8131,44.7871],[8.78,44.7806],[8.7649,44.7865],[8.7557,44.8019],[8.7347,44.8081],[8.7264,44.8037],[8.7186,44.7809],[8.6806,44.7757],[8.6799,44.7695],[8.6714,44.7657],[8.6677,44.7756],[8.6524,44.7818],[8.6527,44.7938],[8.6348,44.7958],[8.6328,44.7843],[8.6276,44.7827],[8.6206,44.7863],[8.621,44.7934],[8.6095,44.7892],[8.6011,44.795],[8.5762,44.7955],[8.5693,44.8043],[8.5551,44.8039],[8.5526,44.8124],[8.5568,44.8157],[8.5464,44.8203],[8.5298,44.8139],[8.5442,44.8258],[8.5475,44.836],[8.5473,44.8437],[8.5382,44.8469],[8.501,44.8377],[8.4575,44.8468],[8.4268,44.8385],[8.4224,44.8451],[8.4235,44.8495],[8.4322,44.8477],[8.4314,44.8586],[8.4431,44.8601],[8.4463,44.8531],[8.4626,44.8609],[8.452,44.8813],[8.461,44.89],[8.4343,44.8881],[8.4366,44.8737],[8.4217,44.886],[8.42,44.875],[8.4059,44.8716],[8.3999,44.8829],[8.3837,44.8757],[8.367,44.8959],[8.3588,44.9129],[8.3629,44.9149],[8.3605,44.9227],[8.3658,44.928],[8.3805,44.9242],[8.383,44.9356],[8.3776,44.9494],[8.3875,44.9482],[8.3925,44.9386],[8.4051,44.9408],[8.4162,44.9287],[8.4319,44.9289],[8.4441,44.9192],[8.4582,44.9185],[8.4696,44.9291],[8.4904,44.9282],[8.5187,44.9365],[8.5187,44.9417],[8.5298,44.9415],[8.5385,44.958],[8.5559,44.9591],[8.5562,44.967],[8.5767,44.9628],[8.5747,44.9665],[8.5973,44.9745],[8.5958,44.9907],[8.6246,44.9839],[8.6352,44.9734],[8.6518,44.9727],[8.6593,44.9609],[8.6601,44.9427],[8.6526,44.9415],[8.6487,44.9341],[8.6556,44.9381],[8.6615,44.9314],[8.675,44.9348],[8.6714,44.9303],[8.6749,44.9281],[8.7042,44.9372],[8.7047,44.9447],[8.7134,44.9502],[8.7081,44.9662],[8.719,44.9604],[8.7167,44.9703],[8.7224,44.9618],[8.7282,44.9636],[8.7233,44.9744],[8.7399,44.9713],[8.7375,44.9799],[8.7247,44.9827],[8.744,44.9826],[8.7456,44.9914],[8.7542,44.9937],[8.7679,44.9903],[8.7627,45.0017],[8.7833,44.999],[8.7828,45.009],[8.8176,45.0233],[8.7921,45.0198],[8.7777,45.0237],[8.7753,45.0079],[8.7677,45.007],[8.7649,45.0134],[8.7479,45.0091],[8.7541,45.0153],[8.7506,45.0207],[8.7267,45.0218],[8.71,45.0383],[8.7013,45.0326],[8.7035,45.0252],[8.693,45.0198],[8.6751,45.0292],[8.6673,45.0286],[8.666,45.0206],[8.6593,45.0179],[8.6519,45.0234],[8.657,45.0284],[8.6523,45.0349],[8.6347,45.0407],[8.6413,45.044],[8.6385,45.0504],[8.6466,45.0539],[8.6442,45.0618],[8.6277,45.0546],[8.6015,45.0675],[8.601,45.0867],[8.5902,45.0909],[8.5772,45.0856],[8.5615,45.0878],[8.5477,45.0742],[8.5066,45.0843],[8.517,45.104],[8.5051,45.1182],[8.5177,45.1547],[8.5569,45.166],[8.5448,45.1677],[8.5368,45.1756],[8.5165,45.1709],[8.5072,45.1741],[8.4697,45.1619],[8.4481,45.1686],[8.4485,45.1724],[8.4371,45.1663],[8.4332,45.1719],[8.4033,45.1701],[8.4107,45.1625],[8.3568,45.1632],[8.3508,45.1585],[8.3538,45.1535],[8.3313,45.1519],[8.3238,45.1585],[8.3108,45.1507],[8.3153,45.1588],[8.3116,45.1606],[8.3201,45.1577],[8.3211,45.1664],[8.307,45.1695],[8.3071,45.1647],[8.3007,45.1632],[8.2859,45.1784],[8.264,45.1803],[8.2154,45.164],[8.212,45.1722],[8.199,45.1783],[8.1766,45.1598],[8.1721,45.1595],[8.1742,45.1711],[8.1459,45.1664],[8.1392,45.1603],[8.1439,45.1439],[8.1367,45.1397],[8.1362,45.1289],[8.129,45.123],[8.0947,45.131],[8.0921,45.1157],[8.0754,45.0974],[8.0473,45.1082],[8.0469,45.1281],[8.0264,45.133],[8.0154,45.1254],[7.9902,45.13],[7.9686,45.117],[7.9378,45.111],[7.9286,45.104],[7.9422,45.0862],[7.9375,45.081],[7.9237,45.0834],[7.919,45.0746],[7.9082,45.0946],[7.896,45.095],[7.893,45.0599],[7.9236,45.0549],[7.9324,45.0408],[7.9378,45.0421],[7.9361,45.0482],[7.943,45.0571],[7.958,45.042],[7.952,45.0362],[7.9538,45.0297],[7.9214,45.0235],[7.9159,45.0031],[7.9343,45.0005],[7.9327,44.9939],[7.9466,44.9888],[7.9835,44.984],[7.9888,44.9876],[7.9941,44.9781],[7.9614,44.9647],[7.9567,44.9534],[7.9673,44.9331],[7.9612,44.9265],[7.9648,44.9214],[7.9526,44.9249],[7.9448,44.9174],[7.9464,44.9123],[7.9201,44.9154],[7.9263,44.9029],[7.9151,44.892],[7.9186,44.885],[7.9304,44.8789],[7.952,44.88],[7.9535,44.8673],[7.9589,44.865],[7.9537,44.8527],[7.9647,44.8566],[7.9773,44.8504],[7.984,44.8263],[8.0048,44.8151],[8.0256,44.8164],[8.0454,44.7993],[8.0554,44.8111],[8.0788,44.8073],[8.0944,44.8225],[8.1063,44.81],[8.1229,44.8141],[8.1318,44.8092],[8.128,44.7924],[8.1375,44.7826],[8.127,44.7819],[8.1255,44.776],[8.1132,44.7699],[8.1045,44.7739],[8.1043,44.7626],[8.0951,44.7585],[8.1123,44.7484],[8.1199,44.7517],[8.1332,44.7467],[8.1363,44.7327],[8.1529,44.7125],[8.1605,44.7225],[8.1658,44.7218],[8.1633,44.7328],[8.1785,44.7367]],[[8.5595,45.0594],[8.5459,45.061],[8.5486,45.0702],[8.5566,45.0733],[8.5781,45.0671],[8.5777,45.0471],[8.5548,45.0444],[8.5505,45.0477],[8.5595,45.0594]],[[8.7051,45.0244],[8.7065,45.0144],[8.7061,45.0129],[8.7034,45.0147],[8.7051,45.0244]]],[[[11.1106,45.9193],[11.1184,45.901],[11.1258,45.9204],[11.1133,45.9292],[11.1039,45.929],[11.1018,45.9453],[11.0949,45.9468],[11.0978,45.9404],[11.0865,45.9327],[11.0912,45.923],[11.1106,45.9193]]],[[[11.1453,45.97],[11.1313,45.9754],[11.1131,45.9732],[11.1076,45.9506],[11.1209,45.9569],[11.148,45.9581],[11.1453,45.97]]]]}},{"type":"Feature","properties":{"id":"nebbiolo-d-alba","name":"Nebbiolo d'Alba","full_name":"Nebbiolo d'Alba","region":"Piedmont","grapes":["Nebbiolo"],"key_appellations":["Nebbiolo d'Alba"],"desc":"Nebbiolo d'Alba is a protected wine appellation in Piedmont.","level":"appellation"},"geometry":{"type":"Polygon","coordinates":[[[7.9248,44.5626],[7.9496,44.5669],[7.9705,44.559],[7.9796,44.5619],[7.9911,44.5578],[7.9891,44.5512],[7.997,44.5454],[8.0086,44.5515],[8.0046,44.5603],[8.0299,44.5751],[8.0489,44.5745],[8.0403,44.5942],[8.049,44.6016],[8.0468,44.6058],[8.0528,44.6062],[8.0548,44.6178],[8.0439,44.641],[8.0462,44.6484],[8.0551,44.6495],[8.0788,44.6342],[8.0782,44.6402],[8.0928,44.6422],[8.0889,44.6496],[8.0985,44.6581],[8.0866,44.6663],[8.0827,44.6799],[8.071,44.6801],[8.0727,44.6888],[8.061,44.6914],[8.0631,44.7029],[8.057,44.7105],[8.0662,44.7309],[8.084,44.7351],[8.0849,44.7418],[8.0751,44.7511],[8.0854,44.7484],[8.1029,44.7605],[8.1045,44.7739],[8.1132,44.7699],[8.1255,44.776],[8.127,44.7819],[8.1375,44.7826],[8.128,44.7924],[8.1318,44.8092],[8.1229,44.8141],[8.1063,44.81],[8.0944,44.8225],[8.0788,44.8073],[8.0554,44.8111],[8.0454,44.7993],[8.0256,44.8164],[7.9947,44.8182],[7.984,44.8263],[7.9779,44.8499],[7.9647,44.8566],[7.9546,44.8477],[7.9107,44.8314],[7.9024,44.8217],[7.8899,44.8238],[7.8758,44.8364],[7.8562,44.8177],[7.8558,44.805],[7.862,44.7965],[7.8357,44.7805],[7.8371,44.7621],[7.8512,44.7517],[7.8471,44.7347],[7.8104,44.7475],[7.779,44.7412],[7.78,44.735],[7.7595,44.7205],[7.7615,44.7059],[7.7563,44.6945],[7.7691,44.6913],[7.7807,44.6801],[7.8114,44.6869],[7.8461,44.6788],[7.8614,44.6804],[7.8895,44.6662],[7.8878,44.6718],[7.8955,44.68],[7.9018,44.674],[7.8964,44.6699],[7.8981,44.6644],[7.9051,44.6604],[7.9046,44.6218],[7.9247,44.6183],[7.9479,44.6275],[7.9597,44.6264],[7.9728,44.6422],[7.9717,44.6487],[7.9801,44.6479],[7.9959,44.6328],[8.0075,44.6319],[8.0109,44.6146],[8.0023,44.6047],[8.0093,44.5961],[8.0033,44.5869],[7.9936,44.5921],[7.9854,44.6215],[7.9672,44.6139],[7.9576,44.6202],[7.9474,44.5996],[7.9215,44.61],[7.8952,44.5958],[7.9008,44.5742],[7.9114,44.5677],[7.9024,44.5663],[7.9006,44.5598],[7.9131,44.5527],[7.9248,44.5626]]]}},{"type":"Feature","properties":{"id":"carmignano","name":"Carmignano","full_name":"Carmignano","region":"Tuscany","grapes":["Alicante Bouschet","Alicante","Ancellotta","Barbera","Barsaglina","Bonamico"],"key_appellations":["Carmignano"],"desc":"Carmignano is a protected wine appellation in Tuscany.","level":"appellation"},"geometry":{"type":"Polygon","coordinates":[[[11.0349,43.7678],[11.0568,43.7587],[11.065,43.7761],[11.0562,43.7805],[11.0626,43.7856],[11.0585,43.7906],[11.0795,43.7917],[11.0652,43.8008],[11.0621,43.8164],[11.0318,43.8389],[11.0214,43.8409],[11.0109,43.8314],[10.9884,43.8278],[10.9844,43.8201],[10.9641,43.8125],[10.9791,43.7951],[10.9785,43.7847],[11.0126,43.7742],[11.0281,43.7796],[11.0349,43.7678]]]}},{"type":"Feature","properties":{"id":"chianti","name":"Chianti","full_name":"Chianti","region":"Tuscany","grapes":["Sangiovese"],"key_appellations":["Chianti Classico","Gran Selezione"],"desc":"The historic heart of Chianti between Florence and Siena. Sangiovese with structure and ageing potential.","level":"appellation"},"geometry":{"type":"Polygon","coordinates":[[[10.8142,43.4968],[10.8566,43.494],[10.8607,43.4872],[10.8513,43.4778],[10.868,43.4727],[10.8699,43.4605],[10.8904,43.4596],[10.9094,43.4659],[10.9189,43.4571],[10.9521,43.4523],[10.9788,43.4195],[10.979,43.4061],[11.0021,43.4012],[11.0131,43.3642],[10.9977,43.344],[10.9721,43.3442],[10.97,43.3142],[10.9548,43.3185],[10.9521,43.302],[10.9739,43.2967],[10.9966,43.28],[11.02,43.2839],[11.0215,43.2895],[11.0311,43.2921],[11.0398,43.2816],[11.0849,43.2745],[11.0873,43.2682],[11.1042,43.2646],[11.1094,43.2584],[11.1046,43.2508],[11.1084,43.2444],[11.1357,43.2336],[11.157,43.2353],[11.1578,43.2469],[11.1867,43.2304],[11.2001,43.2405],[11.2066,43.2242],[11.1947,43.2095],[11.2021,43.1992],[11.2166,43.1981],[11.222,43.187],[11.2234,43.1755],[11.2152,43.1606],[11.2214,43.1568],[11.2205,43.1504],[11.2453,43.1483],[11.2763,43.1659],[11.2853,43.1587],[11.2907,43.1418],[11.2993,43.1418],[11.2914,43.1346],[11.3085,43.1107],[11.3232,43.1074],[11.3218,43.0969],[11.3409,43.0984],[11.3388,43.0875],[11.3529,43.0797],[11.3632,43.0821],[11.3668,43.0719],[11.3626,43.0634],[11.3678,43.0562],[11.3593,43.0545],[11.3627,43.0443],[11.354,43.0403],[11.3642,43.0325],[11.352,43.027],[11.3634,43.022],[11.3621,43.0066],[11.3731,43.0079],[11.3706,42.9985],[11.3805,42.9961],[11.3653,42.9945],[11.3772,42.9854],[11.3755,42.9789],[11.3587,42.9792],[11.3504,42.972],[11.3529,42.9692],[11.457,42.9573],[11.4714,42.9647],[11.4879,42.9645],[11.4979,42.976],[11.515,42.9812],[11.5296,42.9734],[11.5429,42.9737],[11.5552,42.9872],[11.5519,42.9997],[11.5581,43.0106],[11.5515,43.02],[11.5526,43.0325],[11.5593,43.0429],[11.5659,43.0427],[11.5658,43.0528],[11.5557,43.0495],[11.5529,43.0588],[11.5619,43.0747],[11.5781,43.0817],[11.5869,43.0768],[11.5883,43.0905],[11.576,43.0933],[11.589,43.098],[11.5871,43.1039],[11.5912,43.1041],[11.6121,43.0871],[11.6243,43.0927],[11.6296,43.0893],[11.6321,43.0741],[11.6415,43.0698],[11.6424,43.0485],[11.6578,43.0399],[11.6402,43.0303],[11.6526,43.032],[11.6616,43.0248],[11.7155,43.0157],[11.7319,43.0199],[11.7407,43.0008],[11.7589,42.9842],[11.7811,42.95],[11.7993,42.9551],[11.8226,42.9489],[11.8336,42.9294],[11.8535,42.9166],[11.8354,42.902],[11.8312,42.8928],[11.8356,42.8862],[11.8042,42.8708],[11.8042,42.8602],[11.8091,42.8586],[11.8005,42.8542],[11.8029,42.8509],[11.7902,42.8436],[11.7669,42.8463],[11.7599,42.8372],[11.749,42.8343],[11.755,42.8272],[11.7864,42.8163],[11.8069,42.7948],[11.8146,42.8233],[11.832,42.8268],[11.8494,42.8387],[11.8946,42.8343],[11.8919,42.8429],[11.9132,42.8505],[11.929,42.8693],[11.96,42.8692],[11.9563,42.9004],[11.9335,42.9054],[11.9348,42.927],[11.9517,42.9484],[11.9495,42.9774],[11.9543,42.9787],[11.9823,43.0514],[11.9726,43.064],[11.9567,43.0687],[11.9481,43.0556],[11.9361,43.0559],[11.9225,43.0815],[11.9304,43.0943],[11.9124,43.1283],[11.9204,43.1317],[11.9288,43.1526],[11.9613,43.1669],[11.9303,43.1765],[11.9191,43.1677],[11.9033,43.1743],[11.8888,43.1564],[11.8626,43.1738],[11.8481,43.1883],[11.834,43.2197],[11.8392,43.3048],[11.7962,43.2982],[11.779,43.2845],[11.7565,43.3066],[11.766,43.3092],[11.7754,43.345],[11.7816,43.3474],[11.7929,43.3379],[11.7903,43.3352],[11.8054,43.3314],[11.8044,43.3252],[11.8311,43.3317],[11.8328,43.3276],[11.8444,43.3285],[11.8999,43.3557],[11.9061,43.3663],[11.9269,43.3715],[11.9408,43.3853],[11.9728,43.3697],[12.0303,43.3763],[12.0491,43.3524],[12.0775,43.365],[12.0728,43.3812],[12.0773,43.4021],[12.0702,43.4049],[12.0527,43.3976],[12.0315,43.4011],[12.0252,43.4156],[12.0322,43.4237],[12.0527,43.4313],[12.0532,43.4457],[12.0461,43.4519],[12.0558,43.4642],[12.0271,43.4889],[11.9919,43.4799],[11.9899,43.4918],[11.9642,43.5149],[11.9547,43.5133],[11.9333,43.5471],[11.9271,43.5467],[11.9505,43.558],[11.968,43.575],[11.9606,43.6027],[11.9422,43.6047],[11.9457,43.6217],[11.9218,43.6283],[11.9142,43.6374],[11.9183,43.6437],[11.8637,43.6497],[11.838,43.635],[11.8405,43.6297],[11.8525,43.6319],[11.8487,43.6219],[11.8542,43.618],[11.8429,43.612],[11.8382,43.5985],[11.8283,43.5942],[11.8215,43.6095],[11.797,43.6127],[11.7891,43.6187],[11.7828,43.6294],[11.7905,43.6349],[11.7795,43.6426],[11.7499,43.6384],[11.7288,43.6175],[11.7096,43.628],[11.686,43.6326],[11.6786,43.6444],[11.6468,43.6551],[11.6418,43.6637],[11.6241,43.6671],[11.5938,43.716],[11.5778,43.7205],[11.572,43.7343],[11.5896,43.7472],[11.5819,43.766],[11.5957,43.7711],[11.5973,43.7831],[11.6038,43.7873],[11.6048,43.8102],[11.6236,43.8148],[11.6286,43.8212],[11.6233,43.8317],[11.6302,43.8467],[11.6527,43.8418],[11.6498,43.8602],[11.6704,43.8768],[11.6469,43.8801],[11.6403,43.8911],[11.6103,43.9029],[11.5881,43.9037],[11.5771,43.915],[11.5566,43.9099],[11.552,43.9143],[11.5531,43.9285],[11.572,43.9336],[11.5999,43.9664],[11.6085,43.9847],[11.6223,43.9897],[11.6223,43.9988],[11.6008,44.0074],[11.588,44.0005],[11.5831,44.0098],[11.5732,44.0095],[11.5638,44.0205],[11.5565,44.0194],[11.5518,44.0095],[11.5305,44.011],[11.5204,44.0197],[11.4863,44.0313],[11.4696,44.0121],[11.446,44.0003],[11.4456,43.9912],[11.4344,43.9869],[11.437,43.9759],[11.4302,43.9683],[11.4203,43.9686],[11.4166,43.9602],[11.421,43.9515],[11.4165,43.9388],[11.4243,43.9315],[11.4179,43.9248],[11.4423,43.8813],[11.4261,43.8725],[11.3448,43.8704],[11.3193,43.8487],[11.3022,43.8451],[11.3015,43.8382],[11.2914,43.8404],[11.2773,43.8267],[11.2511,43.8351],[11.2425,43.8256],[11.2339,43.8288],[11.2049,43.8084],[11.194,43.8129],[11.1818,43.7998],[11.1569,43.8029],[11.1506,43.7862],[11.0968,43.7728],[11.0732,43.7824],[11.065,43.7761],[11.0562,43.7805],[11.0626,43.7856],[11.0585,43.7906],[11.0793,43.7921],[11.0652,43.8008],[11.0621,43.8164],[11.0246,43.8446],[11.0258,43.8561],[11.0169,43.8674],[10.9857,43.8845],[10.9791,43.9086],[10.9891,43.9107],[10.9908,43.922],[11.0248,43.8963],[11.0301,43.902],[11.0649,43.9071],[11.0762,43.9167],[11.0813,43.9372],[11.0956,43.9545],[11.0713,43.9832],[11.059,43.9839],[11.0561,43.9916],[11.035,43.9991],[11.0149,43.9954],[11.0117,44.0054],[10.9932,44.011],[10.9703,44.0513],[10.9018,44.064],[10.9028,44.0861],[10.8763,44.0999],[10.8567,44.0991],[10.8819,44.0796],[10.8656,44.0685],[10.8783,44.0615],[10.8903,44.0435],[10.8438,44.0184],[10.8287,44.0259],[10.8066,44.0164],[10.8136,44.0065],[10.8087,43.9916],[10.8336,43.9739],[10.8441,43.9507],[10.83,43.9437],[10.8271,43.9313],[10.8111,43.9243],[10.8202,43.9214],[10.8079,43.9093],[10.8153,43.9055],[10.811,43.8965],[10.816,43.8894],[10.7911,43.8389],[10.8169,43.808],[10.8088,43.7587],[10.8381,43.7488],[10.8195,43.7145],[10.8245,43.7128],[10.8251,43.705],[10.7985,43.7035],[10.7954,43.7085],[10.782,43.7088],[10.762,43.6922],[10.7266,43.6948],[10.6787,43.6609],[10.6468,43.6809],[10.6314,43.6657],[10.621,43.6744],[10.6135,43.6703],[10.6059,43.6738],[10.6034,43.6584],[10.5984,43.656],[10.5895,43.665],[10.5714,43.6695],[10.5782,43.6514],[10.5586,43.628],[10.5189,43.6304],[10.4999,43.6251],[10.498,43.6099],[10.4903,43.6045],[10.4917,43.5855],[10.4752,43.584],[10.4797,43.5581],[10.4644,43.5398],[10.471,43.5219],[10.4877,43.5087],[10.5027,43.512],[10.5272,43.4986],[10.5162,43.4828],[10.49,43.4727],[10.492,43.4563],[10.5006,43.4504],[10.482,43.4369],[10.4836,43.4304],[10.4903,43.4371],[10.5048,43.4365],[10.5019,43.4198],[10.522,43.4229],[10.5279,43.4163],[10.5796,43.4327],[10.5919,43.4159],[10.6088,43.4048],[10.6253,43.4125],[10.6348,43.4264],[10.6601,43.4327],[10.655,43.4208],[10.6658,43.411],[10.6861,43.4153],[10.6976,43.4108],[10.729,43.4128],[10.7457,43.4204],[10.7673,43.4207],[10.7946,43.4368],[10.7881,43.443],[10.7911,43.4557],[10.7702,43.4788],[10.7977,43.4843],[10.801,43.4916],[10.8142,43.4968]],[[11.2852,43.6869],[11.3109,43.6871],[11.3116,43.6781],[11.3237,43.6703],[11.3555,43.693],[11.3685,43.6954],[11.3698,43.6878],[11.3849,43.688],[11.3979,43.6558],[11.3911,43.6484],[11.3873,43.6524],[11.3813,43.6481],[11.3683,43.6323],[11.3809,43.6238],[11.3706,43.6161],[11.3724,43.6107],[11.3943,43.5975],[11.4015,43.6004],[11.4078,43.5956],[11.403,43.5676],[11.4077,43.5579],[11.3976,43.5468],[11.403,43.5485],[11.4252,43.5297],[11.4359,43.5116],[11.4608,43.5103],[11.4596,43.4998],[11.4663,43.4994],[11.4645,43.4939],[11.4728,43.4846],[11.4887,43.4777],[11.5018,43.4607],[11.5133,43.4687],[11.5286,43.4569],[11.5507,43.4596],[11.5471,43.4481],[11.54,43.4451],[11.546,43.4224],[11.5351,43.4076],[11.5058,43.4196],[11.4909,43.4162],[11.4487,43.3925],[11.4304,43.3618],[11.4211,43.3552],[11.4153,43.3577],[11.4155,43.3713],[11.4088,43.3789],[11.4102,43.3909],[11.4004,43.3974],[11.4024,43.4092],[11.3856,43.4079],[11.3812,43.4185],[11.3669,43.4289],[11.32,43.4244],[11.3136,43.4146],[11.2932,43.4075],[11.2845,43.3975],[11.2787,43.4042],[11.258,43.403],[11.2509,43.3883],[11.2168,43.3974],[11.2162,43.4137],[11.207,43.4169],[11.2129,43.4182],[11.2054,43.424],[11.2236,43.4469],[11.2095,43.4545],[11.2198,43.4645],[11.2192,43.4693],[11.213,43.4694],[11.2211,43.4775],[11.2112,43.4816],[11.246,43.4986],[11.2436,43.5083],[11.2532,43.5083],[11.2725,43.5303],[11.2696,43.5458],[11.2559,43.5485],[11.2733,43.578],[11.2592,43.5947],[11.2804,43.6051],[11.2849,43.6215],[11.2661,43.6375],[11.267,43.6447],[11.2559,43.6485],[11.2558,43.6552],[11.2691,43.6601],[11.2852,43.6869]],[[11.4564,43.1896],[11.4924,43.1973],[11.5022,43.1897],[11.4966,43.1872],[11.5043,43.1726],[11.5,43.1694],[11.5113,43.1556],[11.5246,43.1643],[11.5385,43.1616],[11.5465,43.1531],[11.5256,43.1441],[11.5099,43.1439],[11.5246,43.1308],[11.5246,43.1118],[11.5114,43.1051],[11.4882,43.1093],[11.4756,43.1057],[11.4537,43.1131],[11.445,43.1003],[11.4371,43.1079],[11.4235,43.103],[11.4244,43.1097],[11.4019,43.1114],[11.4022,43.1228],[11.4156,43.1318],[11.4254,43.1551],[11.4581,43.1654],[11.4636,43.161],[11.4729,43.1713],[11.4749,43.1758],[11.4666,43.1787],[11.4689,43.1838],[11.4564,43.1896]]]}},{"type":"Feature","properties":{"id":"pinerolese","name":"Pinerolese","full_name":"Pinerolese","region":"Piedmont","grapes":["Albarossa","Ancellotta","Avanà","Avarengo","Barbera","Becuet"],"key_appellations":["Pinerolese"],"desc":"Pinerolese is a protected wine appellation in Piedmont.","level":"appellation"},"geometry":{"type":"MultiPolygon","coordinates":[[[[7.1997,44.7259],[7.2022,44.7185],[7.2182,44.7129],[7.2386,44.7174],[7.2614,44.7143],[7.2699,44.7065],[7.3003,44.6988],[7.3004,44.6888],[7.3249,44.6759],[7.3384,44.6811],[7.3408,44.7054],[7.3848,44.7097],[7.3943,44.7165],[7.4243,44.7215],[7.4395,44.7346],[7.4494,44.7359],[7.4396,44.7624],[7.4597,44.7568],[7.4609,44.7632],[7.4515,44.7608],[7.4456,44.7741],[7.4644,44.7747],[7.4257,44.7843],[7.4094,44.7969],[7.4103,44.8074],[7.4168,44.8059],[7.4283,44.8166],[7.4305,44.8339],[7.4442,44.8381],[7.4505,44.8591],[7.4596,44.8628],[7.4592,44.8763],[7.438,44.8922],[7.4154,44.8875],[7.4208,44.8951],[7.4199,44.9094],[7.3897,44.9219],[7.3928,44.9283],[7.4036,44.9307],[7.4301,44.925],[7.4664,44.9362],[7.4732,44.9515],[7.4666,44.9494],[7.4239,44.9693],[7.3861,45.0031],[7.3649,45.0082],[7.3386,45.0051],[7.3201,44.9976],[7.309,44.9854],[7.2895,44.9797],[7.2706,44.9999],[7.1815,45.0072],[7.138,44.9723],[7.1381,44.9618],[7.1271,44.96],[7.0752,44.9769],[7.0754,44.9469],[7.0839,44.9439],[7.0764,44.9379],[7.0853,44.9387],[7.0801,44.9295],[7.0923,44.9081],[7.0861,44.8867],[7.1003,44.8734],[7.0961,44.8673],[7.1039,44.8594],[7.0919,44.849],[7.0597,44.844],[7.051,44.8305],[7.0288,44.8264],[6.9995,44.7909],[7.022,44.7711],[7.0235,44.74],[7.0402,44.7199],[7.0658,44.7135],[7.0706,44.7182],[7.087,44.7151],[7.1191,44.7252],[7.128,44.7379],[7.1391,44.7367],[7.1495,44.7433],[7.1825,44.7264],[7.1997,44.7259]]],[[[7.4753,44.7676],[7.4667,44.7729],[7.4712,44.7624],[7.4753,44.7676]]]]}},{"type":"Feature","properties":{"id":"rubino-di-cantavenna","name":"Rubino di Cantavenna","full_name":"Rubino di Cantavenna","region":"Piedmont","grapes":["Barbera","Freisa","Grignolino"],"key_appellations":["Rubino di Cantavenna"],"desc":"Rubino di Cantavenna is a protected wine appellation in Piedmont.","level":"appellation"},"geometry":{"type":"Polygon","coordinates":[[[8.1826,45.1252],[8.2436,45.1497],[8.2554,45.1434],[8.304,45.1455],[8.3153,45.1588],[8.3126,45.1617],[8.3212,45.1585],[8.3211,45.1664],[8.307,45.1695],[8.3071,45.1647],[8.3007,45.1632],[8.2913,45.176],[8.2697,45.1811],[8.2154,45.164],[8.212,45.1722],[8.199,45.1783],[8.1859,45.1645],[8.1721,45.1595],[8.1792,45.1586],[8.1769,45.1489],[8.1866,45.138],[8.1826,45.1252]]]}},{"type":"Feature","properties":{"id":"chianti-classico","name":"Chianti Classico","full_name":"Chianti Classico","region":"Tuscany","grapes":["Sangiovese"],"key_appellations":["Chianti Classico","Gran Selezione"],"desc":"The historic heart of Chianti between Florence and Siena. Sangiovese with structure and ageing potential.","level":"appellation"},"geometry":{"type":"Polygon","coordinates":[[[11.0831,43.0833],[11.1255,43.091],[11.129,43.0848],[11.167,43.0784],[11.1751,43.09],[11.1912,43.0875],[11.1974,43.0918],[11.2181,43.0865],[11.2302,43.0922],[11.2417,43.0844],[11.2711,43.0801],[11.2814,43.0836],[11.2973,43.0771],[11.3094,43.089],[11.3218,43.0843],[11.3271,43.0912],[11.3379,43.0903],[11.3529,43.0797],[11.3639,43.0811],[11.3668,43.0719],[11.3626,43.0634],[11.3678,43.0562],[11.3593,43.0545],[11.3627,43.0443],[11.354,43.0403],[11.3642,43.0325],[11.352,43.027],[11.3634,43.022],[11.3621,43.0066],[11.3731,43.0079],[11.3706,42.9985],[11.3805,42.9961],[11.3653,42.9945],[11.3772,42.9854],[11.3755,42.9789],[11.3587,42.9792],[11.3504,42.972],[11.3529,42.9692],[11.457,42.9573],[11.4714,42.9647],[11.4879,42.9645],[11.4979,42.976],[11.5169,42.9812],[11.5281,42.9749],[11.5294,42.9654],[11.5716,42.9702],[11.5959,42.9509],[11.6095,42.9516],[11.6238,42.9285],[11.6211,42.9138],[11.6269,42.9147],[11.6254,42.8906],[11.6197,42.8814],[11.6246,42.8651],[11.6373,42.8528],[11.6322,42.8272],[11.6356,42.8183],[11.6242,42.8],[11.6414,42.7997],[11.6611,42.7881],[11.6798,42.7879],[11.7025,42.799],[11.746,42.7857],[11.7534,42.8022],[11.7743,42.8211],[11.8023,42.8045],[11.8069,42.7948],[11.8146,42.8233],[11.832,42.8268],[11.8494,42.8387],[11.8946,42.8343],[11.8919,42.8429],[11.9132,42.8505],[11.929,42.8693],[11.96,42.8692],[11.9563,42.9004],[11.9335,42.9054],[11.9348,42.927],[11.9517,42.9484],[11.9495,42.9774],[11.9543,42.9787],[11.9823,43.0514],[11.9726,43.064],[11.9567,43.0687],[11.9481,43.0556],[11.9361,43.0559],[11.9225,43.0815],[11.9304,43.0943],[11.9124,43.1283],[11.9204,43.1317],[11.9288,43.1526],[11.9613,43.1669],[11.9303,43.1765],[11.9191,43.1677],[11.9033,43.1743],[11.8888,43.1564],[11.8481,43.1883],[11.8337,43.2245],[11.7959,43.2221],[11.7732,43.2384],[11.7494,43.2339],[11.7184,43.2555],[11.7193,43.2651],[11.7021,43.2852],[11.6767,43.286],[11.658,43.3217],[11.6247,43.3433],[11.5666,43.3623],[11.5633,43.3746],[11.548,43.3777],[11.5319,43.392],[11.5344,43.4105],[11.546,43.4224],[11.54,43.4451],[11.5471,43.4481],[11.5507,43.4596],[11.5286,43.4569],[11.5133,43.4687],[11.5018,43.4607],[11.4887,43.4777],[11.4728,43.4846],[11.4645,43.4939],[11.4663,43.4994],[11.4596,43.4998],[11.4608,43.5103],[11.4359,43.5116],[11.4252,43.5297],[11.403,43.5485],[11.3976,43.5468],[11.4081,43.5607],[11.4453,43.5664],[11.4515,43.578],[11.4651,43.5815],[11.4639,43.5871],[11.4936,43.5781],[11.5199,43.5798],[11.5119,43.5898],[11.516,43.5967],[11.4943,43.6232],[11.4839,43.6261],[11.5078,43.6407],[11.5498,43.6469],[11.5389,43.6556],[11.5393,43.6616],[11.5965,43.6859],[11.6102,43.687],[11.6111,43.6944],[11.5938,43.716],[11.5778,43.7205],[11.5721,43.7334],[11.5896,43.7472],[11.5819,43.766],[11.5957,43.7711],[11.5973,43.7831],[11.6038,43.7873],[11.6048,43.8102],[11.6236,43.8148],[11.6286,43.8212],[11.6233,43.8317],[11.6302,43.8467],[11.6527,43.8418],[11.6498,43.8602],[11.6704,43.8768],[11.692,43.8727],[11.7107,43.878],[11.7127,43.9119],[11.7189,43.9215],[11.6833,43.9362],[11.692,43.9549],[11.6513,43.9781],[11.6456,43.9898],[11.653,43.9991],[11.6485,44.0047],[11.6635,44.0051],[11.6565,44.0175],[11.6819,44.0212],[11.6949,44.0353],[11.6969,44.0525],[11.7489,44.1041],[11.753,44.1205],[11.7485,44.1247],[11.7044,44.1197],[11.6788,44.1229],[11.676,44.1139],[11.6487,44.0991],[11.6404,44.1112],[11.6129,44.1195],[11.5846,44.1122],[11.5878,44.1237],[11.602,44.1255],[11.6037,44.1385],[11.6167,44.1434],[11.6154,44.1582],[11.6083,44.1623],[11.6026,44.1569],[11.5903,44.1625],[11.5732,44.1607],[11.5632,44.1678],[11.5525,44.1653],[11.5444,44.1525],[11.5035,44.1623],[11.4832,44.1766],[11.4896,44.1801],[11.4834,44.1846],[11.4679,44.1848],[11.4708,44.1897],[11.4665,44.1932],[11.4581,44.1883],[11.4463,44.2018],[11.4549,44.2116],[11.4516,44.2208],[11.422,44.2399],[11.3946,44.2198],[11.3806,44.2],[11.3428,44.2058],[11.331,44.1997],[11.3244,44.1946],[11.3232,44.1813],[11.3095,44.1728],[11.2958,44.1724],[11.2981,44.1679],[11.2853,44.1623],[11.2809,44.1537],[11.2715,44.1592],[11.2393,44.1589],[11.214,44.1501],[11.1958,44.1514],[11.1959,44.1423],[11.2202,44.1271],[11.2602,44.1158],[11.2638,44.1043],[11.2526,44.1045],[11.2443,44.097],[11.2284,44.1024],[11.1992,44.0984],[11.2128,44.086],[11.1891,44.0772],[11.1862,44.0563],[11.1804,44.0511],[11.1794,44.0423],[11.1916,44.0298],[11.187,44.017],[11.1736,44.011],[11.1801,43.9936],[11.1713,43.9804],[11.1694,43.9628],[11.1751,43.9517],[11.1718,43.9416],[11.1608,43.9354],[11.1694,43.9186],[11.1417,43.9069],[11.1477,43.9022],[11.1346,43.8848],[11.1488,43.8666],[11.1353,43.8527],[11.1231,43.857],[11.1228,43.8506],[11.0937,43.8178],[11.0696,43.825],[11.0626,43.8176],[11.0652,43.8008],[11.0794,43.7912],[11.0585,43.7906],[11.0626,43.7856],[11.0562,43.7805],[11.065,43.7761],[11.0568,43.7587],[11.0348,43.7669],[11.0281,43.7796],[11.0126,43.7742],[10.9785,43.7847],[10.9791,43.7951],[10.9641,43.8125],[10.942,43.8234],[10.9175,43.801],[10.8953,43.7945],[10.8719,43.7947],[10.8475,43.803],[10.8128,43.7888],[10.8165,43.8085],[10.7866,43.7985],[10.7278,43.8142],[10.7153,43.7976],[10.7111,43.7863],[10.7146,43.7767],[10.7396,43.7531],[10.7622,43.7392],[10.7788,43.7371],[10.7933,43.7195],[10.7983,43.7036],[10.8151,43.7073],[10.8236,43.7036],[10.8245,43.7128],[10.8377,43.7166],[10.8772,43.7192],[10.8791,43.7104],[10.8905,43.7069],[10.8883,43.6959],[10.9165,43.67],[10.9155,43.6628],[10.9339,43.6575],[10.9165,43.6479],[10.9138,43.6411],[10.9028,43.6387],[10.9019,43.6318],[10.8886,43.6398],[10.8887,43.6283],[10.8781,43.6261],[10.8741,43.6142],[10.852,43.6291],[10.8351,43.6178],[10.8332,43.6222],[10.8259,43.6206],[10.8224,43.6139],[10.8346,43.6057],[10.8344,43.5944],[10.8408,43.5886],[10.8402,43.5769],[10.8307,43.5699],[10.8485,43.5627],[10.8344,43.5564],[10.8248,43.5423],[10.8295,43.5246],[10.8392,43.521],[10.8469,43.5098],[10.8384,43.496],[10.8557,43.4945],[10.8607,43.4876],[10.8515,43.4775],[10.868,43.4727],[10.8699,43.4605],[10.8904,43.4596],[10.9094,43.4659],[10.9189,43.4571],[10.9521,43.4523],[10.9788,43.4195],[10.979,43.4061],[11.0019,43.4015],[11.0055,43.3795],[11.0127,43.377],[11.0131,43.3642],[10.9977,43.344],[10.9721,43.3442],[10.97,43.3142],[10.9548,43.3185],[10.9521,43.302],[10.9739,43.2967],[10.9837,43.2887],[10.9898,43.2678],[10.9976,43.2651],[10.9913,43.2455],[10.9964,43.2391],[10.989,43.2311],[10.957,43.2363],[10.9395,43.2451],[10.9273,43.2311],[10.9388,43.227],[10.9414,43.204],[10.9109,43.1804],[10.9084,43.1645],[10.9425,43.1603],[10.975,43.1758],[11.0125,43.1773],[11.0218,43.1891],[11.0455,43.1805],[11.0591,43.1839],[11.057,43.1584],[11.0609,43.1543],[11.0502,43.1446],[11.0602,43.142],[11.0583,43.1314],[11.0713,43.123],[11.0612,43.1131],[11.0831,43.0833]]]}},{"type":"Feature","properties":{"id":"sizzano","name":"Sizzano","full_name":"Sizzano","region":"Piedmont","grapes":["Albarossa","Ancellotta","Avanà","Avarengo","Barbera","Becuet"],"key_appellations":["Sizzano"],"desc":"Sizzano is a protected wine appellation in Piedmont.","level":"appellation"},"geometry":{"type":"Polygon","coordinates":[[[8.4119,45.5671],[8.4332,45.5594],[8.4739,45.5807],[8.4629,45.5951],[8.4287,45.5861],[8.4102,45.5733],[8.4119,45.5671]]]}},{"type":"Feature","properties":{"id":"elba-aleatico-passito","name":"Elba Aleatico Passito","full_name":"Elba Aleatico Passito / Aleatico Passito dell'Elba","region":"Tuscany","grapes":["Aléatico"],"key_appellations":["Elba Aleatico Passito"],"desc":"Elba Aleatico Passito is a protected wine appellation in Tuscany.","level":"appellation"},"geometry":{"type":"MultiPolygon","coordinates":[[[[10.3857,42.7594],[10.4345,42.7767],[10.4297,42.7935],[10.4371,42.799],[10.4294,42.806],[10.4284,42.8155],[10.444,42.8474],[10.4213,42.8597],[10.4238,42.8676],[10.4133,42.8728],[10.3903,42.8507],[10.3796,42.8263],[10.3596,42.817],[10.3616,42.8033],[10.352,42.7977],[10.3403,42.7967],[10.3129,42.8067],[10.3239,42.8139],[10.3316,42.8121],[10.3327,42.8177],[10.2953,42.8186],[10.2632,42.83],[10.2605,42.8273],[10.2753,42.8187],[10.2625,42.8113],[10.2693,42.8035],[10.2614,42.7979],[10.2477,42.7991],[10.249,42.7912],[10.2432,42.7877],[10.22,42.793],[10.2063,42.8068],[10.1859,42.8121],[10.1743,42.8063],[10.1401,42.8092],[10.1214,42.803],[10.103,42.783],[10.1026,42.7662],[10.1225,42.7417],[10.1579,42.7258],[10.1542,42.7333],[10.1854,42.7373],[10.2397,42.7269],[10.2355,42.7453],[10.2429,42.7502],[10.2649,42.7451],[10.2703,42.7367],[10.287,42.7356],[10.2913,42.7534],[10.303,42.7598],[10.3126,42.7576],[10.3193,42.7361],[10.3257,42.7438],[10.3184,42.7601],[10.3421,42.7641],[10.3574,42.7593],[10.36,42.7462],[10.3671,42.741],[10.3662,42.7318],[10.3739,42.7311],[10.3756,42.7198],[10.3828,42.7149],[10.3963,42.7103],[10.4111,42.7163],[10.422,42.7075],[10.4317,42.7124],[10.4338,42.7347],[10.4084,42.7458],[10.41,42.7547],[10.3857,42.7594]]],[[[10.3281,42.3419],[10.312,42.351],[10.2935,42.3469],[10.2939,42.3352],[10.2882,42.3334],[10.2933,42.3174],[10.3167,42.3134],[10.3182,42.3217],[10.3304,42.3227],[10.3281,42.3419]]],[[[10.0815,42.6185],[10.0789,42.5969],[10.0672,42.5872],[10.0555,42.59],[10.0461,42.5857],[10.0493,42.5754],[10.0667,42.5755],[10.0889,42.5673],[10.1031,42.5757],[10.0965,42.5824],[10.1022,42.5884],[10.0947,42.5888],[10.0863,42.6019],[10.0852,42.6113],[10.0899,42.6146],[10.0815,42.6185]]]]}},{"type":"Feature","properties":{"id":"strevi","name":"Strevi","full_name":"Strevi","region":"Piedmont","grapes":["Moscato Bianco"],"key_appellations":["Strevi"],"desc":"Strevi is a protected wine appellation in Piedmont.","level":"appellation"},"geometry":{"type":"Polygon","coordinates":[[[8.5123,44.6766],[8.5486,44.6833],[8.5529,44.6946],[8.5298,44.7016],[8.5377,44.709],[8.5476,44.7085],[8.5432,44.7139],[8.5465,44.7196],[8.4848,44.709],[8.4847,44.7045],[8.502,44.6962],[8.5013,44.687],[8.5102,44.6856],[8.5123,44.6766]]]}},{"type":"Feature","properties":{"id":"terre-alfieri","name":"Terre Alfieri","full_name":"Terre Alfieri","region":"Piedmont","grapes":["Albarossa","Ancellotta","Arneis","Avarengo","Baratuciat","Barbera Bianca"],"key_appellations":["Terre Alfieri"],"desc":"Terre Alfieri is a protected wine appellation in Piedmont.","level":"appellation"},"geometry":{"type":"Polygon","coordinates":[[[8.1037,44.7622],[8.1045,44.7739],[8.1132,44.7699],[8.1255,44.776],[8.127,44.7819],[8.1375,44.7826],[8.128,44.7924],[8.1289,44.8068],[8.1416,44.8294],[8.1557,44.8298],[8.1804,44.8395],[8.1773,44.8434],[8.1867,44.8426],[8.1781,44.8487],[8.1804,44.8628],[8.1913,44.8532],[8.2019,44.8577],[8.1975,44.8628],[8.1551,44.8692],[8.1313,44.8637],[8.1246,44.8739],[8.0937,44.8538],[8.0906,44.8631],[8.1183,44.8727],[8.115,44.8754],[8.1207,44.8868],[8.1049,44.899],[8.0574,44.8994],[8.043,44.8885],[8.0438,44.8803],[8.0284,44.8821],[8.0116,44.8938],[8.0166,44.8676],[7.979,44.8467],[7.984,44.8263],[7.9947,44.8182],[8.0256,44.8164],[8.0454,44.7993],[8.0392,44.7903],[8.0144,44.787],[8.0109,44.78],[8.0163,44.7668],[8.0275,44.7609],[8.0524,44.7625],[8.0623,44.7515],[8.0854,44.7484],[8.1037,44.7622]]]}},{"type":"Feature","properties":{"id":"valli-ossolane","name":"Valli Ossolane","full_name":"Valli Ossolane","region":"Piedmont","grapes":["Albarossa","Ancellotta","Arneis","Avarengo","Baratuciat","Barbera Bianca"],"key_appellations":["Valli Ossolane"],"desc":"Valli Ossolane is a protected wine appellation in Piedmont.","level":"appellation"},"geometry":{"type":"Polygon","coordinates":[[[8.2926,45.9523],[8.3111,45.9567],[8.3328,45.9819],[8.3317,45.9925],[8.345,45.9945],[8.3634,45.9922],[8.3545,45.956],[8.3472,45.9493],[8.3585,45.9412],[8.3857,45.9327],[8.4046,45.948],[8.4348,45.9597],[8.4197,45.9761],[8.412,45.9762],[8.409,45.9886],[8.3876,45.9875],[8.4045,46.0246],[8.3948,46.0241],[8.3939,46.0301],[8.4197,46.0446],[8.4243,46.0634],[8.4143,46.0723],[8.4208,46.089],[8.405,46.0946],[8.3989,46.1008],[8.4033,46.1066],[8.392,46.1074],[8.3751,46.1271],[8.3868,46.1541],[8.4063,46.1656],[8.4283,46.1697],[8.4114,46.18],[8.4161,46.1919],[8.4482,46.1956],[8.4507,46.201],[8.4273,46.2172],[8.448,46.2274],[8.4345,46.2385],[8.4354,46.2439],[8.4559,46.2638],[8.4277,46.2983],[8.4183,46.299],[8.3986,46.2876],[8.4025,46.2841],[8.3906,46.2701],[8.3851,46.2512],[8.3311,46.2463],[8.2982,46.258],[8.2825,46.2525],[8.2705,46.2571],[8.2766,46.2738],[8.2685,46.2718],[8.2538,46.279],[8.2566,46.2858],[8.2406,46.2926],[8.2134,46.2845],[8.2045,46.2911],[8.1932,46.2841],[8.1954,46.2733],[8.211,46.2723],[8.2184,46.2625],[8.2352,46.2652],[8.2537,46.2583],[8.2819,46.2246],[8.2911,46.2017],[8.2821,46.1768],[8.2857,46.1683],[8.2649,46.1819],[8.2394,46.1737],[8.2344,46.1822],[8.2243,46.1798],[8.2145,46.185],[8.1653,46.1769],[8.1499,46.1625],[8.1553,46.1476],[8.15,46.1407],[8.1146,46.1295],[8.1082,46.1116],[8.1159,46.1035],[8.1475,46.0931],[8.1577,46.075],[8.1561,46.0683],[8.1653,46.061],[8.1528,46.0315],[8.1429,46.0246],[8.2235,46.0385],[8.2322,46.0265],[8.2214,45.9969],[8.231,45.9936],[8.2291,45.9882],[8.2374,45.9832],[8.2336,45.9775],[8.2374,45.9553],[8.2627,45.9528],[8.2749,45.9572],[8.2926,45.9523]]]}},{"type":"Feature","properties":{"id":"valsusa","name":"Valsusa","full_name":"Valsusa","region":"Piedmont","grapes":["Albarossa","Ancellotta","Avanà","Avarengo","Baratuciat","Barbera"],"key_appellations":["Valsusa"],"desc":"Valsusa is a protected wine appellation in Piedmont.","level":"appellation"},"geometry":{"type":"Polygon","coordinates":[[[7.069,45.0648],[7.146,45.0628],[7.1469,45.0545],[7.1719,45.0482],[7.1803,45.0541],[7.178,45.0689],[7.1956,45.0764],[7.2457,45.0778],[7.2568,45.1125],[7.2908,45.1134],[7.3044,45.1075],[7.3536,45.1114],[7.3698,45.1055],[7.3708,45.1185],[7.3513,45.1396],[7.3641,45.1294],[7.3841,45.1301],[7.3937,45.1018],[7.4443,45.0997],[7.4555,45.1172],[7.4467,45.1275],[7.4201,45.1397],[7.3967,45.177],[7.302,45.1905],[7.2903,45.1847],[7.2677,45.197],[7.2358,45.1924],[7.2214,45.1976],[7.2104,45.1929],[7.1631,45.1939],[7.1366,45.1864],[7.0772,45.2033],[7.0583,45.1745],[7.0256,45.1667],[7.0228,45.1554],[7.0311,45.1527],[7.0312,45.1453],[7.0025,45.149],[6.9797,45.1648],[6.954,45.1703],[6.9107,45.1655],[6.8937,45.1686],[6.8841,45.1565],[6.8971,45.1396],[6.8522,45.1278],[6.8554,45.1188],[6.848,45.1152],[6.8524,45.1077],[6.87,45.1116],[6.8901,45.1063],[6.9116,45.0894],[6.9064,45.0814],[6.9351,45.0603],[6.9497,45.063],[6.9588,45.071],[6.9933,45.0697],[7.0444,45.0786],[7.069,45.0648]]]}},{"type":"Feature","properties":{"id":"verduno-pelaverga","name":"Verduno Pelaverga","full_name":"Verduno Pelaverga / Verduno","region":"Piedmont","grapes":["Albarossa","Ancellotta","Avarengo","Barbera","Becuet","Bonarda"],"key_appellations":["Verduno Pelaverga"],"desc":"Verduno Pelaverga is a protected wine appellation in Piedmont.","level":"appellation"},"geometry":{"type":"Polygon","coordinates":[[[7.9582,44.6262],[7.9728,44.6422],[7.9664,44.6598],[7.9819,44.6682],[7.9902,44.6793],[7.9854,44.6848],[7.9915,44.6848],[7.9936,44.6922],[7.933,44.6865],[7.9257,44.6903],[7.8955,44.68],[7.9018,44.674],[7.8964,44.6699],[7.8981,44.6644],[7.9051,44.6604],[7.9046,44.6218],[7.9247,44.6183],[7.9479,44.6275],[7.9582,44.6262]]]}},{"type":"Feature","properties":{"id":"montecucco-sangiovese","name":"Montecucco Sangiovese","full_name":"Montecucco Sangiovese","region":"Tuscany","grapes":["Alicante Bouschet","Alicante","Ancellotta","Barbera","Barsaglina","Bonamico"],"key_appellations":["Montecucco Sangiovese"],"desc":"Montecucco Sangiovese is a protected wine appellation in Tuscany.","level":"appellation"},"geometry":{"type":"Polygon","coordinates":[[[11.4365,42.734],[11.4604,42.7077],[11.486,42.6962],[11.4823,42.7071],[11.492,42.7129],[11.4864,42.7242],[11.4888,42.74],[11.5111,42.7375],[11.5194,42.7427],[11.5254,42.7591],[11.5489,42.7717],[11.5836,42.7778],[11.5807,42.7979],[11.5511,42.7975],[11.5462,42.8016],[11.533,42.7976],[11.5323,42.8176],[11.5409,42.834],[11.5613,42.8533],[11.5967,42.8724],[11.6001,42.8797],[11.6197,42.8814],[11.6248,42.8881],[11.6239,42.9282],[11.6101,42.9511],[11.5959,42.9509],[11.5716,42.9702],[11.5294,42.9654],[11.5281,42.9749],[11.5169,42.9812],[11.4979,42.976],[11.4879,42.9645],[11.4714,42.9647],[11.457,42.9573],[11.3529,42.9692],[11.3504,42.972],[11.3587,42.9792],[11.3755,42.9789],[11.3772,42.9854],[11.3653,42.9945],[11.3805,42.9961],[11.3706,42.9985],[11.3731,43.0079],[11.3621,43.0066],[11.3634,43.022],[11.352,43.027],[11.3642,43.0325],[11.354,43.0403],[11.3627,43.0443],[11.3593,43.0545],[11.3678,43.0562],[11.3626,43.0634],[11.3668,43.0719],[11.3639,43.0811],[11.3529,43.0797],[11.3379,43.0903],[11.3271,43.0912],[11.3218,43.0843],[11.3094,43.089],[11.2973,43.0771],[11.2814,43.0836],[11.2706,43.0816],[11.2674,43.0715],[11.248,43.0716],[11.2446,43.0518],[11.2364,43.0485],[11.1928,43.0559],[11.1877,43.0489],[11.2005,43.0406],[11.1999,43.031],[11.2165,43.0261],[11.215,43.0143],[11.2279,42.9865],[11.2313,42.9645],[11.244,42.9558],[11.2026,42.9469],[11.2047,42.9344],[11.1758,42.9379],[11.1798,42.9228],[11.1641,42.9177],[11.149,42.9009],[11.1691,42.8957],[11.1999,42.8538],[11.1832,42.8434],[11.1781,42.8318],[11.1903,42.8116],[11.2066,42.8108],[11.2137,42.7892],[11.2286,42.7934],[11.2324,42.7995],[11.242,42.7984],[11.2405,42.7913],[11.2719,42.7806],[11.3589,42.8066],[11.3928,42.7834],[11.393,42.7721],[11.4322,42.7507],[11.4365,42.734]]]}},{"type":"Feature","properties":{"id":"alta-langa","name":"Alta Langa","full_name":"Alta Langa","region":"Piedmont","grapes":["Albarossa","Ancellotta","Arneis","Avarengo","Baratuciat","Barbera Bianca"],"key_appellations":["Alta Langa"],"desc":"Alta Langa is a protected wine appellation in Piedmont.","level":"appellation"},"geometry":{"type":"Polygon","coordinates":[[[7.8954,44.3782],[7.9105,44.3939],[7.9289,44.3908],[7.9408,44.3966],[7.952,44.4178],[7.9695,44.419],[7.9905,44.4011],[7.9861,44.3785],[7.9957,44.3617],[7.9857,44.3557],[7.9917,44.3545],[7.996,44.3411],[8.0316,44.3409],[8.0337,44.347],[8.0535,44.3569],[8.0776,44.3405],[8.0774,44.3616],[8.0648,44.3652],[8.0702,44.3668],[8.0711,44.3803],[8.0796,44.3875],[8.1017,44.3838],[8.1108,44.394],[8.1213,44.3937],[8.1184,44.4001],[8.1304,44.3929],[8.1482,44.3953],[8.1495,44.3848],[8.162,44.3858],[8.1764,44.3996],[8.1865,44.3953],[8.2085,44.4053],[8.2083,44.4171],[8.2229,44.431],[8.2071,44.4481],[8.2106,44.4569],[8.1958,44.4642],[8.1967,44.4784],[8.2213,44.4838],[8.2162,44.4973],[8.2242,44.5142],[8.2528,44.5287],[8.2719,44.5064],[8.3042,44.5047],[8.3217,44.488],[8.3492,44.4855],[8.3596,44.465],[8.3744,44.4745],[8.3925,44.477],[8.3908,44.4877],[8.401,44.4934],[8.4039,44.509],[8.4186,44.5133],[8.4274,44.5025],[8.4405,44.5057],[8.4495,44.4974],[8.4527,44.5096],[8.4707,44.5225],[8.4781,44.5106],[8.5087,44.5082],[8.5348,44.5133],[8.5597,44.5028],[8.576,44.5072],[8.5738,44.5233],[8.5867,44.5242],[8.5877,44.5332],[8.6124,44.5433],[8.5978,44.5565],[8.6045,44.5643],[8.6012,44.5682],[8.6146,44.5683],[8.6172,44.574],[8.6086,44.5761],[8.621,44.5771],[8.6239,44.5864],[8.6416,44.5786],[8.6486,44.5833],[8.6674,44.5824],[8.6814,44.5749],[8.6906,44.5825],[8.721,44.5798],[8.7328,44.5704],[8.7384,44.5513],[8.7493,44.5498],[8.7499,44.5407],[8.757,44.5367],[8.7498,44.5256],[8.7605,44.5302],[8.7676,44.5249],[8.7736,44.5039],[8.767,44.4919],[8.7883,44.488],[8.786,44.4971],[8.801,44.5007],[8.7946,44.5234],[8.7991,44.5301],[8.8291,44.5436],[8.8222,44.5502],[8.8268,44.5618],[8.8133,44.5742],[8.8026,44.573],[8.8082,44.5783],[8.8021,44.5842],[8.8086,44.5972],[8.7964,44.6162],[8.8021,44.629],[8.8127,44.6316],[8.8184,44.6416],[8.7914,44.6624],[8.7805,44.6829],[8.7631,44.6904],[8.7622,44.6964],[8.7306,44.7183],[8.7182,44.7342],[8.7219,44.7382],[8.7183,44.7458],[8.682,44.7595],[8.6706,44.7661],[8.6677,44.7756],[8.6534,44.7804],[8.6548,44.793],[8.6348,44.7958],[8.6328,44.7843],[8.6276,44.7827],[8.6206,44.7863],[8.621,44.7934],[8.6095,44.7892],[8.6011,44.795],[8.5762,44.7955],[8.5709,44.8026],[8.5459,44.797],[8.5433,44.7918],[8.502,44.7857],[8.4786,44.8072],[8.479,44.7963],[8.4415,44.7823],[8.4144,44.788],[8.3959,44.7796],[8.3939,44.7726],[8.4002,44.7698],[8.4028,44.7559],[8.3902,44.7486],[8.3689,44.747],[8.3602,44.7385],[8.3374,44.7562],[8.3186,44.7547],[8.3176,44.7692],[8.3032,44.7739],[8.2902,44.7728],[8.2725,44.7529],[8.2615,44.7549],[8.2507,44.769],[8.2353,44.7675],[8.2154,44.752],[8.1816,44.7512],[8.1722,44.7315],[8.1525,44.7391],[8.1359,44.7376],[8.153,44.7114],[8.1394,44.6972],[8.1171,44.712],[8.0619,44.7005],[8.057,44.7105],[8.0673,44.7265],[8.0579,44.7345],[8.0531,44.7229],[8.0443,44.7196],[8.0101,44.7227],[8.0056,44.7279],[7.993,44.7211],[7.9686,44.7195],[7.986,44.6906],[7.9938,44.692],[7.9915,44.6848],[7.9854,44.6848],[7.9902,44.6793],[7.9819,44.6682],[7.9664,44.6598],[7.9666,44.6524],[7.9822,44.6389],[7.986,44.6219],[7.9676,44.6139],[7.9576,44.6202],[7.9474,44.5996],[7.9215,44.61],[7.8952,44.5958],[7.9008,44.5742],[7.9114,44.5677],[7.9024,44.5663],[7.9006,44.5598],[7.9105,44.5511],[7.8984,44.5484],[7.8755,44.5263],[7.852,44.5148],[7.8479,44.5021],[7.8253,44.5013],[7.8197,44.4915],[7.8119,44.4917],[7.8075,44.4807],[7.8413,44.4556],[7.8114,44.4477],[7.797,44.4345],[7.7737,44.432],[7.7706,44.4157],[7.7598,44.4146],[7.7509,44.4017],[7.7357,44.4068],[7.7217,44.4165],[7.7236,44.4203],[7.6893,44.3979],[7.6913,44.3914],[7.7083,44.3925],[7.7102,44.3839],[7.723,44.4014],[7.7394,44.392],[7.7444,44.3974],[7.7532,44.3899],[7.7641,44.3907],[7.773,44.3788],[7.7732,44.3695],[7.7851,44.3668],[7.785,44.3577],[7.7928,44.3509],[7.8081,44.3634],[7.8345,44.36],[7.8393,44.3309],[7.846,44.3277],[7.8558,44.3355],[7.8658,44.3324],[7.8808,44.3458],[7.8955,44.3492],[7.8954,44.3782]]]}},{"type":"Feature","properties":{"id":"ruche-di-castagnole-monferrato","name":"Ruchè di Castagnole Monferrato","full_name":"Ruchè di Castagnole Monferrato","region":"Piedmont","grapes":["Barbera","Brachetto","Ruchè"],"key_appellations":["Ruchè di Castagnole Monferrato"],"desc":"Ruchè di Castagnole Monferrato is a protected wine appellation in Piedmont.","level":"appellation"},"geometry":{"type":"Polygon","coordinates":[[[8.3801,44.924],[8.3828,44.9367],[8.3761,44.9468],[8.3828,44.9502],[8.3776,44.959],[8.3874,44.9689],[8.3812,44.9836],[8.3597,44.9871],[8.3508,44.999],[8.3365,44.9954],[8.3317,45.0003],[8.3186,44.9999],[8.3089,45.012],[8.292,45.0171],[8.2918,45.0117],[8.2759,45.0043],[8.2908,44.9905],[8.2885,44.986],[8.2613,44.9794],[8.2588,44.9744],[8.2496,44.9758],[8.2424,44.9709],[8.249,44.9689],[8.2468,44.9652],[8.2397,44.962],[8.2406,44.9577],[8.2506,44.9634],[8.2485,44.9557],[8.2372,44.9532],[8.2435,44.9384],[8.2506,44.9416],[8.2629,44.9369],[8.2652,44.9449],[8.2802,44.9467],[8.2736,44.9331],[8.2749,44.9183],[8.2964,44.9277],[8.3014,44.9198],[8.3311,44.9186],[8.3409,44.9111],[8.3625,44.9143],[8.3605,44.9227],[8.3658,44.928],[8.3801,44.924]]]}},{"type":"Feature","properties":{"id":"morellino-di-scansano","name":"Morellino di Scansano","full_name":"Morellino di Scansano","region":"Tuscany","grapes":["Alicante Bouschet","Alicante","Ancellotta","Barbera","Barsaglina","Bonamico"],"key_appellations":["Morellino di Scansano"],"desc":"Morellino di Scansano is a protected wine appellation in Tuscany.","level":"appellation"},"geometry":{"type":"Polygon","coordinates":[[[11.5219,42.4353],[11.5443,42.4421],[11.6012,42.436],[11.6191,42.4395],[11.6153,42.4528],[11.619,42.4583],[11.6134,42.4635],[11.62,42.4738],[11.6163,42.4886],[11.5877,42.4952],[11.5862,42.5054],[11.5601,42.5163],[11.5688,42.5338],[11.5887,42.5434],[11.5809,42.5475],[11.5865,42.5508],[11.5653,42.5821],[11.5689,42.5933],[11.5571,42.6106],[11.5863,42.6144],[11.5796,42.6234],[11.5871,42.6349],[11.5996,42.6381],[11.5976,42.6431],[11.6135,42.644],[11.6202,42.652],[11.6166,42.6668],[11.624,42.6831],[11.6045,42.7541],[11.5837,42.7774],[11.5807,42.7979],[11.5511,42.7975],[11.5462,42.8016],[11.5334,42.7974],[11.5323,42.8176],[11.5003,42.8284],[11.4853,42.8265],[11.4675,42.8123],[11.4607,42.7943],[11.4405,42.8116],[11.4221,42.8138],[11.414,42.8269],[11.3915,42.8311],[11.3797,42.8407],[11.3575,42.8414],[11.3463,42.833],[11.3271,42.8313],[11.3055,42.8421],[11.3039,42.8481],[11.3103,42.8514],[11.305,42.8589],[11.3072,42.8687],[11.2853,42.8828],[11.2831,42.9071],[11.2755,42.9185],[11.2497,42.9084],[11.2396,42.9249],[11.2334,42.9226],[11.2164,42.9299],[11.2187,42.9366],[11.2113,42.9327],[11.1863,42.9385],[11.1758,42.9379],[11.1798,42.9228],[11.1641,42.9177],[11.1428,42.8934],[11.083,42.9165],[11.0771,42.924],[11.0708,42.9222],[11.0577,42.8955],[11.0374,42.9033],[11.0419,42.8487],[11.0023,42.803],[10.9725,42.7866],[10.9266,42.7895],[10.9117,42.7533],[10.9703,42.725],[10.9881,42.7057],[11.0142,42.6562],[11.0839,42.6279],[11.0883,42.6178],[11.0822,42.6135],[11.1048,42.5968],[11.1354,42.6011],[11.1847,42.5909],[11.1971,42.5998],[11.207,42.5966],[11.2192,42.6034],[11.2412,42.6024],[11.2349,42.5985],[11.2384,42.5888],[11.2548,42.5813],[11.2777,42.5564],[11.2789,42.54],[11.3366,42.4951],[11.3754,42.4962],[11.3833,42.5052],[11.4007,42.5111],[11.4152,42.5289],[11.4955,42.5065],[11.5031,42.496],[11.5203,42.4918],[11.5414,42.4742],[11.5299,42.463],[11.5327,42.4494],[11.5219,42.4353]]]}},{"type":"Feature","properties":{"id":"roero","name":"Roero","full_name":"Roero","region":"Piedmont","grapes":["Albarossa","Ancellotta","Arneis","Avarengo","Baratuciat","Barbera Bianca"],"key_appellations":["Roero"],"desc":"Roero is a protected wine appellation in Piedmont.","level":"appellation"},"geometry":{"type":"Polygon","coordinates":[[[7.9149,44.6856],[7.986,44.6906],[7.9686,44.7195],[7.993,44.7211],[8.0056,44.7279],[8.0101,44.7227],[8.0443,44.7196],[8.0531,44.7229],[8.0579,44.7345],[8.065,44.7292],[8.0755,44.7366],[8.084,44.7351],[8.0849,44.7418],[8.0751,44.7511],[8.0854,44.7484],[8.1029,44.7605],[8.1045,44.7739],[8.1132,44.7699],[8.1255,44.776],[8.127,44.7819],[8.1375,44.7826],[8.128,44.7924],[8.1318,44.8092],[8.1229,44.8141],[8.1063,44.81],[8.0944,44.8225],[8.0788,44.8073],[8.0554,44.8111],[8.0454,44.7993],[8.0256,44.8164],[7.9947,44.8182],[7.984,44.8263],[7.9779,44.8499],[7.9647,44.8566],[7.9546,44.8477],[7.9107,44.8314],[7.9024,44.8217],[7.8899,44.8238],[7.8783,44.8362],[7.8662,44.8301],[7.8562,44.8177],[7.8558,44.805],[7.862,44.7965],[7.8357,44.7805],[7.8371,44.7621],[7.8512,44.7517],[7.8478,44.7359],[7.8429,44.734],[7.8605,44.7249],[7.8816,44.698],[7.9107,44.6944],[7.9149,44.6856]]]}},{"type":"Feature","properties":{"id":"val-di-cornia-rosso","name":"Val di Cornia Rosso","full_name":"Val di Cornia Rosso / Rosso della Val di Cornia","region":"Tuscany","grapes":["Alicante Bouschet","Alicante","Ancellotta","Barbera","Barsaglina","Bonamico"],"key_appellations":["Val di Cornia Rosso"],"desc":"Val di Cornia Rosso is a protected wine appellation in Tuscany.","level":"appellation"},"geometry":{"type":"Polygon","coordinates":[[[10.7514,42.9898],[10.7378,43.0018],[10.7414,43.0145],[10.7636,43.0133],[10.7802,43.0042],[10.7963,43.0176],[10.7769,43.0234],[10.773,43.0442],[10.7838,43.0576],[10.7532,43.0753],[10.7271,43.0669],[10.7131,43.0729],[10.7275,43.0827],[10.7192,43.092],[10.7247,43.0968],[10.7173,43.1085],[10.7301,43.1132],[10.7352,43.1219],[10.7472,43.1223],[10.7554,43.154],[10.7639,43.1526],[10.775,43.1662],[10.7695,43.1886],[10.7755,43.2071],[10.7497,43.2298],[10.722,43.234],[10.7157,43.2433],[10.6666,43.247],[10.6703,43.2353],[10.6625,43.2278],[10.6706,43.222],[10.6903,43.2242],[10.6855,43.2154],[10.6905,43.2082],[10.6788,43.193],[10.6625,43.1955],[10.6432,43.1907],[10.654,43.1647],[10.633,43.1529],[10.6338,43.1334],[10.6273,43.1284],[10.6386,43.1146],[10.6363,43.1087],[10.6267,43.0984],[10.5391,43.1136],[10.5311,43.0502],[10.5217,43.0195],[10.5108,43.0124],[10.5162,42.9994],[10.5077,42.9908],[10.4952,42.9948],[10.4836,42.9888],[10.4857,42.9575],[10.499,42.9359],[10.4955,42.9316],[10.5111,42.9326],[10.5251,42.9197],[10.5436,42.9208],[10.5525,42.9307],[10.545,42.929],[10.5408,42.9366],[10.5488,42.9338],[10.5453,42.9376],[10.56,42.9468],[10.549,42.9466],[10.5683,42.952],[10.6457,42.9531],[10.7057,42.9419],[10.7145,42.9591],[10.7365,42.9723],[10.7514,42.9898]]]}},{"type":"Feature","properties":{"id":"ghemme","name":"Ghemme","full_name":"Ghemme","region":"Piedmont","grapes":["Nebbiolo","Uva Rara","Vespolina"],"key_appellations":["Ghemme"],"desc":"Ghemme is a protected wine appellation in Piedmont.","level":"appellation"},"geometry":{"type":"Polygon","coordinates":[[[8.3989,45.5608],[8.4287,45.5861],[8.465,45.5956],[8.4547,45.6191],[8.4454,45.6176],[8.4466,45.6213],[8.4311,45.6273],[8.4325,45.6429],[8.4266,45.6426],[8.4267,45.6528],[8.4076,45.6472],[8.398,45.652],[8.3775,45.6387],[8.3552,45.6511],[8.3465,45.6467],[8.3545,45.6378],[8.3714,45.6358],[8.389,45.6201],[8.3927,45.5714],[8.3989,45.5608]]]}},{"type":"Feature","properties":{"id":"suvereto","name":"Suvereto","full_name":"Suvereto","region":"Tuscany","grapes":["Alicante Bouschet","Alicante","Ancellotta","Barbera","Barsaglina","Bonamico"],"key_appellations":["Suvereto"],"desc":"Suvereto is a protected wine appellation in Tuscany.","level":"appellation"},"geometry":{"type":"Polygon","coordinates":[[[10.7379,43.0014],[10.7414,43.0145],[10.7636,43.0133],[10.7802,43.0042],[10.795,43.0153],[10.7956,43.0191],[10.7769,43.0234],[10.773,43.0442],[10.7827,43.0613],[10.7532,43.0753],[10.7271,43.0669],[10.7131,43.0729],[10.7275,43.0827],[10.7192,43.092],[10.7247,43.0968],[10.715,43.1141],[10.6922,43.1052],[10.6386,43.1146],[10.6267,43.0984],[10.6268,43.0897],[10.6608,43.0308],[10.6912,43.0357],[10.6997,43.0273],[10.7233,43.0226],[10.7226,43.0158],[10.7099,43.0096],[10.7171,42.9979],[10.7379,43.0014]]]}},{"type":"Feature","properties":{"id":"vernaccia-di-san-gimignano","name":"Vernaccia di San Gimignano","full_name":"Vernaccia di San Gimignano","region":"Tuscany","grapes":["Albana","Albarola","Ansonica","Biancone","Canaiolo Bianco","Clairette"],"key_appellations":["Vernaccia di San Gimignano"],"desc":"Vernaccia di San Gimignano is a protected wine appellation in Tuscany.","level":"appellation"},"geometry":{"type":"Polygon","coordinates":[[[11.0021,43.4012],[11.0495,43.4115],[11.0657,43.4296],[11.0844,43.436],[11.0878,43.4526],[11.111,43.4646],[11.1045,43.4687],[11.1016,43.4819],[11.1121,43.4973],[11.0819,43.5134],[11.072,43.5274],[11.0376,43.5368],[11.034,43.5467],[10.9771,43.5146],[10.9654,43.514],[10.9541,43.4953],[10.9612,43.4821],[10.9517,43.4491],[10.9767,43.4228],[10.979,43.4061],[11.0021,43.4012]]]}},{"type":"Feature","properties":{"id":"vino-nobile-di-montepulciano","name":"Vino Nobile di Montepulciano","full_name":"Vino Nobile di Montepulciano","region":"Tuscany","grapes":["Sangiovese"],"key_appellations":["Vino Nobile di Montepulciano"],"desc":"Sangiovese-based red from the town of Montepulciano. Elegant and structured.","level":"appellation"},"geometry":{"type":"Polygon","coordinates":[[[11.7385,43.1074],[11.7344,43.0836],[11.7677,43.0533],[11.7672,43.0372],[11.7732,43.0386],[11.7807,43.031],[11.8001,43.047],[11.8028,43.0567],[11.8322,43.069],[11.8947,43.0626],[11.9239,43.0758],[11.923,43.0825],[11.931,43.0899],[11.9124,43.1283],[11.9204,43.1317],[11.924,43.1478],[11.9402,43.1612],[11.9613,43.1669],[11.9303,43.1765],[11.9191,43.1677],[11.9033,43.1743],[11.8888,43.1564],[11.8514,43.1856],[11.797,43.1645],[11.7938,43.1542],[11.7821,43.1512],[11.7794,43.1281],[11.769,43.1166],[11.7385,43.1074]]]}},{"type":"Feature","properties":{"id":"gavi","name":"Gavi","full_name":"Gavi / Cortese di Gavi","region":"Piedmont","grapes":["Cortese"],"key_appellations":["Gavi","Cortese di Gavi"],"desc":"Crisp, mineral white from Cortese grapes in the southeast of Piedmont.","level":"appellation"},"geometry":{"type":"Polygon","coordinates":[[[8.7443,44.6535],[8.7698,44.6461],[8.7807,44.6188],[8.7705,44.6097],[8.7658,44.5844],[8.7566,44.5839],[8.7668,44.5712],[8.7484,44.5697],[8.742,44.58],[8.7314,44.5708],[8.7401,44.5575],[8.7384,44.5513],[8.7493,44.5498],[8.7499,44.5407],[8.757,44.5367],[8.7498,44.5256],[8.7605,44.5302],[8.7676,44.5249],[8.7736,44.5039],[8.767,44.4919],[8.7883,44.488],[8.786,44.4971],[8.801,44.5007],[8.7946,44.5234],[8.7991,44.5301],[8.8291,44.5436],[8.8222,44.5502],[8.8268,44.5618],[8.8133,44.5742],[8.8026,44.573],[8.8082,44.5783],[8.8021,44.5842],[8.8086,44.5972],[8.7964,44.6162],[8.8016,44.6281],[8.8268,44.6417],[8.8503,44.6428],[8.8516,44.6541],[8.8684,44.6614],[8.863,44.6632],[8.8679,44.668],[8.8748,44.6664],[8.8759,44.6599],[8.8895,44.668],[8.8637,44.6826],[8.8546,44.6958],[8.8858,44.7159],[8.8589,44.7279],[8.8565,44.7352],[8.8622,44.7431],[8.8533,44.746],[8.8569,44.7502],[8.8473,44.7626],[8.8512,44.7877],[8.8458,44.7994],[8.8172,44.8008],[8.8131,44.7871],[8.78,44.7806],[8.7649,44.7865],[8.7557,44.8019],[8.7347,44.8081],[8.7264,44.8037],[8.7228,44.7902],[8.7363,44.7861],[8.7434,44.7692],[8.7272,44.7465],[8.7172,44.7461],[8.6747,44.7653],[8.6618,44.7573],[8.6609,44.7518],[8.6751,44.7466],[8.6567,44.736],[8.6619,44.7157],[8.6709,44.7058],[8.7049,44.7029],[8.7263,44.707],[8.7378,44.7009],[8.7302,44.6913],[8.737,44.6608],[8.7443,44.6535]]]}},{"type":"Feature","properties":{"id":"gattinara","name":"Gattinara","full_name":"Gattinara","region":"Piedmont","grapes":["Nebbiolo","Uva Rara","Vespolina"],"key_appellations":["Gattinara"],"desc":"Gattinara is a protected wine appellation in Piedmont.","level":"appellation"},"geometry":{"type":"Polygon","coordinates":[[[8.3319,45.5711],[8.3912,45.5782],[8.3903,45.6182],[8.3714,45.6358],[8.3545,45.6378],[8.347,45.6451],[8.3322,45.6415],[8.3375,45.6376],[8.3298,45.6123],[8.3339,45.607],[8.3192,45.6084],[8.3232,45.5838],[8.3319,45.5711]]]}},{"type":"Feature","properties":{"id":"ansonica-costa-dell-argentario","name":"Ansonica Costa dell'Argentario","full_name":"Ansonica Costa dell'Argentario","region":"Tuscany","grapes":["Albana","Albarola","Ansonica","Biancone","Canaiolo Bianco","Clairette"],"key_appellations":["Ansonica Costa dell'Argentario"],"desc":"Ansonica Costa dell'Argentario is a protected wine appellation in Tuscany.","level":"appellation"},"geometry":{"type":"MultiPolygon","coordinates":[[[[11.2086,42.4031],[11.2115,42.4097],[11.2231,42.4142],[11.2668,42.4194],[11.2787,42.4168],[11.2804,42.4079],[11.2903,42.4046],[11.2996,42.4081],[11.3523,42.4007],[11.4499,42.3777],[11.455,42.3881],[11.4498,42.394],[11.4821,42.4199],[11.4811,42.4336],[11.4889,42.4394],[11.5166,42.4335],[11.5443,42.4421],[11.6177,42.4361],[11.619,42.4583],[11.6134,42.4635],[11.62,42.4738],[11.6163,42.4886],[11.5877,42.4952],[11.5842,42.5069],[11.5602,42.5157],[11.5688,42.5338],[11.5887,42.5434],[11.5809,42.5475],[11.5865,42.5508],[11.5653,42.5821],[11.5689,42.5933],[11.5571,42.6106],[11.5863,42.6144],[11.5796,42.6234],[11.5871,42.6349],[11.5996,42.6381],[11.5976,42.6431],[11.6138,42.6443],[11.6214,42.6555],[11.6166,42.6668],[11.6206,42.6811],[11.6035,42.6867],[11.5696,42.6801],[11.5482,42.6974],[11.5179,42.6865],[11.5188,42.6969],[11.4969,42.6979],[11.4884,42.6924],[11.4563,42.7119],[11.4588,42.6965],[11.4532,42.6939],[11.4611,42.6759],[11.4538,42.6667],[11.4569,42.638],[11.4487,42.6356],[11.4514,42.6288],[11.4332,42.6241],[11.4399,42.6164],[11.4239,42.6144],[11.4109,42.5951],[11.3961,42.5953],[11.3994,42.5881],[11.3861,42.5881],[11.3854,42.58],[11.3777,42.5858],[11.3769,42.5775],[11.3705,42.5775],[11.374,42.5708],[11.3582,42.5662],[11.3603,42.5585],[11.342,42.5445],[11.3156,42.5447],[11.3113,42.5389],[11.3081,42.5442],[11.2789,42.54],[11.2777,42.5564],[11.2548,42.5813],[11.2384,42.5888],[11.2349,42.5985],[11.2412,42.6024],[11.2192,42.6034],[11.207,42.5966],[11.1971,42.5998],[11.1847,42.5909],[11.1436,42.6004],[11.1075,42.5995],[11.1065,42.5833],[11.1225,42.557],[11.1342,42.5512],[11.1394,42.5608],[11.1582,42.562],[11.1839,42.5304],[11.1923,42.5008],[11.1839,42.4632],[11.1664,42.4379],[11.141,42.4339],[11.1322,42.439],[11.1234,42.4345],[11.1122,42.447],[11.1049,42.4476],[11.0958,42.4386],[11.0965,42.4315],[11.087,42.4298],[11.0922,42.4158],[11.0877,42.4055],[11.0954,42.4026],[11.0961,42.3931],[11.1168,42.3904],[11.1315,42.3788],[11.142,42.3777],[11.1515,42.3705],[11.1536,42.3611],[11.1659,42.368],[11.19,42.3637],[11.1924,42.3801],[11.2129,42.3876],[11.2051,42.393],[11.2121,42.3974],[11.2131,42.4036],[11.2086,42.4031]]],[[[11.1111,42.2619],[11.0921,42.2528],[11.1034,42.2387],[11.1121,42.2425],[11.1022,42.2462],[11.1038,42.254],[11.1174,42.2529],[11.1111,42.2619]]],[[[10.9068,42.3808],[10.8802,42.3885],[10.8814,42.3674],[10.8674,42.3692],[10.8661,42.3535],[10.8825,42.3526],[10.9031,42.3264],[10.9202,42.3166],[10.9314,42.3312],[10.9317,42.3388],[10.9225,42.3439],[10.9259,42.3488],[10.9204,42.3518],[10.927,42.3564],[10.9068,42.3808]]]]}},{"type":"Feature","properties":{"id":"cagliari","name":"Cagliari","full_name":"Cagliari","region":"Sardinia","grapes":["Aglianico","Albaranzeuli Bianco","Albaranzeuli Nero","Alicante Bouschet","Alicante","Ancellotta"],"key_appellations":["Cagliari"],"desc":"Cagliari is a protected wine appellation in Sardinia.","level":"appellation"},"geometry":{"type":"MultiPolygon","coordinates":[[[[8.6047,38.9628],[8.6153,38.9546],[8.6235,38.9373],[8.618,38.9277],[8.6208,38.9168],[8.6068,38.9055],[8.6068,38.8928],[8.6465,38.8943],[8.6407,38.8801],[8.6486,38.8751],[8.637,38.8688],[8.6401,38.8649],[8.6594,38.8692],[8.6554,38.8772],[8.6592,38.8825],[8.6483,38.8902],[8.6545,38.898],[8.6649,38.8939],[8.6705,38.8973],[8.6641,38.9125],[8.6811,38.9092],[8.6938,38.9187],[8.7005,38.916],[8.7119,38.9246],[8.718,38.9229],[8.7214,38.9273],[8.7165,38.9284],[8.7235,38.9317],[8.7211,38.9386],[8.7613,38.9168],[8.7803,38.9132],[8.7769,38.9045],[8.7943,38.8948],[8.8007,38.8841],[8.8034,38.9047],[8.8075,38.8919],[8.8167,38.8952],[8.8277,38.8905],[8.8326,38.8774],[8.8597,38.8775],[8.9987,38.9776],[8.9964,38.9855],[9.0216,38.9847],[9.0138,38.9904],[9.0271,39.0003],[9.0245,39.0202],[9.034,39.0292],[9.0458,39.0562],[9.0166,39.0866],[9.0089,39.1239],[9.0255,39.1582],[9.0652,39.1926],[9.0631,39.1931],[9.0619,39.1944],[9.0734,39.201],[9.0808,39.1967],[9.0939,39.1924],[9.0767,39.1993],[9.0807,39.2028],[9.0565,39.2174],[9.0591,39.222],[9.0845,39.2046],[9.0924,39.2091],[9.0968,39.1947],[9.0909,39.2151],[9.0953,39.2169],[9.1,39.2076],[9.1108,39.2012],[9.0988,39.2105],[9.1056,39.2073],[9.11,39.214],[9.1154,39.2116],[9.1132,39.2069],[9.1199,39.2083],[9.1283,39.2002],[9.1147,39.1995],[9.1094,39.1954],[9.1281,39.1999],[9.1468,39.183],[9.1522,39.1864],[9.1594,39.1807],[9.169,39.1885],[9.1596,39.1945],[9.1663,39.2057],[9.2072,39.2262],[9.2292,39.2281],[9.2475,39.2164],[9.2966,39.2132],[9.3045,39.2072],[9.3006,39.2048],[9.3201,39.2047],[9.3237,39.1974],[9.3383,39.1938],[9.35,39.1785],[9.3714,39.1735],[9.3853,39.1617],[9.3836,39.1576],[9.3948,39.1548],[9.3923,39.1447],[9.4295,39.134],[9.4375,39.1221],[9.4412,39.1274],[9.4665,39.127],[9.4847,39.1357],[9.5029,39.1312],[9.5097,39.1213],[9.5021,39.1084],[9.5238,39.0946],[9.5183,39.1048],[9.5236,39.1102],[9.5207,39.1173],[9.5388,39.1329],[9.5581,39.1316],[9.5672,39.1471],[9.5697,39.171],[9.5795,39.1762],[9.5778,39.1843],[9.5647,39.1893],[9.5628,39.1969],[9.5761,39.2542],[9.6032,39.2916],[9.6341,39.2993],[9.6054,39.3177],[9.596,39.3462],[9.613,39.3998],[9.632,39.4345],[9.6402,39.4422],[9.6424,39.4391],[9.6391,39.4501],[9.6463,39.4628],[9.6413,39.4827],[9.6448,39.4901],[9.6328,39.4965],[9.632,39.5098],[9.6399,39.5418],[9.6511,39.5493],[9.5934,39.574],[9.5502,39.5753],[9.5465,39.5841],[9.5236,39.5887],[9.5261,39.6027],[9.5128,39.6058],[9.5102,39.6097],[9.5142,39.6108],[9.5067,39.6172],[9.5083,39.6281],[9.5031,39.6203],[9.4863,39.6169],[9.4721,39.6339],[9.457,39.6417],[9.4384,39.6416],[9.4337,39.6261],[9.3957,39.6116],[9.3978,39.6002],[9.3899,39.5969],[9.3934,39.5941],[9.3869,39.5866],[9.3148,39.5777],[9.3061,39.5943],[9.2928,39.5948],[9.2968,39.6018],[9.2919,39.6069],[9.2709,39.6135],[9.265,39.6066],[9.2539,39.6071],[9.2383,39.6234],[9.2049,39.6268],[9.1928,39.6435],[9.1736,39.6497],[9.1746,39.6586],[9.1637,39.6728],[9.1475,39.6775],[9.138,39.6725],[9.1131,39.6749],[9.084,39.6654],[9.0599,39.6389],[9.0531,39.6384],[9.0463,39.6415],[9.0524,39.6785],[9.0476,39.6895],[9.0594,39.7023],[9.0565,39.7113],[9.0618,39.7226],[9.0528,39.7297],[9.0717,39.7429],[9.0726,39.7518],[9.0602,39.7576],[8.9975,39.7613],[8.9981,39.7678],[8.9782,39.7806],[8.9665,39.7772],[8.952,39.778],[8.9387,39.7829],[8.9415,39.7585],[8.9352,39.7549],[8.9156,39.7603],[8.9162,39.7673],[8.892,39.7743],[8.8809,39.7926],[8.9274,39.7933],[8.9531,39.7786],[8.986,39.8208],[8.987,39.8311],[8.9539,39.8438],[8.9582,39.8581],[8.9734,39.8588],[8.9765,39.8647],[8.9803,39.8745],[8.9653,39.8957],[8.9793,39.9049],[8.981,39.913],[8.9882,39.9141],[8.9834,39.9174],[8.9954,39.936],[8.9889,39.9434],[8.997,39.9493],[8.9936,39.958],[9.0177,39.9819],[9.0067,39.9922],[8.9916,39.9867],[8.9565,39.9929],[8.9458,40.0071],[8.9453,40.0203],[8.9655,40.0379],[8.9665,40.0463],[8.9882,40.0572],[9.0058,40.0547],[9.0266,40.0377],[9.0413,40.0583],[9.0484,40.0588],[9.0366,40.0637],[9.0354,40.0955],[9.0169,40.1263],[9.0024,40.1344],[9.0177,40.1442],[9.019,40.1551],[9.0126,40.1706],[8.998,40.1803],[9.0173,40.1937],[8.9825,40.2183],[8.9103,40.2081],[8.8494,40.21],[8.7821,40.1898],[8.7647,40.1971],[8.7413,40.1806],[8.7432,40.2008],[8.7182,40.2054],[8.7097,40.2142],[8.6946,40.2121],[8.682,40.2031],[8.6699,40.2042],[8.6504,40.1934],[8.621,40.1871],[8.6141,40.1707],[8.6152,40.1553],[8.6048,40.1435],[8.5573,40.139],[8.5499,40.1273],[8.5621,40.1252],[8.5424,40.1182],[8.5542,40.1013],[8.5348,40.0958],[8.5186,40.0636],[8.4833,40.0742],[8.4522,40.0503],[8.4347,40.0516],[8.4119,40.0413],[8.3992,40.0513],[8.3965,40.0439],[8.3861,40.0443],[8.3764,40.0358],[8.3783,40.029],[8.4022,40.0323],[8.4136,40.0192],[8.4111,39.9994],[8.3915,39.9756],[8.3998,39.9656],[8.4028,39.9439],[8.3958,39.909],[8.402,39.8986],[8.4108,39.9009],[8.435,39.8841],[8.4389,39.8711],[8.4327,39.8603],[8.4366,39.8585],[8.4403,39.8652],[8.4441,39.8826],[8.4706,39.901],[8.4666,39.9038],[8.4908,39.9056],[8.4876,39.9015],[8.5064,39.9079],[8.5378,39.8914],[8.5456,39.8762],[8.5398,39.8698],[8.543,39.8653],[8.5705,39.8638],[8.5453,39.8604],[8.537,39.8654],[8.5453,39.8601],[8.5533,39.8595],[8.5531,39.8283],[8.5451,39.7944],[8.5327,39.7711],[8.5091,39.7533],[8.5195,39.7438],[8.504,39.7287],[8.5081,39.7242],[8.5023,39.713],[8.4906,39.7151],[8.4989,39.7176],[8.498,39.7216],[8.4589,39.7693],[8.4513,39.7694],[8.4434,39.7582],[8.4492,39.7402],[8.4451,39.7317],[8.4503,39.7274],[8.4447,39.7124],[8.4557,39.709],[8.4498,39.6881],[8.4426,39.6852],[8.4477,39.6812],[8.4455,39.6761],[8.4592,39.668],[8.4498,39.6573],[8.4539,39.6424],[8.4482,39.6354],[8.4535,39.6205],[8.4655,39.6163],[8.4645,39.6077],[8.471,39.6008],[8.4448,39.5358],[8.4068,39.4893],[8.3967,39.4854],[8.3846,39.4707],[8.3863,39.4634],[8.3794,39.4563],[8.3896,39.4523],[8.39,39.4465],[8.4109,39.4412],[8.4127,39.4272],[8.4025,39.4048],[8.3859,39.3948],[8.3782,39.3824],[8.3794,39.3739],[8.373,39.3746],[8.3763,39.3686],[8.3896,39.3651],[8.3848,39.3526],[8.3949,39.3493],[8.3971,39.3375],[8.4202,39.3326],[8.4167,39.3249],[8.4322,39.3114],[8.4369,39.2902],[8.4242,39.2681],[8.4109,39.2641],[8.3669,39.2283],[8.3681,39.2138],[8.3799,39.1998],[8.3796,39.2033],[8.39,39.1981],[8.3865,39.1931],[8.3921,39.2001],[8.4018,39.1936],[8.3986,39.1896],[8.3915,39.1923],[8.3996,39.189],[8.4069,39.159],[8.4133,39.1507],[8.407,39.1656],[8.4119,39.1663],[8.4127,39.1735],[8.4381,39.1555],[8.4389,39.1382],[8.4332,39.1303],[8.4401,39.1174],[8.4367,39.1116],[8.4587,39.121],[8.4677,39.119],[8.4781,39.0936],[8.4855,39.0882],[8.4815,39.0836],[8.4877,39.0891],[8.478,39.0611],[8.4668,39.058],[8.4693,39.0539],[8.494,39.0626],[8.519,39.0616],[8.5363,39.0582],[8.5346,39.0532],[8.5486,39.0445],[8.5651,39.0454],[8.5764,39.0234],[8.5666,39.012],[8.5649,39.0012],[8.5768,38.9828],[8.5729,38.9786],[8.5892,38.964],[8.5869,38.9556],[8.6047,38.9628]],[[8.8445,39.7614],[8.8517,39.744],[8.8459,39.7415],[8.8116,39.737],[8.804,39.7446],[8.8035,39.7489],[8.8221,39.758],[8.8445,39.7614]],[[8.8683,40.1429],[8.8642,40.1445],[8.873,40.1499],[8.8897,40.1425],[8.8887,40.1291],[8.8793,40.1208],[8.8628,40.1227],[8.8683,40.1429]]],[[[8.4316,39.0959],[8.427,39.1083],[8.3804,39.0996],[8.3712,39.1141],[8.3604,39.1097],[8.3612,39.0986],[8.3509,39.0976],[8.3586,39.0858],[8.3488,39.0792],[8.3611,39.0523],[8.3605,39.0376],[8.3742,39.0229],[8.3709,39.0195],[8.3756,39.0117],[8.3857,39.0084],[8.3826,39.003],[8.3947,38.9893],[8.3968,38.976],[8.4036,38.974],[8.4033,38.9624],[8.4143,38.9553],[8.4448,38.969],[8.4406,38.9781],[8.4514,38.9896],[8.4508,39.0176],[8.469,39.0503],[8.4584,39.0662],[8.4565,39.0837],[8.4316,39.0959]]],[[[8.3097,39.148],[8.3096,39.1876],[8.296,39.1792],[8.2677,39.1817],[8.256,39.169],[8.2478,39.1698],[8.2416,39.1635],[8.2299,39.1656],[8.2194,39.1475],[8.2239,39.1409],[8.237,39.1425],[8.2514,39.1307],[8.2451,39.1229],[8.257,39.116],[8.2476,39.1086],[8.2732,39.0999],[8.2747,39.0942],[8.2941,39.0935],[8.2978,39.1003],[8.306,39.1002],[8.3105,39.1163],[8.3077,39.1304],[8.3139,39.1399],[8.3077,39.145],[8.3168,39.1458],[8.3097,39.148]]],[[[8.5199,40.2297],[8.4942,40.1951],[8.5211,40.2041],[8.5239,40.2006],[8.5364,40.2065],[8.5587,40.2065],[8.5731,40.2233],[8.5493,40.2356],[8.5199,40.2297]]],[[[9.5351,39.0823],[9.5342,39.0895],[9.5293,39.0901],[9.5268,39.0847],[9.5351,39.0823]]]]}},{"type":"Feature","properties":{"id":"erbaluce-di-caluso","name":"Erbaluce di Caluso","full_name":"Erbaluce di Caluso / Caluso","region":"Piedmont","grapes":["Erbaluce"],"key_appellations":["Erbaluce di Caluso"],"desc":"Erbaluce di Caluso is a protected wine appellation in Piedmont.","level":"appellation"},"geometry":{"type":"Polygon","coordinates":[[[7.8668,45.2616],[7.8847,45.2447],[7.9169,45.2457],[7.9174,45.2514],[7.9259,45.2475],[7.9397,45.2537],[7.9393,45.25],[7.9593,45.2625],[7.9824,45.258],[7.979,45.2619],[7.9899,45.265],[7.9918,45.2906],[8.0026,45.2948],[7.9977,45.3103],[8.0132,45.3201],[8.047,45.3134],[8.0405,45.3061],[8.0516,45.3003],[8.0676,45.314],[8.0226,45.3275],[8.019,45.3434],[8.0243,45.3631],[8.0122,45.367],[8.0081,45.3793],[8.0105,45.4056],[8.0206,45.3997],[8.027,45.4031],[8.0573,45.396],[8.0905,45.422],[8.0922,45.4263],[8.0828,45.4357],[8.0846,45.4426],[8.0605,45.447],[8.0388,45.4602],[8.0236,45.4529],[7.9969,45.4609],[7.9298,45.5029],[7.9232,45.4958],[7.9271,45.4914],[7.9167,45.4911],[7.9126,45.4817],[7.9169,45.4753],[7.9124,45.4731],[7.9045,45.4718],[7.9,45.4809],[7.886,45.4828],[7.8794,45.4901],[7.8674,45.482],[7.842,45.4769],[7.8632,45.4618],[7.8586,45.4487],[7.8693,45.4465],[7.8654,45.4393],[7.883,45.4214],[7.8594,45.4131],[7.8485,45.4134],[7.8458,45.4212],[7.8134,45.4162],[7.7885,45.4377],[7.7866,45.4197],[7.7961,45.4138],[7.8013,45.4021],[7.7943,45.4023],[7.7941,45.3966],[7.7791,45.398],[7.7694,45.3853],[7.7509,45.3929],[7.7314,45.3891],[7.7313,45.375],[7.7402,45.3574],[7.7476,45.3579],[7.7734,45.3417],[7.7822,45.321],[7.7788,45.3085],[7.7839,45.2891],[7.7769,45.2908],[7.784,45.2809],[7.7947,45.2782],[7.7938,45.2843],[7.8009,45.2907],[7.7963,45.2935],[7.7962,45.3126],[7.8037,45.3258],[7.8099,45.3261],[7.8254,45.3126],[7.8174,45.2982],[7.8391,45.2956],[7.8382,45.2867],[7.8471,45.271],[7.8407,45.2528],[7.8668,45.2616]],[[7.9322,45.4128],[7.9165,45.4448],[7.9737,45.4464],[7.9635,45.4432],[7.9769,45.4322],[7.9743,45.428],[7.9463,45.4178],[7.9416,45.4112],[7.9322,45.4128]],[[7.9904,45.297],[7.989,45.3029],[7.9974,45.3047],[8.0013,45.2987],[7.9974,45.3027],[7.9904,45.297]],[[8.0213,45.4491],[8.0265,45.45],[8.0311,45.4469],[8.0213,45.4491]]]}},{"type":"Feature","properties":{"id":"san-martino-della-battaglia","name":"San Martino della Battaglia","full_name":"San Martino della Battaglia","region":"Lombardy","grapes":["Bianchetta Trevigiana","Bronner","Bussanello","Cortese","Durella","Erbaluce"],"key_appellations":["San Martino della Battaglia"],"desc":"San Martino della Battaglia is a protected wine appellation in Lombardy.","level":"appellation"},"geometry":{"type":"Polygon","coordinates":[[[10.6987,45.4485],[10.6429,45.4626],[10.6379,45.5083],[10.5051,45.489],[10.4999,45.4945],[10.4868,45.492],[10.4783,45.5055],[10.4641,45.5068],[10.4575,45.4924],[10.4457,45.4879],[10.4402,45.4727],[10.4451,45.4383],[10.4581,45.4301],[10.4537,45.4162],[10.5115,45.4123],[10.5481,45.3858],[10.5608,45.3893],[10.58,45.3812],[10.598,45.3873],[10.6137,45.3827],[10.6385,45.3857],[10.6465,45.4072],[10.6551,45.4106],[10.6556,45.4211],[10.6637,45.4227],[10.6633,45.4278],[10.7146,45.4176],[10.7091,45.4253],[10.7136,45.4391],[10.6987,45.4485]]]}},{"type":"Feature","properties":{"id":"dolcetto-di-ovada-superiore","name":"Dolcetto di Ovada Superiore","full_name":"Dolcetto di Ovada Superiore / Ovada","region":"Piedmont","grapes":["Dolcetto"],"key_appellations":["Dolcetto di Ovada Superiore"],"desc":"Dolcetto di Ovada Superiore is a protected wine appellation in Piedmont.","level":"appellation"},"geometry":{"type":"Polygon","coordinates":[[[8.621,44.5771],[8.6239,44.5864],[8.6416,44.5786],[8.6486,44.5833],[8.6674,44.5824],[8.6814,44.5749],[8.6906,44.5825],[8.721,44.5798],[8.7328,44.5704],[8.7384,44.5513],[8.7493,44.5498],[8.7499,44.5407],[8.757,44.5367],[8.7498,44.5256],[8.7605,44.5302],[8.7676,44.5249],[8.7736,44.5039],[8.769,44.4896],[8.7883,44.488],[8.786,44.4971],[8.801,44.5007],[8.7946,44.5234],[8.7991,44.5301],[8.8291,44.5436],[8.8222,44.5502],[8.8268,44.5618],[8.8133,44.5742],[8.8026,44.573],[8.8082,44.5783],[8.8021,44.5842],[8.8086,44.5972],[8.7964,44.6162],[8.8021,44.629],[8.8127,44.6316],[8.8184,44.6416],[8.7914,44.6624],[8.7805,44.6829],[8.7631,44.6904],[8.7622,44.6964],[8.7306,44.7183],[8.7182,44.7342],[8.7219,44.7382],[8.7183,44.7458],[8.6747,44.7653],[8.6602,44.7526],[8.675,44.7444],[8.6567,44.736],[8.6648,44.7125],[8.6229,44.7114],[8.6142,44.722],[8.6011,44.7104],[8.581,44.7058],[8.5878,44.6976],[8.5784,44.6927],[8.5782,44.6776],[8.5689,44.6736],[8.5493,44.683],[8.5281,44.682],[8.5231,44.6685],[8.5283,44.667],[8.5269,44.6308],[8.551,44.6202],[8.5407,44.5861],[8.5314,44.5746],[8.5356,44.5443],[8.5526,44.5454],[8.5676,44.5219],[8.5867,44.5242],[8.5877,44.5332],[8.6124,44.5433],[8.5978,44.5565],[8.6045,44.5643],[8.6012,44.5682],[8.6149,44.5686],[8.6172,44.574],[8.6085,44.5757],[8.621,44.5771]]]}},{"type":"Feature","properties":{"id":"lugana","name":"Lugana","full_name":"Lugana","region":"Lombardy","grapes":["Bianchetta Trevigiana","Bronner","Bussanello","Cortese","Durella","Erbaluce"],"key_appellations":["Lugana"],"desc":"Lugana is a protected wine appellation in Lombardy.","level":"appellation"},"geometry":{"type":"Polygon","coordinates":[[[10.6987,45.4485],[10.6429,45.4626],[10.6379,45.5083],[10.5051,45.489],[10.4999,45.4945],[10.4868,45.492],[10.4783,45.5055],[10.4641,45.5068],[10.4575,45.4924],[10.4457,45.4879],[10.4402,45.4727],[10.4451,45.4383],[10.4581,45.4301],[10.4537,45.4162],[10.5115,45.4123],[10.5481,45.3858],[10.5608,45.3893],[10.58,45.3812],[10.598,45.3873],[10.6137,45.3827],[10.6385,45.3857],[10.6465,45.4072],[10.6551,45.4106],[10.6556,45.4211],[10.6637,45.4227],[10.6633,45.4278],[10.7146,45.4176],[10.7091,45.4253],[10.7136,45.4391],[10.6987,45.4485]]]}},{"type":"Feature","properties":{"id":"valtellina-rosso","name":"Valtellina rosso","full_name":"Valtellina rosso / Rosso di Valtellina","region":"Lombardy","grapes":["Nebbiolo"],"key_appellations":["Valtellina Superiore","Sforzato di Valtellina"],"desc":"Alpine Nebbiolo (Chiavennasca) on steep terraces. Elegant, fragrant mountain reds.","level":"appellation"},"geometry":{"type":"Polygon","coordinates":[[[9.8393,46.0526],[9.8521,46.0462],[9.8723,46.0512],[9.8833,46.0459],[9.9081,46.0464],[9.91,46.0577],[9.9393,46.0662],[9.9805,46.0653],[9.9947,46.0754],[10.0111,46.0726],[10.0119,46.0823],[10.0186,46.086],[10.0543,46.0852],[10.0667,46.0899],[10.0762,46.0858],[10.096,46.0913],[10.1048,46.0841],[10.0924,46.0693],[10.0925,46.0607],[10.1013,46.0509],[10.1324,46.0617],[10.1435,46.0553],[10.1696,46.0571],[10.1851,46.081],[10.1789,46.0915],[10.1599,46.0921],[10.1535,46.0976],[10.1578,46.102],[10.1403,46.1062],[10.1248,46.1275],[10.1253,46.1388],[10.1183,46.1492],[10.1052,46.1532],[10.1153,46.161],[10.1305,46.1547],[10.1714,46.1629],[10.1803,46.1783],[10.2243,46.1863],[10.2266,46.1907],[10.1912,46.2299],[10.1825,46.2575],[10.1765,46.2583],[10.1459,46.2305],[10.1323,46.2249],[10.0916,46.2282],[10.0706,46.2171],[10.0437,46.2297],[10.0608,46.2483],[10.0554,46.2658],[10.0006,46.2829],[9.9683,46.2772],[9.9075,46.2536],[9.8958,46.2448],[9.8917,46.23],[9.9053,46.2223],[9.8796,46.1979],[9.8732,46.1982],[9.8744,46.204],[9.8687,46.2115],[9.8708,46.1976],[9.8679,46.2021],[9.8493,46.2036],[9.8211,46.1994],[9.8167,46.2088],[9.7819,46.222],[9.7692,46.2206],[9.7458,46.2372],[9.7361,46.2377],[9.7493,46.2692],[9.6959,46.2237],[9.667,46.2199],[9.6614,46.2157],[9.6718,46.2094],[9.6425,46.2019],[9.6356,46.2046],[9.6258,46.1956],[9.6191,46.1696],[9.6315,46.1641],[9.6341,46.1537],[9.6552,46.1577],[9.6628,46.161],[9.6604,46.1649],[9.6836,46.1676],[9.685,46.1626],[9.6999,46.1683],[9.7032,46.1605],[9.7748,46.1551],[9.8023,46.1611],[9.829,46.1597],[9.829,46.1436],[9.8362,46.136],[9.8328,46.1159],[9.8413,46.0897],[9.8393,46.0526]],[[9.8985,46.1433],[9.9002,46.1645],[9.9184,46.1542],[9.8972,46.1208],[9.8913,46.1192],[9.8906,46.1317],[9.8985,46.1433]],[[9.9907,46.1464],[9.9786,46.1611],[10.0333,46.1586],[10.037,46.1455],[10.0303,46.1349],[10.0317,46.1096],[10.0407,46.1005],[10.0307,46.1025],[10.0023,46.1327],[9.995,46.1294],[9.9907,46.1464]]]}},{"type":"Feature","properties":{"id":"dolcetto-di-diano-d-alba","name":"Dolcetto di Diano d'Alba","full_name":"Dolcetto di Diano d'Alba / Diano d'Alba","region":"Piedmont","grapes":["Dolcetto"],"key_appellations":["Dolcetto di Diano d'Alba"],"desc":"Dolcetto di Diano d'Alba is a protected wine appellation in Piedmont.","level":"appellation"},"geometry":{"type":"Polygon","coordinates":[[[8.081,44.6358],[8.0553,44.6488],[8.0663,44.6564],[8.0448,44.6626],[8.0397,44.6741],[8.0173,44.6665],[8.0206,44.6623],[8.0046,44.6577],[8.0061,44.6525],[7.9897,44.6482],[7.9789,44.6523],[7.9936,44.6343],[8.0084,44.6281],[8.0317,44.6292],[8.0494,44.6509],[8.081,44.6358]]]}},{"type":"Feature","properties":{"id":"barco-reale-di-carmignano","name":"Barco Reale di Carmignano","full_name":"Barco Reale di Carmignano","region":"Tuscany","grapes":["Alicante Bouschet","Alicante","Ancellotta","Barbera","Barsaglina","Bonamico"],"key_appellations":["Barco Reale di Carmignano"],"desc":"Barco Reale di Carmignano is a protected wine appellation in Tuscany.","level":"appellation"},"geometry":{"type":"Polygon","coordinates":[[[11.0349,43.7678],[11.0568,43.7587],[11.065,43.7761],[11.0562,43.7805],[11.0626,43.7856],[11.0585,43.7906],[11.0795,43.7917],[11.0652,43.8008],[11.0621,43.8164],[11.0318,43.8389],[11.0214,43.8409],[11.0109,43.8314],[10.9884,43.8278],[10.9844,43.8201],[10.9641,43.8125],[10.9791,43.7951],[10.9785,43.7847],[11.0126,43.7742],[11.0281,43.7796],[11.0349,43.7678]]]}},{"type":"Feature","properties":{"id":"dogliani","name":"Dogliani","full_name":"Dogliani","region":"Piedmont","grapes":["Dolcetto"],"key_appellations":["Dogliani"],"desc":"Dogliani is a protected wine appellation in Piedmont.","level":"appellation"},"geometry":{"type":"Polygon","coordinates":[[[7.8685,44.3387],[7.8993,44.3489],[7.9015,44.3579],[7.9286,44.3425],[7.9484,44.3394],[7.9376,44.3668],[7.9458,44.3748],[7.9374,44.3916],[7.9511,44.3961],[7.9423,44.3994],[7.9472,44.4134],[7.9695,44.419],[7.9727,44.4131],[7.9953,44.4072],[8.0212,44.4309],[8.0224,44.4454],[8.0345,44.4488],[8.0482,44.4399],[8.0616,44.4475],[8.0491,44.4558],[8.0495,44.4657],[8.041,44.4695],[8.0519,44.4771],[8.0449,44.4994],[8.0527,44.5014],[8.0511,44.5064],[8.0337,44.4969],[8.0269,44.4997],[8.0005,44.4915],[7.9905,44.5123],[8.0374,44.5157],[8.0344,44.5401],[8.0256,44.5505],[8.008,44.5508],[8.0044,44.5598],[8.0322,44.576],[8.0489,44.5745],[8.0403,44.5942],[7.998,44.588],[8.0053,44.5771],[7.9918,44.5563],[7.9751,44.5628],[7.9713,44.5589],[7.9496,44.5669],[7.9407,44.5645],[7.9321,44.5816],[7.9148,44.5752],[7.913,44.5685],[7.9002,44.5623],[7.9105,44.5511],[7.8984,44.5484],[7.8755,44.5263],[7.852,44.5148],[7.8479,44.5021],[7.8253,44.5013],[7.8197,44.4915],[7.8119,44.4917],[7.8076,44.4792],[7.8413,44.4556],[7.8114,44.4477],[7.797,44.4345],[7.7737,44.432],[7.7706,44.4157],[7.7598,44.4146],[7.7509,44.4017],[7.7357,44.4068],[7.7217,44.4165],[7.7236,44.4203],[7.6893,44.3979],[7.6913,44.3914],[7.7083,44.3925],[7.7102,44.3839],[7.723,44.4014],[7.7394,44.392],[7.7444,44.3974],[7.7532,44.3899],[7.7641,44.3907],[7.773,44.3788],[7.7732,44.3695],[7.7851,44.3668],[7.785,44.3577],[7.7928,44.3509],[7.8081,44.3634],[7.8345,44.36],[7.8392,44.3315],[7.8439,44.3278],[7.8558,44.3355],[7.8658,44.3324],[7.8685,44.3387]]]}},{"type":"Feature","properties":{"id":"bianco-dell-empolese","name":"Bianco dell'Empolese","full_name":"Bianco dell'Empolese","region":"Tuscany","grapes":["Albana","Albarola","Ansonica","Biancone","Canaiolo Bianco","Clairette"],"key_appellations":["Bianco dell'Empolese"],"desc":"Bianco dell'Empolese is a protected wine appellation in Tuscany.","level":"appellation"},"geometry":{"type":"Polygon","coordinates":[[[10.9155,43.6628],[10.9465,43.6514],[10.9426,43.6548],[10.9548,43.6713],[10.9707,43.6601],[10.9883,43.6622],[10.9925,43.6703],[10.9863,43.6756],[11.0011,43.6808],[10.9997,43.6915],[11.0081,43.7052],[11.0229,43.6992],[11.0344,43.7062],[11.0407,43.6933],[11.0676,43.6971],[11.0662,43.7084],[11.0549,43.7089],[11.0285,43.7242],[11.0466,43.7326],[11.0423,43.7384],[11.0527,43.7485],[11.0428,43.7584],[11.0454,43.7659],[11.0348,43.7669],[11.0281,43.7796],[11.0126,43.7742],[10.9785,43.7847],[10.9791,43.7951],[10.9641,43.8125],[10.942,43.8234],[10.9175,43.801],[10.8953,43.7945],[10.8719,43.7947],[10.8475,43.803],[10.8128,43.7888],[10.8165,43.8085],[10.7866,43.7985],[10.7278,43.8142],[10.7153,43.7976],[10.7111,43.7863],[10.7146,43.7767],[10.7396,43.7531],[10.7622,43.7392],[10.7788,43.7371],[10.7933,43.7195],[10.7983,43.7036],[10.8151,43.7073],[10.8236,43.7036],[10.8245,43.7128],[10.8377,43.7166],[10.8772,43.7192],[10.8791,43.7104],[10.8905,43.7069],[10.8883,43.6959],[10.9165,43.67],[10.9155,43.6628]]]}},{"type":"Feature","properties":{"id":"bianco-di-pitigliano","name":"Bianco di Pitigliano","full_name":"Bianco di Pitigliano","region":"Tuscany","grapes":["Albana","Albarola","Ansonica","Biancone","Canaiolo Bianco","Chardonnay"],"key_appellations":["Bianco di Pitigliano"],"desc":"Bianco di Pitigliano is a protected wine appellation in Tuscany.","level":"appellation"},"geometry":{"type":"Polygon","coordinates":[[[11.5219,42.4353],[11.5443,42.4421],[11.6177,42.4361],[11.619,42.4583],[11.6134,42.4635],[11.62,42.4738],[11.6163,42.4886],[11.5877,42.4952],[11.5842,42.5069],[11.5602,42.5157],[11.5688,42.5338],[11.5885,42.5422],[11.5809,42.5475],[11.5865,42.5508],[11.5809,42.5531],[11.5788,42.5675],[11.6005,42.5707],[11.614,42.5572],[11.625,42.5691],[11.643,42.5662],[11.6572,42.5771],[11.6815,42.5813],[11.686,42.5853],[11.6791,42.5948],[11.7002,42.601],[11.7111,42.6109],[11.736,42.6066],[11.7352,42.612],[11.7518,42.6256],[11.7498,42.6396],[11.7809,42.6347],[11.8048,42.644],[11.8087,42.6592],[11.8009,42.6684],[11.7845,42.6713],[11.7865,42.6892],[11.7826,42.7055],[11.7756,42.7095],[11.8016,42.7072],[11.8094,42.7339],[11.8195,42.7454],[11.8091,42.7532],[11.7794,42.758],[11.783,42.7671],[11.7749,42.7679],[11.763,42.7799],[11.7549,42.7784],[11.7413,42.7743],[11.7402,42.7633],[11.7071,42.7581],[11.7027,42.7454],[11.6728,42.7502],[11.6614,42.7435],[11.6621,42.7377],[11.6222,42.7202],[11.6162,42.7148],[11.6217,42.6794],[11.6035,42.6867],[11.5707,42.6799],[11.5482,42.6974],[11.5179,42.6865],[11.5188,42.6969],[11.4969,42.6979],[11.4889,42.6923],[11.4604,42.7077],[11.4367,42.7337],[11.4322,42.7507],[11.393,42.7721],[11.3928,42.7834],[11.3589,42.8066],[11.3256,42.7938],[11.2969,42.7917],[11.2735,42.7807],[11.2405,42.7913],[11.242,42.7984],[11.2324,42.7995],[11.2286,42.7934],[11.2137,42.7892],[11.203,42.7928],[11.2041,42.7986],[11.1939,42.7942],[11.2301,42.756],[11.2521,42.7405],[11.2449,42.7328],[11.2545,42.7238],[11.2515,42.7174],[11.2593,42.7173],[11.257,42.7124],[11.2644,42.7087],[11.2616,42.6816],[11.2843,42.6811],[11.2895,42.665],[11.3102,42.6727],[11.3295,42.6652],[11.3394,42.6519],[11.3569,42.6429],[11.3606,42.6083],[11.3863,42.5951],[11.3857,42.5803],[11.3777,42.5858],[11.3769,42.5775],[11.3705,42.5775],[11.374,42.5708],[11.3582,42.5662],[11.3603,42.5585],[11.342,42.5445],[11.3156,42.5447],[11.3113,42.5389],[11.3081,42.5442],[11.2828,42.5407],[11.2954,42.5231],[11.3366,42.4951],[11.3571,42.4927],[11.3754,42.4962],[11.3833,42.5052],[11.4007,42.5111],[11.4152,42.5289],[11.4955,42.5065],[11.5031,42.496],[11.5203,42.4918],[11.5414,42.4742],[11.5299,42.463],[11.5327,42.4494],[11.5219,42.4353]]]}},{"type":"Feature","properties":{"id":"bolgheri","name":"Bolgheri","full_name":"Bolgheri","region":"Tuscany","grapes":["Cabernet Sauvignon","Merlot","Cabernet Franc","Sangiovese"],"key_appellations":["Bolgheri","Bolgheri Sassicaia"],"desc":"Coastal Tuscany. Home of the original Super Tuscans and Bordeaux-blend icons like Sassicaia and Ornellaia.","level":"appellation"},"geometry":{"type":"Polygon","coordinates":[[[10.5391,43.1136],[10.6267,43.0984],[10.6386,43.1146],[10.6273,43.1284],[10.6338,43.1334],[10.633,43.1529],[10.654,43.1647],[10.6432,43.1907],[10.6625,43.1955],[10.6788,43.193],[10.6905,43.2082],[10.6855,43.2154],[10.6906,43.224],[10.6699,43.2223],[10.6625,43.2278],[10.662,43.2358],[10.6439,43.2384],[10.652,43.247],[10.5282,43.2316],[10.5386,43.1684],[10.5391,43.1136]]]}},{"type":"Feature","properties":{"id":"terre-del-colleoni","name":"Terre del Colleoni","full_name":"Terre del Colleoni / Colleoni","region":"Lombardy","grapes":["Ancellotta","Barbera","Bonarda","Bronner","Bussanello","Cabernet Franc"],"key_appellations":["Terre del Colleoni"],"desc":"Terre del Colleoni is a protected wine appellation in Lombardy.","level":"appellation"},"geometry":{"type":"Polygon","coordinates":[[[9.5571,45.6563],[9.5676,45.6466],[9.5732,45.6509],[9.5872,45.6802],[9.6063,45.6758],[9.6277,45.6895],[9.6379,45.6799],[9.6322,45.6602],[9.6359,45.6575],[9.6418,45.6651],[9.6576,45.6552],[9.6754,45.6704],[9.6786,45.6634],[9.6888,45.6665],[9.6853,45.6765],[9.702,45.68],[9.7163,45.6658],[9.7242,45.6666],[9.7364,45.6581],[9.744,45.6309],[9.752,45.6358],[9.749,45.6472],[9.783,45.6437],[9.7917,45.6327],[9.8208,45.6212],[9.821,45.6096],[9.8269,45.6044],[9.8491,45.6028],[9.8768,45.6111],[9.8879,45.6027],[9.9039,45.6305],[9.9178,45.6433],[9.9173,45.6506],[9.9317,45.6474],[9.9423,45.6653],[9.9673,45.6642],[10.0561,45.6785],[10.0243,45.6979],[9.9952,45.7006],[9.9861,45.7176],[9.9873,45.7416],[9.9712,45.7527],[9.9527,45.7425],[9.9558,45.7307],[9.9382,45.7168],[9.9019,45.7266],[9.9101,45.7377],[9.8773,45.7388],[9.8414,45.7281],[9.8192,45.7351],[9.7985,45.7509],[9.777,45.7547],[9.7616,45.7707],[9.7332,45.7717],[9.7362,45.7794],[9.7311,45.7868],[9.691,45.7636],[9.6557,45.7745],[9.6422,45.7724],[9.6449,45.7688],[9.6396,45.7651],[9.6094,45.7664],[9.5909,45.7589],[9.5438,45.7705],[9.5197,45.7843],[9.4826,45.7689],[9.4812,45.7611],[9.4706,45.7681],[9.4616,45.761],[9.4459,45.7605],[9.4571,45.747],[9.4459,45.7332],[9.4499,45.7133],[9.4597,45.7023],[9.4513,45.6836],[9.468,45.6768],[9.4721,45.6695],[9.484,45.6824],[9.5001,45.6786],[9.5079,45.683],[9.5174,45.6723],[9.5141,45.6694],[9.5241,45.6497],[9.5463,45.6599],[9.5571,45.6563]]]}},{"type":"Feature","properties":{"id":"valcalepio","name":"Valcalepio","full_name":"Valcalepio","region":"Lombardy","grapes":["Cabernet Sauvignon","Chardonnay","Merlot","Moscato Di Scanzo","Pinot Bianco","Pinot Grigio"],"key_appellations":["Valcalepio"],"desc":"Valcalepio is a protected wine appellation in Lombardy.","level":"appellation"},"geometry":{"type":"Polygon","coordinates":[[[9.637,45.6817],[9.6345,45.6577],[9.6418,45.6651],[9.6576,45.6552],[9.6754,45.6704],[9.6786,45.6634],[9.6888,45.6665],[9.6853,45.6765],[9.6998,45.6779],[9.7136,45.6883],[9.7128,45.6955],[9.7022,45.6994],[9.7042,45.7033],[9.7221,45.7138],[9.7269,45.7028],[9.7586,45.6965],[9.7598,45.6923],[9.7488,45.6859],[9.7582,45.6833],[9.7554,45.6711],[9.7433,45.6676],[9.7493,45.6468],[9.783,45.6437],[9.7917,45.6327],[9.8208,45.6212],[9.821,45.6096],[9.8269,45.6044],[9.841,45.6024],[9.8768,45.6111],[9.8916,45.6044],[9.9039,45.6305],[9.9178,45.6433],[9.917,45.6502],[9.9317,45.6474],[9.9423,45.6653],[9.9673,45.6642],[10.0561,45.6785],[10.0243,45.6979],[9.9952,45.7006],[9.9861,45.7176],[9.9873,45.7416],[9.9712,45.7527],[9.9527,45.7425],[9.9558,45.7307],[9.9326,45.7152],[9.9297,45.7072],[9.8982,45.7028],[9.8847,45.7197],[9.8603,45.7326],[9.8434,45.7279],[9.8192,45.7351],[9.8033,45.7238],[9.7749,45.7287],[9.7754,45.7378],[9.7655,45.7405],[9.7903,45.7531],[9.777,45.7547],[9.7616,45.7707],[9.7332,45.7717],[9.7362,45.7794],[9.7311,45.7868],[9.6951,45.7643],[9.6557,45.7745],[9.6422,45.7724],[9.6449,45.7688],[9.6396,45.7651],[9.6094,45.7664],[9.5952,45.7588],[9.5215,45.7808],[9.5089,45.7601],[9.5085,45.7483],[9.5014,45.7474],[9.4895,45.7334],[9.4461,45.7341],[9.4499,45.7133],[9.4594,45.7033],[9.4565,45.698],[9.4661,45.7017],[9.4765,45.6948],[9.504,45.696],[9.5115,45.691],[9.5573,45.6964],[9.5646,45.7207],[9.5788,45.7298],[9.6126,45.7246],[9.6221,45.7194],[9.6264,45.7104],[9.6208,45.7],[9.637,45.6817]]]}},{"type":"Feature","properties":{"id":"candia-dei-colli-apuani","name":"Candia dei Colli Apuani","full_name":"Candia dei Colli Apuani","region":"Tuscany","grapes":["Albana","Albarola","Alicante Bouschet","Alicante","Ancellotta","Ansonica"],"key_appellations":["Candia dei Colli Apuani"],"desc":"Candia dei Colli Apuani is a protected wine appellation in Tuscany.","level":"appellation"},"geometry":{"type":"Polygon","coordinates":[[[10.1435,43.9754],[10.1735,43.9874],[10.1699,43.9966],[10.1823,44.0041],[10.1842,44.0116],[10.2056,44.0241],[10.2016,44.0358],[10.2239,44.0515],[10.2217,44.0572],[10.2287,44.0669],[10.2391,44.0716],[10.2432,44.0846],[10.2331,44.108],[10.2137,44.1186],[10.1893,44.1221],[10.1798,44.1152],[10.1593,44.1155],[10.1496,44.1077],[10.1368,44.1187],[10.1249,44.1192],[10.124,44.1242],[10.1021,44.1211],[10.0589,44.1299],[10.0478,44.1139],[10.0709,44.0931],[10.0622,44.0801],[10.0327,44.0654],[10.0188,44.0445],[10.0416,44.0267],[10.0376,44.036],[10.0459,44.0342],[10.0422,44.0292],[10.0467,44.0339],[10.0642,44.028],[10.1435,43.9754]]]}},{"type":"Feature","properties":{"id":"capalbio","name":"Capalbio","full_name":"Capalbio","region":"Tuscany","grapes":["Albana","Albarola","Alicante Bouschet","Alicante","Ancellotta","Ansonica"],"key_appellations":["Capalbio"],"desc":"Capalbio is a protected wine appellation in Tuscany.","level":"appellation"},"geometry":{"type":"Polygon","coordinates":[[[11.2996,42.4081],[11.4499,42.3777],[11.455,42.3881],[11.4498,42.394],[11.4821,42.4199],[11.4811,42.4336],[11.4889,42.4394],[11.5166,42.4335],[11.5443,42.4421],[11.6177,42.4361],[11.619,42.4583],[11.6134,42.4635],[11.62,42.4738],[11.6163,42.4886],[11.5877,42.4952],[11.5842,42.5069],[11.5602,42.5157],[11.5688,42.5338],[11.5887,42.5434],[11.5809,42.5475],[11.5865,42.5508],[11.5653,42.5821],[11.5689,42.5933],[11.5571,42.6106],[11.5863,42.6144],[11.5796,42.6234],[11.5871,42.6349],[11.5996,42.6381],[11.5976,42.6431],[11.6138,42.6443],[11.6214,42.6555],[11.6169,42.661],[11.6194,42.682],[11.6124,42.6803],[11.6035,42.6867],[11.5696,42.6801],[11.5482,42.6974],[11.5179,42.6865],[11.5188,42.6969],[11.4969,42.6979],[11.4884,42.6924],[11.4563,42.7119],[11.4588,42.6965],[11.4532,42.6939],[11.4611,42.6759],[11.4538,42.6667],[11.4567,42.6377],[11.4487,42.6356],[11.4508,42.6283],[11.4332,42.6241],[11.4399,42.6164],[11.4239,42.6144],[11.4109,42.5951],[11.3961,42.5953],[11.3994,42.5881],[11.3952,42.5864],[11.3784,42.6017],[11.3606,42.6083],[11.3569,42.6429],[11.3394,42.6519],[11.3295,42.6652],[11.3102,42.6727],[11.2895,42.665],[11.2843,42.6811],[11.2616,42.6816],[11.2644,42.7087],[11.257,42.7124],[11.2593,42.7173],[11.2515,42.7174],[11.2545,42.7238],[11.2449,42.7328],[11.2521,42.7405],[11.2307,42.7555],[11.2272,42.7469],[11.2089,42.7345],[11.2244,42.7247],[11.1621,42.6745],[11.1457,42.6532],[11.1537,42.6452],[11.1515,42.6411],[11.1165,42.6382],[11.0839,42.6279],[11.0883,42.6178],[11.0822,42.6135],[11.102,42.6016],[11.1075,42.5812],[11.1225,42.557],[11.1342,42.5512],[11.1394,42.5608],[11.1575,42.5625],[11.1904,42.5173],[11.1914,42.4918],[11.1839,42.4632],[11.1735,42.4454],[11.1569,42.4318],[11.2002,42.4285],[11.2051,42.4169],[11.2119,42.4164],[11.2101,42.4087],[11.2396,42.4178],[11.2706,42.419],[11.2903,42.4046],[11.2996,42.4081]]]}},{"type":"Feature","properties":{"id":"brachetto-d-acqui","name":"Brachetto d'Acqui","full_name":"Brachetto d'Acqui / Acqui","region":"Piedmont","grapes":["Albarossa","Ancellotta","Arneis","Avarengo","Baratuciat","Barbera Bianca"],"key_appellations":["Brachetto d'Acqui"],"desc":"Brachetto d'Acqui is a protected wine appellation in Piedmont.","level":"appellation"},"geometry":{"type":"MultiPolygon","coordinates":[[[[8.2949,44.6234],[8.3337,44.6201],[8.353,44.6337],[8.3566,44.6551],[8.3746,44.6432],[8.3863,44.643],[8.3841,44.6498],[8.4062,44.6607],[8.4255,44.6612],[8.4381,44.6744],[8.4372,44.6626],[8.4457,44.6635],[8.453,44.6507],[8.4627,44.6549],[8.4744,44.637],[8.4799,44.6433],[8.4943,44.6371],[8.5034,44.6409],[8.5181,44.6291],[8.5263,44.637],[8.5244,44.6492],[8.5298,44.6507],[8.5258,44.6551],[8.5283,44.667],[8.5231,44.6685],[8.5281,44.682],[8.5486,44.6833],[8.5535,44.6932],[8.5469,44.6994],[8.5298,44.7016],[8.5377,44.709],[8.5476,44.7085],[8.5432,44.7139],[8.548,44.728],[8.5374,44.7367],[8.5277,44.7323],[8.5181,44.7368],[8.5278,44.746],[8.5313,44.7401],[8.546,44.738],[8.5393,44.7491],[8.5517,44.758],[8.5469,44.7631],[8.5554,44.7651],[8.5532,44.7735],[8.5407,44.7698],[8.5428,44.7778],[8.5536,44.7802],[8.5517,44.785],[8.538,44.7809],[8.5468,44.7872],[8.5398,44.7928],[8.502,44.7857],[8.4861,44.7959],[8.49,44.7996],[8.4794,44.8072],[8.479,44.7963],[8.4399,44.7818],[8.4144,44.788],[8.3994,44.7808],[8.354,44.7926],[8.3201,44.7942],[8.3062,44.7843],[8.3032,44.7739],[8.3176,44.7692],[8.3201,44.7384],[8.31,44.7284],[8.3158,44.7218],[8.3111,44.7079],[8.2933,44.7009],[8.2832,44.6852],[8.2595,44.6966],[8.2233,44.6788],[8.2268,44.661],[8.1945,44.6286],[8.1969,44.6146],[8.2949,44.6234]],[[8.5334,44.7198],[8.527,44.7316],[8.5418,44.7265],[8.5334,44.7198]]],[[[8.5675,44.7896],[8.5611,44.7916],[8.5529,44.7898],[8.5627,44.7778],[8.5675,44.7896]]],[[[8.5461,44.7949],[8.5474,44.7931],[8.5495,44.7934],[8.5461,44.7949]]],[[[8.5678,44.796],[8.5659,44.7926],[8.5688,44.7924],[8.5678,44.796]]]]}},{"type":"Feature","properties":{"id":"colli-dell-etruria-centrale","name":"Colli dell'Etruria Centrale","full_name":"Colli dell'Etruria Centrale","region":"Tuscany","grapes":["Albana","Albarola","Alicante Bouschet","Alicante","Ancellotta","Ansonica"],"key_appellations":["Colli dell'Etruria Centrale"],"desc":"Colli dell'Etruria Centrale is a protected wine appellation in Tuscany.","level":"appellation"},"geometry":{"type":"Polygon","coordinates":[[[10.4978,43.3829],[10.5098,43.362],[10.5545,43.3711],[10.5943,43.3927],[10.5962,43.4007],[10.6097,43.3999],[10.6348,43.4264],[10.6608,43.4326],[10.655,43.4208],[10.6658,43.411],[10.6861,43.4153],[10.6976,43.4108],[10.729,43.4128],[10.7457,43.4204],[10.7673,43.4207],[10.7946,43.4368],[10.7881,43.443],[10.7911,43.4557],[10.7702,43.4788],[10.7977,43.4843],[10.801,43.4916],[10.8142,43.4968],[10.8566,43.494],[10.8607,43.4872],[10.8513,43.4778],[10.868,43.4727],[10.8699,43.4605],[10.8904,43.4596],[10.9094,43.4659],[10.9189,43.4571],[10.9521,43.4523],[10.9788,43.4195],[10.979,43.4061],[11.0019,43.4015],[11.0134,43.365],[10.9977,43.344],[10.9721,43.3442],[10.97,43.3142],[10.9548,43.3185],[10.9521,43.302],[10.9739,43.2967],[10.9966,43.28],[11.02,43.2839],[11.0215,43.2895],[11.0311,43.2921],[11.0398,43.2816],[11.0849,43.2745],[11.0873,43.2682],[11.1042,43.2646],[11.1094,43.2584],[11.1046,43.2508],[11.1084,43.2444],[11.1357,43.2336],[11.157,43.2353],[11.1578,43.2469],[11.1867,43.2304],[11.2001,43.2405],[11.2066,43.2242],[11.1947,43.2095],[11.2021,43.1992],[11.2166,43.1981],[11.222,43.187],[11.2234,43.1755],[11.2152,43.1606],[11.2214,43.1568],[11.2205,43.1504],[11.2453,43.1483],[11.2763,43.1659],[11.2853,43.1587],[11.2907,43.1418],[11.2993,43.1418],[11.2914,43.1346],[11.3085,43.1107],[11.3232,43.1074],[11.3218,43.0969],[11.3409,43.0984],[11.3388,43.0875],[11.3529,43.0797],[11.3639,43.0811],[11.3668,43.0719],[11.3626,43.0634],[11.3678,43.0562],[11.3593,43.0545],[11.3627,43.0443],[11.354,43.0403],[11.3642,43.0325],[11.352,43.027],[11.3634,43.022],[11.3621,43.0066],[11.3731,43.0079],[11.3706,42.9985],[11.3805,42.9961],[11.3653,42.9945],[11.3772,42.9854],[11.3755,42.9789],[11.3587,42.9792],[11.3504,42.972],[11.3529,42.9692],[11.457,42.9573],[11.4714,42.9647],[11.4879,42.9645],[11.4979,42.976],[11.515,42.9812],[11.5296,42.9734],[11.5429,42.9737],[11.5552,42.9872],[11.5519,42.9997],[11.5581,43.0106],[11.5515,43.02],[11.5526,43.0325],[11.5593,43.0429],[11.5659,43.0427],[11.5653,43.0533],[11.5557,43.0495],[11.5527,43.0549],[11.561,43.074],[11.5781,43.0817],[11.5869,43.0768],[11.5883,43.0905],[11.576,43.0933],[11.589,43.098],[11.5871,43.1039],[11.6121,43.0871],[11.6257,43.0925],[11.6321,43.0741],[11.6415,43.0698],[11.6424,43.0485],[11.6578,43.0399],[11.6402,43.0303],[11.6526,43.032],[11.6616,43.0248],[11.7155,43.0157],[11.7319,43.0199],[11.7407,43.0008],[11.7589,42.9842],[11.7811,42.95],[11.7993,42.9551],[11.8226,42.9489],[11.8336,42.9294],[11.8535,42.9166],[11.8354,42.902],[11.8312,42.8928],[11.8356,42.8862],[11.8042,42.8708],[11.8042,42.8602],[11.8089,42.8578],[11.7977,42.8465],[11.7669,42.8463],[11.7599,42.8372],[11.749,42.8343],[11.7631,42.8224],[11.7864,42.8163],[11.8069,42.7948],[11.8146,42.8233],[11.832,42.8268],[11.8494,42.8387],[11.8946,42.8343],[11.8919,42.8429],[11.9132,42.8505],[11.929,42.8693],[11.96,42.8692],[11.9563,42.9004],[11.9335,42.9054],[11.9348,42.927],[11.9517,42.9484],[11.9495,42.9774],[11.9543,42.9787],[11.972,43.0219],[11.9724,43.0353],[11.9824,43.0505],[11.9726,43.064],[11.9567,43.0687],[11.9481,43.0556],[11.9361,43.0559],[11.9225,43.0815],[11.9304,43.0943],[11.9124,43.1283],[11.9204,43.1317],[11.9288,43.1526],[11.9613,43.1669],[11.9303,43.1765],[11.9191,43.1677],[11.9033,43.1743],[11.8888,43.1564],[11.8626,43.1738],[11.8481,43.1883],[11.834,43.2197],[11.8392,43.3048],[11.7962,43.2982],[11.779,43.2845],[11.7565,43.3066],[11.766,43.3092],[11.7754,43.345],[11.7816,43.3474],[11.7929,43.3379],[11.7903,43.3352],[11.8054,43.3314],[11.8044,43.3252],[11.8311,43.3317],[11.8328,43.3276],[11.8444,43.3285],[11.8999,43.3557],[11.9061,43.3663],[11.9269,43.3715],[11.9408,43.3853],[11.9728,43.3697],[12.0303,43.3763],[12.0491,43.3524],[12.0775,43.365],[12.0728,43.3812],[12.0778,43.3983],[12.071,43.405],[12.0527,43.3976],[12.033,43.4002],[12.0267,43.4102],[12.0322,43.4237],[12.0527,43.4313],[12.0532,43.4457],[12.0461,43.451],[12.0558,43.4638],[12.0504,43.4702],[12.0271,43.4889],[11.9919,43.4799],[11.9899,43.4918],[11.9642,43.5149],[11.9547,43.5133],[11.9333,43.5471],[11.9271,43.5467],[11.9505,43.558],[11.968,43.575],[11.9606,43.6027],[11.9422,43.6047],[11.9457,43.6217],[11.9218,43.6283],[11.9142,43.6374],[11.9183,43.6437],[11.8637,43.6497],[11.838,43.635],[11.8405,43.6297],[11.8525,43.6319],[11.8487,43.6219],[11.8542,43.618],[11.8429,43.612],[11.8382,43.5985],[11.8283,43.5942],[11.8215,43.6095],[11.797,43.6127],[11.7891,43.6187],[11.7828,43.6294],[11.7905,43.6349],[11.7795,43.6426],[11.7499,43.6384],[11.7288,43.6175],[11.7096,43.628],[11.686,43.6326],[11.6786,43.6444],[11.6468,43.6551],[11.6418,43.6637],[11.6241,43.6671],[11.5938,43.716],[11.5778,43.7205],[11.572,43.7343],[11.5896,43.7472],[11.5819,43.766],[11.5957,43.7711],[11.5973,43.7831],[11.6038,43.7873],[11.6048,43.8102],[11.6236,43.8148],[11.6286,43.8212],[11.6233,43.8317],[11.6302,43.8467],[11.6527,43.8418],[11.6498,43.8602],[11.6704,43.8768],[11.6469,43.8801],[11.6403,43.8911],[11.6103,43.9029],[11.5881,43.9037],[11.5771,43.915],[11.5566,43.9099],[11.552,43.9143],[11.5531,43.9285],[11.572,43.9336],[11.5999,43.9664],[11.6085,43.9847],[11.6223,43.9897],[11.6223,43.9988],[11.6018,44.0073],[11.5931,44.0055],[11.588,44.0005],[11.5978,43.9881],[11.5948,43.9747],[11.5493,43.9534],[11.5423,43.9473],[11.5437,43.941],[11.5356,43.9372],[11.5377,43.9268],[11.5205,43.9299],[11.5085,43.9225],[11.5017,43.9065],[11.5085,43.8966],[11.4923,43.8997],[11.478,43.8819],[11.4659,43.8847],[11.4507,43.8753],[11.436,43.8798],[11.4261,43.8725],[11.3994,43.87],[11.3448,43.8704],[11.3193,43.8487],[11.3022,43.8451],[11.3015,43.8382],[11.2914,43.8404],[11.2773,43.8267],[11.2511,43.8351],[11.2425,43.8256],[11.2339,43.8288],[11.2049,43.8084],[11.194,43.8129],[11.1818,43.7998],[11.1569,43.8029],[11.1506,43.7862],[11.0968,43.7728],[11.0732,43.7824],[11.065,43.7761],[11.0562,43.7805],[11.0626,43.7856],[11.0585,43.7906],[11.0793,43.7921],[11.0652,43.8008],[11.0621,43.8164],[11.0246,43.8446],[11.0258,43.8561],[11.0169,43.8674],[10.9857,43.8845],[10.9791,43.9086],[10.9891,43.9107],[10.9908,43.922],[11.0248,43.8963],[11.0301,43.902],[11.0649,43.9071],[11.0762,43.9167],[11.0813,43.9372],[11.0956,43.9545],[11.0713,43.9832],[11.059,43.9839],[11.0561,43.9916],[11.035,43.9991],[11.0149,43.9954],[11.0117,44.0054],[10.9932,44.011],[10.9703,44.0513],[10.9018,44.064],[10.9028,44.0861],[10.8668,44.1006],[10.8567,44.0991],[10.8821,44.0791],[10.8656,44.0685],[10.8783,44.0615],[10.8899,44.0425],[10.8612,44.0317],[10.8438,44.0184],[10.8287,44.0259],[10.8066,44.0164],[10.8136,44.0065],[10.8087,43.9916],[10.8336,43.9739],[10.8441,43.9507],[10.83,43.9437],[10.8271,43.9313],[10.8111,43.9243],[10.8202,43.9214],[10.8079,43.9093],[10.8153,43.9055],[10.811,43.8965],[10.816,43.8894],[10.7911,43.8389],[10.8169,43.808],[10.8088,43.7587],[10.8381,43.7488],[10.8195,43.7145],[10.827,43.7083],[10.8236,43.7036],[10.8151,43.7073],[10.8097,43.7034],[10.7803,43.7084],[10.762,43.6922],[10.7266,43.6948],[10.6787,43.6609],[10.6468,43.6809],[10.6314,43.6657],[10.621,43.6744],[10.6135,43.6703],[10.6059,43.6738],[10.6034,43.6584],[10.5984,43.656],[10.5895,43.665],[10.5714,43.6695],[10.5782,43.6514],[10.5586,43.628],[10.5189,43.6304],[10.4999,43.6251],[10.498,43.6099],[10.4903,43.6045],[10.4917,43.5855],[10.4752,43.584],[10.4797,43.5581],[10.4644,43.5398],[10.471,43.5219],[10.4877,43.5087],[10.5027,43.512],[10.5272,43.4986],[10.5162,43.4828],[10.49,43.4727],[10.492,43.4563],[10.4998,43.4464],[10.4818,43.4363],[10.484,43.4302],[10.491,43.4372],[10.5069,43.4326],[10.501,43.413],[10.49,43.4039],[10.5007,43.394],[10.4978,43.3829]],[[11.5588,43.3237],[11.5796,43.3119],[11.5765,43.3065],[11.581,43.304],[11.5758,43.3023],[11.5795,43.2969],[11.5731,43.2929],[11.5779,43.2822],[11.5681,43.2774],[11.5821,43.2701],[11.5812,43.2596],[11.5938,43.2547],[11.5982,43.2436],[11.6082,43.2445],[11.6113,43.2317],[11.6275,43.2334],[11.6453,43.2179],[11.6571,43.2274],[11.6727,43.2264],[11.6676,43.2157],[11.6561,43.2083],[11.6376,43.2063],[11.6248,43.1952],[11.6019,43.1934],[11.6126,43.1729],[11.5793,43.1775],[11.5771,43.167],[11.5673,43.1653],[11.5629,43.158],[11.553,43.159],[11.5256,43.1441],[11.5107,43.1446],[11.5246,43.1308],[11.5223,43.118],[11.5272,43.117],[11.5114,43.1051],[11.4882,43.1093],[11.475,43.1057],[11.4537,43.1131],[11.445,43.1003],[11.4371,43.1079],[11.4235,43.103],[11.4244,43.1097],[11.4019,43.1114],[11.4022,43.1228],[11.4156,43.1318],[11.4254,43.1551],[11.4581,43.1654],[11.4636,43.161],[11.4752,43.1749],[11.4686,43.1746],[11.4689,43.1838],[11.4564,43.1896],[11.465,43.1938],[11.4693,43.2169],[11.4543,43.2404],[11.443,43.2388],[11.4383,43.2446],[11.4369,43.2635],[11.4202,43.2636],[11.408,43.2529],[11.4094,43.2479],[11.3963,43.2587],[11.3841,43.2594],[11.3793,43.277],[11.3912,43.2806],[11.3913,43.2883],[11.4005,43.2946],[11.4336,43.3055],[11.5032,43.307],[11.5156,43.318],[11.5588,43.3237]]]}},{"type":"Feature","properties":{"id":"colline-lucchesi","name":"Colline Lucchesi","full_name":"Colline Lucchesi","region":"Tuscany","grapes":["Albana","Albarola","Alicante Bouschet","Alicante","Ancellotta","Ansonica"],"key_appellations":["Colline Lucchesi"],"desc":"Colline Lucchesi is a protected wine appellation in Tuscany.","level":"appellation"},"geometry":{"type":"Polygon","coordinates":[[[10.6326,43.8243],[10.6454,43.8524],[10.6514,43.8547],[10.6513,43.8632],[10.6587,43.8675],[10.6509,43.8677],[10.6507,43.8855],[10.6583,43.8912],[10.6481,43.9111],[10.614,43.9178],[10.6178,43.9247],[10.6123,43.9312],[10.5937,43.9323],[10.5955,43.943],[10.5872,43.9374],[10.539,43.9536],[10.5261,43.9481],[10.5155,43.9596],[10.5057,43.9523],[10.5005,43.9373],[10.5087,43.9322],[10.4961,43.9225],[10.4709,43.9291],[10.4565,43.9187],[10.4486,43.9049],[10.4329,43.9091],[10.4083,43.8991],[10.3872,43.8986],[10.3852,43.8915],[10.3947,43.8852],[10.3602,43.8791],[10.3695,43.8712],[10.3736,43.8553],[10.3968,43.846],[10.3675,43.8407],[10.3647,43.8303],[10.3742,43.8139],[10.4099,43.8272],[10.4138,43.8223],[10.4252,43.8349],[10.436,43.8114],[10.452,43.8044],[10.4508,43.7942],[10.4397,43.7891],[10.442,43.7774],[10.4533,43.7653],[10.4682,43.7667],[10.5009,43.7533],[10.5255,43.762],[10.5546,43.7491],[10.5949,43.7637],[10.6097,43.7552],[10.6229,43.7566],[10.6452,43.7944],[10.6359,43.8019],[10.6297,43.8004],[10.6326,43.8243]]]}},{"type":"Feature","properties":{"id":"barolo","name":"Barolo","full_name":"Barolo","region":"Piedmont","grapes":["Nebbiolo"],"key_appellations":["Barolo"],"desc":"The king of Nebbiolo. Powerful, tannic, long-lived reds from the Langhe hills south of Alba.","level":"appellation"},"geometry":{"type":"Polygon","coordinates":[[[7.974,44.5629],[7.9918,44.5563],[8.0029,44.569],[8.0053,44.5771],[7.998,44.588],[8.0059,44.5882],[8.0093,44.5956],[8.0023,44.6047],[8.0113,44.6185],[8.0053,44.6273],[8.0317,44.6292],[8.0494,44.6509],[8.081,44.6358],[8.0536,44.6505],[8.0663,44.6564],[8.0448,44.6626],[8.0397,44.6741],[8.0173,44.6665],[8.0206,44.6623],[8.0105,44.6586],[8.0032,44.667],[7.988,44.6713],[7.9776,44.6462],[7.9666,44.6524],[7.9664,44.6598],[7.9819,44.6682],[7.9902,44.6793],[7.9854,44.6848],[7.9915,44.6848],[7.9936,44.6922],[7.933,44.6865],[7.9235,44.69],[7.9118,44.6819],[7.8944,44.6796],[7.8878,44.6718],[7.8895,44.6662],[7.8614,44.6804],[7.8461,44.6788],[7.8114,44.6869],[7.7807,44.6801],[7.7691,44.6913],[7.7558,44.6939],[7.7617,44.6753],[7.7587,44.6686],[7.7673,44.6607],[7.7497,44.6288],[7.7647,44.6273],[7.7699,44.6455],[7.7829,44.6509],[7.8113,44.6433],[7.8071,44.6301],[7.7883,44.6166],[7.7885,44.607],[7.8034,44.5997],[7.8086,44.6025],[7.8224,44.5863],[7.8612,44.6097],[7.8589,44.6225],[7.8787,44.624],[7.8922,44.6113],[7.9069,44.6231],[7.9155,44.6226],[7.9221,44.6192],[7.9189,44.6066],[7.8952,44.5958],[7.9024,44.5718],[7.9114,44.5677],[7.9148,44.5752],[7.9321,44.5816],[7.9407,44.5645],[7.9496,44.5669],[7.9705,44.559],[7.974,44.5629]]]}},{"type":"Feature","properties":{"id":"asti","name":"Asti","full_name":"Asti","region":"Piedmont","grapes":["Barbera"],"key_appellations":["Barbera d'Asti","Nizza"],"desc":"Juicy, high-acid Barbera from the Asti and Monferrato hills. Nizza is the top DOCG expression.","level":"appellation"},"geometry":{"type":"MultiPolygon","coordinates":[[[[8.221,44.5858],[8.2456,44.5697],[8.2443,44.581],[8.2289,44.5936],[8.2567,44.5957],[8.2467,44.6067],[8.2482,44.6155],[8.2951,44.6251],[8.3337,44.6201],[8.353,44.6337],[8.3566,44.6551],[8.3746,44.6432],[8.3863,44.643],[8.3841,44.6498],[8.4062,44.6607],[8.4255,44.6612],[8.4367,44.6742],[8.4366,44.6633],[8.4457,44.6635],[8.4493,44.6523],[8.4597,44.656],[8.4689,44.6484],[8.4759,44.6342],[8.4711,44.6255],[8.4782,44.6231],[8.4743,44.6163],[8.479,44.6117],[8.5201,44.622],[8.5181,44.6291],[8.5283,44.6442],[8.5244,44.6492],[8.5298,44.6507],[8.5258,44.6551],[8.5283,44.667],[8.5231,44.6685],[8.5273,44.6805],[8.5486,44.6833],[8.5535,44.6932],[8.5469,44.6994],[8.5298,44.7016],[8.5377,44.709],[8.5476,44.7085],[8.5432,44.7139],[8.548,44.728],[8.5374,44.7367],[8.5277,44.7323],[8.5181,44.7368],[8.5278,44.746],[8.5313,44.7401],[8.546,44.738],[8.5393,44.7491],[8.5517,44.758],[8.5469,44.7631],[8.5554,44.7651],[8.5532,44.7735],[8.5407,44.7698],[8.5428,44.7778],[8.5536,44.7802],[8.5517,44.785],[8.538,44.7809],[8.5468,44.7872],[8.5398,44.7928],[8.502,44.7857],[8.4861,44.7959],[8.49,44.7996],[8.4794,44.8072],[8.479,44.7963],[8.4399,44.7818],[8.4144,44.788],[8.4396,44.8058],[8.4352,44.8153],[8.4206,44.8197],[8.4283,44.8382],[8.4234,44.8496],[8.3965,44.8428],[8.3635,44.8127],[8.3462,44.8146],[8.364,44.7868],[8.354,44.7926],[8.3224,44.7947],[8.3062,44.7843],[8.3032,44.7739],[8.2681,44.7752],[8.2674,44.7708],[8.232,44.7647],[8.2245,44.77],[8.2166,44.791],[8.2078,44.7916],[8.1925,44.8081],[8.152,44.8148],[8.1414,44.8287],[8.1289,44.8068],[8.128,44.7924],[8.1375,44.7826],[8.127,44.7819],[8.1255,44.776],[8.1132,44.7699],[8.1045,44.7739],[8.1029,44.7605],[8.0854,44.7484],[8.0751,44.7511],[8.0849,44.7418],[8.084,44.7351],[8.0933,44.7374],[8.0889,44.7065],[8.0619,44.7005],[8.057,44.7105],[8.0673,44.7265],[8.0579,44.7345],[8.0531,44.7229],[8.0443,44.7196],[8.0101,44.7227],[8.0056,44.7279],[7.993,44.7211],[7.9686,44.7195],[7.986,44.6906],[7.9938,44.692],[7.9915,44.6848],[7.9852,44.6842],[7.9902,44.6793],[7.9796,44.6655],[7.9664,44.6598],[7.9664,44.6529],[7.9822,44.6389],[7.9873,44.6092],[7.9976,44.5881],[8.0082,44.5926],[8.0023,44.6047],[8.0113,44.6185],[8.0054,44.6247],[8.0075,44.6319],[7.9959,44.6328],[7.9789,44.6479],[7.9803,44.6616],[7.988,44.6713],[8.0032,44.667],[8.0105,44.6586],[8.0206,44.6623],[8.0173,44.6665],[8.0397,44.6741],[8.0448,44.6626],[8.0663,44.6564],[8.0536,44.6505],[8.057,44.6474],[8.0844,44.638],[8.0947,44.645],[8.0898,44.651],[8.1064,44.6508],[8.1545,44.6202],[8.1449,44.6125],[8.1602,44.5975],[8.1741,44.606],[8.1821,44.605],[8.1805,44.6098],[8.1916,44.61],[8.1982,44.6014],[8.1955,44.5944],[8.221,44.5858]],[[8.5334,44.7198],[8.527,44.7316],[8.5418,44.7265],[8.5334,44.7198]]],[[[7.933,44.6865],[7.9691,44.6906],[7.9615,44.7095],[7.943,44.7125],[7.9029,44.7049],[7.9149,44.6856],[7.9257,44.6903],[7.933,44.6865]]],[[[8.56,44.778],[8.5676,44.7904],[8.5529,44.7898],[8.56,44.778]]],[[[8.547,44.7951],[8.5461,44.7923],[8.5495,44.7934],[8.547,44.7951]]],[[[8.5678,44.796],[8.5624,44.7941],[8.5688,44.7924],[8.5678,44.796]]]]}},{"type":"Feature","properties":{"id":"barbera-del-monferrato-superiore","name":"Barbera del Monferrato Superiore","full_name":"Barbera del Monferrato Superiore","region":"Piedmont","grapes":["Barbera","Dolcetto","Freisa","Grignolino"],"key_appellations":["Barbera del Monferrato Superiore"],"desc":"Barbera del Monferrato Superiore is a protected wine appellation in Piedmont.","level":"appellation"},"geometry":{"type":"MultiPolygon","coordinates":[[[[8.1107,44.8097],[8.1229,44.8141],[8.1318,44.8092],[8.128,44.7924],[8.1375,44.7826],[8.127,44.7819],[8.1255,44.776],[8.1132,44.7699],[8.1045,44.7739],[8.1043,44.7626],[8.0951,44.7585],[8.1123,44.7484],[8.1199,44.7517],[8.1332,44.7467],[8.1363,44.7327],[8.1529,44.7125],[8.1605,44.7225],[8.1658,44.7218],[8.1633,44.7328],[8.1732,44.732],[8.1816,44.7512],[8.1876,44.7519],[8.2066,44.7507],[8.2084,44.747],[8.2023,44.7444],[8.2158,44.7269],[8.2222,44.7295],[8.2377,44.7232],[8.2568,44.7323],[8.2567,44.7214],[8.2687,44.7114],[8.26,44.6969],[8.2233,44.6788],[8.2268,44.661],[8.1945,44.6279],[8.1969,44.6146],[8.2148,44.6174],[8.2344,44.5986],[8.2289,44.5936],[8.2443,44.581],[8.2457,44.5701],[8.2323,44.5617],[8.2411,44.5548],[8.2363,44.5492],[8.246,44.5482],[8.2486,44.5346],[8.2713,44.5068],[8.3042,44.5047],[8.3217,44.488],[8.3492,44.4855],[8.3585,44.4649],[8.3744,44.4745],[8.3925,44.477],[8.3908,44.4877],[8.401,44.4934],[8.4039,44.509],[8.4186,44.5133],[8.4274,44.5025],[8.4405,44.5057],[8.4495,44.4974],[8.4527,44.5096],[8.4707,44.5225],[8.4781,44.5106],[8.5087,44.5082],[8.5348,44.5133],[8.5597,44.5028],[8.576,44.5072],[8.5738,44.5233],[8.5867,44.5242],[8.5877,44.5332],[8.6124,44.5433],[8.5978,44.5565],[8.6045,44.5643],[8.6012,44.5682],[8.6146,44.5683],[8.6172,44.574],[8.6086,44.5761],[8.621,44.5771],[8.6239,44.5864],[8.6416,44.5786],[8.6486,44.5833],[8.6674,44.5824],[8.6814,44.5749],[8.6906,44.5825],[8.7141,44.5814],[8.7314,44.5708],[8.742,44.58],[8.7484,44.5697],[8.7668,44.5712],[8.7517,44.5841],[8.74,44.5802],[8.7337,44.5935],[8.739,44.5964],[8.7525,44.5878],[8.7214,44.6176],[8.7292,44.6468],[8.7347,44.6451],[8.7349,44.6527],[8.7428,44.6545],[8.7302,44.6913],[8.7412,44.6992],[8.7416,44.7112],[8.7182,44.7342],[8.7219,44.7382],[8.7183,44.7458],[8.682,44.7595],[8.6706,44.7661],[8.6677,44.7756],[8.6534,44.7804],[8.6548,44.793],[8.6348,44.7958],[8.6328,44.7843],[8.6276,44.7827],[8.6206,44.7863],[8.621,44.7934],[8.6095,44.7892],[8.6011,44.795],[8.5762,44.7955],[8.5693,44.8043],[8.5551,44.8039],[8.5526,44.8124],[8.5568,44.8157],[8.5464,44.8203],[8.5298,44.8139],[8.5442,44.8258],[8.5473,44.8437],[8.5122,44.8438],[8.4996,44.8377],[8.4575,44.8468],[8.4268,44.8385],[8.4224,44.8451],[8.4235,44.8495],[8.4322,44.8477],[8.4314,44.8586],[8.4431,44.8601],[8.4463,44.8531],[8.4626,44.8609],[8.452,44.8813],[8.461,44.89],[8.4343,44.8881],[8.4366,44.8737],[8.4232,44.8863],[8.4191,44.884],[8.4236,44.879],[8.4139,44.8724],[8.4051,44.8719],[8.3991,44.883],[8.3846,44.8754],[8.3668,44.8963],[8.3588,44.9129],[8.3629,44.9149],[8.3605,44.9227],[8.3658,44.928],[8.3805,44.9242],[8.3828,44.9367],[8.3761,44.9468],[8.3828,44.9502],[8.3925,44.9386],[8.4051,44.9408],[8.4162,44.9287],[8.4319,44.9289],[8.4441,44.9192],[8.4582,44.9185],[8.4696,44.9291],[8.4904,44.9282],[8.5187,44.9365],[8.5187,44.9417],[8.5298,44.9415],[8.5385,44.958],[8.5559,44.9591],[8.5562,44.967],[8.5767,44.9628],[8.5747,44.9665],[8.5973,44.9745],[8.5958,44.9907],[8.6246,44.9839],[8.6352,44.9734],[8.6518,44.9727],[8.6593,44.9609],[8.6601,44.9427],[8.6526,44.9415],[8.6487,44.9341],[8.6556,44.9381],[8.6615,44.9314],[8.675,44.9348],[8.6744,44.9279],[8.7042,44.9372],[8.7047,44.9447],[8.7134,44.9502],[8.7081,44.9662],[8.719,44.9604],[8.7167,44.9703],[8.7224,44.9618],[8.7282,44.9636],[8.7233,44.9744],[8.7399,44.9713],[8.7375,44.9799],[8.7247,44.9827],[8.744,44.9826],[8.7456,44.9914],[8.7542,44.9937],[8.7679,44.9903],[8.7627,45.0017],[8.7833,44.999],[8.7828,45.009],[8.8176,45.0235],[8.7921,45.0198],[8.7777,45.0237],[8.7753,45.0079],[8.7677,45.007],[8.7649,45.0134],[8.7479,45.0091],[8.7541,45.0153],[8.7506,45.0207],[8.7267,45.0218],[8.71,45.0383],[8.7013,45.0326],[8.7035,45.0252],[8.693,45.0198],[8.6751,45.0292],[8.6673,45.0286],[8.666,45.0206],[8.6593,45.0179],[8.6519,45.0234],[8.657,45.0284],[8.6523,45.0349],[8.6347,45.0407],[8.6413,45.044],[8.6385,45.0504],[8.6466,45.0539],[8.6442,45.0618],[8.6277,45.0546],[8.6015,45.0675],[8.601,45.0867],[8.5902,45.0909],[8.5772,45.0856],[8.5615,45.0878],[8.5477,45.0742],[8.5066,45.0843],[8.517,45.104],[8.5051,45.1182],[8.5177,45.1547],[8.5569,45.166],[8.5448,45.1677],[8.5368,45.1756],[8.5165,45.1709],[8.5072,45.1741],[8.4697,45.1619],[8.4481,45.1686],[8.4485,45.1724],[8.4371,45.1663],[8.4332,45.1719],[8.4033,45.1701],[8.4107,45.1625],[8.3568,45.1632],[8.3508,45.1585],[8.3538,45.1535],[8.3313,45.1519],[8.3238,45.1585],[8.3108,45.1507],[8.3153,45.1588],[8.3116,45.1606],[8.3201,45.1577],[8.3211,45.1664],[8.307,45.1695],[8.3071,45.1647],[8.3007,45.1632],[8.2859,45.1784],[8.264,45.1803],[8.2154,45.164],[8.212,45.1722],[8.199,45.1783],[8.1766,45.1598],[8.1721,45.1595],[8.1742,45.1711],[8.1459,45.1664],[8.1392,45.1603],[8.1439,45.1439],[8.1367,45.1397],[8.1362,45.1289],[8.129,45.123],[8.0947,45.131],[8.0921,45.1157],[8.0754,45.0974],[8.0473,45.1082],[8.0469,45.1281],[8.0264,45.133],[8.0154,45.1254],[7.9902,45.13],[7.9686,45.117],[7.9378,45.111],[7.9286,45.104],[7.9422,45.0862],[7.9375,45.081],[7.9237,45.0834],[7.919,45.0746],[7.9082,45.0946],[7.896,45.095],[7.893,45.0599],[7.9236,45.0549],[7.9324,45.0408],[7.9378,45.0421],[7.9361,45.0482],[7.943,45.0571],[7.958,45.042],[7.952,45.0362],[7.9538,45.0297],[7.9214,45.0235],[7.9159,45.0031],[7.9343,45.0005],[7.9327,44.9939],[7.9466,44.9888],[7.9835,44.984],[7.9888,44.9876],[7.9941,44.9781],[7.9614,44.9647],[7.9567,44.9534],[7.9673,44.9331],[7.9612,44.9265],[7.9648,44.9214],[7.9526,44.9249],[7.9448,44.9174],[7.9464,44.9123],[7.9201,44.9154],[7.9263,44.9029],[7.9151,44.892],[7.9186,44.885],[7.9304,44.8789],[7.952,44.88],[7.9535,44.8673],[7.9589,44.865],[7.9537,44.8527],[7.9647,44.8566],[7.9773,44.8504],[7.984,44.8263],[7.9947,44.8182],[8.0256,44.8164],[8.0454,44.7993],[8.0554,44.8111],[8.0788,44.8073],[8.0944,44.8225],[8.1107,44.8097]],[[8.5633,45.0423],[8.5505,45.0477],[8.5595,45.0594],[8.5459,45.061],[8.5486,45.0702],[8.5566,45.0733],[8.5781,45.0671],[8.5777,45.0471],[8.5661,45.0476],[8.5633,45.0423]],[[8.7034,45.0147],[8.7065,45.0214],[8.7061,45.0129],[8.7034,45.0147]]],[[[11.1106,45.9193],[11.1184,45.901],[11.1258,45.9204],[11.1133,45.9292],[11.1039,45.929],[11.1018,45.9453],[11.0949,45.9468],[11.0978,45.9404],[11.0865,45.9327],[11.0912,45.923],[11.1106,45.9193]]],[[[11.1453,45.97],[11.1313,45.9754],[11.1131,45.9732],[11.1076,45.9506],[11.1209,45.9569],[11.148,45.9581],[11.1453,45.97]]]]}},{"type":"Feature","properties":{"id":"barbera-d-asti","name":"Barbera d'Asti","full_name":"Barbera d'Asti","region":"Piedmont","grapes":["Barbera"],"key_appellations":["Barbera d'Asti","Nizza"],"desc":"Juicy, high-acid Barbera from the Asti and Monferrato hills. Nizza is the top DOCG expression.","level":"appellation"},"geometry":{"type":"MultiPolygon","coordinates":[[[[8.0048,44.8151],[8.0256,44.8164],[8.0454,44.7993],[8.0554,44.8111],[8.0788,44.8073],[8.0944,44.8225],[8.1063,44.81],[8.1187,44.8141],[8.1306,44.8101],[8.128,44.7924],[8.1375,44.7826],[8.127,44.7819],[8.1255,44.776],[8.1132,44.7699],[8.1045,44.7739],[8.1043,44.7626],[8.0951,44.7585],[8.1123,44.7484],[8.1199,44.7517],[8.1332,44.7467],[8.1363,44.7327],[8.1529,44.7125],[8.1605,44.7225],[8.1658,44.7218],[8.1633,44.7328],[8.1785,44.7367],[8.1816,44.7512],[8.2066,44.7507],[8.2084,44.747],[8.2023,44.7444],[8.2111,44.7297],[8.2222,44.7295],[8.2298,44.723],[8.2568,44.7323],[8.2567,44.7214],[8.2687,44.7114],[8.26,44.6969],[8.2233,44.6788],[8.2268,44.661],[8.1945,44.6279],[8.1969,44.6146],[8.2148,44.6174],[8.2344,44.5986],[8.2289,44.5936],[8.2443,44.581],[8.2457,44.5701],[8.2323,44.5617],[8.2411,44.5548],[8.2363,44.5492],[8.246,44.5482],[8.2486,44.5346],[8.2621,44.519],[8.2809,44.5312],[8.2784,44.5381],[8.2835,44.5406],[8.2783,44.5462],[8.2852,44.558],[8.3024,44.5644],[8.3163,44.5581],[8.3293,44.56],[8.3492,44.5727],[8.3692,44.5749],[8.35,44.5852],[8.3517,44.5902],[8.3281,44.5894],[8.314,44.6019],[8.3281,44.623],[8.3422,44.6232],[8.353,44.6337],[8.3566,44.6551],[8.3746,44.6432],[8.3863,44.643],[8.3841,44.6498],[8.4062,44.6607],[8.4255,44.6612],[8.4381,44.6744],[8.4372,44.6626],[8.4457,44.6635],[8.453,44.6507],[8.4627,44.6549],[8.4694,44.642],[8.4785,44.6381],[8.4802,44.6483],[8.4929,44.6597],[8.4919,44.67],[8.5486,44.6833],[8.5529,44.6946],[8.5298,44.7016],[8.5377,44.709],[8.5476,44.7085],[8.5432,44.7139],[8.548,44.728],[8.5374,44.7367],[8.5277,44.7323],[8.5181,44.7368],[8.5278,44.746],[8.5313,44.7401],[8.546,44.738],[8.5393,44.7491],[8.5517,44.758],[8.5469,44.7631],[8.5554,44.7651],[8.5539,44.7732],[8.5424,44.768],[8.5414,44.775],[8.5533,44.7823],[8.5382,44.7816],[8.5468,44.7872],[8.5452,44.7966],[8.5617,44.7984],[8.5709,44.8026],[8.5551,44.8039],[8.5526,44.8124],[8.5568,44.8157],[8.5464,44.8203],[8.5298,44.8139],[8.5442,44.8258],[8.5475,44.836],[8.5473,44.8437],[8.5382,44.8469],[8.501,44.8377],[8.4575,44.8468],[8.4278,44.8382],[8.4234,44.8496],[8.4034,44.842],[8.3773,44.8461],[8.3778,44.8651],[8.3918,44.8747],[8.3837,44.8757],[8.3588,44.9129],[8.3658,44.928],[8.3805,44.9242],[8.383,44.9356],[8.3776,44.9494],[8.3875,44.9482],[8.3925,44.9386],[8.4051,44.9408],[8.4162,44.9287],[8.4255,44.9273],[8.4359,44.9271],[8.435,44.9311],[8.4536,44.9387],[8.4464,44.9674],[8.4555,44.9721],[8.4573,44.9811],[8.4699,44.9797],[8.4689,44.9851],[8.4809,44.9785],[8.4838,44.9827],[8.4902,44.9791],[8.4952,44.9846],[8.5118,44.9846],[8.5295,44.9763],[8.5306,44.9822],[8.5453,44.9748],[8.545,44.9791],[8.5664,44.9865],[8.5877,44.9744],[8.5973,44.9745],[8.5935,44.9856],[8.5996,44.9899],[8.5964,45.0277],[8.5841,45.0334],[8.5557,45.033],[8.5643,45.0416],[8.5505,45.0477],[8.5595,45.0594],[8.5459,45.061],[8.5477,45.0742],[8.5066,45.0843],[8.517,45.104],[8.5051,45.1182],[8.5177,45.1547],[8.5569,45.1667],[8.5448,45.1677],[8.5368,45.1756],[8.5165,45.1709],[8.5072,45.1741],[8.4697,45.1619],[8.4481,45.1686],[8.4485,45.1724],[8.4371,45.1663],[8.4332,45.1719],[8.4033,45.1701],[8.4107,45.1625],[8.3568,45.1632],[8.3508,45.1585],[8.3538,45.1535],[8.3313,45.1519],[8.3238,45.1585],[8.3108,45.1507],[8.3153,45.1588],[8.3116,45.1606],[8.3201,45.1577],[8.3211,45.1664],[8.307,45.1695],[8.3071,45.1647],[8.3007,45.1632],[8.2859,45.1784],[8.264,45.1803],[8.2154,45.164],[8.212,45.1722],[8.199,45.1783],[8.1766,45.1598],[8.1721,45.1595],[8.1742,45.1711],[8.1459,45.1664],[8.1392,45.1603],[8.1439,45.1439],[8.1367,45.1397],[8.1362,45.1289],[8.129,45.123],[8.0947,45.131],[8.0921,45.1157],[8.0754,45.0974],[8.0473,45.1082],[8.0469,45.1281],[8.0264,45.133],[8.0154,45.1254],[7.9902,45.13],[7.9686,45.117],[7.9378,45.111],[7.9286,45.104],[7.9422,45.0862],[7.9375,45.081],[7.9237,45.0834],[7.919,45.0746],[7.9082,45.0946],[7.896,45.095],[7.893,45.0599],[7.9236,45.0549],[7.9324,45.0408],[7.9378,45.0421],[7.9361,45.0482],[7.943,45.0571],[7.958,45.042],[7.952,45.0362],[7.9538,45.0297],[7.9214,45.0235],[7.9159,45.0031],[7.9343,45.0005],[7.9327,44.9939],[7.9466,44.9888],[7.9835,44.984],[7.9888,44.9876],[7.9941,44.9781],[7.9614,44.9647],[7.9567,44.9534],[7.9673,44.9331],[7.9612,44.9265],[7.9648,44.9214],[7.9526,44.9249],[7.9448,44.9174],[7.9464,44.9123],[7.9201,44.9154],[7.9262,44.9022],[7.9151,44.892],[7.9227,44.8809],[7.952,44.88],[7.9535,44.8673],[7.9589,44.865],[7.9537,44.8527],[7.9647,44.8566],[7.9773,44.8504],[7.984,44.8263],[8.0048,44.8151]],[[8.5384,44.7197],[8.529,44.725],[8.527,44.7316],[8.5418,44.7265],[8.5384,44.7197]]],[[[8.5645,44.7791],[8.5676,44.7904],[8.5529,44.7898],[8.5595,44.7781],[8.5645,44.7791]]],[[[8.547,44.7951],[8.5461,44.7923],[8.5495,44.7934],[8.547,44.7951]]],[[[8.5688,44.7924],[8.5653,44.794],[8.5624,44.7941],[8.5688,44.7924]]],[[[11.1106,45.9193],[11.1184,45.901],[11.1258,45.9204],[11.1133,45.9292],[11.1039,45.929],[11.1018,45.9453],[11.0949,45.9468],[11.0978,45.9404],[11.0865,45.9327],[11.0912,45.923],[11.1106,45.9193]]],[[[11.1453,45.97],[11.1313,45.9754],[11.1131,45.9732],[11.1076,45.9506],[11.1209,45.9569],[11.148,45.9581],[11.1453,45.97]]]]}},{"type":"Feature","properties":{"id":"barbaresco","name":"Barbaresco","full_name":"Barbaresco","region":"Piedmont","grapes":["Nebbiolo"],"key_appellations":["Barbaresco"],"desc":"Elegant Nebbiolo from the hills around Barbaresco. Slightly softer and earlier-maturing than Barolo.","level":"appellation"},"geometry":{"type":"Polygon","coordinates":[[[8.097,44.6982],[8.1171,44.712],[8.1394,44.6972],[8.1519,44.7091],[8.1332,44.7467],[8.1199,44.7517],[8.1127,44.7483],[8.0976,44.7569],[8.0854,44.7484],[8.0751,44.7511],[8.0849,44.7418],[8.084,44.7351],[8.0755,44.7366],[8.065,44.7292],[8.0579,44.7345],[8.0531,44.7229],[8.0443,44.7196],[8.0101,44.7227],[8.0056,44.7279],[7.993,44.7211],[7.9686,44.7195],[7.9837,44.6933],[7.994,44.6895],[7.9854,44.6848],[7.9902,44.6793],[7.9796,44.6655],[7.9664,44.6598],[7.9666,44.6524],[7.9782,44.6466],[7.9803,44.6616],[7.988,44.6713],[8.0032,44.667],[8.0105,44.6586],[8.0206,44.6623],[8.0173,44.6665],[8.0397,44.6741],[8.0448,44.6626],[8.0663,44.6564],[8.0536,44.6505],[8.057,44.6474],[8.0876,44.639],[8.0947,44.645],[8.0894,44.6508],[8.1,44.6615],[8.0936,44.6778],[8.1025,44.6859],[8.097,44.6982]]]}},{"type":"Feature","properties":{"id":"grance-senesi","name":"Grance Senesi","full_name":"Grance Senesi","region":"Tuscany","grapes":["Albana","Albarola","Alicante Bouschet","Alicante","Ancellotta","Ansonica"],"key_appellations":["Grance Senesi"],"desc":"Grance Senesi is a protected wine appellation in Tuscany.","level":"appellation"},"geometry":{"type":"Polygon","coordinates":[[[11.3409,43.0984],[11.3388,43.0875],[11.3539,43.0796],[11.3764,43.0871],[11.3814,43.1009],[11.3877,43.1013],[11.3858,43.1072],[11.4014,43.1104],[11.4022,43.1228],[11.4156,43.1318],[11.4254,43.1551],[11.4581,43.1654],[11.4636,43.161],[11.4729,43.1713],[11.4749,43.1758],[11.4666,43.1787],[11.4689,43.1838],[11.4564,43.1896],[11.465,43.1938],[11.4899,43.1984],[11.5022,43.1897],[11.4966,43.1872],[11.5043,43.1726],[11.5,43.1694],[11.5131,43.1548],[11.5246,43.1643],[11.5385,43.1616],[11.5465,43.1531],[11.553,43.159],[11.5629,43.158],[11.5673,43.1653],[11.5771,43.167],[11.5793,43.1775],[11.6126,43.1729],[11.6019,43.1934],[11.6248,43.1952],[11.6376,43.2063],[11.6561,43.2083],[11.6676,43.2157],[11.6736,43.2275],[11.6642,43.2368],[11.662,43.2496],[11.6674,43.2507],[11.6635,43.2564],[11.675,43.2712],[11.6689,43.2752],[11.6781,43.2855],[11.6589,43.3127],[11.6589,43.3209],[11.626,43.3427],[11.6004,43.3514],[11.5682,43.3204],[11.5511,43.324],[11.5156,43.318],[11.5032,43.307],[11.4379,43.3064],[11.4005,43.2946],[11.3913,43.2883],[11.3912,43.2806],[11.3791,43.2766],[11.3841,43.2594],[11.3963,43.2587],[11.3929,43.2524],[11.3795,43.2537],[11.3434,43.2744],[11.3284,43.2669],[11.3266,43.2565],[11.3318,43.2533],[11.3216,43.2565],[11.3044,43.2499],[11.2982,43.2636],[11.2868,43.2596],[11.2973,43.2794],[11.2484,43.2927],[11.2301,43.3092],[11.2306,43.3217],[11.214,43.3189],[11.1979,43.3261],[11.1651,43.3171],[11.1551,43.3027],[11.1444,43.2979],[11.1477,43.2793],[11.1287,43.2722],[11.1667,43.2514],[11.1775,43.2329],[11.1867,43.2304],[11.1938,43.2394],[11.201,43.2395],[11.2066,43.2242],[11.1947,43.2095],[11.2021,43.1992],[11.2166,43.1981],[11.222,43.187],[11.2234,43.1755],[11.2152,43.1606],[11.2214,43.1568],[11.2205,43.1504],[11.2453,43.1483],[11.2763,43.1659],[11.2853,43.1587],[11.2907,43.1418],[11.2993,43.1418],[11.2914,43.1346],[11.3085,43.1107],[11.321,43.1103],[11.3218,43.0969],[11.3409,43.0984]]]}},{"type":"Feature","properties":{"id":"maremma-toscana","name":"Maremma toscana","full_name":"Maremma toscana","region":"Tuscany","grapes":["Albana","Albarola","Alicante Bouschet","Alicante","Ancellotta","Ansonica"],"key_appellations":["Maremma toscana"],"desc":"Maremma toscana is a protected wine appellation in Tuscany.","level":"appellation"},"geometry":{"type":"MultiPolygon","coordinates":[[[[11.2079,42.4046],[11.2231,42.4142],[11.2668,42.4194],[11.2787,42.4168],[11.2804,42.4079],[11.2903,42.4046],[11.2996,42.4081],[11.3523,42.4007],[11.4499,42.3777],[11.455,42.3881],[11.4498,42.394],[11.4821,42.4199],[11.4811,42.4336],[11.4889,42.4394],[11.5166,42.4335],[11.5443,42.4421],[11.6177,42.4361],[11.619,42.4583],[11.6134,42.4635],[11.62,42.4738],[11.6163,42.4886],[11.5877,42.4952],[11.5842,42.5069],[11.5602,42.5157],[11.5688,42.5338],[11.5885,42.5422],[11.5809,42.5475],[11.5865,42.5508],[11.5809,42.5531],[11.5788,42.5675],[11.6005,42.5707],[11.614,42.5572],[11.625,42.5691],[11.643,42.5662],[11.6572,42.5771],[11.6815,42.5813],[11.686,42.5853],[11.6791,42.5948],[11.7002,42.601],[11.7111,42.6109],[11.736,42.6066],[11.7352,42.612],[11.7518,42.6256],[11.7498,42.6396],[11.7809,42.6347],[11.8048,42.644],[11.8087,42.6592],[11.8009,42.6684],[11.7845,42.6713],[11.7865,42.6892],[11.7826,42.7055],[11.7756,42.7095],[11.8016,42.7072],[11.8094,42.7339],[11.8195,42.7454],[11.8091,42.7532],[11.7794,42.758],[11.783,42.7671],[11.7293,42.794],[11.6982,42.7989],[11.6798,42.7879],[11.6611,42.7881],[11.6414,42.7997],[11.6252,42.7983],[11.6236,42.8052],[11.6318,42.8073],[11.6356,42.8183],[11.6322,42.8272],[11.6373,42.8528],[11.6246,42.8651],[11.6197,42.8814],[11.6254,42.8906],[11.6238,42.9285],[11.6101,42.9511],[11.5959,42.9509],[11.5716,42.9702],[11.5381,42.9634],[11.5273,42.9663],[11.5281,42.9749],[11.515,42.9812],[11.4979,42.976],[11.4879,42.9645],[11.4714,42.9647],[11.457,42.9573],[11.3529,42.9692],[11.3504,42.972],[11.3587,42.9792],[11.3755,42.9789],[11.3772,42.9854],[11.3653,42.9945],[11.3805,42.9961],[11.3706,42.9985],[11.3731,43.0079],[11.3621,43.0066],[11.3634,43.022],[11.352,43.027],[11.3642,43.0325],[11.354,43.0403],[11.3627,43.0443],[11.3593,43.0545],[11.3678,43.0562],[11.3615,43.0832],[11.3529,43.0797],[11.3286,43.0916],[11.3218,43.0843],[11.3094,43.089],[11.2973,43.0771],[11.2814,43.0836],[11.2711,43.0801],[11.2417,43.0844],[11.2302,43.0922],[11.2181,43.0865],[11.1974,43.0918],[11.1912,43.0875],[11.1751,43.09],[11.1695,43.0785],[11.129,43.0848],[11.1224,43.0915],[11.0835,43.0832],[11.0612,43.1131],[11.0713,43.123],[11.0583,43.1314],[11.0625,43.1396],[11.0502,43.1446],[11.0609,43.1543],[11.057,43.1584],[11.0591,43.1839],[11.0455,43.1805],[11.0218,43.1891],[11.0125,43.1773],[10.975,43.1758],[10.9425,43.1603],[10.9144,43.1649],[10.9087,43.1598],[10.8662,43.1571],[10.8449,43.1649],[10.8395,43.1639],[10.8397,43.1572],[10.8154,43.1507],[10.8116,43.1597],[10.7997,43.1624],[10.7681,43.1431],[10.7639,43.1526],[10.7554,43.154],[10.7492,43.1244],[10.7352,43.1219],[10.7301,43.1132],[10.7173,43.1085],[10.7247,43.0968],[10.7192,43.092],[10.7275,43.0827],[10.7131,43.0729],[10.7271,43.0669],[10.7532,43.0753],[10.7801,43.0636],[10.7838,43.0576],[10.773,43.0442],[10.7769,43.0234],[10.7963,43.0176],[10.7802,43.0042],[10.7636,43.0133],[10.7414,43.0145],[10.7379,43.0014],[10.7514,42.9898],[10.7504,42.9852],[10.7145,42.9591],[10.7057,42.9419],[10.7659,42.9149],[10.7867,42.8884],[10.7689,42.8691],[10.7759,42.8457],[10.7653,42.8166],[10.7567,42.808],[10.7394,42.8094],[10.7333,42.8035],[10.7356,42.8091],[10.7296,42.8015],[10.7854,42.7741],[10.8203,42.7733],[10.9047,42.7555],[10.9703,42.725],[10.9881,42.7057],[11.0142,42.6562],[11.0839,42.6279],[11.0883,42.6178],[11.0822,42.6135],[11.102,42.6016],[11.1075,42.5812],[11.1225,42.557],[11.1342,42.5512],[11.1394,42.5608],[11.1575,42.5625],[11.1904,42.5173],[11.189,42.4787],[11.1735,42.4454],[11.1601,42.4344],[11.141,42.4339],[11.1322,42.439],[11.1223,42.4347],[11.1122,42.447],[11.1049,42.4476],[11.0958,42.4386],[11.0965,42.4315],[11.087,42.4298],[11.0922,42.4158],[11.0877,42.4055],[11.0954,42.4026],[11.0961,42.3931],[11.127,42.3862],[11.1315,42.3788],[11.1515,42.3705],[11.1528,42.3613],[11.1659,42.368],[11.1859,42.3629],[11.19,42.3637],[11.1924,42.3801],[11.2129,42.3876],[11.2051,42.393],[11.2121,42.3974],[11.2131,42.4036],[11.2063,42.401],[11.2115,42.4031],[11.2079,42.4046]]],[[[11.1174,42.2529],[11.1096,42.263],[11.0921,42.2528],[11.1093,42.2377],[11.1121,42.2425],[11.1022,42.2462],[11.1038,42.254],[11.1174,42.2529]]],[[[10.9068,42.3808],[10.8802,42.3885],[10.8816,42.3678],[10.8675,42.3693],[10.8661,42.3535],[10.8825,42.3526],[10.9031,42.3264],[10.9202,42.3166],[10.9314,42.3312],[10.9317,42.3388],[10.9225,42.3439],[10.9259,42.3488],[10.9204,42.3518],[10.927,42.3564],[10.9068,42.3808]]]]}},{"type":"Feature","properties":{"id":"montecarlo","name":"Montecarlo","full_name":"Montecarlo","region":"Tuscany","grapes":["Albana","Albarola","Alicante Bouschet","Alicante","Ancellotta","Ansonica"],"key_appellations":["Montecarlo"],"desc":"Montecarlo is a protected wine appellation in Tuscany.","level":"appellation"},"geometry":{"type":"Polygon","coordinates":[[[10.7201,43.8326],[10.6949,43.854],[10.6879,43.8544],[10.6869,43.8667],[10.6784,43.8755],[10.6709,43.8732],[10.6762,43.8679],[10.6509,43.8677],[10.6507,43.8855],[10.6583,43.8912],[10.6481,43.9111],[10.614,43.9178],[10.6178,43.9247],[10.6123,43.9312],[10.5937,43.9323],[10.5955,43.943],[10.5872,43.9374],[10.5753,43.9413],[10.5617,43.9259],[10.5671,43.9153],[10.5626,43.9093],[10.5687,43.905],[10.5516,43.8977],[10.5343,43.8979],[10.5291,43.8868],[10.5491,43.8771],[10.5505,43.8698],[10.546,43.8686],[10.5569,43.857],[10.5591,43.8406],[10.5385,43.8403],[10.5268,43.8216],[10.5177,43.8255],[10.506,43.817],[10.4977,43.8185],[10.4867,43.7757],[10.4982,43.7715],[10.4951,43.7582],[10.5009,43.7533],[10.5255,43.762],[10.5546,43.7491],[10.5949,43.7637],[10.6097,43.7552],[10.6219,43.7563],[10.6462,43.7964],[10.6607,43.8061],[10.6851,43.8005],[10.6885,43.8051],[10.7111,43.7863],[10.7278,43.8142],[10.7201,43.8326]]]}},{"type":"Feature","properties":{"id":"montecucco","name":"Montecucco","full_name":"Montecucco","region":"Tuscany","grapes":["Albana","Albarola","Alicante Bouschet","Alicante","Ancellotta","Ansonica"],"key_appellations":["Montecucco"],"desc":"Montecucco is a protected wine appellation in Tuscany.","level":"appellation"},"geometry":{"type":"Polygon","coordinates":[[[11.4365,42.734],[11.4604,42.7077],[11.486,42.6962],[11.4823,42.7071],[11.492,42.7129],[11.4864,42.7242],[11.4888,42.74],[11.5111,42.7375],[11.5194,42.7427],[11.5254,42.7591],[11.5489,42.7717],[11.5836,42.7778],[11.5807,42.7979],[11.5511,42.7975],[11.5462,42.8016],[11.533,42.7976],[11.5323,42.8176],[11.5409,42.834],[11.5613,42.8533],[11.5967,42.8724],[11.6001,42.8797],[11.6197,42.8814],[11.6248,42.8881],[11.6239,42.9282],[11.6101,42.9511],[11.5959,42.9509],[11.5716,42.9702],[11.5294,42.9654],[11.5281,42.9749],[11.5169,42.9812],[11.4979,42.976],[11.4879,42.9645],[11.4714,42.9647],[11.457,42.9573],[11.3529,42.9692],[11.3504,42.972],[11.3587,42.9792],[11.3755,42.9789],[11.3772,42.9854],[11.3653,42.9945],[11.3805,42.9961],[11.3706,42.9985],[11.3731,43.0079],[11.3621,43.0066],[11.3634,43.022],[11.352,43.027],[11.3642,43.0325],[11.354,43.0403],[11.3627,43.0443],[11.3593,43.0545],[11.3678,43.0562],[11.3626,43.0634],[11.3668,43.0719],[11.3639,43.0811],[11.3529,43.0797],[11.3379,43.0903],[11.3271,43.0912],[11.3218,43.0843],[11.3094,43.089],[11.2973,43.0771],[11.2814,43.0836],[11.2706,43.0816],[11.2674,43.0715],[11.248,43.0716],[11.2446,43.0518],[11.2364,43.0485],[11.1928,43.0559],[11.1877,43.0489],[11.2005,43.0406],[11.1999,43.031],[11.2165,43.0261],[11.215,43.0143],[11.2279,42.9865],[11.2313,42.9645],[11.244,42.9558],[11.2026,42.9469],[11.2047,42.9344],[11.1758,42.9379],[11.1798,42.9228],[11.1641,42.9177],[11.149,42.9009],[11.1691,42.8957],[11.1999,42.8538],[11.1832,42.8434],[11.1781,42.8318],[11.1903,42.8116],[11.2066,42.8108],[11.2137,42.7892],[11.2286,42.7934],[11.2324,42.7995],[11.242,42.7984],[11.2405,42.7913],[11.2719,42.7806],[11.3589,42.8066],[11.3928,42.7834],[11.393,42.7721],[11.4322,42.7507],[11.4365,42.734]]]}},{"type":"Feature","properties":{"id":"monteregio-di-massa-marittima","name":"Monteregio di Massa Marittima","full_name":"Monteregio di Massa Marittima","region":"Tuscany","grapes":["Albana","Albarola","Alicante Bouschet","Alicante","Ancellotta","Ansonica"],"key_appellations":["Monteregio di Massa Marittima"],"desc":"Monteregio di Massa Marittima is a protected wine appellation in Tuscany.","level":"appellation"},"geometry":{"type":"Polygon","coordinates":[[[10.8203,42.7733],[10.9117,42.7533],[10.9266,42.7895],[10.9801,42.7884],[11.0023,42.803],[11.0367,42.8404],[11.0435,42.8558],[11.0374,42.9033],[11.0577,42.8955],[11.0708,42.9222],[11.0771,42.924],[11.083,42.9165],[11.1428,42.8934],[11.1641,42.9177],[11.1798,42.9228],[11.1758,42.9379],[11.2047,42.9344],[11.2026,42.9469],[11.2439,42.9556],[11.2313,42.9645],[11.2279,42.9865],[11.215,43.0143],[11.2165,43.0261],[11.1999,43.031],[11.2005,43.0406],[11.1877,43.0489],[11.1949,43.056],[11.2364,43.0485],[11.2446,43.0518],[11.248,43.0716],[11.2674,43.0715],[11.2709,43.0821],[11.2417,43.0844],[11.2302,43.0922],[11.2181,43.0865],[11.1974,43.0918],[11.1912,43.0875],[11.1751,43.09],[11.1695,43.0785],[11.129,43.0848],[11.1224,43.0915],[11.0851,43.0859],[11.0821,43.0763],[11.091,43.0689],[11.0694,43.0553],[11.0572,43.0368],[11.0412,43.0427],[11.0313,43.0549],[11.0205,43.0568],[11.0068,43.103],[10.9773,43.1212],[10.9579,43.1215],[10.9235,43.1438],[10.9245,43.149],[10.9132,43.1512],[10.9093,43.1596],[10.8662,43.1571],[10.8449,43.1649],[10.8395,43.1639],[10.8397,43.1572],[10.8154,43.1507],[10.8116,43.1597],[10.7997,43.1624],[10.7681,43.1431],[10.7639,43.1526],[10.7554,43.154],[10.7492,43.1244],[10.7352,43.1219],[10.7301,43.1132],[10.7173,43.1085],[10.7247,43.0968],[10.7192,43.092],[10.7275,43.0827],[10.7131,43.0729],[10.7271,43.0669],[10.7532,43.0753],[10.7801,43.0636],[10.7838,43.0576],[10.773,43.0442],[10.7769,43.0234],[10.7963,43.0176],[10.7802,43.0042],[10.7636,43.0133],[10.7414,43.0145],[10.7379,43.0014],[10.7514,42.9898],[10.7504,42.9852],[10.7145,42.9591],[10.7057,42.9419],[10.7659,42.9149],[10.7867,42.8884],[10.7689,42.8691],[10.7759,42.8457],[10.7653,42.8166],[10.7567,42.808],[10.7394,42.8094],[10.7333,42.8035],[10.7356,42.8091],[10.7295,42.8017],[10.7854,42.7741],[10.8203,42.7733]]]}},{"type":"Feature","properties":{"id":"montescudaio","name":"Montescudaio","full_name":"Montescudaio","region":"Tuscany","grapes":["Albana","Albarola","Alicante Bouschet","Alicante","Ancellotta","Ansonica"],"key_appellations":["Montescudaio"],"desc":"Montescudaio is a protected wine appellation in Tuscany.","level":"appellation"},"geometry":{"type":"Polygon","coordinates":[[[10.5637,43.3007],[10.6149,43.2828],[10.6519,43.2835],[10.6571,43.2922],[10.668,43.2908],[10.6867,43.3013],[10.6983,43.2926],[10.697,43.2811],[10.6672,43.2653],[10.6687,43.2507],[10.7021,43.2415],[10.7157,43.2433],[10.722,43.234],[10.7366,43.2332],[10.739,43.2393],[10.7295,43.2477],[10.7275,43.2718],[10.721,43.2728],[10.7491,43.2799],[10.7479,43.2881],[10.7631,43.3053],[10.7618,43.3171],[10.7392,43.3336],[10.7645,43.341],[10.7874,43.3557],[10.8013,43.3566],[10.8068,43.3691],[10.7946,43.3858],[10.7926,43.3998],[10.7762,43.4042],[10.7712,43.4241],[10.729,43.4128],[10.6976,43.4108],[10.6861,43.4153],[10.6658,43.411],[10.655,43.4208],[10.6601,43.4327],[10.6348,43.4264],[10.6253,43.4125],[10.6084,43.405],[10.5905,43.4173],[10.5851,43.43],[10.5957,43.4373],[10.5918,43.4488],[10.6077,43.4586],[10.6002,43.4657],[10.6052,43.4762],[10.5965,43.4892],[10.5989,43.4971],[10.5729,43.5042],[10.5607,43.5014],[10.5446,43.5173],[10.5425,43.5062],[10.5278,43.4991],[10.5162,43.4828],[10.49,43.4727],[10.492,43.4563],[10.4998,43.4464],[10.4819,43.4344],[10.484,43.4302],[10.4863,43.4359],[10.5008,43.4373],[10.5069,43.4326],[10.501,43.413],[10.49,43.4039],[10.5007,43.394],[10.4978,43.3829],[10.5098,43.362],[10.5408,43.3686],[10.5334,43.3571],[10.5325,43.3343],[10.5234,43.3246],[10.5322,43.3236],[10.5433,43.3115],[10.5618,43.3083],[10.5637,43.3007]]]}},{"type":"Feature","properties":{"id":"moscadello-di-montalcino","name":"Moscadello di Montalcino","full_name":"Moscadello di Montalcino","region":"Tuscany","grapes":["Albana","Albarola","Ansonica","Biancone","Canaiolo Bianco","Clairette"],"key_appellations":["Moscadello di Montalcino"],"desc":"Moscadello di Montalcino is a protected wine appellation in Tuscany.","level":"appellation"},"geometry":{"type":"Polygon","coordinates":[[[11.3504,42.972],[11.3826,42.9635],[11.457,42.9573],[11.4714,42.9647],[11.4879,42.9645],[11.4979,42.976],[11.515,42.9812],[11.5296,42.9734],[11.5477,42.9765],[11.5552,42.9872],[11.5519,42.9997],[11.558,43.0098],[11.5515,43.02],[11.5526,43.0325],[11.5593,43.0429],[11.5659,43.0427],[11.5658,43.0528],[11.5557,43.0495],[11.5529,43.0588],[11.5619,43.0747],[11.5781,43.0817],[11.5869,43.0768],[11.5883,43.0905],[11.576,43.0933],[11.5892,43.0985],[11.5799,43.1097],[11.586,43.1115],[11.585,43.1182],[11.6182,43.1198],[11.6295,43.1306],[11.6246,43.1326],[11.6307,43.1411],[11.6868,43.162],[11.684,43.1733],[11.6132,43.1722],[11.5793,43.1775],[11.5771,43.167],[11.5673,43.1653],[11.5629,43.158],[11.553,43.159],[11.5256,43.1441],[11.5099,43.1439],[11.5246,43.1308],[11.5223,43.118],[11.5272,43.117],[11.5114,43.1051],[11.4882,43.1093],[11.475,43.1057],[11.4537,43.1131],[11.445,43.1003],[11.4371,43.1079],[11.4226,43.1032],[11.4248,43.1095],[11.4049,43.1127],[11.394,43.1057],[11.3876,43.1084],[11.3764,43.0871],[11.3639,43.0811],[11.3668,43.0719],[11.3626,43.0634],[11.3678,43.0562],[11.3593,43.0545],[11.3627,43.0443],[11.354,43.0403],[11.3642,43.0325],[11.3521,43.0284],[11.3634,43.022],[11.3621,43.0066],[11.3731,43.0079],[11.3706,42.9985],[11.3805,42.9961],[11.3651,42.9942],[11.3775,42.9842],[11.3748,42.9785],[11.3587,42.9792],[11.3504,42.972]]]}},{"type":"Feature","properties":{"id":"orcia","name":"Orcia","full_name":"Orcia","region":"Tuscany","grapes":["Albana","Albarola","Alicante Bouschet","Alicante","Ancellotta","Ansonica"],"key_appellations":["Orcia"],"desc":"Orcia is a protected wine appellation in Tuscany.","level":"appellation"},"geometry":{"type":"Polygon","coordinates":[[[11.7344,43.0836],[11.7385,43.1074],[11.769,43.1166],[11.7794,43.1281],[11.7821,43.1512],[11.7938,43.1542],[11.797,43.1645],[11.8514,43.1856],[11.8436,43.1978],[11.8114,43.1917],[11.7912,43.1981],[11.763,43.187],[11.7515,43.1926],[11.7324,43.1762],[11.7261,43.1768],[11.7108,43.1862],[11.7089,43.2046],[11.6934,43.2103],[11.6837,43.2256],[11.6727,43.2264],[11.6561,43.2083],[11.6376,43.2063],[11.6248,43.1952],[11.6019,43.1934],[11.6126,43.1729],[11.5793,43.1775],[11.576,43.1661],[11.5465,43.1531],[11.5385,43.1616],[11.5246,43.1643],[11.5113,43.1556],[11.5,43.1694],[11.5043,43.1726],[11.4966,43.1872],[11.5022,43.1897],[11.4924,43.1973],[11.465,43.1938],[11.4564,43.1896],[11.4689,43.1838],[11.4686,43.1746],[11.4752,43.1749],[11.4636,43.161],[11.4581,43.1654],[11.4254,43.1551],[11.4156,43.1318],[11.4022,43.1228],[11.4014,43.1104],[11.3858,43.1072],[11.3877,43.1013],[11.3814,43.1009],[11.3764,43.0871],[11.3639,43.0811],[11.3668,43.0719],[11.3626,43.0634],[11.3678,43.0562],[11.3593,43.0545],[11.3627,43.0443],[11.354,43.0403],[11.3642,43.0325],[11.352,43.027],[11.3634,43.022],[11.3621,43.0066],[11.3731,43.0079],[11.3706,42.9985],[11.3805,42.9961],[11.3651,42.9942],[11.3772,42.9854],[11.3755,42.9789],[11.3587,42.9792],[11.3506,42.9715],[11.3826,42.9635],[11.457,42.9573],[11.4714,42.9647],[11.4879,42.9645],[11.4979,42.976],[11.515,42.9812],[11.5281,42.9749],[11.5273,42.9663],[11.5381,42.9634],[11.5716,42.9702],[11.5959,42.9509],[11.6101,42.9511],[11.6238,42.9285],[11.6254,42.8906],[11.6197,42.8814],[11.6257,42.8642],[11.6362,42.8584],[11.6631,42.8635],[11.6766,42.8537],[11.7122,42.8638],[11.7317,42.8493],[11.7347,42.8403],[11.7469,42.8372],[11.7671,42.8206],[11.7864,42.8163],[11.8069,42.7948],[11.8146,42.8233],[11.832,42.8268],[11.8494,42.8387],[11.8946,42.8343],[11.8919,42.8429],[11.9132,42.8505],[11.929,42.8693],[11.96,42.8692],[11.9588,42.8916],[11.953,42.8968],[11.9175,42.9054],[11.9051,42.9041],[11.8871,42.8923],[11.8768,42.9002],[11.8768,42.9141],[11.8623,42.92],[11.8752,42.93],[11.868,42.958],[11.9058,42.989],[11.9175,42.9889],[11.9112,43.0044],[11.9003,43.0134],[11.8564,43.0289],[11.8683,43.0324],[11.8769,43.0449],[11.8991,43.0514],[11.8717,43.0681],[11.8425,43.0712],[11.8028,43.0567],[11.8001,43.047],[11.7807,43.031],[11.7732,43.0386],[11.7672,43.0372],[11.7677,43.0533],[11.7344,43.0836]]]}},{"type":"Feature","properties":{"id":"parrina","name":"Parrina","full_name":"Parrina","region":"Tuscany","grapes":["Albana","Albarola","Alicante Bouschet","Alicante","Ancellotta","Ansonica"],"key_appellations":["Parrina"],"desc":"Parrina is a protected wine appellation in Tuscany.","level":"appellation"},"geometry":{"type":"Polygon","coordinates":[[[11.3157,42.4056],[11.3162,42.416],[11.305,42.4178],[11.319,42.4275],[11.335,42.4254],[11.3314,42.482],[11.3413,42.4896],[11.3494,42.4879],[11.3526,42.4947],[11.3366,42.4951],[11.2954,42.5231],[11.2778,42.5416],[11.2777,42.5564],[11.2548,42.5813],[11.2384,42.5888],[11.2349,42.5985],[11.2412,42.6024],[11.2192,42.6034],[11.207,42.5966],[11.1971,42.5998],[11.1847,42.5909],[11.1436,42.6004],[11.106,42.5983],[11.1065,42.5833],[11.1225,42.557],[11.1342,42.5512],[11.1394,42.5608],[11.1575,42.5625],[11.1904,42.5173],[11.1914,42.4918],[11.1839,42.4632],[11.1735,42.4454],[11.1569,42.4318],[11.2002,42.4285],[11.2051,42.4169],[11.2119,42.4164],[11.2101,42.4087],[11.2606,42.4197],[11.2787,42.4168],[11.2804,42.4079],[11.2903,42.4046],[11.2947,42.4083],[11.3157,42.4056]]]}},{"type":"Feature","properties":{"id":"pomino","name":"Pomino","full_name":"Pomino","region":"Tuscany","grapes":["Albana","Albarola","Alicante Bouschet","Alicante","Ancellotta","Ansonica"],"key_appellations":["Pomino"],"desc":"Pomino is a protected wine appellation in Tuscany.","level":"appellation"},"geometry":{"type":"Polygon","coordinates":[[[11.4635,43.7922],[11.4818,43.7917],[11.4846,43.7976],[11.4948,43.7985],[11.5136,43.7925],[11.5238,43.8031],[11.5182,43.8113],[11.5227,43.8134],[11.5523,43.8034],[11.5596,43.7904],[11.5861,43.78],[11.6038,43.7873],[11.6048,43.8102],[11.5895,43.8083],[11.5766,43.8141],[11.5697,43.8372],[11.5495,43.832],[11.5247,43.8418],[11.555,43.8623],[11.5508,43.8658],[11.5304,43.863],[11.5149,43.8501],[11.5001,43.8503],[11.4916,43.8414],[11.4961,43.8296],[11.4803,43.8257],[11.4825,43.8172],[11.4614,43.7987],[11.4635,43.7922]]]}},{"type":"Feature","properties":{"id":"rosso-di-montalcino","name":"Rosso di Montalcino","full_name":"Rosso di Montalcino","region":"Tuscany","grapes":["Sangiovese"],"key_appellations":["Rosso di Montalcino"],"desc":"Rosso di Montalcino is a protected wine appellation in Tuscany.","level":"appellation"},"geometry":{"type":"Polygon","coordinates":[[[11.3504,42.972],[11.3826,42.9635],[11.457,42.9573],[11.4714,42.9647],[11.4879,42.9645],[11.4979,42.976],[11.515,42.9812],[11.5296,42.9734],[11.5477,42.9765],[11.5552,42.9872],[11.5519,42.9997],[11.558,43.0098],[11.5515,43.02],[11.5526,43.0325],[11.5593,43.0429],[11.5659,43.0427],[11.5658,43.0528],[11.5557,43.0495],[11.5529,43.0588],[11.5619,43.0747],[11.5781,43.0817],[11.5869,43.0768],[11.5883,43.0905],[11.576,43.0933],[11.5892,43.0985],[11.5799,43.1097],[11.586,43.1115],[11.585,43.1182],[11.6182,43.1198],[11.6295,43.1306],[11.6246,43.1326],[11.6307,43.1411],[11.6868,43.162],[11.684,43.1733],[11.6132,43.1722],[11.5793,43.1775],[11.5771,43.167],[11.5673,43.1653],[11.5629,43.158],[11.553,43.159],[11.5256,43.1441],[11.5099,43.1439],[11.5246,43.1308],[11.5223,43.118],[11.5272,43.117],[11.5114,43.1051],[11.4882,43.1093],[11.475,43.1057],[11.4537,43.1131],[11.445,43.1003],[11.4371,43.1079],[11.4226,43.1032],[11.4248,43.1095],[11.4049,43.1127],[11.394,43.1057],[11.3876,43.1084],[11.3764,43.0871],[11.3639,43.0811],[11.3668,43.0719],[11.3626,43.0634],[11.3678,43.0562],[11.3593,43.0545],[11.3627,43.0443],[11.354,43.0403],[11.3642,43.0325],[11.3521,43.0284],[11.3634,43.022],[11.3621,43.0066],[11.3731,43.0079],[11.3706,42.9985],[11.3805,42.9961],[11.3651,42.9942],[11.3775,42.9842],[11.3748,42.9785],[11.3587,42.9792],[11.3504,42.972]]]}},{"type":"Feature","properties":{"id":"rosso-di-montepulciano","name":"Rosso di Montepulciano","full_name":"Rosso di Montepulciano","region":"Tuscany","grapes":["Alicante Bouschet","Alicante","Ancellotta","Barbera","Barsaglina","Bonamico"],"key_appellations":["Rosso di Montepulciano"],"desc":"Rosso di Montepulciano is a protected wine appellation in Tuscany.","level":"appellation"},"geometry":{"type":"Polygon","coordinates":[[[11.7385,43.1074],[11.7344,43.0836],[11.7677,43.0533],[11.7672,43.0372],[11.7732,43.0386],[11.7807,43.031],[11.8001,43.047],[11.8028,43.0567],[11.8322,43.069],[11.8947,43.0626],[11.9239,43.0758],[11.923,43.0825],[11.931,43.0899],[11.9124,43.1283],[11.9204,43.1317],[11.924,43.1478],[11.9402,43.1612],[11.9613,43.1669],[11.9303,43.1765],[11.9191,43.1677],[11.9033,43.1743],[11.8888,43.1564],[11.8514,43.1856],[11.797,43.1645],[11.7938,43.1542],[11.7821,43.1512],[11.7794,43.1281],[11.769,43.1166],[11.7385,43.1074]]]}},{"type":"Feature","properties":{"id":"san-gimignano","name":"San Gimignano","full_name":"San Gimignano","region":"Tuscany","grapes":["Albana","Albarola","Alicante Bouschet","Alicante","Ancellotta","Ansonica"],"key_appellations":["San Gimignano"],"desc":"San Gimignano is a protected wine appellation in Tuscany.","level":"appellation"},"geometry":{"type":"Polygon","coordinates":[[[11.0021,43.4012],[11.0495,43.4115],[11.0657,43.4296],[11.0844,43.436],[11.0878,43.4526],[11.111,43.4646],[11.1045,43.4687],[11.1016,43.4819],[11.1121,43.4973],[11.0819,43.5134],[11.072,43.5274],[11.0376,43.5368],[11.034,43.5467],[10.9771,43.5146],[10.9654,43.514],[10.9541,43.4953],[10.9612,43.4821],[10.9517,43.4491],[10.9767,43.4228],[10.979,43.4061],[11.0021,43.4012]]]}},{"type":"Feature","properties":{"id":"sant-antimo","name":"Sant'Antimo","full_name":"Sant'Antimo","region":"Tuscany","grapes":["Albana","Albarola","Alicante Bouschet","Alicante","Ancellotta","Ansonica"],"key_appellations":["Sant'Antimo"],"desc":"Sant'Antimo is a protected wine appellation in Tuscany.","level":"appellation"},"geometry":{"type":"Polygon","coordinates":[[[11.3504,42.972],[11.3826,42.9635],[11.457,42.9573],[11.4714,42.9647],[11.4879,42.9645],[11.4979,42.976],[11.515,42.9812],[11.5296,42.9734],[11.5477,42.9765],[11.5552,42.9872],[11.5519,42.9997],[11.558,43.0098],[11.5515,43.02],[11.5526,43.0325],[11.5593,43.0429],[11.5659,43.0427],[11.5658,43.0528],[11.5557,43.0495],[11.5529,43.0588],[11.5619,43.0747],[11.5781,43.0817],[11.5869,43.0768],[11.5883,43.0905],[11.576,43.0933],[11.5892,43.0985],[11.5799,43.1097],[11.586,43.1115],[11.585,43.1182],[11.6182,43.1198],[11.6295,43.1306],[11.6246,43.1326],[11.6307,43.1411],[11.6868,43.162],[11.684,43.1733],[11.6132,43.1722],[11.5793,43.1775],[11.5771,43.167],[11.5673,43.1653],[11.5629,43.158],[11.553,43.159],[11.5256,43.1441],[11.5099,43.1439],[11.5246,43.1308],[11.5223,43.118],[11.5272,43.117],[11.5114,43.1051],[11.4882,43.1093],[11.475,43.1057],[11.4537,43.1131],[11.445,43.1003],[11.4371,43.1079],[11.4226,43.1032],[11.4248,43.1095],[11.4049,43.1127],[11.394,43.1057],[11.3876,43.1084],[11.3764,43.0871],[11.3639,43.0811],[11.3668,43.0719],[11.3626,43.0634],[11.3678,43.0562],[11.3593,43.0545],[11.3627,43.0443],[11.354,43.0403],[11.3642,43.0325],[11.3521,43.0284],[11.3634,43.022],[11.3621,43.0066],[11.3731,43.0079],[11.3706,42.9985],[11.3805,42.9961],[11.3651,42.9942],[11.3775,42.9842],[11.3748,42.9785],[11.3587,42.9792],[11.3504,42.972]]]}},{"type":"Feature","properties":{"id":"san-torpe","name":"San Torpè","full_name":"San Torpè","region":"Tuscany","grapes":["Albana","Albarola","Alicante Bouschet","Alicante","Ancellotta","Ansonica"],"key_appellations":["San Torpè"],"desc":"San Torpè is a protected wine appellation in Tuscany.","level":"appellation"},"geometry":{"type":"Polygon","coordinates":[[[10.6606,43.4327],[10.655,43.4208],[10.6635,43.4117],[10.6861,43.4153],[10.6976,43.4108],[10.766,43.4204],[10.7945,43.4358],[10.7881,43.443],[10.7911,43.4557],[10.7702,43.4788],[10.7977,43.4843],[10.801,43.4916],[10.8142,43.4968],[10.8376,43.495],[10.8467,43.5085],[10.8392,43.521],[10.8295,43.5246],[10.8254,43.536],[10.8341,43.5561],[10.8485,43.5627],[10.8307,43.5699],[10.8402,43.5769],[10.8408,43.5886],[10.8238,43.6178],[10.8332,43.6222],[10.8351,43.6178],[10.852,43.6291],[10.8741,43.6142],[10.8781,43.6261],[10.8887,43.6283],[10.8886,43.6398],[10.9019,43.6318],[10.9028,43.6387],[10.9138,43.6411],[10.9165,43.6479],[10.9339,43.6575],[10.9155,43.6628],[10.9165,43.67],[10.8883,43.6959],[10.8905,43.7069],[10.8791,43.7104],[10.8772,43.7192],[10.8245,43.7128],[10.8236,43.7036],[10.7803,43.7084],[10.762,43.6922],[10.7266,43.6948],[10.6787,43.6609],[10.6468,43.6809],[10.6314,43.6657],[10.621,43.6744],[10.6135,43.6703],[10.6059,43.6738],[10.6034,43.6584],[10.5984,43.656],[10.5895,43.665],[10.5702,43.6696],[10.5603,43.6825],[10.5298,43.6826],[10.5241,43.6917],[10.5021,43.6985],[10.496,43.7135],[10.4748,43.6978],[10.4686,43.7014],[10.4711,43.715],[10.4669,43.7201],[10.4472,43.7183],[10.4443,43.7095],[10.4558,43.7008],[10.4554,43.6938],[10.4381,43.664],[10.4408,43.6506],[10.4117,43.6286],[10.4098,43.6192],[10.438,43.6342],[10.4902,43.6341],[10.509,43.6292],[10.4999,43.6251],[10.5147,43.6176],[10.5289,43.5962],[10.5383,43.5654],[10.5341,43.5564],[10.5117,43.5494],[10.5185,43.5382],[10.5027,43.512],[10.5272,43.4986],[10.5162,43.4828],[10.49,43.4727],[10.492,43.4563],[10.5006,43.4504],[10.482,43.4369],[10.4836,43.4304],[10.4903,43.4371],[10.5048,43.4365],[10.5019,43.4198],[10.522,43.4229],[10.5279,43.4163],[10.5796,43.4327],[10.5919,43.4159],[10.6088,43.4048],[10.6253,43.4125],[10.6348,43.4264],[10.6606,43.4327]]]}},{"type":"Feature","properties":{"id":"sovana","name":"Sovana","full_name":"Sovana","region":"Tuscany","grapes":["Alicante Bouschet","Alicante","Aléatico","Ancellotta","Barbera","Barsaglina"],"key_appellations":["Sovana"],"desc":"Sovana is a protected wine appellation in Tuscany.","level":"appellation"},"geometry":{"type":"Polygon","coordinates":[[[11.5215,42.4346],[11.5443,42.4421],[11.6177,42.4361],[11.619,42.4583],[11.6134,42.4635],[11.62,42.4738],[11.6163,42.4886],[11.5877,42.4952],[11.5842,42.5069],[11.5602,42.5157],[11.5688,42.5338],[11.5885,42.5422],[11.5809,42.5475],[11.5865,42.5508],[11.5809,42.5531],[11.5788,42.5675],[11.6005,42.5707],[11.614,42.5572],[11.625,42.5691],[11.643,42.5662],[11.6572,42.5771],[11.6815,42.5813],[11.686,42.5853],[11.6791,42.5948],[11.7002,42.601],[11.7111,42.6109],[11.736,42.6066],[11.7352,42.612],[11.7518,42.6256],[11.7498,42.6396],[11.7809,42.6347],[11.8048,42.644],[11.8087,42.6592],[11.8009,42.6684],[11.7845,42.6713],[11.7865,42.6892],[11.7826,42.7055],[11.7756,42.7095],[11.8016,42.7072],[11.8094,42.7339],[11.8195,42.7454],[11.8091,42.7532],[11.7794,42.758],[11.783,42.7671],[11.7749,42.7679],[11.763,42.7799],[11.743,42.775],[11.7407,42.7635],[11.7292,42.7591],[11.7145,42.7626],[11.7048,42.7566],[11.7027,42.7454],[11.6728,42.7502],[11.6614,42.7435],[11.6621,42.7377],[11.6222,42.7202],[11.6162,42.7148],[11.6217,42.6794],[11.6035,42.6867],[11.5651,42.6812],[11.5651,42.6869],[11.5482,42.6974],[11.5179,42.6865],[11.5188,42.6969],[11.4969,42.6979],[11.4884,42.6924],[11.4563,42.7119],[11.4588,42.6965],[11.4532,42.6939],[11.4611,42.6759],[11.4538,42.6667],[11.4569,42.638],[11.4487,42.6356],[11.4508,42.6283],[11.4332,42.6241],[11.4399,42.6164],[11.4239,42.6144],[11.4109,42.5951],[11.3961,42.5953],[11.3994,42.5881],[11.3861,42.5881],[11.3854,42.58],[11.3777,42.5858],[11.3769,42.5775],[11.3705,42.5775],[11.374,42.5708],[11.3582,42.5662],[11.3603,42.5585],[11.342,42.5445],[11.3156,42.5447],[11.3113,42.5389],[11.3081,42.5442],[11.2828,42.5407],[11.2954,42.5231],[11.3366,42.4951],[11.3754,42.4962],[11.3833,42.5052],[11.4007,42.5111],[11.4152,42.5289],[11.4955,42.5065],[11.5031,42.496],[11.5203,42.4918],[11.5414,42.4742],[11.5299,42.463],[11.5327,42.4494],[11.5215,42.4346]]]}},{"type":"Feature","properties":{"id":"terratico-di-bibbona","name":"Terratico di Bibbona","full_name":"Terratico di Bibbona","region":"Tuscany","grapes":["Albana","Albarola","Alicante Bouschet","Alicante","Ancellotta","Ansonica"],"key_appellations":["Terratico di Bibbona"],"desc":"Terratico di Bibbona is a protected wine appellation in Tuscany.","level":"appellation"},"geometry":{"type":"Polygon","coordinates":[[[10.5013,43.2911],[10.5282,43.2316],[10.652,43.247],[10.6439,43.2384],[10.6614,43.236],[10.6652,43.2307],[10.6703,43.2353],[10.6647,43.2461],[10.6723,43.2473],[10.6672,43.2653],[10.697,43.2811],[10.6983,43.2926],[10.6857,43.3014],[10.668,43.2908],[10.6571,43.2922],[10.6519,43.2835],[10.6149,43.2828],[10.5699,43.2962],[10.5618,43.3083],[10.5433,43.3115],[10.5322,43.3236],[10.5234,43.3246],[10.5325,43.3343],[10.5334,43.3571],[10.5408,43.3686],[10.5098,43.362],[10.4979,43.3824],[10.5007,43.394],[10.49,43.4039],[10.501,43.413],[10.5071,43.4318],[10.5008,43.4373],[10.4863,43.4359],[10.484,43.4302],[10.482,43.434],[10.5006,43.4504],[10.492,43.4563],[10.4861,43.4849],[10.4739,43.5048],[10.4791,43.5181],[10.471,43.5219],[10.4644,43.5398],[10.4797,43.5581],[10.4752,43.584],[10.4917,43.5855],[10.4903,43.6045],[10.498,43.6099],[10.4999,43.6251],[10.5099,43.6283],[10.4902,43.6341],[10.4343,43.6335],[10.4115,43.6176],[10.3381,43.5959],[10.3402,43.5808],[10.3479,43.5758],[10.3731,43.5756],[10.4119,43.5537],[10.4085,43.5451],[10.4184,43.5325],[10.419,43.5073],[10.4112,43.4955],[10.4123,43.4827],[10.3976,43.4742],[10.393,43.4596],[10.3785,43.4473],[10.4008,43.4245],[10.3999,43.4162],[10.4076,43.4069],[10.4039,43.4012],[10.4255,43.3995],[10.4444,43.3536],[10.449,43.3543],[10.4555,43.3426],[10.4565,43.3256],[10.5013,43.2911]]]}},{"type":"Feature","properties":{"id":"terre-di-casole","name":"Terre di Casole","full_name":"Terre di Casole","region":"Tuscany","grapes":["Albana","Albarola","Alicante Bouschet","Alicante","Ancellotta","Ansonica"],"key_appellations":["Terre di Casole"],"desc":"Terre di Casole is a protected wine appellation in Tuscany.","level":"appellation"},"geometry":{"type":"Polygon","coordinates":[[[11.1711,43.2401],[11.1667,43.2514],[11.1287,43.2722],[11.1477,43.2793],[11.1444,43.2979],[11.1551,43.3027],[11.1651,43.3171],[11.1979,43.3261],[11.1989,43.339],[11.1938,43.3452],[11.1633,43.354],[11.1331,43.3486],[11.1318,43.3346],[11.1129,43.3252],[11.0833,43.3296],[11.0783,43.3322],[11.0911,43.3514],[11.0756,43.3526],[11.064,43.375],[11.0456,43.382],[11.0127,43.3766],[11.0131,43.3642],[10.9977,43.344],[10.9721,43.3442],[10.97,43.3142],[10.954,43.3173],[10.9521,43.302],[10.9739,43.2967],[10.9966,43.28],[11.02,43.2839],[11.0215,43.2895],[11.0321,43.2919],[11.0398,43.2816],[11.0751,43.2779],[11.0853,43.2743],[11.0873,43.2682],[11.1042,43.2646],[11.1094,43.2584],[11.1046,43.2508],[11.1168,43.2384],[11.148,43.2324],[11.157,43.2353],[11.1578,43.2469],[11.1711,43.2401]]]}},{"type":"Feature","properties":{"id":"terre-di-pisa","name":"Terre di Pisa","full_name":"Terre di Pisa","region":"Tuscany","grapes":["Alicante Bouschet","Alicante","Ancellotta","Barbera","Barsaglina","Bonamico"],"key_appellations":["Terre di Pisa"],"desc":"Terre di Pisa is a protected wine appellation in Tuscany.","level":"appellation"},"geometry":{"type":"Polygon","coordinates":[[[10.6606,43.4327],[10.655,43.4208],[10.6635,43.4117],[10.6861,43.4153],[10.6976,43.4108],[10.766,43.4204],[10.7945,43.4358],[10.7881,43.443],[10.7911,43.4557],[10.7702,43.4788],[10.7977,43.4843],[10.801,43.4916],[10.8142,43.4968],[10.8376,43.495],[10.8467,43.5085],[10.8392,43.521],[10.8295,43.5246],[10.8254,43.536],[10.8341,43.5561],[10.8485,43.5627],[10.8307,43.5699],[10.8402,43.5769],[10.8408,43.5886],[10.8238,43.6178],[10.8332,43.6222],[10.8351,43.6178],[10.852,43.6291],[10.8741,43.6142],[10.8781,43.6261],[10.8887,43.6283],[10.8886,43.6398],[10.9019,43.6318],[10.9028,43.6387],[10.9138,43.6411],[10.9165,43.6479],[10.9339,43.6575],[10.9155,43.6628],[10.9165,43.67],[10.8883,43.6959],[10.8905,43.7069],[10.8791,43.7104],[10.8772,43.7192],[10.8245,43.7128],[10.8236,43.7036],[10.7803,43.7084],[10.762,43.6922],[10.7266,43.6948],[10.6787,43.6609],[10.6468,43.6809],[10.6314,43.6657],[10.621,43.6744],[10.6135,43.6703],[10.6059,43.6738],[10.6034,43.6584],[10.5984,43.656],[10.5895,43.665],[10.5714,43.6695],[10.5782,43.6514],[10.5586,43.628],[10.5189,43.6304],[10.4999,43.6251],[10.498,43.6099],[10.4903,43.6045],[10.4917,43.5855],[10.4752,43.584],[10.4797,43.5581],[10.4644,43.5398],[10.471,43.5219],[10.4791,43.5181],[10.4739,43.5048],[10.4861,43.4849],[10.492,43.4563],[10.5006,43.4504],[10.482,43.4369],[10.4836,43.4304],[10.4903,43.4371],[10.5048,43.4365],[10.5019,43.4198],[10.522,43.4229],[10.5279,43.4163],[10.5796,43.4327],[10.5919,43.4159],[10.6088,43.4048],[10.6253,43.4125],[10.6348,43.4264],[10.6606,43.4327]]]}},{"type":"Feature","properties":{"id":"val-d-arbia","name":"Val d'Arbia","full_name":"Val d'Arbia","region":"Tuscany","grapes":["Albana","Albarola","Alicante Bouschet","Alicante","Ancellotta","Ansonica"],"key_appellations":["Val d'Arbia"],"desc":"Val d'Arbia is a protected wine appellation in Tuscany.","level":"appellation"},"geometry":{"type":"Polygon","coordinates":[[[11.3409,43.0984],[11.3388,43.0875],[11.3529,43.0797],[11.3764,43.0871],[11.3814,43.1009],[11.3877,43.1013],[11.3858,43.1072],[11.3948,43.1059],[11.4041,43.1126],[11.4244,43.1097],[11.4226,43.1032],[11.4371,43.1079],[11.445,43.1003],[11.4537,43.1131],[11.475,43.1057],[11.4882,43.1093],[11.5114,43.1051],[11.5272,43.117],[11.5223,43.118],[11.5246,43.1308],[11.5107,43.1446],[11.5256,43.1441],[11.553,43.159],[11.5629,43.158],[11.5673,43.1653],[11.5771,43.167],[11.5793,43.1775],[11.6126,43.1729],[11.6019,43.1934],[11.6248,43.1952],[11.6376,43.2063],[11.6561,43.2083],[11.6727,43.2264],[11.6571,43.2274],[11.6453,43.2179],[11.6275,43.2334],[11.6113,43.2317],[11.6082,43.2445],[11.5982,43.2436],[11.5938,43.2547],[11.5812,43.2596],[11.5821,43.2701],[11.5681,43.2774],[11.5779,43.2822],[11.5732,43.2935],[11.581,43.304],[11.5682,43.3226],[11.6004,43.3514],[11.5666,43.3623],[11.5633,43.3746],[11.548,43.3777],[11.5302,43.3943],[11.5344,43.4105],[11.5456,43.4213],[11.54,43.4451],[11.5471,43.4481],[11.5507,43.4596],[11.5286,43.4569],[11.5133,43.4687],[11.5018,43.4607],[11.4887,43.4777],[11.4728,43.4846],[11.4645,43.4939],[11.4663,43.4994],[11.4596,43.4998],[11.4608,43.5103],[11.4359,43.5116],[11.4283,43.5264],[11.403,43.5485],[11.3859,43.5472],[11.3819,43.5327],[11.3641,43.5261],[11.3558,43.5311],[11.3374,43.5286],[11.3073,43.5182],[11.2936,43.519],[11.2905,43.5329],[11.2696,43.5458],[11.2724,43.5297],[11.2532,43.5083],[11.2436,43.5083],[11.2482,43.5007],[11.2112,43.4816],[11.2211,43.4775],[11.213,43.4694],[11.2192,43.4693],[11.2198,43.4645],[11.2095,43.4545],[11.2236,43.4469],[11.2054,43.424],[11.2129,43.4182],[11.2073,43.4182],[11.2076,43.4107],[11.1982,43.4043],[11.1711,43.4034],[11.1622,43.3933],[11.1337,43.3863],[11.1332,43.377],[11.1214,43.3624],[11.1331,43.3486],[11.1645,43.3541],[11.1984,43.3401],[11.1979,43.3261],[11.1651,43.3171],[11.1551,43.3027],[11.1444,43.2979],[11.1477,43.2793],[11.1287,43.2722],[11.1667,43.2514],[11.1775,43.2329],[11.1867,43.2304],[11.1938,43.2394],[11.201,43.2395],[11.2066,43.2242],[11.1947,43.2095],[11.2021,43.1992],[11.2166,43.1981],[11.222,43.187],[11.2234,43.1755],[11.2152,43.1606],[11.2214,43.1568],[11.2205,43.1504],[11.2453,43.1483],[11.2763,43.1659],[11.2853,43.1587],[11.2907,43.1418],[11.2993,43.1418],[11.2914,43.1346],[11.3085,43.1107],[11.3198,43.1113],[11.3247,43.1042],[11.3218,43.0969],[11.3409,43.0984]]]}},{"type":"Feature","properties":{"id":"val-d-arno-di-sopra","name":"Val d'Arno di Sopra","full_name":"Val d'Arno di Sopra / Valdarno di Sopra","region":"Tuscany","grapes":["Albana","Albarola","Alicante Bouschet","Alicante","Ancellotta","Ansonica"],"key_appellations":["Val d'Arno di Sopra"],"desc":"Val d'Arno di Sopra is a protected wine appellation in Tuscany.","level":"appellation"},"geometry":{"type":"Polygon","coordinates":[[[11.5666,43.3623],[11.6125,43.3475],[11.6147,43.3626],[11.6237,43.3686],[11.6525,43.374],[11.6874,43.3679],[11.7207,43.3488],[11.719,43.3564],[11.7711,43.3627],[11.781,43.378],[11.8224,43.3879],[11.8154,43.4178],[11.8008,43.411],[11.7959,43.4282],[11.7406,43.4576],[11.7486,43.4652],[11.7447,43.4743],[11.7654,43.4883],[11.7495,43.4926],[11.7549,43.5011],[11.7502,43.517],[11.7557,43.5217],[11.7774,43.5148],[11.7753,43.5258],[11.7804,43.5344],[11.7869,43.5338],[11.7874,43.5464],[11.7792,43.5582],[11.7149,43.5824],[11.7112,43.5972],[11.6921,43.6122],[11.69,43.6264],[11.6786,43.6444],[11.6468,43.6551],[11.6418,43.6637],[11.6241,43.6671],[11.6094,43.686],[11.5965,43.6859],[11.5393,43.6616],[11.5389,43.6556],[11.5498,43.6469],[11.5078,43.6407],[11.4839,43.6261],[11.4943,43.6232],[11.516,43.5967],[11.5119,43.5898],[11.5199,43.5798],[11.4936,43.5781],[11.4639,43.5871],[11.4651,43.5815],[11.4515,43.578],[11.4453,43.5664],[11.4081,43.5607],[11.3975,43.5482],[11.4252,43.5297],[11.4359,43.5116],[11.4608,43.5103],[11.4596,43.4998],[11.4663,43.4994],[11.4645,43.4939],[11.4728,43.4846],[11.4887,43.4777],[11.5018,43.4607],[11.5133,43.4687],[11.5286,43.4569],[11.5507,43.4596],[11.5471,43.4481],[11.54,43.4451],[11.5456,43.4213],[11.5344,43.4105],[11.5302,43.3943],[11.548,43.3777],[11.5633,43.3746],[11.5666,43.3623]]]}},{"type":"Feature","properties":{"id":"val-di-cornia","name":"Val di Cornia","full_name":"Val di Cornia","region":"Tuscany","grapes":["Albana","Albarola","Alicante Bouschet","Alicante","Aléatico","Ancellotta"],"key_appellations":["Val di Cornia"],"desc":"Val di Cornia is a protected wine appellation in Tuscany.","level":"appellation"},"geometry":{"type":"Polygon","coordinates":[[[10.7514,42.9898],[10.7378,43.0018],[10.7414,43.0145],[10.7636,43.0133],[10.7802,43.0042],[10.7963,43.0176],[10.7769,43.0234],[10.773,43.0442],[10.7838,43.0576],[10.7532,43.0753],[10.7271,43.0669],[10.7131,43.0729],[10.7275,43.0827],[10.7192,43.092],[10.7247,43.0968],[10.7173,43.1085],[10.7301,43.1132],[10.7352,43.1219],[10.7472,43.1223],[10.7554,43.154],[10.7639,43.1526],[10.775,43.1662],[10.7695,43.1886],[10.7755,43.2071],[10.7497,43.2298],[10.722,43.234],[10.7157,43.2433],[10.6666,43.247],[10.6703,43.2353],[10.6625,43.2278],[10.6706,43.222],[10.6903,43.2242],[10.6855,43.2154],[10.6905,43.2082],[10.6788,43.193],[10.6625,43.1955],[10.6432,43.1907],[10.654,43.1647],[10.633,43.1529],[10.6338,43.1334],[10.6273,43.1284],[10.6386,43.1146],[10.6269,43.0912],[10.6131,43.093],[10.5782,43.0845],[10.5738,43.08],[10.5811,43.0784],[10.5654,43.0608],[10.5686,43.0566],[10.5612,43.0502],[10.5475,43.0511],[10.561,43.0327],[10.5565,43.0271],[10.5463,43.0278],[10.5443,43.0189],[10.5341,43.026],[10.511,43.0126],[10.5099,43.0067],[10.5165,43.0009],[10.5077,42.9908],[10.4952,42.9948],[10.4836,42.9888],[10.4857,42.9575],[10.499,42.9359],[10.4955,42.9316],[10.5111,42.9326],[10.5251,42.9197],[10.5436,42.9208],[10.5525,42.9307],[10.545,42.929],[10.5408,42.9366],[10.5488,42.9338],[10.5453,42.9376],[10.56,42.9468],[10.549,42.9466],[10.5683,42.952],[10.6457,42.9531],[10.7057,42.9419],[10.7145,42.9591],[10.7365,42.9723],[10.7514,42.9898]]]}},{"type":"Feature","properties":{"id":"valdichiana-toscana","name":"Valdichiana toscana","full_name":"Valdichiana toscana","region":"Tuscany","grapes":["Albana","Albarola","Alicante Bouschet","Alicante","Ancellotta","Ansonica"],"key_appellations":["Valdichiana toscana"],"desc":"Valdichiana toscana is a protected wine appellation in Tuscany.","level":"appellation"},"geometry":{"type":"Polygon","coordinates":[[[11.7157,43.1526],[11.7078,43.1199],[11.715,43.113],[11.7224,43.1141],[11.7238,43.102],[11.7383,43.097],[11.7344,43.0836],[11.7677,43.0533],[11.7678,43.0366],[11.7732,43.0386],[11.7807,43.031],[11.8001,43.047],[11.8028,43.0567],[11.8322,43.069],[11.8717,43.0681],[11.8991,43.0514],[11.8769,43.0449],[11.8683,43.0324],[11.8564,43.0289],[11.9003,43.0134],[11.9112,43.0044],[11.9175,42.9889],[11.9301,42.9939],[11.9282,42.9893],[11.9356,42.9813],[11.9495,42.9765],[11.9824,43.0505],[11.9726,43.064],[11.9567,43.0687],[11.9481,43.0556],[11.9401,43.0533],[11.9237,43.0746],[11.9225,43.0815],[11.9309,43.0924],[11.9124,43.1283],[11.9204,43.1317],[11.925,43.1492],[11.9402,43.1612],[11.9702,43.1692],[11.9889,43.1816],[12.0228,43.1862],[12.0362,43.2256],[12.0434,43.2295],[12.034,43.2467],[12.0489,43.2531],[12.0924,43.2359],[12.1211,43.2549],[12.1486,43.2546],[12.1747,43.2731],[12.2087,43.2819],[12.2237,43.2962],[12.1951,43.3144],[12.1829,43.3005],[12.1852,43.2944],[12.1771,43.2818],[12.1325,43.2931],[12.1259,43.3068],[12.1374,43.3278],[12.1348,43.3434],[12.1249,43.3579],[12.1026,43.3724],[12.0934,43.3664],[12.0738,43.3686],[12.0773,43.4021],[12.033,43.4002],[12.0267,43.4102],[12.0322,43.4237],[12.0527,43.4313],[12.0532,43.4457],[12.0461,43.4519],[12.0558,43.4642],[12.0271,43.4889],[11.9919,43.4799],[11.9899,43.4918],[11.9642,43.5149],[11.9547,43.5133],[11.9324,43.5476],[11.8972,43.5374],[11.8761,43.5552],[11.8623,43.5573],[11.8482,43.5454],[11.8571,43.537],[11.8573,43.5271],[11.8465,43.5277],[11.8425,43.5186],[11.8284,43.5202],[11.8163,43.5097],[11.8113,43.5174],[11.7982,43.5182],[11.7921,43.5319],[11.7804,43.5344],[11.7753,43.5258],[11.7774,43.5148],[11.7557,43.5217],[11.7502,43.517],[11.7549,43.5011],[11.748,43.4936],[11.7407,43.5014],[11.7245,43.4983],[11.7295,43.4851],[11.7213,43.4755],[11.7144,43.476],[11.7181,43.4222],[11.667,43.4216],[11.6672,43.4137],[11.6804,43.4029],[11.6688,43.3937],[11.678,43.3686],[11.6525,43.374],[11.6255,43.3692],[11.6147,43.3626],[11.6119,43.3531],[11.6128,43.3473],[11.6589,43.3209],[11.6589,43.3127],[11.6767,43.2911],[11.6775,43.2836],[11.6688,43.2749],[11.675,43.2712],[11.6635,43.2564],[11.6674,43.2507],[11.662,43.2496],[11.6669,43.2323],[11.6837,43.2256],[11.6934,43.2103],[11.7089,43.2046],[11.7108,43.1862],[11.7314,43.176],[11.7302,43.1674],[11.7157,43.1526]]]}},{"type":"Feature","properties":{"id":"valdinievole","name":"Valdinievole","full_name":"Valdinievole","region":"Tuscany","grapes":["Albana","Albarola","Alicante Bouschet","Alicante","Ancellotta","Ansonica"],"key_appellations":["Valdinievole"],"desc":"Valdinievole is a protected wine appellation in Tuscany.","level":"appellation"},"geometry":{"type":"Polygon","coordinates":[[[10.7866,43.7985],[10.8165,43.8085],[10.8128,43.7888],[10.8475,43.803],[10.8719,43.7947],[10.8953,43.7945],[10.9175,43.801],[10.942,43.8234],[10.9355,43.8358],[10.9149,43.8471],[10.8904,43.8537],[10.879,43.8488],[10.8821,43.8647],[10.8601,43.8728],[10.8434,43.8874],[10.8168,43.8867],[10.811,43.8965],[10.8153,43.9055],[10.8079,43.9093],[10.8202,43.9214],[10.8111,43.9243],[10.8271,43.9313],[10.83,43.9437],[10.8441,43.9507],[10.8343,43.9729],[10.8188,43.9807],[10.8087,43.9916],[10.8095,43.999],[10.7959,44.0023],[10.7918,43.9927],[10.7996,43.986],[10.7869,43.9705],[10.7648,43.9832],[10.7363,43.973],[10.7287,43.982],[10.7453,44.0099],[10.7395,44.0264],[10.7005,44.0113],[10.6945,43.999],[10.6697,43.98],[10.6743,43.9562],[10.6663,43.9296],[10.6616,43.9288],[10.658,43.9161],[10.648,43.9122],[10.6583,43.8912],[10.6507,43.8855],[10.6509,43.8677],[10.6762,43.8679],[10.6709,43.8732],[10.6784,43.8755],[10.6869,43.8667],[10.6879,43.8544],[10.6949,43.854],[10.7189,43.8341],[10.7278,43.8142],[10.7866,43.7985]]]}},{"type":"Feature","properties":{"id":"cortona","name":"Cortona","full_name":"Cortona","region":"Tuscany","grapes":["Albana","Albarola","Alicante Bouschet","Alicante","Ancellotta","Ansonica"],"key_appellations":["Cortona"],"desc":"Cortona is a protected wine appellation in Tuscany.","level":"appellation"},"geometry":{"type":"Polygon","coordinates":[[[11.8383,43.2051],[11.8577,43.1779],[11.8888,43.1564],[11.9033,43.1743],[11.9191,43.1677],[11.9303,43.1765],[11.9645,43.1672],[11.9889,43.1816],[12.0064,43.1805],[12.0272,43.1912],[12.0251,43.2008],[12.0363,43.2159],[12.0362,43.2256],[12.0434,43.2295],[12.034,43.2467],[12.0489,43.2531],[12.0924,43.2359],[12.1211,43.2549],[12.1486,43.2546],[12.1747,43.2731],[12.2101,43.2827],[12.2137,43.291],[12.2239,43.2957],[12.1951,43.3144],[12.1829,43.3005],[12.1852,43.2944],[12.1771,43.2818],[12.1325,43.2931],[12.1259,43.3068],[12.1359,43.3179],[12.1348,43.3434],[12.1188,43.3643],[12.1011,43.3726],[12.0467,43.3535],[12.0368,43.3449],[11.9984,43.336],[11.9713,43.3107],[11.9351,43.294],[11.9283,43.2955],[11.9247,43.2874],[11.8959,43.2892],[11.8572,43.2594],[11.8397,43.2612],[11.8334,43.2232],[11.8383,43.2051]]]}},{"type":"Feature","properties":{"id":"elba","name":"Elba","full_name":"Elba","region":"Tuscany","grapes":["Albana","Albarola","Alicante Bouschet","Alicante","Ancellotta","Ansonica"],"key_appellations":["Elba"],"desc":"Elba is a protected wine appellation in Tuscany.","level":"appellation"},"geometry":{"type":"MultiPolygon","coordinates":[[[[10.3857,42.7594],[10.4345,42.7767],[10.4297,42.7935],[10.4371,42.799],[10.4294,42.806],[10.4284,42.8155],[10.444,42.8474],[10.4213,42.8597],[10.4238,42.8676],[10.4133,42.8728],[10.3903,42.8507],[10.3796,42.8263],[10.3596,42.817],[10.3616,42.8033],[10.352,42.7977],[10.3403,42.7967],[10.3129,42.8067],[10.3239,42.8139],[10.3316,42.8121],[10.3327,42.8177],[10.2953,42.8186],[10.2632,42.83],[10.2605,42.8273],[10.2753,42.8187],[10.2625,42.8113],[10.2693,42.8035],[10.2614,42.7979],[10.2477,42.7991],[10.249,42.7912],[10.2432,42.7877],[10.22,42.793],[10.2063,42.8068],[10.1859,42.8121],[10.1743,42.8063],[10.1401,42.8092],[10.1214,42.803],[10.103,42.783],[10.1026,42.7662],[10.1225,42.7417],[10.1579,42.7258],[10.1542,42.7333],[10.1854,42.7373],[10.2397,42.7269],[10.2355,42.7453],[10.2429,42.7502],[10.2649,42.7451],[10.2703,42.7367],[10.287,42.7356],[10.2913,42.7534],[10.303,42.7598],[10.3126,42.7576],[10.3193,42.7361],[10.3257,42.7438],[10.3184,42.7601],[10.3421,42.7641],[10.3574,42.7593],[10.36,42.7462],[10.3671,42.741],[10.3662,42.7318],[10.3739,42.7311],[10.3756,42.7198],[10.3828,42.7149],[10.3963,42.7103],[10.4111,42.7163],[10.422,42.7075],[10.4317,42.7124],[10.4338,42.7347],[10.4084,42.7458],[10.41,42.7547],[10.3857,42.7594]]],[[[10.3281,42.3419],[10.312,42.351],[10.2935,42.3469],[10.2939,42.3352],[10.2882,42.3334],[10.2933,42.3174],[10.3167,42.3134],[10.3182,42.3217],[10.3304,42.3227],[10.3281,42.3419]]],[[[10.0815,42.6185],[10.0789,42.5969],[10.0672,42.5872],[10.0555,42.59],[10.0461,42.5857],[10.0493,42.5754],[10.0667,42.5755],[10.0889,42.5673],[10.1031,42.5757],[10.0965,42.5824],[10.1022,42.5884],[10.0947,42.5888],[10.0863,42.6019],[10.0852,42.6113],[10.0899,42.6146],[10.0815,42.6185]]]]}},{"type":"Feature","properties":{"id":"bolgheri-sassicaia","name":"Bolgheri Sassicaia","full_name":"Bolgheri Sassicaia","region":"Tuscany","grapes":["Cabernet Sauvignon","Merlot","Cabernet Franc","Sangiovese"],"key_appellations":["Bolgheri","Bolgheri Sassicaia"],"desc":"Coastal Tuscany. Home of the original Super Tuscans and Bordeaux-blend icons like Sassicaia and Ornellaia.","level":"appellation"},"geometry":{"type":"Polygon","coordinates":[[[10.5391,43.1136],[10.6267,43.0984],[10.6386,43.1146],[10.6273,43.1284],[10.6338,43.1334],[10.633,43.1529],[10.654,43.1647],[10.6432,43.1907],[10.6625,43.1955],[10.6788,43.193],[10.6905,43.2082],[10.6855,43.2154],[10.6906,43.224],[10.6699,43.2223],[10.6625,43.2278],[10.662,43.2358],[10.6439,43.2384],[10.652,43.247],[10.5282,43.2316],[10.5386,43.1684],[10.5391,43.1136]]]}}]}